2026-06-24 21:18:18,32.14,68.22,1005.00,50.00,500,0.500,56800,39.0,52.0,67.0,YES,YES,UNKNOWN_ANALYSIS_IAQ50_VOC0.50ppm,109.6,0,5.0,0.050,50
2026-06-24 21:18:28,32.14,68.22,1005.00,50.00,500,0.500,56800,40.0,54.0,68.0,YES,YES,UNKNOWN_ANALYSIS_IAQ50_VOC0.50ppm,120.1,0,5.0,0.050,50
2026-06-24 21:18:39,32.14,68.22,1005.00,50.00,500,0.500,56800,39.0,53.0,66.0,YES,YES,UNKNOWN_ANALYSIS_IAQ50_VOC0.50ppm,130.5,0,5.0,0.050,50
2026-06-24 21:18:48,32.14,68.22,1005.00,50.00,500,0.500,56800,42.0,56.0,67.0,YES,YES,UNKNOWN_ANALYSIS_IAQ50_VOC0.50ppm,139.9,0,5.0,0.050,50
2026-06-24 21:18:58,32.14,68.22,1005.00,50.00,500,0.500,56800,40.0,56.0,68.0,YES,YES,UNKNOWN_ANALYSIS_IAQ50_VOC0.50ppm,150.3,0,5.0,0.050,50
2026-06-24 21:19:08,32.14,68.22,1005.00,50.00,500,0.500,56800,39.0,54.0,67.0,YES,YES,UNKNOWN_ANALYSIS_IAQ50_VOC0.50ppm,159.7,0,5.0,0.050,50
2026-06-24 21:19:18,32.14,68.22,1005.00,50.00,500,0.500,56800,40.0,53.0,68.0,YES,YES,UNKNOWN_ANALYSIS_IAQ50_VOC0.50ppm,170.2,0,5.0,0.050,50
2026-06-24 21:19:29,32.14,68.22,1005.00,50.00,500,0.500,56800,39.0,52.0,66.0,YES,YES,UNKNOWN_ANALYSIS_IAQ50_VOC0.50ppm,180.6,0,5.0,0.050,50
2026-06-24 21:19:38,32.14,68.22,1005.00,50.00,500,0.500,56800,40.0,52.0,67.0,YES,YES,UNKNOWN_ANALYSIS_IAQ50_VOC0.50ppm,190.0,0,5.0,0.050,50
2026-06-24 21:19:49,32.14,68.22,1005.00,50.00,500,0.500,56800,40.0,52.0,66.0,YES,YES,UNKNOWN_ANALYSIS_IAQ50_VOC0.50ppm,200.5,0,5.0,0.050,50
2026-06-24 21:19:58,32.14,68.22,1005.00,50.00,500,0.500,56800,39.0,53.0,67.0,YES,YES,UNKNOWN_ANALYSIS_IAQ50_VOC0.50ppm,209.9,0,5.0,0.050,50
2026-06-24 21:20:08,32.14,68.22,1005.00,50.00,500,0.500,56800,39.0,54.0,66.0,YES,YES,UNKNOWN_ANALYSIS_IAQ50_VOC0.50ppm,220.3,0,5.0,0.050,50
2026-06-24 21:20:19,32.14,68.22,1005.00,50.00,500,0.500,56800,40.0,55.0,67.0,YES,YES,UNKNOWN_ANALYSIS_IAQ50_VOC0.50ppm,230.7,0,5.0,0.050,50
2026-06-24 21:20:28,32.14,68.22,1005.00,50.00,500,0.500,56800,41.0,55.0,67.0,YES,YES,UNKNOWN_ANALYSIS_IAQ50_VOC0.50ppm,240.1,0,5.0,0.050,50
2026-06-24 21:20:39,32.14,68.22,1005.00,50.00,500,0.500,56800,41.0,53.0,66.0,YES,YES,UNKNOWN_ANALYSIS_IAQ50_VOC0.50ppm,250.6,0,5.0,0.050,50
2026-06-24 21:20:49,32.14,68.22,1005.00,50.00,500,0.500,56800,41.0,54.0,67.0,YES,YES,UNKNOWN_ANALYSIS_IAQ50_VOC0.50ppm,261.0,0,5.0,0.050,50
2026-06-24 21:20:59,32.14,68.22,1005.00,50.00,500,0.500,56800,42.0,54.0,67.0,YES,YES,UNKNOWN_ANALYSIS_IAQ50_VOC0.50ppm,270.4,0,5.0,0.050,50
2026-06-24 21:21:09,32.14,68.22,1005.00,50.00,500,0.500,56800,41.0,55.0,67.0,YES,YES,UNKNOWN_ANALYSIS_IAQ50_VOC0.50ppm,280.9,0,5.0,0.050,50
2026-06-24 21:21:18,32.14,68.22,1005.00,50.00,500,0.500,56800,39.0,54.0,66.0,YES,YES,UNKNOWN_ANALYSIS_IAQ50_VOC0.50ppm,290.3,0,5.0,0.050,50
2026-06-24 21:21:29,32.15,68.17,1005.00,50.00,500,0.500,57600,40.0,54.0,66.0,YES,YES,UNKNOWN_ANALYSIS_IAQ50_VOC0.50ppm,300.7,0,5.0,0.050,50
2026-06-24 21:21:39,32.15,68.17,1005.00,50.00,500,0.500,57600,39.0,52.0,65.0,YES,YES,UNKNOWN_ANALYSIS_IAQ50_VOC0.50ppm,311.1,0,5.0,0.050,50
2026-06-24 21:21:49,32.15,68.17,1005.00,50.00,500,0.500,57600,39.0,52.0,66.0,YES,YES,UNKNOWN_ANALYSIS_IAQ50_VOC0.50ppm,320.5,0,5.0,0.050,50
2026-06-24 21:21:59,32.15,68.17,1005.00,50.00,500,0.500,57600,39.0,53.0,66.0,YES,YES,UNKNOWN_ANALYSIS_IAQ50_VOC0.50ppm,331.0,0,5.0,0.050,50
2026-06-24 21:22:08,32.15,68.17,1005.00,50.00,500,0.500,57600,40.0,55.0,66.0,YES,YES,UNKNOWN_ANALYSIS_IAQ50_VOC0.50ppm,340.4,0,5.0,0.050,50
2026-06-24 21:22:19,32.15,68.17,1005.00,50.00,500,0.500,57600,41.0,54.0,66.0,YES,YES,UNKNOWN_ANALYSIS_IAQ50_VOC0.50ppm,350.8,0,5.0,0.050,50
2026-06-24 21:22:29,32.15,68.17,1005.00,50.00,500,0.500,57600,41.0,55.0,66.0,YES,YES,UNKNOWN_ANALYSIS_IAQ50_VOC0.50ppm,361.2,0,5.0,0.050,50
2026-06-24 21:22:39,32.15,68.17,1005.00,50.00,500,0.500,57600,41.0,55.0,67.0,YES,YES,UNKNOWN_ANALYSIS_IAQ50_VOC0.50ppm,370.6,0,5.0,0.050,50
2026-06-24 21:22:49,32.15,68.17,1005.00,50.00,500,0.500,57600,40.0,54.0,66.0,YES,YES,UNKNOWN_ANALYSIS_IAQ50_VOC0.50ppm,381.1,0,5.0,0.050,50
2026-06-24 21:22:59,32.15,68.17,1005.00,50.00,500,0.500,57600,42.0,55.0,67.0,YES,YES,UNKNOWN_ANALYSIS_IAQ50_VOC0.50ppm,390.5,0,5.0,0.050,50
2026-06-24 21:23:09,32.15,68.17,1005.00,50.00,500,0.500,57600,40.0,54.0,66.0,YES,YES,UNKNOWN_ANALYSIS_IAQ50_VOC0.50ppm,400.9,0,5.0,0.050,50
2026-06-24 21:23:20,32.15,68.17,1005.00,50.00,500,0.500,57600,39.0,53.0,66.0,YES,YES,UNKNOWN_ANALYSIS_IAQ50_VOC0.50ppm,411.4,0,5.0,0.050,50
2026-06-24 21:23:29,32.15,68.17,1005.00,50.00,500,0.500,57600,39.0,53.0,66.0,YES,YES,UNKNOWN_ANALYSIS_IAQ50_VOC0.50ppm,420.8,0,5.0,0.050,50
2026-06-24 21:23:39,32.15,68.17,1005.00,50.00,500,0.500,57600,39.0,54.0,65.0,YES,YES,UNKNOWN_ANALYSIS_IAQ50_VOC0.50ppm,431.2,0,5.0,0.050,50
2026-06-24 21:23:49,32.15,68.17,1005.00,50.00,500,0.500,57600,39.0,54.0,66.0,YES,YES,UNKNOWN_ANALYSIS_IAQ50_VOC0.50ppm,440.6,0,5.0,0.050,50
2026-06-24 21:23:59,32.15,68.17,1005.00,50.00,500,0.500,57600,39.0,54.0,66.0,YES,YES,UNKNOWN_ANALYSIS_IAQ50_VOC0.50ppm,451.1,0,5.0,0.050,50
2026-06-24 21:24:10,32.15,68.17,1005.00,50.00,500,0.500,57600,41.0,53.0,66.0,YES,YES,UNKNOWN_ANALYSIS_IAQ50_VOC0.50ppm,461.5,0,5.0,0.050,50
2026-06-24 21:24:19,32.15,68.17,1005.00,50.00,500,0.500,57600,39.0,51.0,64.0,YES,YES,UNKNOWN_ANALYSIS_IAQ50_VOC0.50ppm,470.9,0,5.0,0.050,50
2026-06-24 21:24:29,32.15,68.17,1005.00,50.00,500,0.500,57600,40.0,53.0,66.0,YES,YES,UNKNOWN_ANALYSIS_IAQ50_VOC0.50ppm,481.4,0,5.0,0.050,50
2026-06-24 21:24:39,32.15,68.17,1005.00,50.00,500,0.500,57600,40.0,52.0,64.0,YES,YES,UNKNOWN_ANALYSIS_IAQ50_VOC0.50ppm,490.8,0,5.0,0.050,50
2026-06-24 21:24:49,32.15,68.17,1005.00,50.00,500,0.500,57600,38.0,51.0,63.0,YES,YES,UNKNOWN_ANALYSIS_IAQ50_VOC0.50ppm,501.2,0,5.0,0.050,50
2026-06-24 21:25:00,32.15,68.17,1005.00,50.00,500,0.500,57600,39.0,53.0,64.0,YES,YES,UNKNOWN_ANALYSIS_IAQ50_VOC0.50ppm,511.7,0,5.0,0.050,50
2026-06-24 21:25:09,32.15,68.17,1005.00,50.00,500,0.500,57600,39.0,52.0,64.0,YES,YES,UNKNOWN_ANALYSIS_IAQ50_VOC0.50ppm,521.0,0,5.0,0.050,50
2026-06-24 21:25:20,32.15,68.17,1005.00,50.00,500,0.500,57600,39.0,53.0,66.0,YES,YES,UNKNOWN_ANALYSIS_IAQ50_VOC0.50ppm,531.5,0,5.0,0.050,50
2026-06-24 21:25:29,32.15,68.17,1005.00,50.00,500,0.500,57600,40.0,53.0,67.0,YES,YES,UNKNOWN_ANALYSIS_IAQ50_VOC0.50ppm,540.9,0,5.0,0.050,50
2026-06-24 21:25:39,32.15,68.17,1005.00,50.00,500,0.500,57600,40.0,54.0,67.0,YES,YES,UNKNOWN_ANALYSIS_IAQ50_VOC0.50ppm,551.3,0,5.0,0.050,50
2026-06-24 21:25:50,32.15,68.17,1005.00,50.00,500,0.500,57600,40.0,53.0,67.0,YES,YES,UNKNOWN_ANALYSIS_IAQ50_VOC0.50ppm,561.8,0,5.0,0.050,50
2026-06-24 21:25:59,32.15,68.17,1005.00,50.00,500,0.500,57600,40.0,54.0,68.0,YES,YES,UNKNOWN_ANALYSIS_IAQ50_VOC0.50ppm,571.2,0,5.0,0.050,50
2026-06-24 21:26:10,32.15,68.17,1005.00,50.00,500,0.500,57600,40.0,56.0,69.0,YES,YES,UNKNOWN_ANALYSIS_IAQ50_VOC0.50ppm,581.6,0,5.0,0.050,50
2026-06-24 21:26:20,32.15,68.17,1005.00,50.00,500,0.500,57600,39.0,55.0,67.0,YES,YES,UNKNOWN_ANALYSIS_IAQ50_VOC0.50ppm,592.0,0,5.0,0.050,50
2026-06-24 21:26:30,32.11,68.17,1005.00,50.00,500,0.500,57600,39.0,55.0,66.0,YES,YES,UNKNOWN_ANALYSIS_IAQ50_VOC0.50ppm,601.4,0,5.0,0.050,50
2026-06-24 21:26:40,32.11,68.17,1005.00,50.00,500,0.500,57600,39.0,54.0,66.0,YES,YES,UNKNOWN_ANALYSIS_IAQ50_VOC0.50ppm,611.9,0,5.0,0.050,50
2026-06-24 21:26:49,32.11,68.17,1005.00,50.00,500,0.500,57600,37.0,52.0,66.0,YES,YES,UNKNOWN_ANALYSIS_IAQ50_VOC0.50ppm,621.3,0,5.0,0.050,50
2026-06-24 21:27:00,32.11,68.17,1005.00,50.00,500,0.500,57600,38.0,53.0,66.0,YES,YES,UNKNOWN_ANALYSIS_IAQ50_VOC0.50ppm,631.7,0,5.0,0.050,50
2026-06-24 21:27:10,32.11,68.17,1005.00,50.00,500,0.500,57600,39.0,54.0,66.0,YES,YES,UNKNOWN_ANALYSIS_IAQ50_VOC0.50ppm,642.2,0,5.0,0.050,50
2026-06-24 21:27:20,32.11,68.17,1005.00,50.00,500,0.500,57600,40.0,53.0,66.0,YES,YES,UNKNOWN_ANALYSIS_IAQ50_VOC0.50ppm,651.6,0,5.0,0.050,50
2026-06-24 21:27:30,32.11,68.17,1005.00,50.00,500,0.500,57600,39.0,52.0,65.0,YES,YES,UNKNOWN_ANALYSIS_IAQ50_VOC0.50ppm,662.0,0,5.0,0.050,50
2026-06-24 21:27:40,32.11,68.17,1005.00,50.00,500,0.500,57600,38.0,52.0,64.0,YES,YES,UNKNOWN_ANALYSIS_IAQ50_VOC0.50ppm,671.4,0,5.0,0.050,50
2026-06-24 21:27:50,32.11,68.17,1005.00,50.00,500,0.500,57600,39.0,52.0,64.0,YES,YES,UNKNOWN_ANALYSIS_IAQ50_VOC0.50ppm,681.8,0,5.0,0.050,50
2026-06-24 21:28:00,32.11,68.17,1005.00,50.00,500,0.500,57600,38.0,52.0,64.0,YES,YES,UNKNOWN_ANALYSIS_IAQ50_VOC0.50ppm,692.3,0,5.0,0.050,50
2026-06-24 21:28:10,32.11,68.17,1005.00,50.00,500,0.500,57600,39.0,52.0,65.0,YES,YES,UNKNOWN_ANALYSIS_IAQ50_VOC0.50ppm,701.7,0,5.0,0.050,50
2026-06-24 21:28:20,32.11,68.17,1005.00,50.00,500,0.500,57600,38.0,52.0,64.0,YES,YES,UNKNOWN_ANALYSIS_IAQ50_VOC0.50ppm,712.1,0,5.0,0.050,50
2026-06-24 21:28:31,32.11,68.17,1005.00,50.00,500,0.500,57600,39.0,52.0,64.0,YES,YES,UNKNOWN_ANALYSIS_IAQ50_VOC0.50ppm,722.5,0,5.0,0.050,50
2026-06-24 21:28:40,32.11,68.17,1005.00,50.00,500,0.500,57600,40.0,52.0,65.0,YES,YES,UNKNOWN_ANALYSIS_IAQ50_VOC0.50ppm,732.0,0,5.0,0.050,50
2026-06-24 21:28:51,32.11,68.17,1005.00,50.00,500,0.500,57600,40.0,52.0,64.0,YES,YES,UNKNOWN_ANALYSIS_IAQ50_VOC0.50ppm,742.4,0,5.0,0.050,50
2026-06-24 21:29:00,32.11,68.17,1005.00,50.00,500,0.500,57600,39.0,51.0,64.0,YES,YES,UNKNOWN_ANALYSIS_IAQ50_VOC0.50ppm,751.8,0,5.0,0.050,50
2026-06-24 21:29:10,32.11,68.17,1005.00,50.00,500,0.500,57600,39.0,52.0,65.0,YES,YES,UNKNOWN_ANALYSIS_IAQ50_VOC0.50ppm,762.2,0,5.0,0.050,50
2026-06-24 21:29:21,32.11,68.17,1005.00,50.00,500,0.500,57600,39.0,51.0,65.0,YES,YES,UNKNOWN_ANALYSIS_IAQ50_VOC0.50ppm,772.7,0,5.0,0.050,50
2026-06-24 21:29:30,32.11,68.17,1005.00,50.00,500,0.500,57600,40.0,52.0,66.0,YES,YES,UNKNOWN_ANALYSIS_IAQ50_VOC0.50ppm,782.1,0,5.0,0.050,50
2026-06-24 21:29:41,32.11,68.17,1005.00,50.00,500,0.500,57600,39.0,52.0,64.0,YES,YES,UNKNOWN_ANALYSIS_IAQ50_VOC0.50ppm,792.5,0,5.0,0.050,50
2026-06-24 21:29:50,32.11,68.17,1005.00,50.00,500,0.500,57600,39.0,53.0,66.0,YES,YES,UNKNOWN_ANALYSIS_IAQ50_VOC0.50ppm,801.9,0,5.0,0.050,50
2026-06-24 21:30:00,32.11,68.17,1005.00,50.00,500,0.500,57600,40.0,54.0,66.0,YES,YES,UNKNOWN_ANALYSIS_IAQ50_VOC0.50ppm,812.3,0,5.0,0.050,50
2026-06-24 21:30:11,32.11,68.17,1005.00,50.00,500,0.500,57600,39.0,53.0,65.0,YES,YES,UNKNOWN_ANALYSIS_IAQ50_VOC0.50ppm,822.8,0,5.0,0.050,50
2026-06-24 21:30:20,32.11,68.17,1005.00,50.00,500,0.500,57600,40.0,53.0,65.0,YES,YES,UNKNOWN_ANALYSIS_IAQ50_VOC0.50ppm,832.2,0,5.0,0.050,50
2026-06-24 21:30:31,32.11,68.17,1005.00,50.00,500,0.500,57600,40.0,52.0,64.0,YES,YES,UNKNOWN_ANALYSIS_IAQ50_VOC0.50ppm,842.6,0,5.0,0.050,50
2026-06-24 21:30:41,32.11,68.17,1005.00,50.00,500,0.500,57600,39.0,51.0,64.0,YES,YES,UNKNOWN_ANALYSIS_IAQ50_VOC0.50ppm,853.0,0,5.0,0.050,50
2026-06-24 21:30:51,32.11,68.17,1005.00,50.00,500,0.500,57600,39.0,51.0,64.0,YES,YES,UNKNOWN_ANALYSIS_IAQ50_VOC0.50ppm,862.4,0,5.0,0.050,50
2026-06-24 21:31:01,32.11,68.17,1005.00,50.00,500,0.500,57600,40.0,52.0,64.0,YES,YES,UNKNOWN_ANALYSIS_IAQ50_VOC0.50ppm,872.9,0,5.0,0.050,50
2026-06-24 21:31:10,32.11,68.17,1005.00,50.00,500,0.500,57600,40.0,53.0,65.0,YES,YES,UNKNOWN_ANALYSIS_IAQ50_VOC0.50ppm,882.3,0,5.0,0.050,50
2026-06-24 21:31:21,32.11,68.17,1005.00,50.00,500,0.500,57600,40.0,54.0,66.0,YES,YES,UNKNOWN_ANALYSIS_IAQ50_VOC0.50ppm,892.7,0,5.0,0.050,50
2026-06-24 21:31:31,32.15,68.17,1005.00,50.00,500,0.500,57900,39.0,52.0,65.0,YES,YES,UNKNOWN_ANALYSIS_IAQ50_VOC0.50ppm,903.1,0,5.0,0.050,50
2026-06-24 21:31:41,32.15,68.17,1005.00,50.00,500,0.500,57900,38.0,51.0,65.0,YES,YES,UNKNOWN_ANALYSIS_IAQ50_VOC0.50ppm,912.5,0,5.0,0.050,50
2026-06-24 21:31:51,32.15,68.17,1005.00,50.00,500,0.500,57900,37.0,51.0,63.0,YES,YES,UNKNOWN_ANALYSIS_IAQ50_VOC0.50ppm,923.0,0,5.0,0.050,50
2026-06-24 21:32:01,32.15,68.17,1005.00,50.00,500,0.500,57900,39.0,53.0,66.0,YES,YES,UNKNOWN_ANALYSIS_IAQ50_VOC0.50ppm,932.4,0,5.0,0.050,50
2026-06-24 21:32:11,32.15,68.17,1005.00,50.00,500,0.500,57900,39.0,53.0,66.0,YES,YES,UNKNOWN_ANALYSIS_IAQ50_VOC0.50ppm,942.8,0,5.0,0.050,50
2026-06-24 21:32:21,32.15,68.17,1005.00,50.00,500,0.500,57900,40.0,53.0,67.0,YES,YES,UNKNOWN_ANALYSIS_IAQ50_VOC0.50ppm,953.2,0,5.0,0.050,50
2026-06-24 21:32:31,32.15,68.17,1005.00,50.00,500,0.500,57900,39.0,53.0,67.0,YES,YES,UNKNOWN_ANALYSIS_IAQ50_VOC0.50ppm,962.6,0,5.0,0.050,50
2026-06-24 21:32:41,32.15,68.17,1005.00,50.00,500,0.500,57900,40.0,54.0,66.0,YES,YES,UNKNOWN_ANALYSIS_IAQ50_VOC0.50ppm,973.1,0,5.0,0.050,50
2026-06-24 21:32:52,32.15,68.17,1005.00,50.00,500,0.500,57900,39.0,52.0,64.0,YES,YES,UNKNOWN_ANALYSIS_IAQ50_VOC0.50ppm,983.5,0,5.0,0.050,50
2026-06-24 21:33:01,32.15,68.17,1005.00,50.00,500,0.500,57900,39.0,52.0,63.0,YES,YES,UNKNOWN_ANALYSIS_IAQ50_VOC0.50ppm,992.9,0,5.0,0.050,50
2026-06-24 21:33:11,32.15,68.17,1005.00,50.00,500,0.500,57900,38.0,51.0,62.0,YES,YES,UNKNOWN_ANALYSIS_IAQ50_VOC0.50ppm,1003.3,0,5.0,0.050,50
2026-06-24 21:33:21,32.15,68.17,1005.00,50.00,500,0.500,57900,39.0,52.0,64.0,YES,YES,UNKNOWN_ANALYSIS_IAQ50_VOC0.50ppm,1012.7,0,5.0,0.050,50
2026-06-24 21:33:31,32.15,68.17,1005.00,50.00,500,0.500,57900,39.0,52.0,65.0,YES,YES,UNKNOWN_ANALYSIS_IAQ50_VOC0.50ppm,1023.2,0,5.0,0.050,50
2026-06-24 21:33:42,32.15,68.17,1005.00,50.00,500,0.500,57900,38.0,51.0,63.0,YES,YES,UNKNOWN_ANALYSIS_IAQ50_VOC0.50ppm,1033.6,0,5.0,0.050,50
2026-06-24 21:33:51,32.15,68.17,1005.00,50.00,500,0.500,57900,38.0,53.0,64.0,YES,YES,UNKNOWN_ANALYSIS_IAQ50_VOC0.50ppm,1043.0,0,5.0,0.050,50
2026-06-24 21:34:02,32.15,68.17,1005.00,50.00,500,0.500,57900,39.0,52.0,65.0,YES,YES,UNKNOWN_ANALYSIS_IAQ50_VOC0.50ppm,1053.5,0,5.0,0.050,50
2026-06-24 21:34:11,32.15,68.17,1005.00,50.00,500,0.500,57900,37.0,51.0,63.0,YES,YES,UNKNOWN_ANALYSIS_IAQ50_VOC0.50ppm,1062.9,0,5.0,0.050,50
2026-06-24 21:34:21,32.15,68.17,1005.00,50.00,500,0.500,57900,37.0,51.0,64.0,YES,YES,UNKNOWN_ANALYSIS_IAQ50_VOC0.50ppm,1073.3,0,5.0,0.050,50
2026-06-24 21:34:32,32.15,68.17,1005.00,50.00,500,0.500,57900,38.0,52.0,65.0,YES,YES,UNKNOWN_ANALYSIS_IAQ50_VOC0.50ppm,1083.7,0,5.0,0.050,50
2026-06-24 21:34:41,32.15,68.17,1005.00,50.00,500,0.500,57900,39.0,52.0,65.0,YES,YES,UNKNOWN_ANALYSIS_IAQ50_VOC0.50ppm,1093.1,0,5.0,0.050,50
2026-06-24 21:34:52,32.15,68.17,1005.00,50.00,500,0.500,57900,38.0,53.0,66.0,YES,YES,UNKNOWN_ANALYSIS_IAQ50_VOC0.50ppm,1103.6,0,5.0,0.050,50
2026-06-24 21:35:01,32.15,68.17,1005.00,50.00,500,0.500,57900,37.0,51.0,64.0,YES,YES,UNKNOWN_ANALYSIS_IAQ50_VOC0.50ppm,1113.0,0,5.0,0.050,50
2026-06-24 21:35:12,32.15,68.17,1005.00,50.00,500,0.500,57900,36.0,51.0,63.0,YES,YES,UNKNOWN_ANALYSIS_IAQ50_VOC0.50ppm,1123.4,0,5.0,0.050,50
2026-06-24 21:35:22,32.15,68.17,1005.00,50.00,500,0.500,57900,36.0,51.0,63.0,YES,YES,UNKNOWN_ANALYSIS_IAQ50_VOC0.50ppm,1133.9,0,5.0,0.050,50
2026-06-24 21:35:31,32.15,68.17,1005.00,50.00,500,0.500,57900,37.0,51.0,63.0,YES,YES,UNKNOWN_ANALYSIS_IAQ50_VOC0.50ppm,1143.2,0,5.0,0.050,50
2026-06-24 21:35:42,32.15,68.17,1005.00,50.00,500,0.500,57900,37.0,52.0,63.0,YES,YES,UNKNOWN_ANALYSIS_IAQ50_VOC0.50ppm,1153.7,0,5.0,0.050,50
2026-06-24 21:35:52,32.15,68.17,1005.00,50.00,500,0.500,57900,37.0,51.0,63.0,YES,YES,UNKNOWN_ANALYSIS_IAQ50_VOC0.50ppm,1164.1,0,5.0,0.050,50
2026-06-24 21:36:02,32.15,68.17,1005.00,50.00,500,0.500,57900,39.0,53.0,65.0,YES,YES,UNKNOWN_ANALYSIS_IAQ50_VOC0.50ppm,1173.5,0,5.0,0.050,50
2026-06-24 21:36:12,32.15,68.17,1005.00,50.00,500,0.500,57900,38.0,52.0,65.0,YES,YES,UNKNOWN_ANALYSIS_IAQ50_VOC0.50ppm,1184.0,0,5.0,0.050,50
2026-06-24 21:36:21,32.15,68.17,1005.00,50.00,500,0.500,57900,37.0,51.0,64.0,YES,YES,UNKNOWN_ANALYSIS_IAQ50_VOC0.50ppm,1193.4,0,5.0,0.050,50
2026-06-24 21:36:32,32.22,68.05,1005.00,50.00,500,0.500,59100,35.0,50.0,62.0,YES,YES,UNKNOWN_ANALYSIS_IAQ50_VOC0.50ppm,1203.8,0,5.0,0.050,50
2026-06-24 21:36:42,32.22,68.05,1005.00,50.00,500,0.500,59100,37.0,52.0,64.0,YES,YES,UNKNOWN_ANALYSIS_IAQ50_VOC0.50ppm,1214.2,0,5.0,0.050,50
2026-06-24 21:36:52,32.22,68.05,1005.00,50.00,500,0.500,59100,36.0,51.0,62.0,YES,YES,UNKNOWN_ANALYSIS_IAQ50_VOC0.50ppm,1223.6,0,5.0,0.050,50
2026-06-24 21:37:02,32.22,68.05,1005.00,50.00,500,0.500,59100,36.0,51.0,62.0,YES,YES,UNKNOWN_ANALYSIS_IAQ50_VOC0.50ppm,1234.1,0,5.0,0.050,50
2026-06-24 21:37:13,32.22,68.05,1005.00,50.00,500,0.500,59100,38.0,52.0,64.0,YES,YES,UNKNOWN_ANALYSIS_IAQ50_VOC0.50ppm,1244.5,0,5.0,0.050,50
2026-06-24 21:37:22,32.22,68.05,1005.00,50.00,500,0.500,59100,37.0,51.0,62.0,YES,YES,UNKNOWN_ANALYSIS_IAQ50_VOC0.50ppm,1253.9,0,5.0,0.050,50
2026-06-24 21:37:32,32.22,68.05,1005.00,50.00,500,0.500,59100,37.0,51.0,62.0,YES,YES,UNKNOWN_ANALYSIS_IAQ50_VOC0.50ppm,1264.4,0,5.0,0.050,50
2026-06-24 21:37:42,32.22,68.05,1005.00,50.00,500,0.500,59100,37.0,52.0,64.0,YES,YES,UNKNOWN_ANALYSIS_IAQ50_VOC0.50ppm,1273.8,0,5.0,0.050,50
2026-06-24 21:37:52,32.22,68.05,1005.00,50.00,500,0.500,59100,37.0,51.0,64.0,YES,YES,UNKNOWN_ANALYSIS_IAQ50_VOC0.50ppm,1284.2,0,5.0,0.050,50
2026-06-24 21:38:03,32.22,68.05,1005.00,50.00,500,0.500,59100,37.0,52.0,64.0,YES,YES,UNKNOWN_ANALYSIS_IAQ50_VOC0.50ppm,1294.7,0,5.0,0.050,50
2026-06-24 21:38:12,32.22,68.05,1005.00,50.00,500,0.500,59100,37.0,52.0,64.0,YES,YES,UNKNOWN_ANALYSIS_IAQ50_VOC0.50ppm,1304.0,0,5.0,0.050,50
2026-06-24 21:38:23,32.22,68.05,1005.00,50.00,500,0.500,59100,38.0,52.0,65.0,YES,YES,UNKNOWN_ANALYSIS_IAQ50_VOC0.50ppm,1314.5,0,5.0,0.050,50
2026-06-24 21:38:32,32.22,68.05,1005.00,50.00,500,0.500,59100,37.0,52.0,65.0,YES,YES,UNKNOWN_ANALYSIS_IAQ50_VOC0.50ppm,1323.9,0,5.0,0.050,50
2026-06-24 21:38:42,32.22,68.05,1005.00,50.00,500,0.500,59100,35.0,51.0,65.0,YES,YES,UNKNOWN_ANALYSIS_IAQ50_VOC0.50ppm,1334.3,0,5.0,0.050,50
2026-06-24 21:38:53,32.22,68.05,1005.00,50.00,500,0.500,59100,36.0,51.0,64.0,YES,YES,UNKNOWN_ANALYSIS_IAQ50_VOC0.50ppm,1344.8,0,5.0,0.050,50
2026-06-24 21:39:02,32.22,68.05,1005.00,50.00,500,0.500,59100,38.0,52.0,64.0,YES,YES,UNKNOWN_ANALYSIS_IAQ50_VOC0.50ppm,1354.2,0,5.0,0.050,50
2026-06-24 21:39:13,32.22,68.05,1005.00,50.00,500,0.500,59100,37.0,52.0,63.0,YES,YES,UNKNOWN_ANALYSIS_IAQ50_VOC0.50ppm,1364.6,0,5.0,0.050,50
2026-06-24 21:39:23,32.22,68.05,1005.00,50.00,500,0.500,59100,38.0,53.0,64.0,YES,YES,UNKNOWN_ANALYSIS_IAQ50_VOC0.50ppm,1375.0,0,5.0,0.050,50
2026-06-24 21:39:33,32.22,68.05,1005.00,50.00,500,0.500,59100,40.0,52.0,64.0,YES,YES,UNKNOWN_ANALYSIS_IAQ50_VOC0.50ppm,1384.4,0,5.0,0.050,50
2026-06-24 21:39:43,32.22,68.05,1005.00,50.00,500,0.500,59100,38.0,51.0,63.0,YES,YES,UNKNOWN_ANALYSIS_IAQ50_VOC0.50ppm,1394.9,0,5.0,0.050,50
2026-06-24 21:39:52,32.22,68.05,1005.00,50.00,500,0.500,59100,40.0,52.0,65.0,YES,YES,UNKNOWN_ANALYSIS_IAQ50_VOC0.50ppm,1404.3,0,5.0,0.050,50
2026-06-24 21:40:03,32.22,68.05,1005.00,50.00,500,0.500,59100,39.0,52.0,64.0,YES,YES,UNKNOWN_ANALYSIS_IAQ50_VOC0.50ppm,1414.7,0,5.0,0.050,50
2026-06-24 21:40:13,32.22,68.05,1005.00,50.00,500,0.500,59100,38.0,51.0,63.0,YES,YES,UNKNOWN_ANALYSIS_IAQ50_VOC0.50ppm,1425.2,0,5.0,0.050,50
2026-06-24 21:40:23,32.22,68.05,1005.00,50.00,500,0.500,59100,38.0,51.0,62.0,YES,YES,UNKNOWN_ANALYSIS_IAQ50_VOC0.50ppm,1434.6,0,5.0,0.050,50
2026-06-24 21:40:33,32.22,68.05,1005.00,50.00,500,0.500,59100,38.0,51.0,63.0,YES,YES,UNKNOWN_ANALYSIS_IAQ50_VOC0.50ppm,1445.0,0,5.0,0.050,50
2026-06-24 21:40:43,32.22,68.05,1005.00,50.00,500,0.500,59100,38.0,52.0,64.0,YES,YES,UNKNOWN_ANALYSIS_IAQ50_VOC0.50ppm,1454.4,0,5.0,0.050,50
2026-06-24 21:40:53,32.22,68.05,1005.00,50.00,500,0.500,59100,38.0,52.0,66.0,YES,YES,UNKNOWN_ANALYSIS_IAQ50_VOC0.50ppm,1464.8,0,5.0,0.050,50
2026-06-24 21:41:03,32.22,68.05,1005.00,50.00,500,0.500,59100,38.0,52.0,65.0,YES,YES,UNKNOWN_ANALYSIS_IAQ50_VOC0.50ppm,1475.3,0,5.0,0.050,50
2026-06-24 21:41:13,32.22,68.05,1005.00,50.00,500,0.500,59100,40.0,53.0,66.0,YES,YES,UNKNOWN_ANALYSIS_IAQ50_VOC0.50ppm,1484.7,0,5.0,0.050,50
2026-06-24 21:41:23,32.22,68.05,1005.00,50.00,500,0.500,59100,40.0,53.0,66.0,YES,YES,UNKNOWN_ANALYSIS_IAQ50_VOC0.50ppm,1495.1,0,5.0,0.050,50
2026-06-24 21:41:33,32.21,67.96,1005.00,50.00,500,0.500,60500,38.0,52.0,65.0,YES,YES,UNKNOWN_ANALYSIS_IAQ50_VOC0.50ppm,1504.5,0,5.0,0.050,50
2026-06-24 21:41:43,32.21,67.96,1005.00,50.00,500,0.500,60500,39.0,52.0,65.0,YES,YES,UNKNOWN_ANALYSIS_IAQ50_VOC0.50ppm,1515.0,0,5.0,0.050,50
2026-06-24 21:41:54,32.21,67.96,1005.00,50.00,500,0.500,60500,39.0,52.0,65.0,YES,YES,UNKNOWN_ANALYSIS_IAQ50_VOC0.50ppm,1525.4,0,5.0,0.050,50
2026-06-24 21:42:03,32.21,67.96,1005.00,50.00,500,0.500,60500,39.0,53.0,65.0,YES,YES,UNKNOWN_ANALYSIS_IAQ50_VOC0.50ppm,1534.8,0,5.0,0.050,50
2026-06-24 21:42:13,32.21,67.96,1005.00,50.00,500,0.500,60500,39.0,53.0,65.0,YES,YES,UNKNOWN_ANALYSIS_IAQ50_VOC0.50ppm,1545.2,0,5.0,0.050,50
2026-06-24 21:42:24,32.21,67.96,1005.00,50.00,500,0.500,60500,39.0,52.0,65.0,YES,YES,UNKNOWN_ANALYSIS_IAQ50_VOC0.50ppm,1555.7,0,5.0,0.050,50
2026-06-24 21:42:33,32.21,67.96,1005.00,50.00,500,0.500,60500,40.0,53.0,66.0,YES,YES,UNKNOWN_ANALYSIS_IAQ50_VOC0.50ppm,1565.1,0,5.0,0.050,50
2026-06-24 21:42:44,32.21,67.96,1005.00,50.00,500,0.500,60500,39.0,52.0,66.0,YES,YES,UNKNOWN_ANALYSIS_IAQ50_VOC0.50ppm,1575.5,0,5.0,0.050,50
2026-06-24 21:42:53,32.21,67.96,1005.00,50.00,500,0.500,60500,40.0,52.0,66.0,YES,YES,UNKNOWN_ANALYSIS_IAQ50_VOC0.50ppm,1584.9,0,5.0,0.050,50
2026-06-24 21:43:03,32.21,67.96,1005.00,50.00,500,0.500,60500,38.0,52.0,65.0,YES,YES,UNKNOWN_ANALYSIS_IAQ50_VOC0.50ppm,1595.3,0,5.0,0.050,50
2026-06-24 21:43:14,32.21,67.96,1005.00,50.00,500,0.500,60500,38.0,52.0,65.0,YES,YES,UNKNOWN_ANALYSIS_IAQ50_VOC0.50ppm,1605.8,0,5.0,0.050,50
2026-06-24 21:43:23,32.21,67.96,1005.00,50.00,500,0.500,60500,37.0,51.0,63.0,YES,YES,UNKNOWN_ANALYSIS_IAQ50_VOC0.50ppm,1615.2,0,5.0,0.050,50
2026-06-24 21:43:34,32.21,67.96,1005.00,50.00,500,0.500,60500,38.0,52.0,64.0,YES,YES,UNKNOWN_ANALYSIS_IAQ50_VOC0.50ppm,1625.6,0,5.0,0.050,50
2026-06-24 21:43:43,32.21,67.96,1005.00,50.00,500,0.500,60500,38.0,53.0,66.0,YES,YES,UNKNOWN_ANALYSIS_IAQ50_VOC0.50ppm,1635.0,0,5.0,0.050,50
2026-06-24 21:43:54,32.21,67.96,1005.00,50.00,500,0.500,60500,38.0,51.0,65.0,YES,YES,UNKNOWN_ANALYSIS_IAQ50_VOC0.50ppm,1645.4,0,5.0,0.050,50
2026-06-24 21:44:04,32.21,67.96,1005.00,50.00,500,0.500,60500,40.0,52.0,64.0,YES,YES,UNKNOWN_ANALYSIS_IAQ50_VOC0.50ppm,1655.9,0,5.0,0.050,50
2026-06-24 21:44:13,32.21,67.96,1005.00,50.00,500,0.500,60500,39.0,51.0,63.0,YES,YES,UNKNOWN_ANALYSIS_IAQ50_VOC0.50ppm,1665.3,0,5.0,0.050,50
2026-06-24 21:44:24,32.21,67.96,1005.00,50.00,500,0.500,60500,40.0,53.0,65.0,YES,YES,UNKNOWN_ANALYSIS_IAQ50_VOC0.50ppm,1675.7,0,5.0,0.050,50
2026-06-24 21:44:33,32.21,67.96,1005.00,50.00,500,0.500,60500,40.0,53.0,66.0,YES,YES,UNKNOWN_ANALYSIS_IAQ50_VOC0.50ppm,1685.1,0,5.0,0.050,50
2026-06-24 21:44:44,32.21,67.96,1005.00,50.00,500,0.500,60500,38.0,52.0,64.0,YES,YES,UNKNOWN_ANALYSIS_IAQ50_VOC0.50ppm,1695.5,0,5.0,0.050,50
2026-06-24 21:44:54,32.21,67.96,1005.00,50.00,500,0.500,60500,38.0,52.0,64.0,YES,YES,UNKNOWN_ANALYSIS_IAQ50_VOC0.50ppm,1706.0,0,5.0,0.050,50
2026-06-24 21:45:04,32.21,67.96,1005.00,50.00,500,0.500,60500,39.0,52.0,64.0,YES,YES,UNKNOWN_ANALYSIS_IAQ50_VOC0.50ppm,1715.4,0,5.0,0.050,50
2026-06-24 21:45:14,32.21,67.96,1005.00,50.00,500,0.500,60500,39.0,51.0,63.0,YES,YES,UNKNOWN_ANALYSIS_IAQ50_VOC0.50ppm,1725.8,0,5.0,0.050,50
2026-06-24 21:45:24,32.21,67.96,1005.00,50.00,500,0.500,60500,39.0,52.0,64.0,YES,YES,UNKNOWN_ANALYSIS_IAQ50_VOC0.50ppm,1736.3,0,5.0,0.050,50
2026-06-24 21:45:34,32.21,67.96,1005.00,50.00,500,0.500,60500,38.0,52.0,65.0,YES,YES,UNKNOWN_ANALYSIS_IAQ50_VOC0.50ppm,1745.7,0,5.0,0.050,50
2026-06-24 21:45:44,32.21,67.96,1005.00,50.00,500,0.500,60500,39.0,53.0,65.0,YES,YES,UNKNOWN_ANALYSIS_IAQ50_VOC0.50ppm,1756.1,0,5.0,0.050,50
2026-06-24 21:45:54,32.21,67.96,1005.00,50.00,500,0.500,60500,39.0,51.0,64.0,YES,YES,UNKNOWN_ANALYSIS_IAQ50_VOC0.50ppm,1765.5,0,5.0,0.050,50
2026-06-24 21:46:04,32.21,67.96,1005.00,50.00,500,0.500,60500,40.0,53.0,65.0,YES,YES,UNKNOWN_ANALYSIS_IAQ50_VOC0.50ppm,1775.9,0,5.0,0.050,50
2026-06-24 21:46:14,32.21,67.96,1005.00,50.00,500,0.500,60500,40.0,53.0,65.0,YES,YES,UNKNOWN_ANALYSIS_IAQ50_VOC0.50ppm,1786.4,0,5.0,0.050,50
2026-06-24 21:46:24,32.25,67.93,1005.00,50.00,500,0.500,61100,40.0,55.0,66.0,YES,YES,UNKNOWN_ANALYSIS_IAQ50_VOC0.50ppm,1795.8,0,5.0,0.050,50
2026-06-24 21:46:34,32.25,67.93,1005.00,50.00,500,0.500,61100,40.0,53.0,65.0,YES,YES,UNKNOWN_ANALYSIS_IAQ50_VOC0.50ppm,1806.2,0,5.0,0.050,50
2026-06-24 21:46:44,32.25,67.93,1005.00,50.00,500,0.500,61100,40.0,54.0,66.0,YES,YES,UNKNOWN_ANALYSIS_IAQ50_VOC0.50ppm,1815.6,0,5.0,0.050,50
2026-06-24 21:46:54,32.25,67.93,1005.00,50.00,500,0.500,61100,40.0,53.0,66.0,YES,YES,UNKNOWN_ANALYSIS_IAQ50_VOC0.50ppm,1826.0,0,5.0,0.050,50
2026-06-24 21:47:05,32.25,67.93,1005.00,50.00,500,0.500,61100,39.0,52.0,64.0,YES,YES,UNKNOWN_ANALYSIS_IAQ50_VOC0.50ppm,1836.5,0,5.0,0.050,50
2026-06-24 21:47:14,32.25,67.93,1005.00,50.00,500,0.500,61100,38.0,52.0,65.0,YES,YES,UNKNOWN_ANALYSIS_IAQ50_VOC0.50ppm,1845.9,0,5.0,0.050,50
2026-06-24 21:47:24,32.25,67.93,1005.00,50.00,500,0.500,61100,38.0,52.0,66.0,YES,YES,UNKNOWN_ANALYSIS_IAQ50_VOC0.50ppm,1856.3,0,5.0,0.050,50
2026-06-24 21:47:35,32.25,67.93,1005.00,50.00,500,0.500,61100,39.0,52.0,67.0,YES,YES,UNKNOWN_ANALYSIS_IAQ50_VOC0.50ppm,1866.7,0,5.0,0.050,50
2026-06-24 21:47:44,32.25,67.93,1005.00,50.00,500,0.500,61100,39.0,51.0,65.0,YES,YES,UNKNOWN_ANALYSIS_IAQ50_VOC0.50ppm,1876.1,0,5.0,0.050,50
2026-06-24 21:47:55,32.25,67.93,1005.00,50.00,500,0.500,61100,39.0,52.0,65.0,YES,YES,UNKNOWN_ANALYSIS_IAQ50_VOC0.50ppm,1886.6,0,5.0,0.050,50
2026-06-24 21:48:04,32.25,67.93,1005.00,50.00,500,0.500,61100,38.0,52.0,64.0,YES,YES,UNKNOWN_ANALYSIS_IAQ50_VOC0.50ppm,1896.0,0,5.0,0.050,50
2026-06-24 21:48:15,32.25,67.93,1005.00,50.00,500,0.500,61100,37.0,51.0,64.0,YES,YES,UNKNOWN_ANALYSIS_IAQ50_VOC0.50ppm,1906.4,0,5.0,0.050,50
2026-06-24 21:48:25,32.25,67.93,1005.00,50.00,500,0.500,61100,38.0,51.0,64.0,YES,YES,UNKNOWN_ANALYSIS_IAQ50_VOC0.50ppm,1916.9,0,5.0,0.050,50
2026-06-24 21:48:34,32.25,67.93,1005.00,50.00,500,0.500,61100,40.0,53.0,66.0,YES,YES,UNKNOWN_ANALYSIS_IAQ50_VOC0.50ppm,1926.3,0,5.0,0.050,50
2026-06-24 21:48:45,32.25,67.93,1005.00,50.00,500,0.500,61100,40.0,54.0,66.0,YES,YES,UNKNOWN_ANALYSIS_IAQ50_VOC0.50ppm,1936.7,0,5.0,0.050,50
2026-06-24 21:48:54,32.25,67.93,1005.00,50.00,500,0.500,61100,39.0,52.0,64.0,YES,YES,UNKNOWN_ANALYSIS_IAQ50_VOC0.50ppm,1946.1,0,5.0,0.050,50
2026-06-24 21:49:05,32.25,67.93,1005.00,50.00,500,0.500,61100,40.0,52.0,65.0,YES,YES,UNKNOWN_ANALYSIS_IAQ50_VOC0.50ppm,1956.5,0,5.0,0.050,50
2026-06-24 21:49:15,32.25,67.93,1005.00,50.00,500,0.500,61100,38.0,51.0,64.0,YES,YES,UNKNOWN_ANALYSIS_IAQ50_VOC0.50ppm,1967.0,0,5.0,0.050,50
2026-06-24 21:49:24,32.25,67.93,1005.00,50.00,500,0.500,61100,37.0,50.0,62.0,YES,YES,UNKNOWN_ANALYSIS_IAQ50_VOC0.50ppm,1976.4,0,5.0,0.050,50
2026-06-24 21:49:35,32.25,67.93,1005.00,50.00,500,0.500,61100,38.0,52.0,64.0,YES,YES,UNKNOWN_ANALYSIS_IAQ50_VOC0.50ppm,1986.8,0,5.0,0.050,50
2026-06-24 21:49:44,32.25,67.93,1005.00,50.00,500,0.500,61100,38.0,53.0,66.0,YES,YES,UNKNOWN_ANALYSIS_IAQ50_VOC0.50ppm,1996.2,0,5.0,0.050,50
2026-06-24 21:49:55,32.25,67.93,1005.00,50.00,500,0.500,61100,37.0,53.0,65.0,YES,YES,UNKNOWN_ANALYSIS_IAQ50_VOC0.50ppm,2006.7,0,5.0,0.050,50
2026-06-24 21:50:05,32.25,67.93,1005.00,50.00,500,0.500,61100,36.0,52.0,64.0,YES,YES,UNKNOWN_ANALYSIS_IAQ50_VOC0.50ppm,2017.1,0,5.0,0.050,50
2026-06-24 21:50:15,32.25,67.93,1005.00,50.00,500,0.500,61100,36.0,51.0,63.0,YES,YES,UNKNOWN_ANALYSIS_IAQ50_VOC0.50ppm,2026.5,0,5.0,0.050,50
2026-06-24 21:50:25,32.25,67.93,1005.00,50.00,500,0.500,61100,37.0,51.0,63.0,YES,YES,UNKNOWN_ANALYSIS_IAQ50_VOC0.50ppm,2036.9,0,5.0,0.050,50
2026-06-24 21:50:34,32.25,67.93,1005.00,50.00,500,0.500,61100,37.0,52.0,65.0,YES,YES,UNKNOWN_ANALYSIS_IAQ50_VOC0.50ppm,2046.3,0,5.0,0.050,50
2026-06-24 21:50:45,32.25,67.93,1005.00,50.00,500,0.500,61100,36.0,51.0,63.0,YES,YES,UNKNOWN_ANALYSIS_IAQ50_VOC0.50ppm,2056.7,0,5.0,0.050,50
2026-06-24 21:50:55,32.25,67.93,1005.00,50.00,500,0.500,61100,38.0,52.0,64.0,YES,YES,UNKNOWN_ANALYSIS_IAQ50_VOC0.50ppm,2067.2,0,5.0,0.050,50
2026-06-24 21:51:05,32.25,67.93,1005.00,50.00,500,0.500,61100,37.0,51.0,63.0,YES,YES,UNKNOWN_ANALYSIS_IAQ50_VOC0.50ppm,2076.6,0,5.0,0.050,50
2026-06-24 21:51:15,32.25,67.93,1005.00,50.00,500,0.500,61100,38.0,53.0,65.0,YES,YES,UNKNOWN_ANALYSIS_IAQ50_VOC0.50ppm,2087.0,0,5.0,0.050,50
2026-06-24 21:51:25,32.25,67.86,1005.00,50.00,500,0.500,62100,37.0,52.0,64.0,YES,YES,UNKNOWN_ANALYSIS_IAQ50_VOC0.50ppm,2096.4,0,5.0,0.050,50
2026-06-24 21:51:35,32.25,67.86,1005.00,50.00,500,0.500,62100,37.0,51.0,63.0,YES,YES,UNKNOWN_ANALYSIS_IAQ50_VOC0.50ppm,2106.9,0,5.0,0.050,50
2026-06-24 21:51:45,32.25,67.86,1005.00,50.00,500,0.500,62100,39.0,52.0,66.0,YES,YES,UNKNOWN_ANALYSIS_IAQ50_VOC0.50ppm,2117.3,0,5.0,0.050,50
2026-06-24 21:51:55,32.25,67.86,1005.00,50.00,500,0.500,62100,39.0,52.0,66.0,YES,YES,UNKNOWN_ANALYSIS_IAQ50_VOC0.50ppm,2126.7,0,5.0,0.050,50
2026-06-24 21:52:05,32.25,67.86,1005.00,50.00,500,0.500,62100,38.0,51.0,63.0,YES,YES,UNKNOWN_ANALYSIS_IAQ50_VOC0.50ppm,2137.1,0,5.0,0.050,50
2026-06-24 21:52:16,32.25,67.86,1005.00,50.00,500,0.500,62100,39.0,53.0,64.0,YES,YES,UNKNOWN_ANALYSIS_IAQ50_VOC0.50ppm,2147.6,0,5.0,0.050,50
2026-06-24 21:52:25,32.25,67.86,1005.00,50.00,500,0.500,62100,39.0,54.0,65.0,YES,YES,UNKNOWN_ANALYSIS_IAQ50_VOC0.50ppm,2157.0,0,5.0,0.050,50
2026-06-24 21:52:36,32.25,67.86,1005.00,50.00,500,0.500,62100,39.0,52.0,66.0,YES,YES,UNKNOWN_ANALYSIS_IAQ50_VOC0.50ppm,2167.4,0,5.0,0.050,50
2026-06-24 21:52:45,32.25,67.86,1005.00,50.00,500,0.500,62100,38.0,52.0,64.0,YES,YES,UNKNOWN_ANALYSIS_IAQ50_VOC0.50ppm,2176.8,0,5.0,0.050,50
2026-06-24 21:52:55,32.25,67.86,1005.00,50.00,500,0.500,62100,38.0,52.0,64.0,YES,YES,UNKNOWN_ANALYSIS_IAQ50_VOC0.50ppm,2187.3,0,5.0,0.050,50
2026-06-24 21:53:06,32.25,67.86,1005.00,50.00,500,0.500,62100,38.0,52.0,65.0,YES,YES,UNKNOWN_ANALYSIS_IAQ50_VOC0.50ppm,2197.7,0,5.0,0.050,50
2026-06-24 21:53:15,32.25,67.86,1005.00,50.00,500,0.500,62100,39.0,53.0,66.0,YES,YES,UNKNOWN_ANALYSIS_IAQ50_VOC0.50ppm,2207.1,0,5.0,0.050,50
2026-06-24 21:53:26,32.25,67.86,1005.00,50.00,500,0.500,62100,39.0,52.0,64.0,YES,YES,UNKNOWN_ANALYSIS_IAQ50_VOC0.50ppm,2217.5,0,5.0,0.050,50
2026-06-24 21:53:36,32.25,67.86,1005.00,50.00,500,0.500,62100,39.0,53.0,65.0,YES,YES,UNKNOWN_ANALYSIS_IAQ50_VOC0.50ppm,2228.0,0,5.0,0.050,50
2026-06-24 21:53:45,32.25,67.86,1005.00,50.00,500,0.500,62100,38.0,51.0,62.0,YES,YES,UNKNOWN_ANALYSIS_IAQ50_VOC0.50ppm,2237.4,0,5.0,0.050,50
2026-06-24 21:53:56,32.25,67.86,1005.00,50.00,500,0.500,62100,38.0,52.0,63.0,YES,YES,UNKNOWN_ANALYSIS_IAQ50_VOC0.50ppm,2247.8,0,5.0,0.050,50
2026-06-24 21:54:05,32.25,67.86,1005.00,50.00,500,0.500,62100,38.0,51.0,63.0,YES,YES,UNKNOWN_ANALYSIS_IAQ50_VOC0.50ppm,2257.2,0,5.0,0.050,50
2026-06-24 21:54:16,32.25,67.86,1005.00,50.00,500,0.500,62100,37.0,50.0,62.0,YES,YES,UNKNOWN_ANALYSIS_IAQ50_VOC0.50ppm,2267.6,0,5.0,0.050,50
2026-06-24 21:54:26,32.25,67.86,1005.00,50.00,500,0.500,62100,38.0,51.0,63.0,YES,YES,UNKNOWN_ANALYSIS_IAQ50_VOC0.50ppm,2278.1,0,5.0,0.050,50
2026-06-24 21:54:36,32.25,67.86,1005.00,50.00,500,0.500,62100,38.0,52.0,65.0,YES,YES,UNKNOWN_ANALYSIS_IAQ50_VOC0.50ppm,2287.5,0,5.0,0.050,50
2026-06-24 21:54:46,32.25,67.86,1005.00,50.00,500,0.500,62100,39.0,53.0,67.0,YES,YES,UNKNOWN_ANALYSIS_IAQ50_VOC0.50ppm,2297.9,0,5.0,0.050,50
2026-06-24 21:54:55,32.25,67.86,1005.00,50.00,500,0.500,62100,37.0,52.0,65.0,YES,YES,UNKNOWN_ANALYSIS_IAQ50_VOC0.50ppm,2307.3,0,5.0,0.050,50
2026-06-24 21:55:06,32.25,67.86,1005.00,50.00,500,0.500,62100,37.0,52.0,64.0,YES,YES,UNKNOWN_ANALYSIS_IAQ50_VOC0.50ppm,2317.8,0,5.0,0.050,50
2026-06-24 21:55:16,32.25,67.86,1005.00,50.00,500,0.500,62100,37.0,51.0,63.0,YES,YES,UNKNOWN_ANALYSIS_IAQ50_VOC0.50ppm,2328.2,0,5.0,0.050,50
2026-06-24 21:55:26,32.25,67.86,1005.00,50.00,500,0.500,62100,37.0,52.0,65.0,YES,YES,UNKNOWN_ANALYSIS_IAQ50_VOC0.50ppm,2337.6,0,5.0,0.050,50
2026-06-24 21:55:36,32.25,67.86,1005.00,50.00,500,0.500,62100,36.0,51.0,64.0,YES,YES,UNKNOWN_ANALYSIS_IAQ50_VOC0.50ppm,2348.0,0,5.0,0.050,50
2026-06-24 21:55:46,32.25,67.86,1005.00,50.00,500,0.500,62100,37.0,52.0,65.0,YES,YES,UNKNOWN_ANALYSIS_IAQ50_VOC0.50ppm,2357.4,0,5.0,0.050,50
2026-06-24 21:55:56,32.25,67.86,1005.00,50.00,500,0.500,62100,38.0,53.0,66.0,YES,YES,UNKNOWN_ANALYSIS_IAQ50_VOC0.50ppm,2367.9,0,5.0,0.050,50
2026-06-24 21:56:06,32.25,67.86,1005.00,50.00,500,0.500,62100,38.0,53.0,65.0,YES,YES,UNKNOWN_ANALYSIS_IAQ50_VOC0.50ppm,2378.3,0,5.0,0.050,50
2026-06-24 21:56:16,32.25,67.86,1005.00,50.00,500,0.500,62100,36.0,51.0,64.0,YES,YES,UNKNOWN_ANALYSIS_IAQ50_VOC0.50ppm,2387.7,0,5.0,0.050,50
2026-06-24 21:56:26,32.23,67.86,1005.00,50.00,500,0.500,62200,36.0,51.0,64.0,YES,YES,UNKNOWN_ANALYSIS_IAQ50_VOC0.50ppm,2398.2,0,5.0,0.050,50
2026-06-24 21:56:36,32.23,67.86,1005.00,50.00,500,0.500,62200,37.0,51.0,65.0,YES,YES,UNKNOWN_ANALYSIS_IAQ50_VOC0.50ppm,2407.6,0,5.0,0.050,50
2026-06-24 21:56:46,32.23,67.86,1005.00,50.00,500,0.500,62200,36.0,50.0,62.0,YES,YES,UNKNOWN_ANALYSIS_IAQ50_VOC0.50ppm,2418.0,0,5.0,0.050,50
2026-06-24 21:56:57,32.23,67.86,1005.00,50.00,500,0.500,62200,37.0,51.0,63.0,YES,YES,UNKNOWN_ANALYSIS_IAQ50_VOC0.50ppm,2428.4,0,5.0,0.050,50
2026-06-24 21:57:06,32.23,67.86,1005.00,50.00,500,0.500,62200,37.0,50.0,63.0,YES,YES,UNKNOWN_ANALYSIS_IAQ50_VOC0.50ppm,2437.8,0,5.0,0.050,50
2026-06-24 21:57:16,32.23,67.86,1005.00,50.00,500,0.500,62200,37.0,50.0,62.0,YES,YES,UNKNOWN_ANALYSIS_IAQ50_VOC0.50ppm,2448.3,0,5.0,0.050,50
2026-06-24 21:57:26,32.23,67.86,1005.00,50.00,500,0.500,62200,37.0,50.0,61.0,YES,YES,UNKNOWN_ANALYSIS_IAQ50_VOC0.50ppm,2457.7,0,5.0,0.050,50
2026-06-24 21:57:36,32.23,67.86,1005.00,50.00,500,0.500,62200,37.0,51.0,63.0,YES,YES,UNKNOWN_ANALYSIS_IAQ50_VOC0.50ppm,2468.1,0,5.0,0.050,50
2026-06-24 21:57:47,32.23,67.86,1005.00,50.00,500,0.500,62200,38.0,52.0,64.0,YES,YES,UNKNOWN_ANALYSIS_IAQ50_VOC0.50ppm,2478.6,0,5.0,0.050,50
2026-06-24 21:57:56,32.23,67.86,1005.00,50.00,500,0.500,62200,37.0,50.0,62.0,YES,YES,UNKNOWN_ANALYSIS_IAQ50_VOC0.50ppm,2488.0,0,5.0,0.050,50
2026-06-24 21:58:07,32.23,67.86,1005.00,50.00,500,0.500,62200,38.0,51.0,63.0,YES,YES,UNKNOWN_ANALYSIS_IAQ50_VOC0.50ppm,2498.4,0,5.0,0.050,50
2026-06-24 21:58:17,32.23,67.86,1005.00,50.00,500,0.500,62200,38.0,51.0,63.0,YES,YES,UNKNOWN_ANALYSIS_IAQ50_VOC0.50ppm,2508.8,0,5.0,0.050,50
2026-06-24 21:58:26,32.23,67.86,1005.00,50.00,500,0.500,62200,39.0,52.0,64.0,YES,YES,UNKNOWN_ANALYSIS_IAQ50_VOC0.50ppm,2518.2,0,5.0,0.050,50
2026-06-24 21:58:37,32.23,67.86,1005.00,50.00,500,0.500,62200,39.0,53.0,65.0,YES,YES,UNKNOWN_ANALYSIS_IAQ50_VOC0.50ppm,2528.7,0,5.0,0.050,50
2026-06-24 21:58:46,32.23,67.86,1005.00,50.00,500,0.500,62200,38.0,53.0,65.0,YES,YES,UNKNOWN_ANALYSIS_IAQ50_VOC0.50ppm,2538.1,0,5.0,0.050,50
2026-06-24 21:58:57,32.23,67.86,1005.00,50.00,500,0.500,62200,38.0,52.0,64.0,YES,YES,UNKNOWN_ANALYSIS_IAQ50_VOC0.50ppm,2548.5,0,5.0,0.050,50
2026-06-24 21:59:07,32.23,67.86,1005.00,50.00,500,0.500,62200,37.0,52.0,64.0,YES,YES,UNKNOWN_ANALYSIS_IAQ50_VOC0.50ppm,2559.0,0,5.0,0.050,50
2026-06-24 21:59:16,32.23,67.86,1005.00,50.00,500,0.500,62200,38.0,52.0,65.0,YES,YES,UNKNOWN_ANALYSIS_IAQ50_VOC0.50ppm,2568.4,0,5.0,0.050,50
2026-06-24 21:59:27,32.23,67.86,1005.00,50.00,500,0.500,62200,38.0,52.0,64.0,YES,YES,UNKNOWN_ANALYSIS_IAQ50_VOC0.50ppm,2578.8,0,5.0,0.050,50
2026-06-24 21:59:36,32.23,67.86,1005.00,50.00,500,0.500,62200,37.0,52.0,64.0,YES,YES,UNKNOWN_ANALYSIS_IAQ50_VOC0.50ppm,2588.2,0,5.0,0.050,50
2026-06-24 21:59:47,32.23,67.86,1005.00,50.00,500,0.500,62200,37.0,51.0,64.0,YES,YES,UNKNOWN_ANALYSIS_IAQ50_VOC0.50ppm,2598.6,0,5.0,0.050,50
2026-06-24 21:59:57,32.23,67.86,1005.00,50.00,500,0.500,62200,38.0,52.0,65.0,YES,YES,UNKNOWN_ANALYSIS_IAQ50_VOC0.50ppm,2609.1,0,5.0,0.050,50
2026-06-24 22:00:07,32.23,67.86,1005.00,50.00,500,0.500,62200,37.0,51.0,63.0,YES,YES,UNKNOWN_ANALYSIS_IAQ50_VOC0.50ppm,2618.5,0,5.0,0.050,50
2026-06-24 22:00:17,32.23,67.86,1005.00,50.00,500,0.500,62200,38.0,52.0,64.0,YES,YES,UNKNOWN_ANALYSIS_IAQ50_VOC0.50ppm,2628.9,0,5.0,0.050,50
2026-06-24 22:00:27,32.23,67.86,1005.00,50.00,500,0.500,62200,37.0,51.0,62.0,YES,YES,UNKNOWN_ANALYSIS_IAQ50_VOC0.50ppm,2639.4,0,5.0,0.050,50
2026-06-24 22:00:37,32.23,67.86,1005.00,50.00,500,0.500,62200,37.0,51.0,62.0,YES,YES,UNKNOWN_ANALYSIS_IAQ50_VOC0.50ppm,2648.8,0,5.0,0.050,50
2026-06-24 22:00:47,32.23,67.86,1005.00,50.00,500,0.500,62200,36.0,50.0,61.0,YES,YES,UNKNOWN_ANALYSIS_IAQ50_VOC0.50ppm,2659.2,0,5.0,0.050,50
2026-06-24 22:00:57,32.23,67.86,1005.00,50.00,500,0.500,62200,35.0,50.0,62.0,YES,YES,UNKNOWN_ANALYSIS_IAQ50_VOC0.50ppm,2668.6,0,5.0,0.050,50
2026-06-24 22:01:07,32.23,67.86,1005.00,50.00,500,0.500,62200,35.0,50.0,61.0,YES,YES,UNKNOWN_ANALYSIS_IAQ50_VOC0.50ppm,2679.0,0,5.0,0.050,50
2026-06-24 22:01:18,32.23,67.86,1005.00,50.00,500,0.500,62200,35.0,50.0,62.0,YES,YES,UNKNOWN_ANALYSIS_IAQ50_VOC0.50ppm,2689.5,0,5.0,0.050,50
2026-06-24 22:01:27,32.31,67.78,1005.00,50.00,500,0.500,62600,36.0,50.0,61.0,YES,YES,UNKNOWN_ANALYSIS_IAQ50_VOC0.50ppm,2698.9,0,5.0,0.050,50
2026-06-24 22:01:37,32.31,67.78,1005.00,50.00,500,0.500,62600,38.0,52.0,64.0,YES,YES,UNKNOWN_ANALYSIS_IAQ50_VOC0.50ppm,2709.3,0,5.0,0.050,50
2026-06-24 22:01:47,32.31,67.78,1005.00,50.00,500,0.500,62600,38.0,52.0,63.0,YES,YES,UNKNOWN_ANALYSIS_IAQ50_VOC0.50ppm,2718.7,0,5.0,0.050,50
2026-06-24 22:01:57,32.31,67.78,1005.00,50.00,500,0.500,62600,38.0,52.0,63.0,YES,YES,UNKNOWN_ANALYSIS_IAQ50_VOC0.50ppm,2729.2,0,5.0,0.050,50
2026-06-24 22:02:08,32.31,67.78,1005.00,50.00,500,0.500,62600,37.0,50.0,61.0,YES,YES,UNKNOWN_ANALYSIS_IAQ50_VOC0.50ppm,2739.6,0,5.0,0.050,50
2026-06-24 22:02:17,32.31,67.78,1005.00,50.00,500,0.500,62600,36.0,50.0,61.0,YES,YES,UNKNOWN_ANALYSIS_IAQ50_VOC0.50ppm,2749.0,0,5.0,0.050,50
2026-06-24 22:02:28,32.31,67.78,1005.00,50.00,500,0.500,62600,36.0,51.0,62.0,YES,YES,UNKNOWN_ANALYSIS_IAQ50_VOC0.50ppm,2759.4,0,5.0,0.050,50
2026-06-24 22:02:37,32.31,67.78,1005.00,50.00,500,0.500,62600,35.0,50.0,61.0,YES,YES,UNKNOWN_ANALYSIS_IAQ50_VOC0.50ppm,2768.8,0,5.0,0.050,50
2026-06-24 22:02:47,32.31,67.78,1005.00,50.00,500,0.500,62600,37.0,52.0,62.0,YES,YES,UNKNOWN_ANALYSIS_IAQ50_VOC0.50ppm,2779.3,0,5.0,0.050,50
2026-06-24 22:02:58,32.31,67.78,1005.00,50.00,500,0.500,62600,37.0,51.0,62.0,YES,YES,UNKNOWN_ANALYSIS_IAQ50_VOC0.50ppm,2789.7,0,5.0,0.050,50
2026-06-24 22:03:07,32.31,67.78,1005.00,50.00,500,0.500,62600,37.0,51.0,62.0,YES,YES,UNKNOWN_ANALYSIS_IAQ50_VOC0.50ppm,2799.1,0,5.0,0.050,50
2026-06-24 22:03:18,32.31,67.78,1005.00,50.00,500,0.500,62600,38.0,51.0,62.0,YES,YES,UNKNOWN_ANALYSIS_IAQ50_VOC0.50ppm,2809.5,0,5.0,0.050,50
2026-06-24 22:03:27,32.31,67.78,1005.00,50.00,500,0.500,62600,37.0,50.0,62.0,YES,YES,UNKNOWN_ANALYSIS_IAQ50_VOC0.50ppm,2818.9,0,5.0,0.050,50
2026-06-24 22:03:37,32.31,67.78,1005.00,50.00,500,0.500,62600,37.0,50.0,62.0,YES,YES,UNKNOWN_ANALYSIS_IAQ50_VOC0.50ppm,2829.4,0,5.0,0.050,50
2026-06-24 22:03:48,32.31,67.78,1005.00,50.00,500,0.500,62600,37.0,51.0,63.0,YES,YES,UNKNOWN_ANALYSIS_IAQ50_VOC0.50ppm,2839.8,0,5.0,0.050,50
2026-06-24 22:03:57,32.31,67.78,1005.00,50.00,500,0.500,62600,38.0,52.0,65.0,YES,YES,UNKNOWN_ANALYSIS_IAQ50_VOC0.50ppm,2849.2,0,5.0,0.050,50
2026-06-24 22:04:08,32.31,67.78,1005.00,50.00,500,0.500,62600,38.0,51.0,65.0,YES,YES,UNKNOWN_ANALYSIS_IAQ50_VOC0.50ppm,2859.6,0,5.0,0.050,50
2026-06-24 22:04:18,32.31,67.78,1005.00,50.00,500,0.500,62600,37.0,52.0,64.0,YES,YES,UNKNOWN_ANALYSIS_IAQ50_VOC0.50ppm,2870.1,0,5.0,0.050,50
2026-06-24 22:04:28,32.31,67.78,1005.00,50.00,500,0.500,62600,38.0,53.0,65.0,YES,YES,UNKNOWN_ANALYSIS_IAQ50_VOC0.50ppm,2879.5,0,5.0,0.050,50
2026-06-24 22:04:38,32.31,67.78,1005.00,50.00,500,0.500,62600,37.0,52.0,65.0,YES,YES,UNKNOWN_ANALYSIS_IAQ50_VOC0.50ppm,2889.9,0,5.0,0.050,50
2026-06-24 22:04:47,32.31,67.78,1005.00,50.00,500,0.500,62600,38.0,53.0,65.0,YES,YES,UNKNOWN_ANALYSIS_IAQ50_VOC0.50ppm,2899.3,0,5.0,0.050,50
2026-06-24 22:04:58,32.31,67.78,1005.00,50.00,500,0.500,62600,37.0,51.0,62.0,YES,YES,UNKNOWN_ANALYSIS_IAQ50_VOC0.50ppm,2909.7,0,5.0,0.050,50
2026-06-24 22:05:08,32.31,67.78,1005.00,50.00,500,0.500,62600,39.0,52.0,65.0,YES,YES,UNKNOWN_ANALYSIS_IAQ50_VOC0.50ppm,2920.2,0,5.0,0.050,50
2026-06-24 22:05:18,32.31,67.78,1005.00,50.00,500,0.500,62600,39.0,51.0,64.0,YES,YES,UNKNOWN_ANALYSIS_IAQ50_VOC0.50ppm,2929.6,0,5.0,0.050,50
2026-06-24 22:05:28,32.31,67.78,1005.00,50.00,500,0.500,62600,39.0,52.0,64.0,YES,YES,UNKNOWN_ANALYSIS_IAQ50_VOC0.50ppm,2940.0,0,5.0,0.050,50
2026-06-24 22:05:39,32.31,67.78,1005.00,50.00,500,0.500,62600,38.0,51.0,63.0,YES,YES,UNKNOWN_ANALYSIS_IAQ50_VOC0.50ppm,2950.5,0,5.0,0.050,50
2026-06-24 22:05:48,32.31,67.78,1005.00,50.00,500,0.500,62600,38.0,52.0,63.0,YES,YES,UNKNOWN_ANALYSIS_IAQ50_VOC0.50ppm,2959.9,0,5.0,0.050,50
2026-06-24 22:05:58,32.31,67.78,1005.00,50.00,500,0.500,62600,39.0,52.0,65.0,YES,YES,UNKNOWN_ANALYSIS_IAQ50_VOC0.50ppm,2970.3,0,5.0,0.050,50
2026-06-24 22:06:08,32.31,67.78,1005.00,50.00,500,0.500,62600,38.0,51.0,64.0,YES,YES,UNKNOWN_ANALYSIS_IAQ50_VOC0.50ppm,2979.7,0,5.0,0.050,50
2026-06-24 22:06:18,32.31,67.78,1005.00,50.00,500,0.500,62600,38.0,52.0,66.0,YES,YES,UNKNOWN_ANALYSIS_IAQ50_VOC0.50ppm,2990.2,0,5.0,0.050,50
2026-06-24 22:06:29,32.32,67.71,1005.00,50.00,500,0.500,63800,37.0,51.0,64.0,YES,YES,UNKNOWN_ANALYSIS_IAQ50_VOC0.50ppm,3000.6,0,5.0,0.050,50
2026-06-24 22:06:38,32.32,67.71,1005.00,50.00,500,0.500,63800,37.0,51.0,65.0,YES,YES,UNKNOWN_ANALYSIS_IAQ50_VOC0.50ppm,3010.0,0,5.0,0.050,50
2026-06-24 22:06:49,32.32,67.71,1005.00,50.00,500,0.500,63800,38.0,52.0,65.0,YES,YES,UNKNOWN_ANALYSIS_IAQ50_VOC0.50ppm,3020.4,0,5.0,0.050,50
2026-06-24 22:06:58,32.32,67.71,1005.00,50.00,500,0.500,63800,37.0,50.0,62.0,YES,YES,UNKNOWN_ANALYSIS_IAQ50_VOC0.50ppm,3029.8,0,5.0,0.050,50
2026-06-24 22:07:08,32.32,67.71,1005.00,50.00,500,0.500,63800,37.0,50.0,61.0,YES,YES,UNKNOWN_ANALYSIS_IAQ50_VOC0.50ppm,3040.3,0,5.0,0.050,50
2026-06-24 22:07:19,32.32,67.71,1005.00,50.00,500,0.500,63800,38.0,51.0,62.0,YES,YES,UNKNOWN_ANALYSIS_IAQ50_VOC0.50ppm,3050.7,0,5.0,0.050,50
2026-06-24 22:07:28,32.32,67.71,1005.00,50.00,500,0.500,63800,36.0,51.0,62.0,YES,YES,UNKNOWN_ANALYSIS_IAQ50_VOC0.50ppm,3060.1,0,5.0,0.050,50
2026-06-24 22:07:39,32.32,67.71,1005.00,50.00,500,0.500,63800,37.0,52.0,63.0,YES,YES,UNKNOWN_ANALYSIS_IAQ50_VOC0.50ppm,3070.6,0,5.0,0.050,50
2026-06-24 22:07:48,32.32,67.71,1005.00,50.00,500,0.500,63800,37.0,51.0,64.0,YES,YES,UNKNOWN_ANALYSIS_IAQ50_VOC0.50ppm,3080.0,0,5.0,0.050,50
2026-06-24 22:07:59,32.32,67.71,1005.00,50.00,500,0.500,63800,35.0,51.0,63.0,YES,YES,UNKNOWN_ANALYSIS_IAQ50_VOC0.50ppm,3090.4,0,5.0,0.050,50
2026-06-24 22:08:09,32.32,67.71,1005.00,50.00,500,0.500,63800,34.0,50.0,61.0,YES,YES,UNKNOWN_ANALYSIS_IAQ50_VOC0.50ppm,3100.9,0,5.0,0.050,50
2026-06-24 22:08:18,32.32,67.71,1005.00,50.00,500,0.500,63800,35.0,51.0,62.0,YES,YES,UNKNOWN_ANALYSIS_IAQ50_VOC0.50ppm,3110.3,0,5.0,0.050,50
2026-06-24 22:08:29,32.32,67.71,1005.00,50.00,500,0.500,63800,37.0,52.0,64.0,YES,YES,UNKNOWN_ANALYSIS_IAQ50_VOC0.50ppm,3120.7,0,5.0,0.050,50
2026-06-24 22:08:38,32.32,67.71,1005.00,50.00,500,0.500,63800,37.0,52.0,62.0,YES,YES,UNKNOWN_ANALYSIS_IAQ50_VOC0.50ppm,3130.1,0,5.0,0.050,50
2026-06-24 22:08:49,32.32,67.71,1005.00,50.00,500,0.500,63800,36.0,51.0,62.0,YES,YES,UNKNOWN_ANALYSIS_IAQ50_VOC0.50ppm,3140.5,0,5.0,0.050,50
2026-06-24 22:08:59,32.32,67.71,1005.00,50.00,500,0.500,63800,36.0,50.0,61.0,YES,YES,UNKNOWN_ANALYSIS_IAQ50_VOC0.50ppm,3151.0,0,5.0,0.050,50
2026-06-24 22:09:08,32.32,67.71,1005.00,50.00,500,0.500,63800,38.0,52.0,63.0,YES,YES,UNKNOWN_ANALYSIS_IAQ50_VOC0.50ppm,3160.4,0,5.0,0.050,50
2026-06-24 22:09:19,32.32,67.71,1005.00,50.00,500,0.500,63800,38.0,52.0,63.0,YES,YES,UNKNOWN_ANALYSIS_IAQ50_VOC0.50ppm,3170.8,0,5.0,0.050,50
PMS7003: Unknown error
2026-06-24 22:09:28,32.32,67.71,1005.00,50.00,500,0.500,63800,38.0,52.0,63.0,YES,YES,UNKNOWN_ANALYSIS_IAQ50_VOC0.50ppm,3180.2,0,5.0,0.050,50
2026-06-24 22:09:39,32.32,67.71,1005.00,50.00,500,0.500,63800,35.0,50.0,62.0,YES,YES,UNKNOWN_ANALYSIS_IAQ50_VOC0.50ppm,3190.6,0,5.0,0.050,50
2026-06-24 22:09:49,32.32,67.71,1005.00,50.00,500,0.500,63800,36.0,51.0,63.0,YES,YES,UNKNOWN_ANALYSIS_IAQ50_VOC0.50ppm,3201.1,0,5.0,0.050,50
2026-06-24 22:09:59,32.32,67.71,1005.00,50.00,500,0.500,63800,37.0,51.0,64.0,YES,YES,UNKNOWN_ANALYSIS_IAQ50_VOC0.50ppm,3210.5,0,5.0,0.050,50
2026-06-24 22:10:09,32.32,67.71,1005.00,50.00,500,0.500,63800,36.0,50.0,64.0,YES,YES,UNKNOWN_ANALYSIS_IAQ50_VOC0.50ppm,3220.9,0,5.0,0.050,50
2026-06-24 22:10:19,32.32,67.71,1005.00,50.00,500,0.500,63800,37.0,51.0,64.0,YES,YES,UNKNOWN_ANALYSIS_IAQ50_VOC0.50ppm,3231.3,0,5.0,0.050,50
2026-06-24 22:10:29,32.32,67.71,1005.00,50.00,500,0.500,63800,37.0,50.0,64.0,YES,YES,UNKNOWN_ANALYSIS_IAQ50_VOC0.50ppm,3240.7,0,5.0,0.050,50
2026-06-24 22:10:39,32.32,67.71,1005.00,50.00,500,0.500,63800,37.0,50.0,63.0,YES,YES,UNKNOWN_ANALYSIS_IAQ50_VOC0.50ppm,3251.2,0,5.0,0.050,50
2026-06-24 22:10:49,32.32,67.71,1005.00,50.00,500,0.500,63800,37.0,50.0,64.0,YES,YES,UNKNOWN_ANALYSIS_IAQ50_VOC0.50ppm,3260.6,0,5.0,0.050,50
2026-06-24 22:10:59,32.32,67.71,1005.00,50.00,500,0.500,63800,38.0,52.0,64.0,YES,YES,UNKNOWN_ANALYSIS_IAQ50_VOC0.50ppm,3271.0,0,5.0,0.050,50
2026-06-24 22:11:10,32.32,67.71,1005.00,50.00,500,0.500,63800,37.0,51.0,63.0,YES,YES,UNKNOWN_ANALYSIS_IAQ50_VOC0.50ppm,3281.5,0,5.0,0.050,50
2026-06-24 22:11:19,32.32,67.71,1005.00,50.00,500,0.500,63800,37.0,50.0,62.0,YES,YES,UNKNOWN_ANALYSIS_IAQ50_VOC0.50ppm,3290.9,0,5.0,0.050,50
2026-06-24 22:11:29,32.33,67.63,1005.00,50.00,500,0.500,64800,36.0,50.0,63.0,YES,YES,UNKNOWN_ANALYSIS_IAQ50_VOC0.50ppm,3301.3,0,5.0,0.050,50
2026-06-24 22:11:39,32.33,67.63,1005.00,50.00,500,0.500,64800,36.0,50.0,62.0,YES,YES,UNKNOWN_ANALYSIS_IAQ50_VOC0.50ppm,3310.7,0,5.0,0.050,50
2026-06-24 22:11:49,32.33,67.63,1005.00,50.00,500,0.500,64800,37.0,51.0,64.0,YES,YES,UNKNOWN_ANALYSIS_IAQ50_VOC0.50ppm,3321.1,0,5.0,0.050,50
2026-06-24 22:12:00,32.33,67.63,1005.00,50.00,500,0.500,64800,37.0,51.0,65.0,YES,YES,UNKNOWN_ANALYSIS_IAQ50_VOC0.50ppm,3331.6,0,5.0,0.050,50
2026-06-24 22:12:09,32.33,67.63,1005.00,50.00,500,0.500,64800,36.0,52.0,64.0,YES,YES,UNKNOWN_ANALYSIS_IAQ50_VOC0.50ppm,3341.0,0,5.0,0.050,50
2026-06-24 22:12:20,32.33,67.63,1005.00,50.00,500,0.500,64800,36.0,51.0,64.0,YES,YES,UNKNOWN_ANALYSIS_IAQ50_VOC0.50ppm,3351.4,0,5.0,0.050,50
2026-06-24 22:12:29,32.33,67.63,1005.00,50.00,500,0.500,64800,35.0,50.0,62.0,YES,YES,UNKNOWN_ANALYSIS_IAQ50_VOC0.50ppm,3360.8,0,5.0,0.050,50
2026-06-24 22:12:39,32.33,67.63,1005.00,50.00,500,0.500,64800,34.0,50.0,61.0,YES,YES,UNKNOWN_ANALYSIS_IAQ50_VOC0.50ppm,3371.3,0,5.0,0.050,50
2026-06-24 22:12:50,32.33,67.63,1005.00,50.00,500,0.500,64800,35.0,51.0,62.0,YES,YES,UNKNOWN_ANALYSIS_IAQ50_VOC0.50ppm,3381.7,0,5.0,0.050,50
2026-06-24 22:12:59,32.33,67.63,1005.00,50.00,500,0.500,64800,36.0,51.0,62.0,YES,YES,UNKNOWN_ANALYSIS_IAQ50_VOC0.50ppm,3391.1,0,5.0,0.050,50
2026-06-24 22:13:12,32.33,67.63,1005.00,50.00,500,0.500,64800,36.0,51.0,62.0,YES,YES,UNKNOWN_ANALYSIS_IAQ50_VOC0.50ppm,3403.6,0,5.0,0.050,50
2026-06-24 22:13:21,32.33,67.63,1005.00,50.00,500,0.500,64800,38.0,51.0,63.0,YES,YES,UNKNOWN_ANALYSIS_IAQ50_VOC0.50ppm,3413.0,0,5.0,0.050,50
2026-06-24 22:13:32,32.33,67.63,1005.00,50.00,500,0.500,64800,38.0,51.0,63.0,YES,YES,UNKNOWN_ANALYSIS_IAQ50_VOC0.50ppm,3423.5,0,5.0,0.050,50
2026-06-24 22:13:41,32.33,67.63,1005.00,50.00,500,0.500,64800,37.0,51.0,64.0,YES,YES,UNKNOWN_ANALYSIS_IAQ50_VOC0.50ppm,3432.9,0,5.0,0.050,50
2026-06-24 22:13:51,32.33,67.63,1005.00,50.00,500,0.500,64800,37.0,52.0,64.0,YES,YES,UNKNOWN_ANALYSIS_IAQ50_VOC0.50ppm,3443.3,0,5.0,0.050,50
2026-06-24 22:14:02,32.33,67.63,1005.00,50.00,500,0.500,64800,38.0,52.0,66.0,YES,YES,UNKNOWN_ANALYSIS_IAQ50_VOC0.50ppm,3453.7,0,5.0,0.050,50
2026-06-24 22:14:11,32.33,67.63,1005.00,50.00,500,0.500,64800,38.0,52.0,65.0,YES,YES,UNKNOWN_ANALYSIS_IAQ50_VOC0.50ppm,3463.1,0,5.0,0.050,50
2026-06-24 22:14:22,32.33,67.63,1005.00,50.00,500,0.500,64800,38.0,52.0,65.0,YES,YES,UNKNOWN_ANALYSIS_IAQ50_VOC0.50ppm,3473.6,0,5.0,0.050,50
2026-06-24 22:14:31,32.33,67.63,1005.00,50.00,500,0.500,64800,38.0,51.0,64.0,YES,YES,UNKNOWN_ANALYSIS_IAQ50_VOC0.50ppm,3483.0,0,5.0,0.050,50
2026-06-24 22:14:42,32.33,67.63,1005.00,50.00,500,0.500,64800,37.0,51.0,64.0,YES,YES,UNKNOWN_ANALYSIS_IAQ50_VOC0.50ppm,3493.4,0,5.0,0.050,50
2026-06-24 22:14:52,32.33,67.63,1005.00,50.00,500,0.500,64800,37.0,51.0,63.0,YES,YES,UNKNOWN_ANALYSIS_IAQ50_VOC0.50ppm,3503.9,0,5.0,0.050,50
2026-06-24 22:15:01,32.33,67.63,1005.00,50.00,500,0.500,64800,37.0,52.0,63.0,YES,YES,UNKNOWN_ANALYSIS_IAQ50_VOC0.50ppm,3513.3,0,5.0,0.050,50
2026-06-24 22:15:12,32.33,67.63,1005.00,50.00,500,0.500,64800,38.0,52.0,63.0,YES,YES,UNKNOWN_ANALYSIS_IAQ50_VOC0.50ppm,3523.7,0,5.0,0.050,50
2026-06-24 22:15:22,32.33,67.63,1005.00,50.00,500,0.500,64800,37.0,51.0,62.0,YES,YES,UNKNOWN_ANALYSIS_IAQ50_VOC0.50ppm,3534.1,0,5.0,0.050,50
2026-06-24 22:15:32,32.33,67.63,1005.00,50.00,500,0.500,64800,37.0,50.0,61.0,YES,YES,UNKNOWN_ANALYSIS_IAQ50_VOC0.50ppm,3543.5,0,5.0,0.050,50

=== SPIKE HISTORY ===
💾 Baseline state saved to EEPROM
💾 SAVED - IAQ: 5.0, VOC: 0.050 ppm, CO2: 50 ppm
2026-06-24 22:15:42,32.33,67.63,1005.00,50.00,500,0.500,64800,36.0,50.0,62.0,YES,YES,UNKNOWN_ANALYSIS_IAQ50_VOC0.50ppm,3554.0,0,5.0,0.050,50
2026-06-24 22:15:52,32.33,67.63,1005.00,50.00,500,0.500,64800,36.0,50.0,61.0,YES,YES,UNKNOWN_ANALYSIS_IAQ50_VOC0.50ppm,3563.4,0,5.0,0.050,50
2026-06-24 22:16:02,32.33,67.63,1005.00,50.00,500,0.500,64800,38.0,51.0,63.0,YES,YES,UNKNOWN_ANALYSIS_IAQ50_VOC0.50ppm,3573.8,0,5.0,0.050,50
2026-06-24 22:16:12,32.33,67.63,1005.00,50.00,500,0.500,64800,37.0,51.0,62.0,YES,YES,UNKNOWN_ANALYSIS_IAQ50_VOC0.50ppm,3584.3,0,5.0,0.050,50
2026-06-24 22:16:22,32.33,67.63,1005.00,50.00,500,0.500,64800,36.0,51.0,62.0,YES,YES,UNKNOWN_ANALYSIS_IAQ50_VOC0.50ppm,3593.7,0,5.0,0.050,50
2026-06-24 22:16:32,32.23,67.68,1005.00,50.91,504,0.505,64900,36.0,50.0,62.0,YES,YES,UNKNOWN_ANALYSIS_IAQ51_VOC0.50ppm,3604.1,0,5.0,0.050,50
2026-06-24 22:16:42,32.23,67.68,1005.00,50.91,504,0.505,64900,36.0,51.0,64.0,YES,YES,UNKNOWN_ANALYSIS_IAQ51_VOC0.50ppm,3613.5,0,5.0,0.050,50
2026-06-24 22:16:52,32.23,67.68,1005.00,50.91,504,0.505,64900,36.0,51.0,63.0,YES,YES,UNKNOWN_ANALYSIS_IAQ51_VOC0.50ppm,3623.9,0,5.0,0.050,50
2026-06-24 22:17:03,32.23,67.68,1005.00,50.91,504,0.505,64900,38.0,51.0,62.0,YES,YES,UNKNOWN_ANALYSIS_IAQ51_VOC0.50ppm,3634.4,0,5.0,0.050,50
2026-06-24 22:17:12,32.23,67.68,1005.00,50.91,504,0.505,64900,38.0,51.0,62.0,YES,YES,UNKNOWN_ANALYSIS_IAQ51_VOC0.50ppm,3643.8,0,5.0,0.050,50
2026-06-24 22:17:22,32.23,67.68,1005.00,50.91,504,0.505,64900,37.0,51.0,62.0,YES,YES,UNKNOWN_ANALYSIS_IAQ51_VOC0.50ppm,3654.2,0,5.0,0.050,50
2026-06-24 22:17:32,32.23,67.68,1005.00,50.91,504,0.505,64900,36.0,51.0,62.0,YES,YES,UNKNOWN_ANALYSIS_IAQ51_VOC0.50ppm,3663.6,0,5.0,0.050,50
2026-06-24 22:17:42,32.23,67.68,1005.00,50.91,504,0.505,64900,36.0,51.0,62.0,YES,YES,UNKNOWN_ANALYSIS_IAQ51_VOC0.50ppm,3674.1,0,5.0,0.050,50
2026-06-24 22:17:53,32.23,67.68,1005.00,50.91,504,0.505,64900,37.0,51.0,62.0,YES,YES,UNKNOWN_ANALYSIS_IAQ51_VOC0.50ppm,3684.5,0,5.0,0.050,50
2026-06-24 22:18:02,32.23,67.68,1005.00,50.91,504,0.505,64900,37.0,50.0,62.0,YES,YES,UNKNOWN_ANALYSIS_IAQ51_VOC0.50ppm,3693.9,0,5.0,0.050,50
2026-06-24 22:18:12,32.23,67.68,1005.00,50.91,504,0.505,64900,38.0,52.0,64.0,YES,YES,UNKNOWN_ANALYSIS_IAQ51_VOC0.50ppm,3704.3,0,5.0,0.050,50
2026-06-24 22:18:22,32.23,67.68,1005.00,50.91,504,0.505,64900,38.0,51.0,64.0,YES,YES,UNKNOWN_ANALYSIS_IAQ51_VOC0.50ppm,3713.7,0,5.0,0.050,50
2026-06-24 22:18:32,32.23,67.68,1005.00,50.91,504,0.505,64900,37.0,50.0,64.0,YES,YES,UNKNOWN_ANALYSIS_IAQ51_VOC0.50ppm,3724.2,0,5.0,0.050,50
2026-06-24 22:18:43,32.23,67.68,1005.00,50.91,504,0.505,64900,38.0,51.0,64.0,YES,YES,UNKNOWN_ANALYSIS_IAQ51_VOC0.50ppm,3734.6,0,5.0,0.050,50
2026-06-24 22:18:52,32.23,67.68,1005.00,50.91,504,0.505,64900,36.0,50.0,62.0,YES,YES,UNKNOWN_ANALYSIS_IAQ51_VOC0.50ppm,3744.0,0,5.0,0.050,50
2026-06-24 22:19:03,32.23,67.68,1005.00,50.91,504,0.505,64900,35.0,50.0,63.0,YES,YES,UNKNOWN_ANALYSIS_IAQ51_VOC0.50ppm,3754.5,0,5.0,0.050,50
2026-06-24 22:19:13,32.23,67.68,1005.00,50.91,504,0.505,64900,35.0,50.0,62.0,YES,YES,UNKNOWN_ANALYSIS_IAQ51_VOC0.50ppm,3764.9,0,5.0,0.050,50
2026-06-24 22:19:22,32.23,67.68,1005.00,50.91,504,0.505,64900,35.0,49.0,62.0,YES,YES,UNKNOWN_ANALYSIS_IAQ51_VOC0.50ppm,3774.3,0,5.0,0.050,50
2026-06-24 22:19:33,32.23,67.68,1005.00,50.91,504,0.505,64900,36.0,50.0,62.0,YES,YES,UNKNOWN_ANALYSIS_IAQ51_VOC0.50ppm,3784.7,0,5.0,0.050,50
2026-06-24 22:19:42,32.23,67.68,1005.00,50.91,504,0.505,64900,37.0,50.0,62.0,YES,YES,UNKNOWN_ANALYSIS_IAQ51_VOC0.50ppm,3794.1,0,5.0,0.050,50
2026-06-24 22:19:53,32.23,67.68,1005.00,50.91,504,0.505,64900,37.0,51.0,62.0,YES,YES,UNKNOWN_ANALYSIS_IAQ51_VOC0.50ppm,3804.6,0,5.0,0.050,50
2026-06-24 22:20:03,32.23,67.68,1005.00,50.91,504,0.505,64900,37.0,52.0,64.0,YES,YES,UNKNOWN_ANALYSIS_IAQ51_VOC0.50ppm,3815.0,0,5.0,0.050,50
2026-06-24 22:20:13,32.23,67.68,1005.00,50.91,504,0.505,64900,35.0,50.0,62.0,YES,YES,UNKNOWN_ANALYSIS_IAQ51_VOC0.50ppm,3824.4,0,5.0,0.050,50
2026-06-24 22:20:23,32.23,67.68,1005.00,50.91,504,0.505,64900,35.0,50.0,61.0,YES,YES,UNKNOWN_ANALYSIS_IAQ51_VOC0.50ppm,3834.8,0,5.0,0.050,50
2026-06-24 22:20:32,32.23,67.68,1005.00,50.91,504,0.505,64900,35.0,49.0,61.0,YES,YES,UNKNOWN_ANALYSIS_IAQ51_VOC0.50ppm,3844.2,0,5.0,0.050,50
2026-06-24 22:20:43,32.23,67.68,1005.00,50.91,504,0.505,64900,38.0,51.0,63.0,YES,YES,UNKNOWN_ANALYSIS_IAQ51_VOC0.50ppm,3854.7,0,5.0,0.050,50
2026-06-24 22:20:53,32.23,67.68,1005.00,50.91,504,0.505,64900,38.0,51.0,63.0,YES,YES,UNKNOWN_ANALYSIS_IAQ51_VOC0.50ppm,3865.1,0,5.0,0.050,50
2026-06-24 22:21:03,32.23,67.68,1005.00,50.91,504,0.505,64900,37.0,50.0,62.0,YES,YES,UNKNOWN_ANALYSIS_IAQ51_VOC0.50ppm,3874.5,0,5.0,0.050,50
2026-06-24 22:21:13,32.23,67.68,1005.00,50.91,504,0.505,64900,37.0,51.0,63.0,YES,YES,UNKNOWN_ANALYSIS_IAQ51_VOC0.50ppm,3885.0,0,5.0,0.050,50
2026-06-24 22:21:22,32.23,67.68,1005.00,50.91,504,0.505,64900,38.0,52.0,63.0,YES,YES,UNKNOWN_ANALYSIS_IAQ51_VOC0.50ppm,3894.4,0,5.0,0.050,50
2026-06-24 22:21:33,32.35,67.55,1005.00,50.00,500,0.500,65300,37.0,50.0,61.0,YES,YES,UNKNOWN_ANALYSIS_IAQ50_VOC0.50ppm,3904.8,0,5.0,0.050,50
2026-06-24 22:21:43,32.35,67.55,1005.00,50.00,500,0.500,65300,36.0,50.0,61.0,YES,YES,UNKNOWN_ANALYSIS_IAQ50_VOC0.50ppm,3915.2,0,5.0,0.050,50
2026-06-24 22:21:53,32.35,67.55,1005.00,50.00,500,0.500,65300,37.0,50.0,62.0,YES,YES,UNKNOWN_ANALYSIS_IAQ50_VOC0.50ppm,3924.6,0,5.0,0.050,50
2026-06-24 22:22:03,32.35,67.55,1005.00,50.00,500,0.500,65300,37.0,51.0,62.0,YES,YES,UNKNOWN_ANALYSIS_IAQ50_VOC0.50ppm,3935.1,0,5.0,0.050,50
2026-06-24 22:22:14,32.35,67.55,1005.00,50.00,500,0.500,65300,37.0,50.0,61.0,YES,YES,UNKNOWN_ANALYSIS_IAQ50_VOC0.50ppm,3945.5,0,5.0,0.050,50
2026-06-24 22:22:23,32.35,67.55,1005.00,50.00,500,0.500,65300,35.0,50.0,60.0,YES,YES,UNKNOWN_ANALYSIS_IAQ50_VOC0.50ppm,3954.9,0,5.0,0.050,50
2026-06-24 22:22:33,32.35,67.55,1005.00,50.00,500,0.500,65300,36.0,51.0,62.0,YES,YES,UNKNOWN_ANALYSIS_IAQ50_VOC0.50ppm,3965.3,0,5.0,0.050,50
2026-06-24 22:22:43,32.35,67.55,1005.00,50.00,500,0.500,65300,36.0,51.0,62.0,YES,YES,UNKNOWN_ANALYSIS_IAQ50_VOC0.50ppm,3974.7,0,5.0,0.050,50
2026-06-24 22:22:53,32.35,67.55,1005.00,50.00,500,0.500,65300,35.0,50.0,62.0,YES,YES,UNKNOWN_ANALYSIS_IAQ50_VOC0.50ppm,3985.2,0,5.0,0.050,50
2026-06-24 22:23:04,32.35,67.55,1005.00,50.00,500,0.500,65300,35.0,51.0,62.0,YES,YES,UNKNOWN_ANALYSIS_IAQ50_VOC0.50ppm,3995.6,0,5.0,0.050,50
2026-06-24 22:23:13,32.35,67.55,1005.00,50.00,500,0.500,65300,35.0,50.0,62.0,YES,YES,UNKNOWN_ANALYSIS_IAQ50_VOC0.50ppm,4005.0,0,5.0,0.050,50
2026-06-24 22:23:24,32.35,67.55,1005.00,50.00,500,0.500,65300,35.0,49.0,61.0,YES,YES,UNKNOWN_ANALYSIS_IAQ50_VOC0.50ppm,4015.5,0,5.0,0.050,50
2026-06-24 22:23:33,32.35,67.55,1005.00,50.00,500,0.500,65300,36.0,50.0,62.0,YES,YES,UNKNOWN_ANALYSIS_IAQ50_VOC0.50ppm,4024.9,0,5.0,0.050,50
2026-06-24 22:23:43,32.35,67.55,1005.00,50.00,500,0.500,65300,36.0,51.0,63.0,YES,YES,UNKNOWN_ANALYSIS_IAQ50_VOC0.50ppm,4035.3,0,5.0,0.050,50
2026-06-24 22:23:54,32.35,67.55,1005.00,50.00,500,0.500,65300,36.0,51.0,63.0,YES,YES,UNKNOWN_ANALYSIS_IAQ50_VOC0.50ppm,4045.7,0,5.0,0.050,50
2026-06-24 22:24:03,32.35,67.55,1005.00,50.00,500,0.500,65300,36.0,50.0,62.0,YES,YES,UNKNOWN_ANALYSIS_IAQ50_VOC0.50ppm,4055.1,0,5.0,0.050,50
2026-06-24 22:24:14,32.35,67.55,1005.00,50.00,500,0.500,65300,35.0,50.0,62.0,YES,YES,UNKNOWN_ANALYSIS_IAQ50_VOC0.50ppm,4065.6,0,5.0,0.050,50
2026-06-24 22:24:23,32.35,67.55,1005.00,50.00,500,0.500,65300,38.0,52.0,63.0,YES,YES,UNKNOWN_ANALYSIS_IAQ50_VOC0.50ppm,4075.0,0,5.0,0.050,50
2026-06-24 22:24:34,32.35,67.55,1005.00,50.00,500,0.500,65300,36.0,50.0,61.0,YES,YES,UNKNOWN_ANALYSIS_IAQ50_VOC0.50ppm,4085.4,0,5.0,0.050,50
2026-06-24 22:24:44,32.35,67.55,1005.00,50.00,500,0.500,65300,37.0,51.0,63.0,YES,YES,UNKNOWN_ANALYSIS_IAQ50_VOC0.50ppm,4095.9,0,5.0,0.050,50
2026-06-24 22:24:53,32.35,67.55,1005.00,50.00,500,0.500,65300,36.0,51.0,63.0,YES,YES,UNKNOWN_ANALYSIS_IAQ50_VOC0.50ppm,4105.3,0,5.0,0.050,50
2026-06-24 22:25:04,32.35,67.55,1005.00,50.00,500,0.500,65300,37.0,51.0,63.0,YES,YES,UNKNOWN_ANALYSIS_IAQ50_VOC0.50ppm,4115.7,0,5.0,0.050,50
PMS7003: Unknown error
2026-06-24 22:25:13,32.35,67.55,1005.00,50.00,500,0.500,65300,37.0,51.0,63.0,YES,YES,UNKNOWN_ANALYSIS_IAQ50_VOC0.50ppm,4125.1,0,5.0,0.050,50
2026-06-24 22:25:24,32.35,67.55,1005.00,50.00,500,0.500,65300,38.0,51.0,63.0,YES,YES,UNKNOWN_ANALYSIS_IAQ50_VOC0.50ppm,4135.5,0,5.0,0.050,50
2026-06-24 22:25:34,32.35,67.55,1005.00,50.00,500,0.500,65300,37.0,50.0,63.0,YES,YES,UNKNOWN_ANALYSIS_IAQ50_VOC0.50ppm,4146.0,0,5.0,0.050,50
2026-06-24 22:25:43,32.35,67.55,1005.00,50.00,500,0.500,65300,37.0,50.0,62.0,YES,YES,UNKNOWN_ANALYSIS_IAQ50_VOC0.50ppm,4155.4,0,5.0,0.050,50
2026-06-24 22:25:54,32.35,67.55,1005.00,50.00,500,0.500,65300,38.0,51.0,63.0,YES,YES,UNKNOWN_ANALYSIS_IAQ50_VOC0.50ppm,4165.8,0,5.0,0.050,50
2026-06-24 22:26:04,32.35,67.55,1005.00,50.00,500,0.500,65300,37.0,51.0,62.0,YES,YES,UNKNOWN_ANALYSIS_IAQ50_VOC0.50ppm,4176.2,0,5.0,0.050,50
2026-06-24 22:26:14,32.35,67.55,1005.00,50.00,500,0.500,65300,37.0,51.0,62.0,YES,YES,UNKNOWN_ANALYSIS_IAQ50_VOC0.50ppm,4185.6,0,5.0,0.050,50
2026-06-24 22:26:24,32.35,67.55,1005.00,50.00,500,0.500,65300,38.0,51.0,62.0,YES,YES,UNKNOWN_ANALYSIS_IAQ50_VOC0.50ppm,4196.1,0,5.0,0.050,50
2026-06-24 22:26:34,32.25,67.65,1005.00,50.41,502,0.502,65400,38.0,50.0,62.0,YES,YES,UNKNOWN_ANALYSIS_IAQ50_VOC0.50ppm,4205.5,0,5.0,0.050,50
2026-06-24 22:26:44,32.25,67.65,1005.00,50.41,502,0.502,65400,37.0,50.0,61.0,YES,YES,UNKNOWN_ANALYSIS_IAQ50_VOC0.50ppm,4215.9,0,5.0,0.050,50
2026-06-24 22:26:54,32.25,67.65,1005.00,50.41,502,0.502,65400,38.0,51.0,63.0,YES,YES,UNKNOWN_ANALYSIS_IAQ50_VOC0.50ppm,4226.3,0,5.0,0.050,50
2026-06-24 22:27:04,32.25,67.65,1005.00,50.41,502,0.502,65400,36.0,51.0,62.0,YES,YES,UNKNOWN_ANALYSIS_IAQ50_VOC0.50ppm,4235.7,0,5.0,0.050,50
2026-06-24 22:27:14,32.25,67.65,1005.00,50.41,502,0.502,65400,35.0,49.0,61.0,YES,YES,UNKNOWN_ANALYSIS_IAQ50_VOC0.50ppm,4246.2,0,5.0,0.050,50
2026-06-24 22:27:24,32.25,67.65,1005.00,50.41,502,0.502,65400,35.0,49.0,61.0,YES,YES,UNKNOWN_ANALYSIS_IAQ50_VOC0.50ppm,4255.6,0,5.0,0.050,50
2026-06-24 22:27:34,32.25,67.65,1005.00,50.41,502,0.502,65400,36.0,50.0,62.0,YES,YES,UNKNOWN_ANALYSIS_IAQ50_VOC0.50ppm,4266.0,0,5.0,0.050,50
2026-06-24 22:27:45,32.25,67.65,1005.00,50.41,502,0.502,65400,36.0,51.0,62.0,YES,YES,UNKNOWN_ANALYSIS_IAQ50_VOC0.50ppm,4276.5,0,5.0,0.050,50
2026-06-24 22:27:54,32.25,67.65,1005.00,50.41,502,0.502,65400,36.0,51.0,63.0,YES,YES,UNKNOWN_ANALYSIS_IAQ50_VOC0.50ppm,4285.8,0,5.0,0.050,50
2026-06-24 22:28:04,32.25,67.65,1005.00,50.41,502,0.502,65400,35.0,51.0,63.0,YES,YES,UNKNOWN_ANALYSIS_IAQ50_VOC0.50ppm,4296.3,0,5.0,0.050,50
2026-06-24 22:28:15,32.25,67.65,1005.00,50.41,502,0.502,65400,35.0,50.0,61.0,YES,YES,UNKNOWN_ANALYSIS_IAQ50_VOC0.50ppm,4306.7,0,5.0,0.050,50
2026-06-24 22:28:24,32.25,67.65,1005.00,50.41,502,0.502,65400,35.0,50.0,61.0,YES,YES,UNKNOWN_ANALYSIS_IAQ50_VOC0.50ppm,4316.1,0,5.0,0.050,50
2026-06-24 22:28:35,32.25,67.65,1005.00,50.41,502,0.502,65400,36.0,50.0,62.0,YES,YES,UNKNOWN_ANALYSIS_IAQ50_VOC0.50ppm,4326.6,0,5.0,0.050,50
2026-06-24 22:28:44,32.25,67.65,1005.00,50.41,502,0.502,65400,38.0,51.0,63.0,YES,YES,UNKNOWN_ANALYSIS_IAQ50_VOC0.50ppm,4336.0,0,5.0,0.050,50
2026-06-24 22:28:55,32.25,67.65,1005.00,50.41,502,0.502,65400,36.0,51.0,62.0,YES,YES,UNKNOWN_ANALYSIS_IAQ50_VOC0.50ppm,4346.4,0,5.0,0.050,50
2026-06-24 22:29:05,32.25,67.65,1005.00,50.41,502,0.502,65400,37.0,51.0,63.0,YES,YES,UNKNOWN_ANALYSIS_IAQ50_VOC0.50ppm,4356.9,0,5.0,0.050,50
2026-06-24 22:29:14,32.25,67.65,1005.00,50.41,502,0.502,65400,37.0,50.0,62.0,YES,YES,UNKNOWN_ANALYSIS_IAQ50_VOC0.50ppm,4366.2,0,5.0,0.050,50
2026-06-24 22:29:25,32.25,67.65,1005.00,50.41,502,0.502,65400,37.0,51.0,62.0,YES,YES,UNKNOWN_ANALYSIS_IAQ50_VOC0.50ppm,4376.7,0,5.0,0.050,50
2026-06-24 22:29:34,32.25,67.65,1005.00,50.41,502,0.502,65400,35.0,49.0,60.0,YES,YES,UNKNOWN_ANALYSIS_IAQ50_VOC0.50ppm,4386.1,0,5.0,0.050,50
2026-06-24 22:29:45,32.25,67.65,1005.00,50.41,502,0.502,65400,36.0,51.0,62.0,YES,YES,UNKNOWN_ANALYSIS_IAQ50_VOC0.50ppm,4396.5,0,5.0,0.050,50
2026-06-24 22:29:55,32.25,67.65,1005.00,50.41,502,0.502,65400,37.0,51.0,63.0,YES,YES,UNKNOWN_ANALYSIS_IAQ50_VOC0.50ppm,4407.0,0,5.0,0.050,50
2026-06-24 22:30:04,32.25,67.65,1005.00,50.41,502,0.502,65400,36.0,51.0,63.0,YES,YES,UNKNOWN_ANALYSIS_IAQ50_VOC0.50ppm,4416.4,0,5.0,0.050,50
2026-06-24 22:30:15,32.25,67.65,1005.00,50.41,502,0.502,65400,36.0,51.0,63.0,YES,YES,UNKNOWN_ANALYSIS_IAQ50_VOC0.50ppm,4426.8,0,5.0,0.050,50
2026-06-24 22:30:25,32.25,67.65,1005.00,50.41,502,0.502,65400,37.0,52.0,64.0,YES,YES,UNKNOWN_ANALYSIS_IAQ50_VOC0.50ppm,4437.2,0,5.0,0.050,50
2026-06-24 22:30:35,32.25,67.65,1005.00,50.41,502,0.502,65400,37.0,51.0,63.0,YES,YES,UNKNOWN_ANALYSIS_IAQ50_VOC0.50ppm,4446.6,0,5.0,0.050,50
2026-06-24 22:30:45,32.25,67.65,1005.00,50.41,502,0.502,65400,37.0,51.0,64.0,YES,YES,UNKNOWN_ANALYSIS_IAQ50_VOC0.50ppm,4457.1,0,5.0,0.050,50
2026-06-24 22:30:55,32.25,67.65,1005.00,50.41,502,0.502,65400,38.0,52.0,66.0,YES,YES,UNKNOWN_ANALYSIS_IAQ50_VOC0.50ppm,4466.5,0,5.0,0.050,50
2026-06-24 22:31:05,32.25,67.65,1005.00,50.41,502,0.502,65400,37.0,51.0,65.0,YES,YES,UNKNOWN_ANALYSIS_IAQ50_VOC0.50ppm,4476.9,0,5.0,0.050,50
2026-06-24 22:31:15,32.25,67.65,1005.00,50.41,502,0.502,65400,36.0,51.0,63.0,YES,YES,UNKNOWN_ANALYSIS_IAQ50_VOC0.50ppm,4487.3,0,5.0,0.050,50
2026-06-24 22:31:25,32.25,67.65,1005.00,50.41,502,0.502,65400,38.0,51.0,64.0,YES,YES,UNKNOWN_ANALYSIS_IAQ50_VOC0.50ppm,4496.7,0,5.0,0.050,50
2026-06-24 22:31:35,32.22,67.66,1005.00,65.71,569,0.584,64700,37.0,50.0,62.0,YES,YES,UNKNOWN_ANALYSIS_IAQ66_VOC0.58ppm,4507.2,0,5.0,0.050,50
2026-06-24 22:31:45,32.22,67.66,1005.00,65.71,569,0.584,64700,36.0,50.0,61.0,YES,YES,UNKNOWN_ANALYSIS_IAQ66_VOC0.58ppm,4516.6,0,5.0,0.050,50
2026-06-24 22:31:55,32.22,67.66,1005.00,65.71,569,0.584,64700,37.0,51.0,63.0,YES,YES,UNKNOWN_ANALYSIS_IAQ66_VOC0.58ppm,4527.0,0,5.0,0.050,50
2026-06-24 22:32:06,32.22,67.66,1005.00,65.71,569,0.584,64700,35.0,51.0,63.0,YES,YES,UNKNOWN_ANALYSIS_IAQ66_VOC0.58ppm,4537.5,0,5.0,0.050,50
2026-06-24 22:32:15,32.22,67.66,1005.00,65.71,569,0.584,64700,36.0,52.0,63.0,YES,YES,UNKNOWN_ANALYSIS_IAQ66_VOC0.58ppm,4546.9,0,5.0,0.050,50
2026-06-24 22:32:25,32.22,67.66,1005.00,65.71,569,0.584,64700,36.0,50.0,61.0,YES,YES,UNKNOWN_ANALYSIS_IAQ66_VOC0.58ppm,4557.3,0,5.0,0.050,50
2026-06-24 22:32:35,32.22,67.66,1005.00,65.71,569,0.584,64700,36.0,50.0,62.0,YES,YES,UNKNOWN_ANALYSIS_IAQ66_VOC0.58ppm,4566.7,0,5.0,0.050,50
2026-06-24 22:32:45,32.22,67.66,1005.00,65.71,569,0.584,64700,36.0,50.0,63.0,YES,YES,UNKNOWN_ANALYSIS_IAQ66_VOC0.58ppm,4577.1,0,5.0,0.050,50
2026-06-24 22:32:56,32.22,67.66,1005.00,65.71,569,0.584,64700,35.0,49.0,62.0,YES,YES,UNKNOWN_ANALYSIS_IAQ66_VOC0.58ppm,4587.6,0,5.0,0.050,50
2026-06-24 22:33:05,32.22,67.66,1005.00,65.71,569,0.584,64700,36.0,50.0,62.0,YES,YES,UNKNOWN_ANALYSIS_IAQ66_VOC0.58ppm,4597.0,0,5.0,0.050,50
2026-06-24 22:33:16,32.22,67.66,1005.00,65.71,569,0.584,64700,36.0,50.0,61.0,YES,YES,UNKNOWN_ANALYSIS_IAQ66_VOC0.58ppm,4607.4,0,5.0,0.050,50
2026-06-24 22:33:25,32.22,67.66,1005.00,65.71,569,0.584,64700,38.0,51.0,62.0,YES,YES,UNKNOWN_ANALYSIS_IAQ66_VOC0.58ppm,4616.8,0,5.0,0.050,50
2026-06-24 22:33:35,32.22,67.66,1005.00,65.71,569,0.584,64700,37.0,51.0,63.0,YES,YES,UNKNOWN_ANALYSIS_IAQ66_VOC0.58ppm,4627.2,0,5.0,0.050,50
2026-06-24 22:33:46,32.22,67.66,1005.00,65.71,569,0.584,64700,36.0,50.0,63.0,YES,YES,UNKNOWN_ANALYSIS_IAQ66_VOC0.58ppm,4637.7,0,5.0,0.050,50
2026-06-24 22:33:55,32.22,67.66,1005.00,65.71,569,0.584,64700,37.0,51.0,63.0,YES,YES,UNKNOWN_ANALYSIS_IAQ66_VOC0.58ppm,4647.1,0,5.0,0.050,50
2026-06-24 22:34:06,32.22,67.66,1005.00,65.71,569,0.584,64700,36.0,50.0,62.0,YES,YES,UNKNOWN_ANALYSIS_IAQ66_VOC0.58ppm,4657.5,0,5.0,0.050,50
2026-06-24 22:34:15,32.22,67.66,1005.00,65.71,569,0.584,64700,38.0,51.0,63.0,YES,YES,UNKNOWN_ANALYSIS_IAQ66_VOC0.58ppm,4666.9,0,5.0,0.050,50
2026-06-24 22:34:25,32.22,67.66,1005.00,65.71,569,0.584,64700,37.0,50.0,62.0,YES,YES,UNKNOWN_ANALYSIS_IAQ66_VOC0.58ppm,4677.4,0,5.0,0.050,50
2026-06-24 22:34:36,32.22,67.66,1005.00,65.71,569,0.584,64700,37.0,50.0,63.0,YES,YES,UNKNOWN_ANALYSIS_IAQ66_VOC0.58ppm,4687.8,0,5.0,0.050,50
2026-06-24 22:34:45,32.22,67.66,1005.00,65.71,569,0.584,64700,36.0,50.0,62.0,YES,YES,UNKNOWN_ANALYSIS_IAQ66_VOC0.58ppm,4697.2,0,5.0,0.050,50
2026-06-24 22:34:56,32.22,67.66,1005.00,65.71,569,0.584,64700,37.0,51.0,63.0,YES,YES,UNKNOWN_ANALYSIS_IAQ66_VOC0.58ppm,4707.6,0,5.0,0.050,50
2026-06-24 22:35:06,32.22,67.66,1005.00,65.71,569,0.584,64700,35.0,50.0,61.0,YES,YES,UNKNOWN_ANALYSIS_IAQ66_VOC0.58ppm,4718.1,0,5.0,0.050,50
2026-06-24 22:35:16,32.22,67.66,1005.00,65.71,569,0.584,64700,37.0,51.0,63.0,YES,YES,UNKNOWN_ANALYSIS_IAQ66_VOC0.58ppm,4727.5,0,5.0,0.050,50
2026-06-24 22:35:26,32.22,67.66,1005.00,65.71,569,0.584,64700,35.0,50.0,62.0,YES,YES,UNKNOWN_ANALYSIS_IAQ66_VOC0.58ppm,4737.9,0,5.0,0.050,50
2026-06-24 22:35:35,32.22,67.66,1005.00,65.71,569,0.584,64700,37.0,51.0,62.0,YES,YES,UNKNOWN_ANALYSIS_IAQ66_VOC0.58ppm,4747.3,0,5.0,0.050,50
2026-06-24 22:35:46,32.22,67.66,1005.00,65.71,569,0.584,64700,37.0,51.0,62.0,YES,YES,UNKNOWN_ANALYSIS_IAQ66_VOC0.58ppm,4757.8,0,5.0,0.050,50
2026-06-24 22:35:56,32.22,67.66,1005.00,65.71,569,0.584,64700,37.0,50.0,61.0,YES,YES,UNKNOWN_ANALYSIS_IAQ66_VOC0.58ppm,4768.2,0,5.0,0.050,50
2026-06-24 22:36:06,32.22,67.66,1005.00,65.71,569,0.584,64700,38.0,51.0,62.0,YES,YES,UNKNOWN_ANALYSIS_IAQ66_VOC0.58ppm,4777.6,0,5.0,0.050,50
2026-06-24 22:36:16,32.22,67.66,1005.00,65.71,569,0.584,64700,35.0,49.0,60.0,YES,YES,UNKNOWN_ANALYSIS_IAQ66_VOC0.58ppm,4788.0,0,5.0,0.050,50
2026-06-24 22:36:26,32.22,67.66,1005.00,65.71,569,0.584,64700,35.0,49.0,61.0,YES,YES,UNKNOWN_ANALYSIS_IAQ66_VOC0.58ppm,4797.4,0,5.0,0.050,50
2026-06-24 22:36:36,32.18,67.75,1005.00,87.06,662,0.722,63700,35.0,50.0,61.0,YES,YES,UNKNOWN_ANALYSIS_IAQ87_VOC0.72ppm,4807.9,0,5.0,0.050,50
2026-06-24 22:36:46,32.18,67.75,1005.00,87.06,662,0.722,63700,36.0,51.0,63.0,YES,YES,UNKNOWN_ANALYSIS_IAQ87_VOC0.72ppm,4818.3,0,5.0,0.050,50
2026-06-24 22:36:56,32.18,67.75,1005.00,87.06,662,0.722,63700,35.0,51.0,63.0,YES,YES,UNKNOWN_ANALYSIS_IAQ87_VOC0.72ppm,4827.7,0,5.0,0.050,50
2026-06-24 22:37:06,32.18,67.75,1005.00,87.06,662,0.722,63700,36.0,51.0,62.0,YES,YES,UNKNOWN_ANALYSIS_IAQ87_VOC0.72ppm,4838.1,0,5.0,0.050,50
2026-06-24 22:37:16,32.18,67.75,1005.00,87.06,662,0.722,63700,35.0,52.0,63.0,YES,YES,UNKNOWN_ANALYSIS_IAQ87_VOC0.72ppm,4847.5,0,5.0,0.050,50
2026-06-24 22:37:26,32.18,67.75,1005.00,87.06,662,0.722,63700,35.0,51.0,63.0,YES,YES,UNKNOWN_ANALYSIS_IAQ87_VOC0.72ppm,4858.0,0,5.0,0.050,50
2026-06-24 22:37:37,32.18,67.75,1005.00,87.06,662,0.722,63700,35.0,50.0,61.0,YES,YES,UNKNOWN_ANALYSIS_IAQ87_VOC0.72ppm,4868.4,0,5.0,0.050,50
2026-06-24 22:37:46,32.18,67.75,1005.00,87.06,662,0.722,63700,36.0,50.0,63.0,YES,YES,UNKNOWN_ANALYSIS_IAQ87_VOC0.72ppm,4877.8,0,5.0,0.050,50
2026-06-24 22:37:56,32.18,67.75,1005.00,87.06,662,0.722,63700,35.0,49.0,61.0,YES,YES,UNKNOWN_ANALYSIS_IAQ87_VOC0.72ppm,4888.3,0,5.0,0.050,50
2026-06-24 22:38:06,32.18,67.75,1005.00,87.06,662,0.722,63700,35.0,49.0,62.0,YES,YES,UNKNOWN_ANALYSIS_IAQ87_VOC0.72ppm,4897.7,0,5.0,0.050,50
2026-06-24 22:38:16,32.18,67.75,1005.00,87.06,662,0.722,63700,36.0,50.0,63.0,YES,YES,UNKNOWN_ANALYSIS_IAQ87_VOC0.72ppm,4908.1,0,5.0,0.050,50
2026-06-24 22:38:27,32.18,67.75,1005.00,87.06,662,0.722,63700,37.0,51.0,63.0,YES,YES,UNKNOWN_ANALYSIS_IAQ87_VOC0.72ppm,4918.5,0,5.0,0.050,50
2026-06-24 22:38:36,32.18,67.75,1005.00,87.06,662,0.722,63700,36.0,50.0,62.0,YES,YES,UNKNOWN_ANALYSIS_IAQ87_VOC0.72ppm,4928.0,0,5.0,0.050,50
2026-06-24 22:38:47,32.18,67.75,1005.00,87.06,662,0.722,63700,36.0,50.0,62.0,YES,YES,UNKNOWN_ANALYSIS_IAQ87_VOC0.72ppm,4938.4,0,5.0,0.050,50
2026-06-24 22:38:56,32.18,67.75,1005.00,87.06,662,0.722,63700,38.0,52.0,63.0,YES,YES,UNKNOWN_ANALYSIS_IAQ87_VOC0.72ppm,4947.8,0,5.0,0.050,50
2026-06-24 22:39:06,32.18,67.75,1005.00,87.06,662,0.722,63700,36.0,52.0,64.0,YES,YES,UNKNOWN_ANALYSIS_IAQ87_VOC0.72ppm,4958.2,0,5.0,0.050,50
2026-06-24 22:39:17,32.18,67.75,1005.00,87.06,662,0.722,63700,35.0,51.0,62.0,YES,YES,UNKNOWN_ANALYSIS_IAQ87_VOC0.72ppm,4968.7,0,5.0,0.050,50
2026-06-24 22:39:26,32.18,67.75,1005.00,87.06,662,0.722,63700,36.0,51.0,62.0,YES,YES,UNKNOWN_ANALYSIS_IAQ87_VOC0.72ppm,4978.1,0,5.0,0.050,50
2026-06-24 22:39:37,32.18,67.75,1005.00,87.06,662,0.722,63700,36.0,51.0,62.0,YES,YES,UNKNOWN_ANALYSIS_IAQ87_VOC0.72ppm,4988.5,0,5.0,0.050,50
2026-06-24 22:39:47,32.18,67.75,1005.00,87.06,662,0.722,63700,36.0,51.0,63.0,YES,YES,UNKNOWN_ANALYSIS_IAQ87_VOC0.72ppm,4999.0,0,5.0,0.050,50
2026-06-24 22:39:56,32.18,67.75,1005.00,87.06,662,0.722,63700,36.0,51.0,62.0,YES,YES,UNKNOWN_ANALYSIS_IAQ87_VOC0.72ppm,5008.4,0,5.0,0.050,50
2026-06-24 22:40:07,32.18,67.75,1005.00,87.06,662,0.722,63700,36.0,51.0,63.0,YES,YES,UNKNOWN_ANALYSIS_IAQ87_VOC0.72ppm,5018.8,0,5.0,0.050,50
2026-06-24 22:40:16,32.18,67.75,1005.00,87.06,662,0.722,63700,36.0,51.0,63.0,YES,YES,UNKNOWN_ANALYSIS_IAQ87_VOC0.72ppm,5028.2,0,5.0,0.050,50
2026-06-24 22:40:27,32.18,67.75,1005.00,87.06,662,0.722,63700,36.0,50.0,63.0,YES,YES,UNKNOWN_ANALYSIS_IAQ87_VOC0.72ppm,5038.6,0,5.0,0.050,50
2026-06-24 22:40:37,32.18,67.75,1005.00,87.06,662,0.722,63700,37.0,52.0,64.0,YES,YES,UNKNOWN_ANALYSIS_IAQ87_VOC0.72ppm,5049.1,0,5.0,0.050,50
2026-06-24 22:40:47,32.18,67.75,1005.00,87.06,662,0.722,63700,37.0,52.0,64.0,YES,YES,UNKNOWN_ANALYSIS_IAQ87_VOC0.72ppm,5058.5,0,5.0,0.050,50
2026-06-24 22:40:57,32.18,67.75,1005.00,87.06,662,0.722,63700,36.0,51.0,64.0,YES,YES,UNKNOWN_ANALYSIS_IAQ87_VOC0.72ppm,5068.9,0,5.0,0.050,50
2026-06-24 22:41:06,32.18,67.75,1005.00,87.06,662,0.722,63700,35.0,50.0,62.0,YES,YES,UNKNOWN_ANALYSIS_IAQ87_VOC0.72ppm,5078.3,0,5.0,0.050,50
2026-06-24 22:41:17,32.18,67.75,1005.00,87.06,662,0.722,63700,35.0,50.0,61.0,YES,YES,UNKNOWN_ANALYSIS_IAQ87_VOC0.72ppm,5088.8,0,5.0,0.050,50
2026-06-24 22:41:27,32.18,67.75,1005.00,87.06,662,0.722,63700,36.0,50.0,62.0,YES,YES,UNKNOWN_ANALYSIS_IAQ87_VOC0.72ppm,5099.2,0,5.0,0.050,50
2026-06-24 22:41:37,32.17,67.72,1005.00,83.37,646,0.696,63900,36.0,49.0,61.0,YES,YES,UNKNOWN_ANALYSIS_IAQ83_VOC0.70ppm,5108.6,0,5.0,0.050,50
2026-06-24 22:41:47,32.17,67.72,1005.00,83.37,646,0.696,63900,37.0,51.0,62.0,YES,YES,UNKNOWN_ANALYSIS_IAQ83_VOC0.70ppm,5119.0,0,5.0,0.050,50
2026-06-24 22:41:58,32.17,67.72,1005.00,83.37,646,0.696,63900,36.0,50.0,61.0,YES,YES,UNKNOWN_ANALYSIS_IAQ83_VOC0.70ppm,5129.5,0,5.0,0.050,50
2026-06-24 22:42:07,32.17,67.72,1005.00,83.37,646,0.696,63900,37.0,50.0,62.0,YES,YES,UNKNOWN_ANALYSIS_IAQ83_VOC0.70ppm,5138.9,0,5.0,0.050,50
2026-06-24 22:42:17,32.17,67.72,1005.00,83.37,646,0.696,63900,37.0,50.0,61.0,YES,YES,UNKNOWN_ANALYSIS_IAQ83_VOC0.70ppm,5149.3,0,5.0,0.050,50
2026-06-24 22:42:27,32.17,67.72,1005.00,83.37,646,0.696,63900,36.0,50.0,62.0,YES,YES,UNKNOWN_ANALYSIS_IAQ83_VOC0.70ppm,5158.7,0,5.0,0.050,50
2026-06-24 22:42:37,32.17,67.72,1005.00,83.37,646,0.696,63900,35.0,50.0,63.0,YES,YES,UNKNOWN_ANALYSIS_IAQ83_VOC0.70ppm,5169.2,0,5.0,0.050,50
2026-06-24 22:42:48,32.17,67.72,1005.00,83.37,646,0.696,63900,34.0,49.0,61.0,YES,YES,UNKNOWN_ANALYSIS_IAQ83_VOC0.70ppm,5179.6,0,5.0,0.050,50
2026-06-24 22:42:57,32.17,67.72,1005.00,83.37,646,0.696,63900,35.0,51.0,63.0,YES,YES,UNKNOWN_ANALYSIS_IAQ83_VOC0.70ppm,5189.0,0,5.0,0.050,50
2026-06-24 22:43:08,32.17,67.72,1005.00,83.37,646,0.696,63900,35.0,49.0,62.0,YES,YES,UNKNOWN_ANALYSIS_IAQ83_VOC0.70ppm,5199.4,0,5.0,0.050,50
2026-06-24 22:43:17,32.17,67.72,1005.00,83.37,646,0.696,63900,37.0,51.0,64.0,YES,YES,UNKNOWN_ANALYSIS_IAQ83_VOC0.70ppm,5208.8,0,5.0,0.050,50
2026-06-24 22:43:27,32.17,67.72,1005.00,83.37,646,0.696,63900,36.0,50.0,63.0,YES,YES,UNKNOWN_ANALYSIS_IAQ83_VOC0.70ppm,5219.3,0,5.0,0.050,50
2026-06-24 22:43:38,32.17,67.72,1005.00,83.37,646,0.696,63900,36.0,51.0,63.0,YES,YES,UNKNOWN_ANALYSIS_IAQ83_VOC0.70ppm,5229.7,0,5.0,0.050,50
2026-06-24 22:43:47,32.17,67.72,1005.00,83.37,646,0.696,63900,35.0,50.0,63.0,YES,YES,UNKNOWN_ANALYSIS_IAQ83_VOC0.70ppm,5239.1,0,5.0,0.050,50
2026-06-24 22:43:58,32.17,67.72,1005.00,83.37,646,0.696,63900,35.0,49.0,63.0,YES,YES,UNKNOWN_ANALYSIS_IAQ83_VOC0.70ppm,5249.5,0,5.0,0.050,50
2026-06-24 22:44:08,32.17,67.72,1005.00,83.37,646,0.696,63900,38.0,51.0,64.0,YES,YES,UNKNOWN_ANALYSIS_IAQ83_VOC0.70ppm,5260.0,0,5.0,0.050,50
2026-06-24 22:44:18,32.17,67.72,1005.00,83.37,646,0.696,63900,38.0,52.0,64.0,YES,YES,UNKNOWN_ANALYSIS_IAQ83_VOC0.70ppm,5269.4,0,5.0,0.050,50
2026-06-24 22:44:28,32.17,67.72,1005.00,83.37,646,0.696,63900,38.0,52.0,65.0,YES,YES,UNKNOWN_ANALYSIS_IAQ83_VOC0.70ppm,5279.8,0,5.0,0.050,50
2026-06-24 22:44:37,32.17,67.72,1005.00,83.37,646,0.696,63900,36.0,50.0,63.0,YES,YES,UNKNOWN_ANALYSIS_IAQ83_VOC0.70ppm,5289.2,0,5.0,0.050,50
2026-06-24 22:44:48,32.17,67.72,1005.00,83.37,646,0.696,63900,38.0,51.0,63.0,YES,YES,UNKNOWN_ANALYSIS_IAQ83_VOC0.70ppm,5299.7,0,5.0,0.050,50
2026-06-24 22:44:58,32.17,67.72,1005.00,83.37,646,0.696,63900,38.0,51.0,62.0,YES,YES,UNKNOWN_ANALYSIS_IAQ83_VOC0.70ppm,5310.1,0,5.0,0.050,50
2026-06-24 22:45:08,32.17,67.72,1005.00,83.37,646,0.696,63900,37.0,51.0,62.0,YES,YES,UNKNOWN_ANALYSIS_IAQ83_VOC0.70ppm,5319.5,0,5.0,0.050,50
2026-06-24 22:45:18,32.17,67.72,1005.00,83.37,646,0.696,63900,36.0,51.0,62.0,YES,YES,UNKNOWN_ANALYSIS_IAQ83_VOC0.70ppm,5329.9,0,5.0,0.050,50
2026-06-24 22:45:27,32.17,67.72,1005.00,83.37,646,0.696,63900,37.0,52.0,63.0,YES,YES,UNKNOWN_ANALYSIS_IAQ83_VOC0.70ppm,5339.3,0,5.0,0.050,50
2026-06-24 22:45:38,32.17,67.72,1005.00,83.37,646,0.696,63900,36.0,51.0,62.0,YES,YES,UNKNOWN_ANALYSIS_IAQ83_VOC0.70ppm,5349.8,0,5.0,0.050,50
2026-06-24 22:45:48,32.17,67.72,1005.00,83.37,646,0.696,63900,36.0,51.0,62.0,YES,YES,UNKNOWN_ANALYSIS_IAQ83_VOC0.70ppm,5360.2,0,5.0,0.050,50
2026-06-24 22:45:58,32.17,67.72,1005.00,83.37,646,0.696,63900,35.0,51.0,62.0,YES,YES,UNKNOWN_ANALYSIS_IAQ83_VOC0.70ppm,5369.6,0,5.0,0.050,50
2026-06-24 22:46:08,32.17,67.72,1005.00,83.37,646,0.696,63900,35.0,50.0,63.0,YES,YES,UNKNOWN_ANALYSIS_IAQ83_VOC0.70ppm,5380.0,0,5.0,0.050,50
2026-06-24 22:46:19,32.17,67.72,1005.00,83.37,646,0.696,63900,35.0,49.0,61.0,YES,YES,UNKNOWN_ANALYSIS_IAQ83_VOC0.70ppm,5390.5,0,5.0,0.050,50
2026-06-24 22:46:28,32.17,67.72,1005.00,83.37,646,0.696,63900,37.0,50.0,62.0,YES,YES,UNKNOWN_ANALYSIS_IAQ83_VOC0.70ppm,5399.9,0,5.0,0.050,50
2026-06-24 22:46:38,32.18,67.75,1005.00,82.62,642,0.691,63900,37.0,50.0,62.0,YES,YES,UNKNOWN_ANALYSIS_IAQ83_VOC0.69ppm,5410.3,0,5.0,0.050,50
2026-06-24 22:46:48,32.18,67.75,1005.00,82.62,642,0.691,63900,37.0,51.0,62.0,YES,YES,UNKNOWN_ANALYSIS_IAQ83_VOC0.69ppm,5419.7,0,5.0,0.050,50
2026-06-24 22:46:58,32.18,67.75,1005.00,82.62,642,0.691,63900,38.0,51.0,62.0,YES,YES,UNKNOWN_ANALYSIS_IAQ83_VOC0.69ppm,5430.1,0,5.0,0.050,50
2026-06-24 22:47:09,32.18,67.75,1005.00,82.62,642,0.691,63900,35.0,50.0,61.0,YES,YES,UNKNOWN_ANALYSIS_IAQ83_VOC0.69ppm,5440.6,0,5.0,0.050,50
2026-06-24 22:47:18,32.18,67.75,1005.00,82.62,642,0.691,63900,36.0,51.0,61.0,YES,YES,UNKNOWN_ANALYSIS_IAQ83_VOC0.69ppm,5450.0,0,5.0,0.050,50
2026-06-24 22:47:29,32.18,67.75,1005.00,82.62,642,0.691,63900,35.0,49.0,60.0,YES,YES,UNKNOWN_ANALYSIS_IAQ83_VOC0.69ppm,5460.4,0,5.0,0.050,50
2026-06-24 22:47:38,32.18,67.75,1005.00,82.62,642,0.691,63900,35.0,49.0,61.0,YES,YES,UNKNOWN_ANALYSIS_IAQ83_VOC0.69ppm,5469.8,0,5.0,0.050,50
2026-06-24 22:47:48,32.18,67.75,1005.00,82.62,642,0.691,63900,37.0,50.0,61.0,YES,YES,UNKNOWN_ANALYSIS_IAQ83_VOC0.69ppm,5480.2,0,5.0,0.050,50
2026-06-24 22:47:59,32.18,67.75,1005.00,82.62,642,0.691,63900,37.0,50.0,61.0,YES,YES,UNKNOWN_ANALYSIS_IAQ83_VOC0.69ppm,5490.7,0,5.0,0.050,50
2026-06-24 22:48:08,32.18,67.75,1005.00,82.62,642,0.691,63900,38.0,52.0,64.0,YES,YES,UNKNOWN_ANALYSIS_IAQ83_VOC0.69ppm,5500.1,0,5.0,0.050,50
2026-06-24 22:48:19,32.18,67.75,1005.00,82.62,642,0.691,63900,37.0,50.0,62.0,YES,YES,UNKNOWN_ANALYSIS_IAQ83_VOC0.69ppm,5510.5,0,5.0,0.050,50
2026-06-24 22:48:28,32.18,67.75,1005.00,82.62,642,0.691,63900,38.0,51.0,64.0,YES,YES,UNKNOWN_ANALYSIS_IAQ83_VOC0.69ppm,5519.9,0,5.0,0.050,50
2026-06-24 22:48:38,32.18,67.75,1005.00,82.62,642,0.691,63900,36.0,52.0,65.0,YES,YES,UNKNOWN_ANALYSIS_IAQ83_VOC0.69ppm,5530.4,0,5.0,0.050,50
2026-06-24 22:48:49,32.18,67.75,1005.00,82.62,642,0.691,63900,35.0,50.0,63.0,YES,YES,UNKNOWN_ANALYSIS_IAQ83_VOC0.69ppm,5540.8,0,5.0,0.050,50
2026-06-24 22:48:58,32.18,67.75,1005.00,82.62,642,0.691,63900,34.0,49.0,61.0,YES,YES,UNKNOWN_ANALYSIS_IAQ83_VOC0.69ppm,5550.2,0,5.0,0.050,50
2026-06-24 22:49:09,32.18,67.75,1005.00,82.62,642,0.691,63900,36.0,51.0,62.0,YES,YES,UNKNOWN_ANALYSIS_IAQ83_VOC0.69ppm,5560.6,0,5.0,0.050,50
2026-06-24 22:49:19,32.18,67.75,1005.00,82.62,642,0.691,63900,37.0,51.0,63.0,YES,YES,UNKNOWN_ANALYSIS_IAQ83_VOC0.69ppm,5571.1,0,5.0,0.050,50
2026-06-24 22:49:29,32.18,67.75,1005.00,82.62,642,0.691,63900,36.0,51.0,63.0,YES,YES,UNKNOWN_ANALYSIS_IAQ83_VOC0.69ppm,5580.5,0,5.0,0.050,50
2026-06-24 22:49:39,32.18,67.75,1005.00,82.62,642,0.691,63900,36.0,51.0,63.0,YES,YES,UNKNOWN_ANALYSIS_IAQ83_VOC0.69ppm,5590.9,0,5.0,0.050,50
2026-06-24 22:49:48,32.18,67.75,1005.00,82.62,642,0.691,63900,36.0,51.0,62.0,YES,YES,UNKNOWN_ANALYSIS_IAQ83_VOC0.69ppm,5600.3,0,5.0,0.050,50
2026-06-24 22:49:59,32.18,67.75,1005.00,82.62,642,0.691,63900,36.0,51.0,62.0,YES,YES,UNKNOWN_ANALYSIS_IAQ83_VOC0.69ppm,5610.8,0,5.0,0.050,50
2026-06-24 22:50:09,32.18,67.75,1005.00,82.62,642,0.691,63900,35.0,49.0,61.0,YES,YES,UNKNOWN_ANALYSIS_IAQ83_VOC0.69ppm,5621.2,0,5.0,0.050,50
2026-06-24 22:50:19,32.18,67.75,1005.00,82.62,642,0.691,63900,36.0,50.0,62.0,YES,YES,UNKNOWN_ANALYSIS_IAQ83_VOC0.69ppm,5630.6,0,5.0,0.050,50
2026-06-24 22:50:29,32.18,67.75,1005.00,82.62,642,0.691,63900,37.0,50.0,62.0,YES,YES,UNKNOWN_ANALYSIS_IAQ83_VOC0.69ppm,5641.0,0,5.0,0.050,50
2026-06-24 22:50:39,32.18,67.75,1005.00,82.62,642,0.691,63900,36.0,50.0,62.0,YES,YES,UNKNOWN_ANALYSIS_IAQ83_VOC0.69ppm,5650.4,0,5.0,0.050,50
2026-06-24 22:50:49,32.18,67.75,1005.00,82.62,642,0.691,63900,36.0,51.0,62.0,YES,YES,UNKNOWN_ANALYSIS_IAQ83_VOC0.69ppm,5660.9,0,5.0,0.050,50
2026-06-24 22:50:59,32.18,67.75,1005.00,82.62,642,0.691,63900,36.0,50.0,62.0,YES,YES,UNKNOWN_ANALYSIS_IAQ83_VOC0.69ppm,5671.3,0,5.0,0.050,50
2026-06-24 22:51:09,32.18,67.75,1005.00,82.62,642,0.691,63900,35.0,50.0,61.0,YES,YES,UNKNOWN_ANALYSIS_IAQ83_VOC0.69ppm,5680.7,0,5.0,0.050,50
2026-06-24 22:51:19,32.18,67.75,1005.00,82.62,642,0.691,63900,36.0,50.0,62.0,YES,YES,UNKNOWN_ANALYSIS_IAQ83_VOC0.69ppm,5691.1,0,5.0,0.050,50
2026-06-24 22:51:29,32.18,67.75,1005.00,82.62,642,0.691,63900,35.0,50.0,62.0,YES,YES,UNKNOWN_ANALYSIS_IAQ83_VOC0.69ppm,5700.6,0,5.0,0.050,50
2026-06-24 22:51:39,32.19,67.72,1005.00,74.13,605,0.635,64300,36.0,51.0,62.0,YES,YES,UNKNOWN_ANALYSIS_IAQ74_VOC0.64ppm,5711.0,0,5.0,0.050,50
2026-06-24 22:51:50,32.19,67.72,1005.00,74.13,605,0.635,64300,35.0,49.0,61.0,YES,YES,UNKNOWN_ANALYSIS_IAQ74_VOC0.64ppm,5721.4,0,5.0,0.050,50
2026-06-24 22:51:59,32.19,67.72,1005.00,74.13,605,0.635,64300,34.0,49.0,61.0,YES,YES,UNKNOWN_ANALYSIS_IAQ74_VOC0.64ppm,5730.8,0,5.0,0.050,50
2026-06-24 22:52:09,32.19,67.72,1005.00,74.13,605,0.635,64300,35.0,49.0,61.0,YES,YES,UNKNOWN_ANALYSIS_IAQ74_VOC0.64ppm,5741.3,0,5.0,0.050,50
2026-06-24 22:52:19,32.19,67.72,1005.00,74.13,605,0.635,64300,35.0,50.0,62.0,YES,YES,UNKNOWN_ANALYSIS_IAQ74_VOC0.64ppm,5750.7,0,5.0,0.050,50
2026-06-24 22:52:29,32.19,67.72,1005.00,74.13,605,0.635,64300,35.0,50.0,62.0,YES,YES,UNKNOWN_ANALYSIS_IAQ74_VOC0.64ppm,5761.1,0,5.0,0.050,50
2026-06-24 22:52:40,32.19,67.72,1005.00,74.13,605,0.635,64300,35.0,49.0,62.0,YES,YES,UNKNOWN_ANALYSIS_IAQ74_VOC0.64ppm,5771.5,0,5.0,0.050,50
2026-06-24 22:52:49,32.19,67.72,1005.00,74.13,605,0.635,64300,35.0,49.0,61.0,YES,YES,UNKNOWN_ANALYSIS_IAQ74_VOC0.64ppm,5780.9,0,5.0,0.050,50
2026-06-24 22:53:00,32.19,67.72,1005.00,74.13,605,0.635,64300,36.0,51.0,62.0,YES,YES,UNKNOWN_ANALYSIS_IAQ74_VOC0.64ppm,5791.4,0,5.0,0.050,50
2026-06-24 22:53:10,32.19,67.72,1005.00,74.13,605,0.635,64300,37.0,51.0,62.0,YES,YES,UNKNOWN_ANALYSIS_IAQ74_VOC0.64ppm,5801.8,0,5.0,0.050,50
2026-06-24 22:53:19,32.19,67.72,1005.00,74.13,605,0.635,64300,38.0,51.0,63.0,YES,YES,UNKNOWN_ANALYSIS_IAQ74_VOC0.64ppm,5811.2,0,5.0,0.050,50
2026-06-24 22:53:30,32.19,67.72,1005.00,74.13,605,0.635,64300,35.0,49.0,62.0,YES,YES,UNKNOWN_ANALYSIS_IAQ74_VOC0.64ppm,5821.7,0,5.0,0.050,50
2026-06-24 22:53:39,32.19,67.72,1005.00,74.13,605,0.635,64300,35.0,49.0,61.0,YES,YES,UNKNOWN_ANALYSIS_IAQ74_VOC0.64ppm,5831.1,0,5.0,0.050,50
2026-06-24 22:53:50,32.19,67.72,1005.00,74.13,605,0.635,64300,36.0,51.0,63.0,YES,YES,UNKNOWN_ANALYSIS_IAQ74_VOC0.64ppm,5841.5,0,5.0,0.050,50
2026-06-24 22:54:00,32.19,67.72,1005.00,74.13,605,0.635,64300,36.0,51.0,62.0,YES,YES,UNKNOWN_ANALYSIS_IAQ74_VOC0.64ppm,5851.9,0,5.0,0.050,50
2026-06-24 22:54:09,32.19,67.72,1005.00,74.13,605,0.635,64300,35.0,49.0,60.0,YES,YES,UNKNOWN_ANALYSIS_IAQ74_VOC0.64ppm,5861.3,0,5.0,0.050,50
2026-06-24 22:54:20,32.19,67.72,1005.00,74.13,605,0.635,64300,34.0,49.0,61.0,YES,YES,UNKNOWN_ANALYSIS_IAQ74_VOC0.64ppm,5871.8,0,5.0,0.050,50
2026-06-24 22:54:29,32.19,67.72,1005.00,74.13,605,0.635,64300,36.0,51.0,62.0,YES,YES,UNKNOWN_ANALYSIS_IAQ74_VOC0.64ppm,5881.2,0,5.0,0.050,50
2026-06-24 22:54:40,32.19,67.72,1005.00,74.13,605,0.635,64300,37.0,51.0,62.0,YES,YES,UNKNOWN_ANALYSIS_IAQ74_VOC0.64ppm,5891.6,0,5.0,0.050,50
2026-06-24 22:54:50,32.19,67.72,1005.00,74.13,605,0.635,64300,37.0,50.0,62.0,YES,YES,UNKNOWN_ANALYSIS_IAQ74_VOC0.64ppm,5902.1,0,5.0,0.050,50
2026-06-24 22:55:00,32.19,67.72,1005.00,74.13,605,0.635,64300,37.0,51.0,62.0,YES,YES,UNKNOWN_ANALYSIS_IAQ74_VOC0.64ppm,5911.5,0,5.0,0.050,50
2026-06-24 22:55:10,32.19,67.72,1005.00,74.13,605,0.635,64300,36.0,51.0,62.0,YES,YES,UNKNOWN_ANALYSIS_IAQ74_VOC0.64ppm,5921.9,0,5.0,0.050,50
2026-06-24 22:55:19,32.19,67.72,1005.00,74.13,605,0.635,64300,35.0,49.0,60.0,YES,YES,UNKNOWN_ANALYSIS_IAQ74_VOC0.64ppm,5931.3,0,5.0,0.050,50
2026-06-24 22:55:30,32.19,67.72,1005.00,74.13,605,0.635,64300,35.0,49.0,60.0,YES,YES,UNKNOWN_ANALYSIS_IAQ74_VOC0.64ppm,5941.7,0,5.0,0.050,50
2026-06-24 22:55:40,32.19,67.72,1005.00,74.13,605,0.635,64300,35.0,49.0,61.0,YES,YES,UNKNOWN_ANALYSIS_IAQ74_VOC0.64ppm,5952.2,0,5.0,0.050,50
2026-06-24 22:55:50,32.19,67.72,1005.00,74.13,605,0.635,64300,35.0,50.0,61.0,YES,YES,UNKNOWN_ANALYSIS_IAQ74_VOC0.64ppm,5961.6,0,5.0,0.050,50
2026-06-24 22:56:00,32.19,67.72,1005.00,74.13,605,0.635,64300,36.0,51.0,62.0,YES,YES,UNKNOWN_ANALYSIS_IAQ74_VOC0.64ppm,5972.0,0,5.0,0.050,50
2026-06-24 22:56:11,32.19,67.72,1005.00,74.13,605,0.635,64300,35.0,51.0,63.0,YES,YES,UNKNOWN_ANALYSIS_IAQ74_VOC0.64ppm,5982.4,0,5.0,0.050,50
2026-06-24 22:56:20,32.19,67.72,1005.00,74.13,605,0.635,64300,36.0,51.0,62.0,YES,YES,UNKNOWN_ANALYSIS_IAQ74_VOC0.64ppm,5991.8,0,5.0,0.050,50
2026-06-24 22:56:30,32.19,67.72,1005.00,74.13,605,0.635,64300,35.0,51.0,62.0,YES,YES,UNKNOWN_ANALYSIS_IAQ74_VOC0.64ppm,6002.3,0,5.0,0.050,50
2026-06-24 22:56:40,32.18,67.68,1005.00,64.33,563,0.576,64800,36.0,51.0,62.0,YES,YES,UNKNOWN_ANALYSIS_IAQ64_VOC0.58ppm,6011.7,0,5.0,0.050,50
2026-06-24 22:56:50,32.18,67.68,1005.00,64.33,563,0.576,64800,36.0,51.0,63.0,YES,YES,UNKNOWN_ANALYSIS_IAQ64_VOC0.58ppm,6022.1,0,5.0,0.050,50
2026-06-24 22:57:01,32.18,67.68,1005.00,64.33,563,0.576,64800,36.0,50.0,62.0,YES,YES,UNKNOWN_ANALYSIS_IAQ64_VOC0.58ppm,6032.6,0,5.0,0.050,50
2026-06-24 22:57:10,32.18,67.68,1005.00,64.33,563,0.576,64800,36.0,51.0,62.0,YES,YES,UNKNOWN_ANALYSIS_IAQ64_VOC0.58ppm,6042.0,0,5.0,0.050,50
2026-06-24 22:57:21,32.18,67.68,1005.00,64.33,563,0.576,64800,37.0,51.0,62.0,YES,YES,UNKNOWN_ANALYSIS_IAQ64_VOC0.58ppm,6052.4,0,5.0,0.050,50
2026-06-24 22:57:30,32.18,67.68,1005.00,64.33,563,0.576,64800,35.0,50.0,62.0,YES,YES,UNKNOWN_ANALYSIS_IAQ64_VOC0.58ppm,6061.8,0,5.0,0.050,50
2026-06-24 22:57:40,32.18,67.68,1005.00,64.33,563,0.576,64800,35.0,50.0,63.0,YES,YES,UNKNOWN_ANALYSIS_IAQ64_VOC0.58ppm,6072.2,0,5.0,0.050,50
2026-06-24 22:57:51,32.18,67.68,1005.00,64.33,563,0.576,64800,38.0,50.0,62.0,YES,YES,UNKNOWN_ANALYSIS_IAQ64_VOC0.58ppm,6082.7,0,5.0,0.050,50
2026-06-24 22:58:00,32.18,67.68,1005.00,64.33,563,0.576,64800,37.0,50.0,61.0,YES,YES,UNKNOWN_ANALYSIS_IAQ64_VOC0.58ppm,6092.1,0,5.0,0.050,50
2026-06-24 22:58:11,32.18,67.68,1005.00,64.33,563,0.576,64800,37.0,50.0,61.0,YES,YES,UNKNOWN_ANALYSIS_IAQ64_VOC0.58ppm,6102.5,0,5.0,0.050,50
2026-06-24 22:58:20,32.18,67.68,1005.00,64.33,563,0.576,64800,38.0,51.0,63.0,YES,YES,UNKNOWN_ANALYSIS_IAQ64_VOC0.58ppm,6111.9,0,5.0,0.050,50
2026-06-24 22:58:30,32.18,67.68,1005.00,64.33,563,0.576,64800,36.0,50.0,62.0,YES,YES,UNKNOWN_ANALYSIS_IAQ64_VOC0.58ppm,6122.3,0,5.0,0.050,50
2026-06-24 22:58:41,32.18,67.68,1005.00,64.33,563,0.576,64800,37.0,51.0,65.0,YES,YES,UNKNOWN_ANALYSIS_IAQ64_VOC0.58ppm,6132.8,0,5.0,0.050,50
2026-06-24 22:58:50,32.18,67.68,1005.00,64.33,563,0.576,64800,37.0,51.0,65.0,YES,YES,UNKNOWN_ANALYSIS_IAQ64_VOC0.58ppm,6142.2,0,5.0,0.050,50
2026-06-24 22:59:01,32.18,67.68,1005.00,64.33,563,0.576,64800,37.0,51.0,63.0,YES,YES,UNKNOWN_ANALYSIS_IAQ64_VOC0.58ppm,6152.6,0,5.0,0.050,50
2026-06-24 22:59:10,32.18,67.68,1005.00,64.33,563,0.576,64800,36.0,51.0,62.0,YES,YES,UNKNOWN_ANALYSIS_IAQ64_VOC0.58ppm,6162.0,0,5.0,0.050,50
2026-06-24 22:59:21,32.18,67.68,1005.00,64.33,563,0.576,64800,36.0,50.0,62.0,YES,YES,UNKNOWN_ANALYSIS_IAQ64_VOC0.58ppm,6172.5,0,5.0,0.050,50
2026-06-24 22:59:31,32.18,67.68,1005.00,64.33,563,0.576,64800,36.0,50.0,63.0,YES,YES,UNKNOWN_ANALYSIS_IAQ64_VOC0.58ppm,6182.9,0,5.0,0.050,50
2026-06-24 22:59:40,32.18,67.68,1005.00,64.33,563,0.576,64800,37.0,50.0,62.0,YES,YES,UNKNOWN_ANALYSIS_IAQ64_VOC0.58ppm,6192.3,0,5.0,0.050,50
2026-06-24 22:59:51,32.18,67.68,1005.00,64.33,563,0.576,64800,38.0,50.0,62.0,YES,YES,UNKNOWN_ANALYSIS_IAQ64_VOC0.58ppm,6202.7,0,5.0,0.050,50
2026-06-24 23:00:01,32.18,67.68,1005.00,64.33,563,0.576,64800,36.0,49.0,61.0,YES,YES,UNKNOWN_ANALYSIS_IAQ64_VOC0.58ppm,6213.2,0,5.0,0.050,50
2026-06-24 23:00:11,32.18,67.68,1005.00,64.33,563,0.576,64800,37.0,49.0,61.0,YES,YES,UNKNOWN_ANALYSIS_IAQ64_VOC0.58ppm,6222.6,0,5.0,0.050,50
2026-06-24 23:00:21,32.18,67.68,1005.00,64.33,563,0.576,64800,37.0,51.0,64.0,YES,YES,UNKNOWN_ANALYSIS_IAQ64_VOC0.58ppm,6233.0,0,5.0,0.050,50
2026-06-24 23:00:31,32.18,67.68,1005.00,64.33,563,0.576,64800,36.0,51.0,64.0,YES,YES,UNKNOWN_ANALYSIS_IAQ64_VOC0.58ppm,6242.4,0,5.0,0.050,50
2026-06-24 23:00:41,32.18,67.68,1005.00,64.33,563,0.576,64800,36.0,50.0,62.0,YES,YES,UNKNOWN_ANALYSIS_IAQ64_VOC0.58ppm,6252.8,0,5.0,0.050,50
2026-06-24 23:00:51,32.18,67.68,1005.00,64.33,563,0.576,64800,37.0,52.0,63.0,YES,YES,UNKNOWN_ANALYSIS_IAQ64_VOC0.58ppm,6263.3,0,5.0,0.050,50
2026-06-24 23:01:01,32.18,67.68,1005.00,64.33,563,0.576,64800,37.0,51.0,64.0,YES,YES,UNKNOWN_ANALYSIS_IAQ64_VOC0.58ppm,6272.7,0,5.0,0.050,50
2026-06-24 23:01:11,32.18,67.68,1005.00,64.33,563,0.576,64800,36.0,51.0,62.0,YES,YES,UNKNOWN_ANALYSIS_IAQ64_VOC0.58ppm,6283.1,0,5.0,0.050,50
2026-06-24 23:01:21,32.18,67.68,1005.00,64.33,563,0.576,64800,36.0,51.0,62.0,YES,YES,UNKNOWN_ANALYSIS_IAQ64_VOC0.58ppm,6292.5,0,5.0,0.050,50
2026-06-24 23:01:31,32.18,67.68,1005.00,64.33,563,0.576,64800,36.0,50.0,62.0,YES,YES,UNKNOWN_ANALYSIS_IAQ64_VOC0.58ppm,6303.0,0,5.0,0.050,50
2026-06-24 23:01:42,32.12,67.72,1005.00,57.71,534,0.540,65200,35.0,49.0,62.0,YES,YES,UNKNOWN_ANALYSIS_IAQ58_VOC0.54ppm,6313.4,0,5.0,0.050,50
2026-06-24 23:01:51,32.12,67.72,1005.00,57.71,534,0.540,65200,35.0,50.0,63.0,YES,YES,UNKNOWN_ANALYSIS_IAQ58_VOC0.54ppm,6322.8,0,5.0,0.050,50
2026-06-24 23:02:01,32.12,67.72,1005.00,57.71,534,0.540,65200,35.0,50.0,62.0,YES,YES,UNKNOWN_ANALYSIS_IAQ58_VOC0.54ppm,6333.2,0,5.0,0.050,50
2026-06-24 23:02:11,32.12,67.72,1005.00,57.71,534,0.540,65200,35.0,49.0,62.0,YES,YES,UNKNOWN_ANALYSIS_IAQ58_VOC0.54ppm,6342.6,0,5.0,0.050,50
2026-06-24 23:02:21,32.12,67.72,1005.00,57.71,534,0.540,65200,36.0,50.0,63.0,YES,YES,UNKNOWN_ANALYSIS_IAQ58_VOC0.54ppm,6353.1,0,5.0,0.050,50
2026-06-24 23:02:32,32.12,67.72,1005.00,57.71,534,0.540,65200,36.0,51.0,63.0,YES,YES,UNKNOWN_ANALYSIS_IAQ58_VOC0.54ppm,6363.5,0,5.0,0.050,50
2026-06-24 23:02:41,32.12,67.72,1005.00,57.71,534,0.540,65200,37.0,51.0,63.0,YES,YES,UNKNOWN_ANALYSIS_IAQ58_VOC0.54ppm,6372.9,0,5.0,0.050,50
2026-06-24 23:02:51,32.12,67.72,1005.00,57.71,534,0.540,65200,35.0,50.0,61.0,YES,YES,UNKNOWN_ANALYSIS_IAQ58_VOC0.54ppm,6383.3,0,5.0,0.050,50
2026-06-24 23:03:01,32.12,67.72,1005.00,57.71,534,0.540,65200,36.0,50.0,61.0,YES,YES,UNKNOWN_ANALYSIS_IAQ58_VOC0.54ppm,6392.7,0,5.0,0.050,50
2026-06-24 23:03:11,32.12,67.72,1005.00,57.71,534,0.540,65200,35.0,50.0,60.0,YES,YES,UNKNOWN_ANALYSIS_IAQ58_VOC0.54ppm,6403.2,0,5.0,0.050,50
2026-06-24 23:03:22,32.12,67.72,1005.00,57.71,534,0.540,65200,36.0,50.0,62.0,YES,YES,UNKNOWN_ANALYSIS_IAQ58_VOC0.54ppm,6413.6,0,5.0,0.050,50
2026-06-24 23:03:31,32.12,67.72,1005.00,57.71,534,0.540,65200,35.0,50.0,61.0,YES,YES,UNKNOWN_ANALYSIS_IAQ58_VOC0.54ppm,6423.0,0,5.0,0.050,50
2026-06-24 23:03:42,32.12,67.72,1005.00,57.71,534,0.540,65200,35.0,51.0,62.0,YES,YES,UNKNOWN_ANALYSIS_IAQ58_VOC0.54ppm,6433.4,0,5.0,0.050,50
2026-06-24 23:03:52,32.12,67.72,1005.00,57.71,534,0.540,65200,34.0,50.0,61.0,YES,YES,UNKNOWN_ANALYSIS_IAQ58_VOC0.54ppm,6443.9,0,5.0,0.050,50
2026-06-24 23:04:01,32.12,67.72,1005.00,57.71,534,0.540,65200,35.0,50.0,61.0,YES,YES,UNKNOWN_ANALYSIS_IAQ58_VOC0.54ppm,6453.3,0,5.0,0.050,50
2026-06-24 23:04:12,32.12,67.72,1005.00,57.71,534,0.540,65200,35.0,50.0,62.0,YES,YES,UNKNOWN_ANALYSIS_IAQ58_VOC0.54ppm,6463.7,0,5.0,0.050,50
2026-06-24 23:04:21,32.12,67.72,1005.00,57.71,534,0.540,65200,35.0,50.0,62.0,YES,YES,UNKNOWN_ANALYSIS_IAQ58_VOC0.54ppm,6473.1,0,5.0,0.050,50
2026-06-24 23:04:32,32.12,67.72,1005.00,57.71,534,0.540,65200,36.0,52.0,64.0,YES,YES,UNKNOWN_ANALYSIS_IAQ58_VOC0.54ppm,6483.6,0,5.0,0.050,50
2026-06-24 23:04:42,32.12,67.72,1005.00,57.71,534,0.540,65200,35.0,49.0,61.0,YES,YES,UNKNOWN_ANALYSIS_IAQ58_VOC0.54ppm,6494.0,0,5.0,0.050,50
2026-06-24 23:04:52,32.12,67.72,1005.00,57.71,534,0.540,65200,36.0,51.0,63.0,YES,YES,UNKNOWN_ANALYSIS_IAQ58_VOC0.54ppm,6503.4,0,5.0,0.050,50
2026-06-24 23:05:02,32.12,67.72,1005.00,57.71,534,0.540,65200,36.0,51.0,62.0,YES,YES,UNKNOWN_ANALYSIS_IAQ58_VOC0.54ppm,6513.8,0,5.0,0.050,50
2026-06-24 23:05:11,32.12,67.72,1005.00,57.71,534,0.540,65200,38.0,52.0,63.0,YES,YES,UNKNOWN_ANALYSIS_IAQ58_VOC0.54ppm,6523.2,0,5.0,0.050,50
2026-06-24 23:05:22,32.12,67.72,1005.00,57.71,534,0.540,65200,35.0,50.0,61.0,YES,YES,UNKNOWN_ANALYSIS_IAQ58_VOC0.54ppm,6533.7,0,5.0,0.050,50
2026-06-24 23:05:32,32.12,67.72,1005.00,57.71,534,0.540,65200,36.0,50.0,61.0,YES,YES,UNKNOWN_ANALYSIS_IAQ58_VOC0.54ppm,6544.1,0,5.0,0.050,50
2026-06-24 23:05:42,32.12,67.72,1005.00,57.71,534,0.540,65200,34.0,49.0,60.0,YES,YES,UNKNOWN_ANALYSIS_IAQ58_VOC0.54ppm,6553.5,0,5.0,0.050,50
2026-06-24 23:05:52,32.12,67.72,1005.00,57.71,534,0.540,65200,34.0,49.0,60.0,YES,YES,UNKNOWN_ANALYSIS_IAQ58_VOC0.54ppm,6564.0,0,5.0,0.050,50
2026-06-24 23:06:03,32.12,67.72,1005.00,57.71,534,0.540,65200,37.0,51.0,63.0,YES,YES,UNKNOWN_ANALYSIS_IAQ58_VOC0.54ppm,6574.4,0,5.0,0.050,50
2026-06-24 23:06:12,32.12,67.72,1005.00,57.71,534,0.540,65200,36.0,50.0,61.0,YES,YES,UNKNOWN_ANALYSIS_IAQ58_VOC0.54ppm,6583.8,0,5.0,0.050,50
2026-06-24 23:06:22,32.12,67.72,1005.00,57.71,534,0.540,65200,36.0,50.0,62.0,YES,YES,UNKNOWN_ANALYSIS_IAQ58_VOC0.54ppm,6594.2,0,5.0,0.050,50
2026-06-24 23:06:32,32.12,67.72,1005.00,57.71,534,0.540,65200,37.0,50.0,63.0,YES,YES,UNKNOWN_ANALYSIS_IAQ58_VOC0.54ppm,6603.6,0,5.0,0.050,50
2026-06-24 23:06:42,32.08,67.70,1005.00,57.20,531,0.537,65300,35.0,50.0,62.0,YES,YES,UNKNOWN_ANALYSIS_IAQ57_VOC0.54ppm,6614.1,0,5.0,0.050,50
2026-06-24 23:06:53,32.08,67.70,1005.00,57.20,531,0.537,65300,36.0,51.0,62.0,YES,YES,UNKNOWN_ANALYSIS_IAQ57_VOC0.54ppm,6624.5,0,5.0,0.050,50
2026-06-24 23:07:02,32.08,67.70,1005.00,57.20,531,0.537,65300,35.0,50.0,61.0,YES,YES,UNKNOWN_ANALYSIS_IAQ57_VOC0.54ppm,6633.9,0,5.0,0.050,50
2026-06-24 23:07:12,32.08,67.70,1005.00,57.20,531,0.537,65300,35.0,50.0,61.0,YES,YES,UNKNOWN_ANALYSIS_IAQ57_VOC0.54ppm,6644.4,0,5.0,0.050,50
2026-06-24 23:07:22,32.08,67.70,1005.00,57.20,531,0.537,65300,36.0,51.0,63.0,YES,YES,UNKNOWN_ANALYSIS_IAQ57_VOC0.54ppm,6653.7,0,5.0,0.050,50
2026-06-24 23:07:32,32.08,67.70,1005.00,57.20,531,0.537,65300,36.0,51.0,62.0,YES,YES,UNKNOWN_ANALYSIS_IAQ57_VOC0.54ppm,6664.2,0,5.0,0.050,50
2026-06-24 23:07:43,32.08,67.70,1005.00,57.20,531,0.537,65300,36.0,51.0,62.0,YES,YES,UNKNOWN_ANALYSIS_IAQ57_VOC0.54ppm,6674.6,0,5.0,0.050,50
2026-06-24 23:07:52,32.08,67.70,1005.00,57.20,531,0.537,65300,36.0,51.0,63.0,YES,YES,UNKNOWN_ANALYSIS_IAQ57_VOC0.54ppm,6684.0,0,5.0,0.050,50
2026-06-24 23:08:03,32.08,67.70,1005.00,57.20,531,0.537,65300,35.0,50.0,62.0,YES,YES,UNKNOWN_ANALYSIS_IAQ57_VOC0.54ppm,6694.5,0,5.0,0.050,50
2026-06-24 23:08:13,32.08,67.70,1005.00,57.20,531,0.537,65300,36.0,51.0,63.0,YES,YES,UNKNOWN_ANALYSIS_IAQ57_VOC0.54ppm,6704.9,0,5.0,0.050,50
2026-06-24 23:08:22,32.08,67.70,1005.00,57.20,531,0.537,65300,36.0,51.0,64.0,YES,YES,UNKNOWN_ANALYSIS_IAQ57_VOC0.54ppm,6714.3,0,5.0,0.050,50
2026-06-24 23:08:33,32.08,67.70,1005.00,57.20,531,0.537,65300,36.0,50.0,64.0,YES,YES,UNKNOWN_ANALYSIS_IAQ57_VOC0.54ppm,6724.7,0,5.0,0.050,50
2026-06-24 23:08:42,32.08,67.70,1005.00,57.20,531,0.537,65300,36.0,51.0,63.0,YES,YES,UNKNOWN_ANALYSIS_IAQ57_VOC0.54ppm,6734.1,0,5.0,0.050,50
2026-06-24 23:08:53,32.08,67.70,1005.00,57.20,531,0.537,65300,36.0,50.0,62.0,YES,YES,UNKNOWN_ANALYSIS_IAQ57_VOC0.54ppm,6744.6,0,5.0,0.050,50
2026-06-24 23:09:03,32.08,67.70,1005.00,57.20,531,0.537,65300,35.0,50.0,62.0,YES,YES,UNKNOWN_ANALYSIS_IAQ57_VOC0.54ppm,6755.0,0,5.0,0.050,50
2026-06-24 23:09:13,32.08,67.70,1005.00,57.20,531,0.537,65300,36.0,51.0,62.0,YES,YES,UNKNOWN_ANALYSIS_IAQ57_VOC0.54ppm,6764.4,0,5.0,0.050,50
2026-06-24 23:09:23,32.08,67.70,1005.00,57.20,531,0.537,65300,37.0,51.0,63.0,YES,YES,UNKNOWN_ANALYSIS_IAQ57_VOC0.54ppm,6774.8,0,5.0,0.050,50
2026-06-24 23:09:32,32.08,67.70,1005.00,57.20,531,0.537,65300,36.0,51.0,63.0,YES,YES,UNKNOWN_ANALYSIS_IAQ57_VOC0.54ppm,6784.2,0,5.0,0.050,50
2026-06-24 23:09:43,32.08,67.70,1005.00,57.20,531,0.537,65300,35.0,49.0,61.0,YES,YES,UNKNOWN_ANALYSIS_IAQ57_VOC0.54ppm,6794.7,0,5.0,0.050,50
2026-06-24 23:09:53,32.08,67.70,1005.00,57.20,531,0.537,65300,35.0,49.0,61.0,YES,YES,UNKNOWN_ANALYSIS_IAQ57_VOC0.54ppm,6805.1,0,5.0,0.050,50
2026-06-24 23:10:03,32.08,67.70,1005.00,57.20,531,0.537,65300,35.0,50.0,61.0,YES,YES,UNKNOWN_ANALYSIS_IAQ57_VOC0.54ppm,6814.5,0,5.0,0.050,50
2026-06-24 23:10:13,32.08,67.70,1005.00,57.20,531,0.537,65300,36.0,50.0,62.0,YES,YES,UNKNOWN_ANALYSIS_IAQ57_VOC0.54ppm,6824.9,0,5.0,0.050,50
2026-06-24 23:10:23,32.08,67.70,1005.00,57.20,531,0.537,65300,35.0,49.0,61.0,YES,YES,UNKNOWN_ANALYSIS_IAQ57_VOC0.54ppm,6835.4,0,5.0,0.050,50
2026-06-24 23:10:33,32.08,67.70,1005.00,57.20,531,0.537,65300,36.0,51.0,62.0,YES,YES,UNKNOWN_ANALYSIS_IAQ57_VOC0.54ppm,6844.8,0,5.0,0.050,50
2026-06-24 23:10:43,32.08,67.70,1005.00,57.20,531,0.537,65300,36.0,51.0,62.0,YES,YES,UNKNOWN_ANALYSIS_IAQ57_VOC0.54ppm,6855.2,0,5.0,0.050,50
2026-06-24 23:10:53,32.08,67.70,1005.00,57.20,531,0.537,65300,36.0,50.0,62.0,YES,YES,UNKNOWN_ANALYSIS_IAQ57_VOC0.54ppm,6864.6,0,5.0,0.050,50
2026-06-24 23:11:03,32.08,67.70,1005.00,57.20,531,0.537,65300,35.0,49.0,61.0,YES,YES,UNKNOWN_ANALYSIS_IAQ57_VOC0.54ppm,6875.1,0,5.0,0.050,50
2026-06-24 23:11:14,32.08,67.70,1005.00,57.20,531,0.537,65300,36.0,50.0,62.0,YES,YES,UNKNOWN_ANALYSIS_IAQ57_VOC0.54ppm,6885.5,0,5.0,0.050,50
2026-06-24 23:11:23,32.08,67.70,1005.00,57.20,531,0.537,65300,36.0,51.0,62.0,YES,YES,UNKNOWN_ANALYSIS_IAQ57_VOC0.54ppm,6894.9,0,5.0,0.050,50
💀🚨💀🚨💀🚨 IAQ_ANOMALY_NO_VOC - IMMEDIATE EVACUATION REQUIRED!
2026-06-24 23:11:33,32.07,67.75,1004.00,65.28,567,0.582,64900,36.0,50.0,62.0,YES,YES,IAQ_ANOMALY_NO_VOC_IAQ:65.3_VOC:0.582,6905.3,0,5.0,0.050,50
2026-06-24 23:11:43,32.07,67.75,1004.00,65.28,567,0.582,64900,35.0,49.0,61.0,YES,YES,IAQ_ANOMALY_NO_VOC_IAQ:65.3_VOC:0.582,6914.7,0,5.0,0.050,50
💀🚨💀🚨💀🚨 IAQ_ANOMALY_NO_VOC - IMMEDIATE EVACUATION REQUIRED!
2026-06-24 23:11:53,32.07,67.75,1004.00,65.28,567,0.582,64900,36.0,51.0,63.0,YES,YES,IAQ_ANOMALY_NO_VOC_IAQ:65.3_VOC:0.582,6925.2,0,5.0,0.050,50
💀🚨💀🚨💀🚨 IAQ_ANOMALY_NO_VOC - IMMEDIATE EVACUATION REQUIRED!
2026-06-24 23:12:04,32.07,67.75,1004.00,65.28,567,0.582,64900,35.0,50.0,62.0,YES,YES,IAQ_ANOMALY_NO_VOC_IAQ:65.3_VOC:0.582,6935.6,0,5.0,0.050,50
2026-06-24 23:12:13,32.07,67.75,1004.00,65.28,567,0.582,64900,36.0,50.0,62.0,YES,YES,IAQ_ANOMALY_NO_VOC_IAQ:65.3_VOC:0.582,6945.0,0,5.0,0.050,50
💀🚨💀🚨💀🚨 IAQ_ANOMALY_NO_VOC - IMMEDIATE EVACUATION REQUIRED!
2026-06-24 23:12:24,32.07,67.75,1004.00,65.28,567,0.582,64900,35.0,50.0,62.0,YES,YES,IAQ_ANOMALY_NO_VOC_IAQ:65.3_VOC:0.582,6955.4,0,5.0,0.050,50
💀🚨💀🚨💀🚨 IAQ_ANOMALY_NO_VOC - IMMEDIATE EVACUATION REQUIRED!
2026-06-24 23:12:34,32.07,67.75,1004.00,65.28,567,0.582,64900,34.0,49.0,60.0,YES,YES,IAQ_ANOMALY_NO_VOC_IAQ:65.3_VOC:0.582,6965.9,0,5.0,0.050,50
2026-06-24 23:12:43,32.07,67.75,1004.00,65.28,567,0.582,64900,36.0,50.0,61.0,YES,YES,IAQ_ANOMALY_NO_VOC_IAQ:65.3_VOC:0.582,6975.3,0,5.0,0.050,50
💀🚨💀🚨💀🚨 IAQ_ANOMALY_NO_VOC - IMMEDIATE EVACUATION REQUIRED!
2026-06-24 23:12:54,32.07,67.75,1004.00,65.28,567,0.582,64900,35.0,50.0,62.0,YES,YES,IAQ_ANOMALY_NO_VOC_IAQ:65.3_VOC:0.582,6985.7,0,5.0,0.050,50
2026-06-24 23:13:03,32.07,67.75,1004.00,65.28,567,0.582,64900,35.0,51.0,63.0,YES,YES,IAQ_ANOMALY_NO_VOC_IAQ:65.3_VOC:0.582,6995.1,0,5.0,0.050,50
💀🚨💀🚨💀🚨 IAQ_ANOMALY_NO_VOC - IMMEDIATE EVACUATION REQUIRED!
2026-06-24 23:13:14,32.07,67.75,1004.00,65.28,567,0.582,64900,35.0,50.0,62.0,YES,YES,IAQ_ANOMALY_NO_VOC_IAQ:65.3_VOC:0.582,7005.5,0,5.0,0.050,50
💀🚨💀🚨💀🚨 IAQ_ANOMALY_NO_VOC - IMMEDIATE EVACUATION REQUIRED!
2026-06-24 23:13:24,32.07,67.75,1004.00,65.28,567,0.582,64900,36.0,51.0,63.0,YES,YES,IAQ_ANOMALY_NO_VOC_IAQ:65.3_VOC:0.582,7016.0,0,5.0,0.050,50
2026-06-24 23:13:33,32.07,67.75,1004.00,65.28,567,0.582,64900,35.0,50.0,61.0,YES,YES,IAQ_ANOMALY_NO_VOC_IAQ:65.3_VOC:0.582,7025.4,0,5.0,0.050,50
💀🚨💀🚨💀🚨 IAQ_ANOMALY_NO_VOC - IMMEDIATE EVACUATION REQUIRED!
2026-06-24 23:13:44,32.07,67.75,1004.00,65.28,567,0.582,64900,35.0,50.0,62.0,YES,YES,IAQ_ANOMALY_NO_VOC_IAQ:65.3_VOC:0.582,7035.8,0,5.0,0.050,50
2026-06-24 23:13:53,32.07,67.75,1004.00,65.28,567,0.582,64900,37.0,51.0,63.0,YES,YES,IAQ_ANOMALY_NO_VOC_IAQ:65.3_VOC:0.582,7045.2,0,5.0,0.050,50
💀🚨💀🚨💀🚨 IAQ_ANOMALY_NO_VOC - IMMEDIATE EVACUATION REQUIRED!
2026-06-24 23:14:04,32.07,67.75,1004.00,65.28,567,0.582,64900,36.0,50.0,62.0,YES,YES,IAQ_ANOMALY_NO_VOC_IAQ:65.3_VOC:0.582,7055.6,0,5.0,0.050,50
💀🚨💀🚨💀🚨 IAQ_ANOMALY_NO_VOC - IMMEDIATE EVACUATION REQUIRED!
2026-06-24 23:14:14,32.07,67.75,1004.00,65.28,567,0.582,64900,36.0,49.0,61.0,YES,YES,IAQ_ANOMALY_NO_VOC_IAQ:65.3_VOC:0.582,7066.1,0,5.0,0.050,50
2026-06-24 23:14:24,32.07,67.75,1004.00,65.28,567,0.582,64900,36.0,50.0,62.0,YES,YES,IAQ_ANOMALY_NO_VOC_IAQ:65.3_VOC:0.582,7075.5,0,5.0,0.050,50
💀🚨💀🚨💀🚨 IAQ_ANOMALY_NO_VOC - IMMEDIATE EVACUATION REQUIRED!
2026-06-24 23:14:34,32.07,67.75,1004.00,65.28,567,0.582,64900,35.0,49.0,61.0,YES,YES,IAQ_ANOMALY_NO_VOC_IAQ:65.3_VOC:0.582,7085.9,0,5.0,0.050,50
💀🚨💀🚨💀🚨 IAQ_ANOMALY_NO_VOC - IMMEDIATE EVACUATION REQUIRED!
2026-06-24 23:14:44,32.07,67.75,1004.00,65.28,567,0.582,64900,37.0,50.0,61.0,YES,YES,IAQ_ANOMALY_NO_VOC_IAQ:65.3_VOC:0.582,7096.3,0,5.0,0.050,50
2026-06-24 23:14:54,32.07,67.75,1004.00,65.28,567,0.582,64900,37.0,50.0,61.0,YES,YES,IAQ_ANOMALY_NO_VOC_IAQ:65.3_VOC:0.582,7105.7,0,5.0,0.050,50
💀🚨💀🚨💀🚨 IAQ_ANOMALY_NO_VOC - IMMEDIATE EVACUATION REQUIRED!
2026-06-24 23:15:04,32.07,67.75,1004.00,65.28,567,0.582,64900,37.0,51.0,62.0,YES,YES,IAQ_ANOMALY_NO_VOC_IAQ:65.3_VOC:0.582,7116.2,0,5.0,0.050,50
2026-06-24 23:15:14,32.07,67.75,1004.00,65.28,567,0.582,64900,37.0,51.0,62.0,YES,YES,IAQ_ANOMALY_NO_VOC_IAQ:65.3_VOC:0.582,7125.6,0,5.0,0.050,50
💀🚨💀🚨💀🚨 IAQ_ANOMALY_NO_VOC - IMMEDIATE EVACUATION REQUIRED!
2026-06-24 23:15:24,32.07,67.75,1004.00,65.28,567,0.582,64900,38.0,51.0,62.0,YES,YES,IAQ_ANOMALY_NO_VOC_IAQ:65.3_VOC:0.582,7136.0,0,5.0,0.050,50
💀🚨💀🚨💀🚨 IAQ_ANOMALY_NO_VOC - IMMEDIATE EVACUATION REQUIRED!
2026-06-24 23:15:35,32.07,67.75,1004.00,65.28,567,0.582,64900,36.0,49.0,61.0,YES,YES,IAQ_ANOMALY_NO_VOC_IAQ:65.3_VOC:0.582,7146.4,0,5.0,0.050,50

=== SPIKE HISTORY ===
💾 Baseline state saved to EEPROM
💾 SAVED - IAQ: 5.0, VOC: 0.050 ppm, CO2: 50 ppm
2026-06-24 23:15:44,32.07,67.75,1004.00,65.28,567,0.582,64900,35.0,49.0,60.0,YES,YES,IAQ_ANOMALY_NO_VOC_IAQ:65.3_VOC:0.582,7155.8,0,5.0,0.050,50
💀🚨💀🚨💀🚨 IAQ_ANOMALY_NO_VOC - IMMEDIATE EVACUATION REQUIRED!
2026-06-24 23:15:54,32.07,67.75,1004.00,65.28,567,0.582,64900,36.0,50.0,61.0,YES,YES,IAQ_ANOMALY_NO_VOC_IAQ:65.3_VOC:0.582,7166.3,0,5.0,0.050,50
2026-06-24 23:16:04,32.07,67.75,1004.00,65.28,567,0.582,64900,35.0,49.0,61.0,YES,YES,IAQ_ANOMALY_NO_VOC_IAQ:65.3_VOC:0.582,7175.7,0,5.0,0.050,50
💀🚨💀🚨💀🚨 IAQ_ANOMALY_NO_VOC - IMMEDIATE EVACUATION REQUIRED!
2026-06-24 23:16:14,32.07,67.75,1004.00,65.28,567,0.582,64900,34.0,48.0,61.0,YES,YES,IAQ_ANOMALY_NO_VOC_IAQ:65.3_VOC:0.582,7186.1,0,5.0,0.050,50
💀🚨💀🚨💀🚨 IAQ_ANOMALY_NO_VOC - IMMEDIATE EVACUATION REQUIRED!
2026-06-24 23:16:25,32.07,67.75,1004.00,65.28,567,0.582,64900,34.0,49.0,61.0,YES,YES,IAQ_ANOMALY_NO_VOC_IAQ:65.3_VOC:0.582,7196.5,0,5.0,0.050,50
2026-06-24 23:16:34,32.11,67.70,1004.00,58.12,535,0.542,65200,35.0,50.0,61.0,YES,YES,UNKNOWN_ANALYSIS_IAQ58_VOC0.54ppm,7205.9,0,5.0,0.050,50
2026-06-24 23:16:45,32.11,67.70,1004.00,58.12,535,0.542,65200,35.0,50.0,61.0,YES,YES,UNKNOWN_ANALYSIS_IAQ58_VOC0.54ppm,7216.4,0,5.0,0.050,50
2026-06-24 23:16:55,32.11,67.70,1004.00,58.12,535,0.542,65200,38.0,51.0,63.0,YES,YES,UNKNOWN_ANALYSIS_IAQ58_VOC0.54ppm,7226.8,0,5.0,0.050,50
2026-06-24 23:17:04,32.11,67.70,1004.00,58.12,535,0.542,65200,38.0,52.0,64.0,YES,YES,UNKNOWN_ANALYSIS_IAQ58_VOC0.54ppm,7236.2,0,5.0,0.050,50
2026-06-24 23:17:15,32.11,67.70,1004.00,58.12,535,0.542,65200,38.0,51.0,64.0,YES,YES,UNKNOWN_ANALYSIS_IAQ58_VOC0.54ppm,7246.6,0,5.0,0.050,50
2026-06-24 23:17:24,32.11,67.70,1004.00,58.12,535,0.542,65200,37.0,51.0,63.0,YES,YES,UNKNOWN_ANALYSIS_IAQ58_VOC0.54ppm,7256.0,0,5.0,0.050,50
2026-06-24 23:17:35,32.11,67.70,1004.00,58.12,535,0.542,65200,35.0,50.0,61.0,YES,YES,UNKNOWN_ANALYSIS_IAQ58_VOC0.54ppm,7266.5,0,5.0,0.050,50
2026-06-24 23:17:45,32.11,67.70,1004.00,58.12,535,0.542,65200,37.0,51.0,63.0,YES,YES,UNKNOWN_ANALYSIS_IAQ58_VOC0.54ppm,7276.9,0,5.0,0.050,50
2026-06-24 23:17:54,32.11,67.70,1004.00,58.12,535,0.542,65200,35.0,50.0,61.0,YES,YES,UNKNOWN_ANALYSIS_IAQ58_VOC0.54ppm,7286.3,0,5.0,0.050,50
2026-06-24 23:18:05,32.11,67.70,1004.00,58.12,535,0.542,65200,36.0,50.0,63.0,YES,YES,UNKNOWN_ANALYSIS_IAQ58_VOC0.54ppm,7296.8,0,5.0,0.050,50
2026-06-24 23:18:14,32.11,67.70,1004.00,58.12,535,0.542,65200,36.0,50.0,61.0,YES,YES,UNKNOWN_ANALYSIS_IAQ58_VOC0.54ppm,7306.2,0,5.0,0.050,50
2026-06-24 23:18:25,32.11,67.70,1004.00,58.12,535,0.542,65200,36.0,49.0,61.0,YES,YES,UNKNOWN_ANALYSIS_IAQ58_VOC0.54ppm,7316.6,0,5.0,0.050,50
2026-06-24 23:18:35,32.11,67.70,1004.00,58.12,535,0.542,65200,36.0,50.0,62.0,YES,YES,UNKNOWN_ANALYSIS_IAQ58_VOC0.54ppm,7327.0,0,5.0,0.050,50
2026-06-24 23:18:45,32.11,67.70,1004.00,58.12,535,0.542,65200,35.0,49.0,60.0,YES,YES,UNKNOWN_ANALYSIS_IAQ58_VOC0.54ppm,7336.4,0,5.0,0.050,50
2026-06-24 23:18:55,32.11,67.70,1004.00,58.12,535,0.542,65200,36.0,50.0,62.0,YES,YES,UNKNOWN_ANALYSIS_IAQ58_VOC0.54ppm,7346.9,0,5.0,0.050,50
2026-06-24 23:19:04,32.11,67.70,1004.00,58.12,535,0.542,65200,36.0,50.0,61.0,YES,YES,UNKNOWN_ANALYSIS_IAQ58_VOC0.54ppm,7356.3,0,5.0,0.050,50
2026-06-24 23:19:15,32.11,67.70,1004.00,58.12,535,0.542,65200,36.0,50.0,61.0,YES,YES,UNKNOWN_ANALYSIS_IAQ58_VOC0.54ppm,7366.7,0,5.0,0.050,50
2026-06-24 23:19:25,32.11,67.70,1004.00,58.12,535,0.542,65200,36.0,50.0,62.0,YES,YES,UNKNOWN_ANALYSIS_IAQ58_VOC0.54ppm,7377.2,0,5.0,0.050,50
2026-06-24 23:19:35,32.11,67.70,1004.00,58.12,535,0.542,65200,36.0,51.0,63.0,YES,YES,UNKNOWN_ANALYSIS_IAQ58_VOC0.54ppm,7386.6,0,5.0,0.050,50
2026-06-24 23:19:45,32.11,67.70,1004.00,58.12,535,0.542,65200,36.0,51.0,63.0,YES,YES,UNKNOWN_ANALYSIS_IAQ58_VOC0.54ppm,7397.0,0,5.0,0.050,50
2026-06-24 23:19:56,32.11,67.70,1004.00,58.12,535,0.542,65200,36.0,51.0,63.0,YES,YES,UNKNOWN_ANALYSIS_IAQ58_VOC0.54ppm,7407.4,0,5.0,0.050,50
2026-06-24 23:20:05,32.11,67.70,1004.00,58.12,535,0.542,65200,35.0,50.0,62.0,YES,YES,UNKNOWN_ANALYSIS_IAQ58_VOC0.54ppm,7416.9,0,5.0,0.050,50
2026-06-24 23:20:15,32.11,67.70,1004.00,58.12,535,0.542,65200,35.0,50.0,61.0,YES,YES,UNKNOWN_ANALYSIS_IAQ58_VOC0.54ppm,7427.3,0,5.0,0.050,50
2026-06-24 23:20:25,32.11,67.70,1004.00,58.12,535,0.542,65200,36.0,50.0,62.0,YES,YES,UNKNOWN_ANALYSIS_IAQ58_VOC0.54ppm,7436.7,0,5.0,0.050,50
2026-06-24 23:20:35,32.11,67.70,1004.00,58.12,535,0.542,65200,35.0,49.0,60.0,YES,YES,UNKNOWN_ANALYSIS_IAQ58_VOC0.54ppm,7447.1,0,5.0,0.050,50
2026-06-24 23:20:46,32.11,67.70,1004.00,58.12,535,0.542,65200,36.0,51.0,62.0,YES,YES,UNKNOWN_ANALYSIS_IAQ58_VOC0.54ppm,7457.6,0,5.0,0.050,50
2026-06-24 23:20:55,32.11,67.70,1004.00,58.12,535,0.542,65200,35.0,50.0,61.0,YES,YES,UNKNOWN_ANALYSIS_IAQ58_VOC0.54ppm,7467.0,0,5.0,0.050,50
2026-06-24 23:21:06,32.11,67.70,1004.00,58.12,535,0.542,65200,35.0,49.0,61.0,YES,YES,UNKNOWN_ANALYSIS_IAQ58_VOC0.54ppm,7477.4,0,5.0,0.050,50
2026-06-24 23:21:15,32.11,67.70,1004.00,58.12,535,0.542,65200,35.0,49.0,61.0,YES,YES,UNKNOWN_ANALYSIS_IAQ58_VOC0.54ppm,7486.8,0,5.0,0.050,50
2026-06-24 23:21:25,32.11,67.70,1004.00,58.12,535,0.542,65200,34.0,50.0,62.0,YES,YES,UNKNOWN_ANALYSIS_IAQ58_VOC0.54ppm,7497.2,0,5.0,0.050,50
2026-06-24 23:21:36,32.08,67.70,1005.00,53.00,513,0.515,65500,36.0,50.0,62.0,YES,YES,UNKNOWN_ANALYSIS_IAQ53_VOC0.52ppm,7507.7,0,5.0,0.050,50
2026-06-24 23:21:45,32.08,67.70,1005.00,53.00,513,0.515,65500,34.0,49.0,61.0,YES,YES,UNKNOWN_ANALYSIS_IAQ53_VOC0.52ppm,7517.1,0,5.0,0.050,50
2026-06-24 23:21:56,32.08,67.70,1005.00,53.00,513,0.515,65500,34.0,49.0,60.0,YES,YES,UNKNOWN_ANALYSIS_IAQ53_VOC0.52ppm,7527.5,0,5.0,0.050,50
2026-06-24 23:22:05,32.08,67.70,1005.00,53.00,513,0.515,65500,35.0,50.0,62.0,YES,YES,UNKNOWN_ANALYSIS_IAQ53_VOC0.52ppm,7536.9,0,5.0,0.050,50
2026-06-24 23:22:15,32.08,67.70,1005.00,53.00,513,0.515,65500,35.0,51.0,63.0,YES,YES,UNKNOWN_ANALYSIS_IAQ53_VOC0.52ppm,7547.4,0,5.0,0.050,50
2026-06-24 23:22:26,32.08,67.70,1005.00,53.00,513,0.515,65500,33.0,49.0,61.0,YES,YES,UNKNOWN_ANALYSIS_IAQ53_VOC0.52ppm,7557.8,0,5.0,0.050,50
2026-06-24 23:22:35,32.08,67.70,1005.00,53.00,513,0.515,65500,34.0,49.0,61.0,YES,YES,UNKNOWN_ANALYSIS_IAQ53_VOC0.52ppm,7567.2,0,5.0,0.050,50
2026-06-24 23:22:46,32.08,67.70,1005.00,53.00,513,0.515,65500,35.0,49.0,61.0,YES,YES,UNKNOWN_ANALYSIS_IAQ53_VOC0.52ppm,7577.6,0,5.0,0.050,50
2026-06-24 23:22:55,32.08,67.70,1005.00,53.00,513,0.515,65500,36.0,51.0,62.0,YES,YES,UNKNOWN_ANALYSIS_IAQ53_VOC0.52ppm,7587.0,0,5.0,0.050,50
2026-06-24 23:23:06,32.08,67.70,1005.00,53.00,513,0.515,65500,36.0,51.0,63.0,YES,YES,UNKNOWN_ANALYSIS_IAQ53_VOC0.52ppm,7597.5,0,5.0,0.050,50
2026-06-24 23:23:16,32.08,67.70,1005.00,53.00,513,0.515,65500,36.0,50.0,62.0,YES,YES,UNKNOWN_ANALYSIS_IAQ53_VOC0.52ppm,7607.9,0,5.0,0.050,50
2026-06-24 23:23:25,32.08,67.70,1005.00,53.00,513,0.515,65500,36.0,50.0,61.0,YES,YES,UNKNOWN_ANALYSIS_IAQ53_VOC0.52ppm,7617.3,0,5.0,0.050,50
2026-06-24 23:23:36,32.08,67.70,1005.00,53.00,513,0.515,65500,35.0,49.0,61.0,YES,YES,UNKNOWN_ANALYSIS_IAQ53_VOC0.52ppm,7627.8,0,5.0,0.050,50
2026-06-24 23:23:46,32.08,67.70,1005.00,53.00,513,0.515,65500,36.0,50.0,62.0,YES,YES,UNKNOWN_ANALYSIS_IAQ53_VOC0.52ppm,7638.2,0,5.0,0.050,50
2026-06-24 23:23:56,32.08,67.70,1005.00,53.00,513,0.515,65500,35.0,49.0,61.0,YES,YES,UNKNOWN_ANALYSIS_IAQ53_VOC0.52ppm,7647.6,0,5.0,0.050,50
2026-06-24 23:24:06,32.08,67.70,1005.00,53.00,513,0.515,65500,36.0,50.0,62.0,YES,YES,UNKNOWN_ANALYSIS_IAQ53_VOC0.52ppm,7658.0,0,5.0,0.050,50
2026-06-24 23:24:16,32.08,67.70,1005.00,53.00,513,0.515,65500,35.0,50.0,61.0,YES,YES,UNKNOWN_ANALYSIS_IAQ53_VOC0.52ppm,7667.4,0,5.0,0.050,50
2026-06-24 23:24:26,32.08,67.70,1005.00,53.00,513,0.515,65500,35.0,49.0,62.0,YES,YES,UNKNOWN_ANALYSIS_IAQ53_VOC0.52ppm,7677.9,0,5.0,0.050,50
2026-06-24 23:24:36,32.08,67.70,1005.00,53.00,513,0.515,65500,35.0,49.0,61.0,YES,YES,UNKNOWN_ANALYSIS_IAQ53_VOC0.52ppm,7688.3,0,5.0,0.050,50
2026-06-24 23:24:46,32.08,67.70,1005.00,53.00,513,0.515,65500,36.0,50.0,62.0,YES,YES,UNKNOWN_ANALYSIS_IAQ53_VOC0.52ppm,7697.7,0,5.0,0.050,50
2026-06-24 23:24:56,32.08,67.70,1005.00,53.00,513,0.515,65500,35.0,50.0,62.0,YES,YES,UNKNOWN_ANALYSIS_IAQ53_VOC0.52ppm,7708.1,0,5.0,0.050,50
2026-06-24 23:25:06,32.08,67.70,1005.00,53.00,513,0.515,65500,37.0,50.0,62.0,YES,YES,UNKNOWN_ANALYSIS_IAQ53_VOC0.52ppm,7717.5,0,5.0,0.050,50
2026-06-24 23:25:16,32.08,67.70,1005.00,53.00,513,0.515,65500,36.0,50.0,61.0,YES,YES,UNKNOWN_ANALYSIS_IAQ53_VOC0.52ppm,7728.0,0,5.0,0.050,50
2026-06-24 23:25:27,32.08,67.70,1005.00,53.00,513,0.515,65500,36.0,49.0,61.0,YES,YES,UNKNOWN_ANALYSIS_IAQ53_VOC0.52ppm,7738.4,0,5.0,0.050,50
2026-06-24 23:25:36,32.08,67.70,1005.00,53.00,513,0.515,65500,36.0,49.0,60.0,YES,YES,UNKNOWN_ANALYSIS_IAQ53_VOC0.52ppm,7747.8,0,5.0,0.050,50
2026-06-24 23:25:46,32.08,67.70,1005.00,53.00,513,0.515,65500,36.0,49.0,60.0,YES,YES,UNKNOWN_ANALYSIS_IAQ53_VOC0.52ppm,7758.2,0,5.0,0.050,50
2026-06-24 23:25:56,32.08,67.70,1005.00,53.00,513,0.515,65500,38.0,50.0,61.0,YES,YES,UNKNOWN_ANALYSIS_IAQ53_VOC0.52ppm,7767.6,0,5.0,0.050,50
2026-06-24 23:26:06,32.08,67.70,1005.00,53.00,513,0.515,65500,37.0,50.0,61.0,YES,YES,UNKNOWN_ANALYSIS_IAQ53_VOC0.52ppm,7778.1,0,5.0,0.050,50
2026-06-24 23:26:17,32.08,67.70,1005.00,53.00,513,0.515,65500,36.0,49.0,61.0,YES,YES,UNKNOWN_ANALYSIS_IAQ53_VOC0.52ppm,7788.5,0,5.0,0.050,50
2026-06-24 23:26:26,32.08,67.70,1005.00,53.00,513,0.515,65500,35.0,49.0,60.0,YES,YES,UNKNOWN_ANALYSIS_IAQ53_VOC0.52ppm,7797.9,0,5.0,0.050,50
2026-06-24 23:26:36,32.03,67.71,1005.00,52.57,511,0.513,65600,37.0,51.0,62.0,YES,YES,UNKNOWN_ANALYSIS_IAQ53_VOC0.51ppm,7808.4,0,5.0,0.050,50
2026-06-24 23:26:47,32.03,67.71,1005.00,52.57,511,0.513,65600,35.0,50.0,61.0,YES,YES,UNKNOWN_ANALYSIS_IAQ53_VOC0.51ppm,7818.8,0,5.0,0.050,50
2026-06-24 23:26:56,32.03,67.71,1005.00,52.57,511,0.513,65600,36.0,51.0,62.0,YES,YES,UNKNOWN_ANALYSIS_IAQ53_VOC0.51ppm,7828.2,0,5.0,0.050,50
2026-06-24 23:27:07,32.03,67.71,1005.00,52.57,511,0.513,65600,36.0,50.0,61.0,YES,YES,UNKNOWN_ANALYSIS_IAQ53_VOC0.51ppm,7838.6,0,5.0,0.050,50
2026-06-24 23:27:16,32.03,67.71,1005.00,52.57,511,0.513,65600,34.0,49.0,59.0,YES,YES,UNKNOWN_ANALYSIS_IAQ53_VOC0.51ppm,7848.0,0,5.0,0.050,50
2026-06-24 23:27:27,32.03,67.71,1005.00,52.57,511,0.513,65600,35.0,50.0,60.0,YES,YES,UNKNOWN_ANALYSIS_IAQ53_VOC0.51ppm,7858.5,0,5.0,0.050,50
2026-06-24 23:27:37,32.03,67.71,1005.00,52.57,511,0.513,65600,35.0,50.0,62.0,YES,YES,UNKNOWN_ANALYSIS_IAQ53_VOC0.51ppm,7868.9,0,5.0,0.050,50
2026-06-24 23:27:46,32.03,67.71,1005.00,52.57,511,0.513,65600,34.0,49.0,60.0,YES,YES,UNKNOWN_ANALYSIS_IAQ53_VOC0.51ppm,7878.3,0,5.0,0.050,50
2026-06-24 23:27:57,32.03,67.71,1005.00,52.57,511,0.513,65600,33.0,48.0,58.0,YES,YES,UNKNOWN_ANALYSIS_IAQ53_VOC0.51ppm,7888.8,0,5.0,0.050,50
2026-06-24 23:28:06,32.03,67.71,1005.00,52.57,511,0.513,65600,35.0,48.0,59.0,YES,YES,UNKNOWN_ANALYSIS_IAQ53_VOC0.51ppm,7898.2,0,5.0,0.050,50
2026-06-24 23:28:17,32.03,67.71,1005.00,52.57,511,0.513,65600,35.0,50.0,60.0,YES,YES,UNKNOWN_ANALYSIS_IAQ53_VOC0.51ppm,7908.6,0,5.0,0.050,50
2026-06-24 23:28:27,32.03,67.71,1005.00,52.57,511,0.513,65600,35.0,50.0,62.0,YES,YES,UNKNOWN_ANALYSIS_IAQ53_VOC0.51ppm,7919.0,0,5.0,0.050,50
2026-06-24 23:28:37,32.03,67.71,1005.00,52.57,511,0.513,65600,34.0,49.0,60.0,YES,YES,UNKNOWN_ANALYSIS_IAQ53_VOC0.51ppm,7928.4,0,5.0,0.050,50
2026-06-24 23:28:47,32.03,67.71,1005.00,52.57,511,0.513,65600,34.0,48.0,59.0,YES,YES,UNKNOWN_ANALYSIS_IAQ53_VOC0.51ppm,7938.9,0,5.0,0.050,50
2026-06-24 23:28:56,32.03,67.71,1005.00,52.57,511,0.513,65600,36.0,50.0,61.0,YES,YES,UNKNOWN_ANALYSIS_IAQ53_VOC0.51ppm,7948.3,0,5.0,0.050,50
2026-06-24 23:29:07,32.03,67.71,1005.00,52.57,511,0.513,65600,37.0,51.0,63.0,YES,YES,UNKNOWN_ANALYSIS_IAQ53_VOC0.51ppm,7958.7,0,5.0,0.050,50
2026-06-24 23:29:17,32.03,67.71,1005.00,52.57,511,0.513,65600,35.0,50.0,62.0,YES,YES,UNKNOWN_ANALYSIS_IAQ53_VOC0.51ppm,7969.2,0,5.0,0.050,50
2026-06-24 23:29:27,32.03,67.71,1005.00,52.57,511,0.513,65600,36.0,51.0,63.0,YES,YES,UNKNOWN_ANALYSIS_IAQ53_VOC0.51ppm,7978.5,0,5.0,0.050,50
2026-06-24 23:29:37,32.03,67.71,1005.00,52.57,511,0.513,65600,36.0,51.0,63.0,YES,YES,UNKNOWN_ANALYSIS_IAQ53_VOC0.51ppm,7989.0,0,5.0,0.050,50
2026-06-24 23:29:48,32.03,67.71,1005.00,52.57,511,0.513,65600,35.0,50.0,62.0,YES,YES,UNKNOWN_ANALYSIS_IAQ53_VOC0.51ppm,7999.4,0,5.0,0.050,50
2026-06-24 23:29:57,32.03,67.71,1005.00,52.57,511,0.513,65600,37.0,50.0,62.0,YES,YES,UNKNOWN_ANALYSIS_IAQ53_VOC0.51ppm,8008.8,0,5.0,0.050,50
2026-06-24 23:30:07,32.03,67.71,1005.00,52.57,511,0.513,65600,37.0,49.0,62.0,YES,YES,UNKNOWN_ANALYSIS_IAQ53_VOC0.51ppm,8019.3,0,5.0,0.050,50
2026-06-24 23:30:17,32.03,67.71,1005.00,52.57,511,0.513,65600,36.0,50.0,61.0,YES,YES,UNKNOWN_ANALYSIS_IAQ53_VOC0.51ppm,8028.7,0,5.0,0.050,50
2026-06-24 23:30:27,32.03,67.71,1005.00,52.57,511,0.513,65600,36.0,50.0,61.0,YES,YES,UNKNOWN_ANALYSIS_IAQ53_VOC0.51ppm,8039.1,0,5.0,0.050,50
2026-06-24 23:30:38,32.03,67.71,1005.00,52.57,511,0.513,65600,36.0,50.0,62.0,YES,YES,UNKNOWN_ANALYSIS_IAQ53_VOC0.51ppm,8049.5,0,5.0,0.050,50
2026-06-24 23:30:47,32.03,67.71,1005.00,52.57,511,0.513,65600,36.0,50.0,62.0,YES,YES,UNKNOWN_ANALYSIS_IAQ53_VOC0.51ppm,8058.9,0,5.0,0.050,50
2026-06-24 23:30:58,32.03,67.71,1005.00,52.57,511,0.513,65600,36.0,50.0,62.0,YES,YES,UNKNOWN_ANALYSIS_IAQ53_VOC0.51ppm,8069.4,0,5.0,0.050,50
2026-06-24 23:31:07,32.03,67.71,1005.00,52.57,511,0.513,65600,36.0,50.0,62.0,YES,YES,UNKNOWN_ANALYSIS_IAQ53_VOC0.51ppm,8078.8,0,5.0,0.050,50
2026-06-24 23:31:17,32.03,67.71,1005.00,52.57,511,0.513,65600,37.0,51.0,64.0,YES,YES,UNKNOWN_ANALYSIS_IAQ53_VOC0.51ppm,8089.2,0,5.0,0.050,50
2026-06-24 23:31:28,32.03,67.71,1005.00,52.57,511,0.513,65600,36.0,51.0,64.0,YES,YES,UNKNOWN_ANALYSIS_IAQ53_VOC0.51ppm,8099.7,0,5.0,0.050,50
2026-06-24 23:31:37,32.07,67.67,1004.00,50.00,500,0.500,65800,35.0,50.0,62.0,YES,YES,UNKNOWN_ANALYSIS_IAQ50_VOC0.50ppm,8109.1,0,5.0,0.050,50
2026-06-24 23:31:48,32.07,67.67,1004.00,50.00,500,0.500,65800,34.0,49.0,60.0,YES,YES,UNKNOWN_ANALYSIS_IAQ50_VOC0.50ppm,8119.5,0,5.0,0.050,50
2026-06-24 23:31:57,32.07,67.67,1004.00,50.00,500,0.500,65800,35.0,49.0,60.0,YES,YES,UNKNOWN_ANALYSIS_IAQ50_VOC0.50ppm,8128.9,0,5.0,0.050,50
2026-06-24 23:32:07,32.07,67.67,1004.00,50.00,500,0.500,65800,35.0,49.0,60.0,YES,YES,UNKNOWN_ANALYSIS_IAQ50_VOC0.50ppm,8139.3,0,5.0,0.050,50
2026-06-24 23:32:18,32.07,67.67,1004.00,50.00,500,0.500,65800,34.0,49.0,60.0,YES,YES,UNKNOWN_ANALYSIS_IAQ50_VOC0.50ppm,8149.8,0,5.0,0.050,50
2026-06-24 23:32:27,32.07,67.67,1004.00,50.00,500,0.500,65800,36.0,50.0,61.0,YES,YES,UNKNOWN_ANALYSIS_IAQ50_VOC0.50ppm,8159.2,0,5.0,0.050,50
2026-06-24 23:32:38,32.07,67.67,1004.00,50.00,500,0.500,65800,35.0,50.0,62.0,YES,YES,UNKNOWN_ANALYSIS_IAQ50_VOC0.50ppm,8169.6,0,5.0,0.050,50
2026-06-24 23:32:47,32.07,67.67,1004.00,50.00,500,0.500,65800,36.0,50.0,62.0,YES,YES,UNKNOWN_ANALYSIS_IAQ50_VOC0.50ppm,8179.0,0,5.0,0.050,50
2026-06-24 23:32:58,32.07,67.67,1004.00,50.00,500,0.500,65800,35.0,49.0,61.0,YES,YES,UNKNOWN_ANALYSIS_IAQ50_VOC0.50ppm,8189.4,0,5.0,0.050,50
2026-06-24 23:33:08,32.07,67.67,1004.00,50.00,500,0.500,65800,36.0,50.0,62.0,YES,YES,UNKNOWN_ANALYSIS_IAQ50_VOC0.50ppm,8199.9,0,5.0,0.050,50
2026-06-24 23:33:17,32.07,67.67,1004.00,50.00,500,0.500,65800,36.0,50.0,62.0,YES,YES,UNKNOWN_ANALYSIS_IAQ50_VOC0.50ppm,8209.3,0,5.0,0.050,50
2026-06-24 23:33:28,32.07,67.67,1004.00,50.00,500,0.500,65800,35.0,49.0,61.0,YES,YES,UNKNOWN_ANALYSIS_IAQ50_VOC0.50ppm,8219.7,0,5.0,0.050,50
2026-06-24 23:33:38,32.07,67.67,1004.00,50.00,500,0.500,65800,35.0,49.0,60.0,YES,YES,UNKNOWN_ANALYSIS_IAQ50_VOC0.50ppm,8230.1,0,5.0,0.050,50
2026-06-24 23:33:48,32.07,67.67,1004.00,50.00,500,0.500,65800,36.0,49.0,61.0,YES,YES,UNKNOWN_ANALYSIS_IAQ50_VOC0.50ppm,8239.5,0,5.0,0.050,50
2026-06-24 23:33:58,32.07,67.67,1004.00,50.00,500,0.500,65800,35.0,48.0,60.0,YES,YES,UNKNOWN_ANALYSIS_IAQ50_VOC0.50ppm,8250.0,0,5.0,0.050,50
2026-06-24 23:34:08,32.07,67.67,1004.00,50.00,500,0.500,65800,35.0,49.0,61.0,YES,YES,UNKNOWN_ANALYSIS_IAQ50_VOC0.50ppm,8259.4,0,5.0,0.050,50
2026-06-24 23:34:18,32.07,67.67,1004.00,50.00,500,0.500,65800,35.0,50.0,61.0,YES,YES,UNKNOWN_ANALYSIS_IAQ50_VOC0.50ppm,8269.8,0,5.0,0.050,50
2026-06-24 23:34:28,32.07,67.67,1004.00,50.00,500,0.500,65800,37.0,50.0,62.0,YES,YES,UNKNOWN_ANALYSIS_IAQ50_VOC0.50ppm,8280.3,0,5.0,0.050,50
2026-06-24 23:34:38,32.07,67.67,1004.00,50.00,500,0.500,65800,36.0,50.0,62.0,YES,YES,UNKNOWN_ANALYSIS_IAQ50_VOC0.50ppm,8289.6,0,5.0,0.050,50
2026-06-24 23:34:48,32.07,67.67,1004.00,50.00,500,0.500,65800,35.0,50.0,61.0,YES,YES,UNKNOWN_ANALYSIS_IAQ50_VOC0.50ppm,8300.1,0,5.0,0.050,50
PMS7003: Unknown error
2026-06-24 23:34:58,32.07,67.67,1004.00,50.00,500,0.500,65800,35.0,50.0,61.0,YES,YES,UNKNOWN_ANALYSIS_IAQ50_VOC0.50ppm,8309.5,0,5.0,0.050,50
2026-06-24 23:35:08,32.07,67.67,1004.00,50.00,500,0.500,65800,35.0,48.0,61.0,YES,YES,UNKNOWN_ANALYSIS_IAQ50_VOC0.50ppm,8319.9,0,5.0,0.050,50
2026-06-24 23:35:18,32.07,67.67,1004.00,50.00,500,0.500,65800,35.0,49.0,61.0,YES,YES,UNKNOWN_ANALYSIS_IAQ50_VOC0.50ppm,8330.4,0,5.0,0.050,50
2026-06-24 23:35:28,32.07,67.67,1004.00,50.00,500,0.500,65800,36.0,49.0,63.0,YES,YES,UNKNOWN_ANALYSIS_IAQ50_VOC0.50ppm,8339.8,0,5.0,0.050,50
2026-06-24 23:35:38,32.07,67.67,1004.00,50.00,500,0.500,65800,36.0,51.0,63.0,YES,YES,UNKNOWN_ANALYSIS_IAQ50_VOC0.50ppm,8350.2,0,5.0,0.050,50
2026-06-24 23:35:49,32.07,67.67,1004.00,50.00,500,0.500,65800,34.0,50.0,61.0,YES,YES,UNKNOWN_ANALYSIS_IAQ50_VOC0.50ppm,8360.6,0,5.0,0.050,50
2026-06-24 23:35:58,32.07,67.67,1004.00,50.00,500,0.500,65800,34.0,50.0,61.0,YES,YES,UNKNOWN_ANALYSIS_IAQ50_VOC0.50ppm,8370.0,0,5.0,0.050,50
2026-06-24 23:36:09,32.07,67.67,1004.00,50.00,500,0.500,65800,36.0,50.0,62.0,YES,YES,UNKNOWN_ANALYSIS_IAQ50_VOC0.50ppm,8380.5,0,5.0,0.050,50
2026-06-24 23:36:18,32.07,67.67,1004.00,50.00,500,0.500,65800,35.0,50.0,61.0,YES,YES,UNKNOWN_ANALYSIS_IAQ50_VOC0.50ppm,8389.9,0,5.0,0.050,50
2026-06-24 23:36:28,32.07,67.67,1004.00,50.00,500,0.500,65800,35.0,49.0,62.0,YES,YES,UNKNOWN_ANALYSIS_IAQ50_VOC0.50ppm,8400.3,0,5.0,0.050,50
2026-06-24 23:36:39,32.07,67.66,1004.00,50.00,500,0.500,66000,35.0,50.0,62.0,YES,YES,UNKNOWN_ANALYSIS_IAQ50_VOC0.50ppm,8410.7,0,5.0,0.050,50
2026-06-24 23:36:48,32.07,67.66,1004.00,50.00,500,0.500,66000,36.0,51.0,64.0,YES,YES,UNKNOWN_ANALYSIS_IAQ50_VOC0.50ppm,8420.1,0,5.0,0.050,50
2026-06-24 23:36:59,32.07,67.66,1004.00,50.00,500,0.500,66000,36.0,51.0,63.0,YES,YES,UNKNOWN_ANALYSIS_IAQ50_VOC0.50ppm,8430.6,0,5.0,0.050,50
2026-06-24 23:37:08,32.07,67.66,1004.00,50.00,500,0.500,66000,35.0,49.0,61.0,YES,YES,UNKNOWN_ANALYSIS_IAQ50_VOC0.50ppm,8440.0,0,5.0,0.050,50
2026-06-24 23:37:19,32.07,67.66,1004.00,50.00,500,0.500,66000,36.0,50.0,61.0,YES,YES,UNKNOWN_ANALYSIS_IAQ50_VOC0.50ppm,8450.4,0,5.0,0.050,50
2026-06-24 23:37:29,32.07,67.66,1004.00,50.00,500,0.500,66000,37.0,50.0,62.0,YES,YES,UNKNOWN_ANALYSIS_IAQ50_VOC0.50ppm,8460.9,0,5.0,0.050,50
2026-06-24 23:37:38,32.07,67.66,1004.00,50.00,500,0.500,66000,36.0,50.0,61.0,YES,YES,UNKNOWN_ANALYSIS_IAQ50_VOC0.50ppm,8470.2,0,5.0,0.050,50
2026-06-24 23:37:49,32.07,67.66,1004.00,50.00,500,0.500,66000,36.0,52.0,63.0,YES,YES,UNKNOWN_ANALYSIS_IAQ50_VOC0.50ppm,8480.7,0,5.0,0.050,50
2026-06-24 23:37:58,32.07,67.66,1004.00,50.00,500,0.500,66000,35.0,50.0,63.0,YES,YES,UNKNOWN_ANALYSIS_IAQ50_VOC0.50ppm,8490.1,0,5.0,0.050,50
2026-06-24 23:38:09,32.07,67.66,1004.00,50.00,500,0.500,66000,36.0,51.0,64.0,YES,YES,UNKNOWN_ANALYSIS_IAQ50_VOC0.50ppm,8500.5,0,5.0,0.050,50
2026-06-24 23:38:19,32.07,67.66,1004.00,50.00,500,0.500,66000,35.0,50.0,62.0,YES,YES,UNKNOWN_ANALYSIS_IAQ50_VOC0.50ppm,8511.0,0,5.0,0.050,50
2026-06-24 23:38:28,32.07,67.66,1004.00,50.00,500,0.500,66000,36.0,50.0,62.0,YES,YES,UNKNOWN_ANALYSIS_IAQ50_VOC0.50ppm,8520.4,0,5.0,0.050,50
2026-06-24 23:38:39,32.07,67.66,1004.00,50.00,500,0.500,66000,37.0,51.0,62.0,YES,YES,UNKNOWN_ANALYSIS_IAQ50_VOC0.50ppm,8530.8,0,5.0,0.050,50
2026-06-24 23:38:49,32.07,67.66,1004.00,50.00,500,0.500,66000,36.0,50.0,62.0,YES,YES,UNKNOWN_ANALYSIS_IAQ50_VOC0.50ppm,8541.2,0,5.0,0.050,50
2026-06-24 23:38:59,32.07,67.66,1004.00,50.00,500,0.500,66000,36.0,50.0,62.0,YES,YES,UNKNOWN_ANALYSIS_IAQ50_VOC0.50ppm,8550.6,0,5.0,0.050,50
2026-06-24 23:39:09,32.07,67.66,1004.00,50.00,500,0.500,66000,37.0,51.0,62.0,YES,YES,UNKNOWN_ANALYSIS_IAQ50_VOC0.50ppm,8561.1,0,5.0,0.050,50
2026-06-24 23:39:19,32.07,67.66,1004.00,50.00,500,0.500,66000,35.0,49.0,61.0,YES,YES,UNKNOWN_ANALYSIS_IAQ50_VOC0.50ppm,8570.5,0,5.0,0.050,50
2026-06-24 23:39:29,32.07,67.66,1004.00,50.00,500,0.500,66000,36.0,49.0,61.0,YES,YES,UNKNOWN_ANALYSIS_IAQ50_VOC0.50ppm,8580.9,0,5.0,0.050,50
2026-06-24 23:39:39,32.07,67.66,1004.00,50.00,500,0.500,66000,38.0,51.0,62.0,YES,YES,UNKNOWN_ANALYSIS_IAQ50_VOC0.50ppm,8591.3,0,5.0,0.050,50
2026-06-24 23:39:49,32.07,67.66,1004.00,50.00,500,0.500,66000,36.0,50.0,61.0,YES,YES,UNKNOWN_ANALYSIS_IAQ50_VOC0.50ppm,8600.7,0,5.0,0.050,50
2026-06-24 23:39:59,32.07,67.66,1004.00,50.00,500,0.500,66000,34.0,48.0,59.0,YES,YES,UNKNOWN_ANALYSIS_IAQ50_VOC0.50ppm,8611.2,0,5.0,0.050,50
2026-06-24 23:40:09,32.07,67.66,1004.00,50.00,500,0.500,66000,35.0,49.0,61.0,YES,YES,UNKNOWN_ANALYSIS_IAQ50_VOC0.50ppm,8620.6,0,5.0,0.050,50
2026-06-24 23:40:19,32.07,67.66,1004.00,50.00,500,0.500,66000,36.0,51.0,62.0,YES,YES,UNKNOWN_ANALYSIS_IAQ50_VOC0.50ppm,8631.0,0,5.0,0.050,50
2026-06-24 23:40:30,32.07,67.66,1004.00,50.00,500,0.500,66000,35.0,50.0,61.0,YES,YES,UNKNOWN_ANALYSIS_IAQ50_VOC0.50ppm,8641.4,0,5.0,0.050,50
2026-06-24 23:40:39,32.07,67.66,1004.00,50.00,500,0.500,66000,36.0,50.0,62.0,YES,YES,UNKNOWN_ANALYSIS_IAQ50_VOC0.50ppm,8650.8,0,5.0,0.050,50
2026-06-24 23:40:49,32.07,67.66,1004.00,50.00,500,0.500,66000,36.0,49.0,61.0,YES,YES,UNKNOWN_ANALYSIS_IAQ50_VOC0.50ppm,8661.3,0,5.0,0.050,50
2026-06-24 23:40:59,32.07,67.66,1004.00,50.00,500,0.500,66000,35.0,49.0,61.0,YES,YES,UNKNOWN_ANALYSIS_IAQ50_VOC0.50ppm,8670.7,0,5.0,0.050,50
2026-06-24 23:41:09,32.07,67.66,1004.00,50.00,500,0.500,66000,36.0,50.0,61.0,YES,YES,UNKNOWN_ANALYSIS_IAQ50_VOC0.50ppm,8681.1,0,5.0,0.050,50
2026-06-24 23:41:20,32.07,67.66,1004.00,50.00,500,0.500,66000,36.0,50.0,62.0,YES,YES,UNKNOWN_ANALYSIS_IAQ50_VOC0.50ppm,8691.6,0,5.0,0.050,50
2026-06-24 23:41:29,32.07,67.66,1004.00,50.00,500,0.500,66000,36.0,50.0,62.0,YES,YES,UNKNOWN_ANALYSIS_IAQ50_VOC0.50ppm,8701.0,0,5.0,0.050,50
2026-06-24 23:41:40,32.05,67.60,1004.00,50.00,500,0.500,67100,35.0,49.0,61.0,YES,YES,UNKNOWN_ANALYSIS_IAQ50_VOC0.50ppm,8711.4,0,5.0,0.050,50
2026-06-24 23:41:49,32.05,67.60,1004.00,50.00,500,0.500,67100,35.0,50.0,62.0,YES,YES,UNKNOWN_ANALYSIS_IAQ50_VOC0.50ppm,8720.8,0,5.0,0.050,50
2026-06-24 23:41:59,32.05,67.60,1004.00,50.00,500,0.500,67100,35.0,50.0,61.0,YES,YES,UNKNOWN_ANALYSIS_IAQ50_VOC0.50ppm,8731.2,0,5.0,0.050,50
2026-06-24 23:42:10,32.05,67.60,1004.00,50.00,500,0.500,67100,35.0,50.0,61.0,YES,YES,UNKNOWN_ANALYSIS_IAQ50_VOC0.50ppm,8741.7,0,5.0,0.050,50
2026-06-24 23:42:19,32.05,67.60,1004.00,50.00,500,0.500,67100,34.0,49.0,60.0,YES,YES,UNKNOWN_ANALYSIS_IAQ50_VOC0.50ppm,8751.1,0,5.0,0.050,50
2026-06-24 23:42:30,32.05,67.60,1004.00,50.00,500,0.500,67100,35.0,50.0,62.0,YES,YES,UNKNOWN_ANALYSIS_IAQ50_VOC0.50ppm,8761.5,0,5.0,0.050,50
2026-06-24 23:42:39,32.05,67.60,1004.00,50.00,500,0.500,67100,34.0,48.0,60.0,YES,YES,UNKNOWN_ANALYSIS_IAQ50_VOC0.50ppm,8770.9,0,5.0,0.050,50
2026-06-24 23:42:49,32.05,67.60,1004.00,50.00,500,0.500,67100,35.0,48.0,62.0,YES,YES,UNKNOWN_ANALYSIS_IAQ50_VOC0.50ppm,8781.4,0,5.0,0.050,50
2026-06-24 23:43:00,32.05,67.60,1004.00,50.00,500,0.500,67100,34.0,48.0,60.0,YES,YES,UNKNOWN_ANALYSIS_IAQ50_VOC0.50ppm,8791.8,0,5.0,0.050,50
2026-06-24 23:43:09,32.05,67.60,1004.00,50.00,500,0.500,67100,34.0,49.0,60.0,YES,YES,UNKNOWN_ANALYSIS_IAQ50_VOC0.50ppm,8801.2,0,5.0,0.050,50
2026-06-24 23:43:20,32.05,67.60,1004.00,50.00,500,0.500,67100,34.0,49.0,60.0,YES,YES,UNKNOWN_ANALYSIS_IAQ50_VOC0.50ppm,8811.6,0,5.0,0.050,50
2026-06-24 23:43:29,32.05,67.60,1004.00,50.00,500,0.500,67100,33.0,48.0,59.0,YES,YES,UNKNOWN_ANALYSIS_IAQ50_VOC0.50ppm,8821.0,0,5.0,0.050,50
2026-06-24 23:43:40,32.05,67.60,1004.00,50.00,500,0.500,67100,34.0,50.0,61.0,YES,YES,UNKNOWN_ANALYSIS_IAQ50_VOC0.50ppm,8831.5,0,5.0,0.050,50
2026-06-24 23:43:50,32.05,67.60,1004.00,50.00,500,0.500,67100,34.0,49.0,60.0,YES,YES,UNKNOWN_ANALYSIS_IAQ50_VOC0.50ppm,8841.9,0,5.0,0.050,50
2026-06-24 23:43:59,32.05,67.60,1004.00,50.00,500,0.500,67100,35.0,48.0,60.0,YES,YES,UNKNOWN_ANALYSIS_IAQ50_VOC0.50ppm,8851.3,0,5.0,0.050,50
2026-06-24 23:44:10,32.05,67.60,1004.00,50.00,500,0.500,67100,35.0,49.0,61.0,YES,YES,UNKNOWN_ANALYSIS_IAQ50_VOC0.50ppm,8861.7,0,5.0,0.050,50
2026-06-24 23:44:20,32.05,67.60,1004.00,50.00,500,0.500,67100,35.0,49.0,61.0,YES,YES,UNKNOWN_ANALYSIS_IAQ50_VOC0.50ppm,8872.2,0,5.0,0.050,50
2026-06-24 23:44:30,32.05,67.60,1004.00,50.00,500,0.500,67100,36.0,49.0,62.0,YES,YES,UNKNOWN_ANALYSIS_IAQ50_VOC0.50ppm,8881.6,0,5.0,0.050,50
2026-06-24 23:44:40,32.05,67.60,1004.00,50.00,500,0.500,67100,35.0,49.0,61.0,YES,YES,UNKNOWN_ANALYSIS_IAQ50_VOC0.50ppm,8892.0,0,5.0,0.050,50
2026-06-24 23:44:50,32.05,67.60,1004.00,50.00,500,0.500,67100,35.0,50.0,61.0,YES,YES,UNKNOWN_ANALYSIS_IAQ50_VOC0.50ppm,8901.4,0,5.0,0.050,50
2026-06-24 23:45:00,32.05,67.60,1004.00,50.00,500,0.500,67100,36.0,50.0,62.0,YES,YES,UNKNOWN_ANALYSIS_IAQ50_VOC0.50ppm,8911.8,0,5.0,0.050,50
2026-06-24 23:45:10,32.05,67.60,1004.00,50.00,500,0.500,67100,34.0,49.0,61.0,YES,YES,UNKNOWN_ANALYSIS_IAQ50_VOC0.50ppm,8922.3,0,5.0,0.050,50
2026-06-24 23:45:20,32.05,67.60,1004.00,50.00,500,0.500,67100,35.0,50.0,63.0,YES,YES,UNKNOWN_ANALYSIS_IAQ50_VOC0.50ppm,8931.7,0,5.0,0.050,50
2026-06-24 23:45:30,32.05,67.60,1004.00,50.00,500,0.500,67100,36.0,51.0,63.0,YES,YES,UNKNOWN_ANALYSIS_IAQ50_VOC0.50ppm,8942.1,0,5.0,0.050,50
2026-06-24 23:45:40,32.05,67.60,1004.00,50.00,500,0.500,67100,36.0,51.0,63.0,YES,YES,UNKNOWN_ANALYSIS_IAQ50_VOC0.50ppm,8951.5,0,5.0,0.050,50
2026-06-24 23:45:50,32.05,67.60,1004.00,50.00,500,0.500,67100,36.0,51.0,63.0,YES,YES,UNKNOWN_ANALYSIS_IAQ50_VOC0.50ppm,8962.0,0,5.0,0.050,50
2026-06-24 23:46:01,32.05,67.60,1004.00,50.00,500,0.500,67100,35.0,50.0,63.0,YES,YES,UNKNOWN_ANALYSIS_IAQ50_VOC0.50ppm,8972.4,0,5.0,0.050,50
2026-06-24 23:46:10,32.05,67.60,1004.00,50.00,500,0.500,67100,35.0,50.0,61.0,YES,YES,UNKNOWN_ANALYSIS_IAQ50_VOC0.50ppm,8981.8,0,5.0,0.050,50
2026-06-24 23:46:20,32.05,67.60,1004.00,50.00,500,0.500,67100,34.0,49.0,61.0,YES,YES,UNKNOWN_ANALYSIS_IAQ50_VOC0.50ppm,8992.2,0,5.0,0.050,50
2026-06-24 23:46:31,32.05,67.60,1004.00,50.00,500,0.500,67100,35.0,51.0,62.0,YES,YES,UNKNOWN_ANALYSIS_IAQ50_VOC0.50ppm,9002.7,0,5.0,0.050,50
2026-06-24 23:46:40,32.12,67.50,1004.00,50.00,500,0.500,67600,35.0,50.0,61.0,YES,YES,UNKNOWN_ANALYSIS_IAQ50_VOC0.50ppm,9012.1,0,5.0,0.050,50
2026-06-24 23:46:51,32.12,67.50,1004.00,50.00,500,0.500,67600,36.0,51.0,62.0,YES,YES,UNKNOWN_ANALYSIS_IAQ50_VOC0.50ppm,9022.5,0,5.0,0.050,50
2026-06-24 23:47:00,32.12,67.50,1004.00,50.00,500,0.500,67600,36.0,51.0,63.0,YES,YES,UNKNOWN_ANALYSIS_IAQ50_VOC0.50ppm,9031.9,0,5.0,0.050,50
2026-06-24 23:47:10,32.12,67.50,1004.00,50.00,500,0.500,67600,34.0,49.0,61.0,YES,YES,UNKNOWN_ANALYSIS_IAQ50_VOC0.50ppm,9042.4,0,5.0,0.050,50
2026-06-24 23:47:21,32.12,67.50,1004.00,50.00,500,0.500,67600,34.0,48.0,60.0,YES,YES,UNKNOWN_ANALYSIS_IAQ50_VOC0.50ppm,9052.8,0,5.0,0.050,50
2026-06-24 23:47:30,32.12,67.50,1004.00,50.00,500,0.500,67600,34.0,49.0,61.0,YES,YES,UNKNOWN_ANALYSIS_IAQ50_VOC0.50ppm,9062.2,0,5.0,0.050,50
2026-06-24 23:47:41,32.12,67.50,1004.00,50.00,500,0.500,67600,35.0,50.0,61.0,YES,YES,UNKNOWN_ANALYSIS_IAQ50_VOC0.50ppm,9072.6,0,5.0,0.050,50
2026-06-24 23:47:50,32.12,67.50,1004.00,50.00,500,0.500,67600,33.0,49.0,60.0,YES,YES,UNKNOWN_ANALYSIS_IAQ50_VOC0.50ppm,9082.0,0,5.0,0.050,50
2026-06-24 23:48:01,32.12,67.50,1004.00,50.00,500,0.500,67600,34.0,50.0,61.0,YES,YES,UNKNOWN_ANALYSIS_IAQ50_VOC0.50ppm,9092.5,0,5.0,0.050,50
2026-06-24 23:48:11,32.12,67.50,1004.00,50.00,500,0.500,67600,33.0,49.0,60.0,YES,YES,UNKNOWN_ANALYSIS_IAQ50_VOC0.50ppm,9102.9,0,5.0,0.050,50
2026-06-24 23:48:20,32.12,67.50,1004.00,50.00,500,0.500,67600,34.0,49.0,61.0,YES,YES,UNKNOWN_ANALYSIS_IAQ50_VOC0.50ppm,9112.3,0,5.0,0.050,50
2026-06-24 23:48:31,32.12,67.50,1004.00,50.00,500,0.500,67600,35.0,49.0,61.0,YES,YES,UNKNOWN_ANALYSIS_IAQ50_VOC0.50ppm,9122.7,0,5.0,0.050,50
2026-06-24 23:48:40,32.12,67.50,1004.00,50.00,500,0.500,67600,34.0,49.0,61.0,YES,YES,UNKNOWN_ANALYSIS_IAQ50_VOC0.50ppm,9132.1,0,5.0,0.050,50
2026-06-24 23:48:51,32.12,67.50,1004.00,50.00,500,0.500,67600,35.0,50.0,61.0,YES,YES,UNKNOWN_ANALYSIS_IAQ50_VOC0.50ppm,9142.6,0,5.0,0.050,50
2026-06-24 23:49:01,32.12,67.50,1004.00,50.00,500,0.500,67600,35.0,50.0,61.0,YES,YES,UNKNOWN_ANALYSIS_IAQ50_VOC0.50ppm,9153.0,0,5.0,0.050,50
2026-06-24 23:49:11,32.12,67.50,1004.00,50.00,500,0.500,67600,34.0,49.0,60.0,YES,YES,UNKNOWN_ANALYSIS_IAQ50_VOC0.50ppm,9162.4,0,5.0,0.050,50
2026-06-24 23:49:21,32.12,67.50,1004.00,50.00,500,0.500,67600,36.0,51.0,62.0,YES,YES,UNKNOWN_ANALYSIS_IAQ50_VOC0.50ppm,9172.9,0,5.0,0.050,50
2026-06-24 23:49:30,32.12,67.50,1004.00,50.00,500,0.500,67600,36.0,51.0,63.0,YES,YES,UNKNOWN_ANALYSIS_IAQ50_VOC0.50ppm,9182.2,0,5.0,0.050,50
2026-06-24 23:49:41,32.12,67.50,1004.00,50.00,500,0.500,67600,37.0,51.0,63.0,YES,YES,UNKNOWN_ANALYSIS_IAQ50_VOC0.50ppm,9192.7,0,5.0,0.050,50
2026-06-24 23:49:51,32.12,67.50,1004.00,50.00,500,0.500,67600,36.0,50.0,60.0,YES,YES,UNKNOWN_ANALYSIS_IAQ50_VOC0.50ppm,9203.1,0,5.0,0.050,50
2026-06-24 23:50:01,32.12,67.50,1004.00,50.00,500,0.500,67600,35.0,49.0,60.0,YES,YES,UNKNOWN_ANALYSIS_IAQ50_VOC0.50ppm,9212.5,0,5.0,0.050,50
2026-06-24 23:50:11,32.12,67.50,1004.00,50.00,500,0.500,67600,34.0,49.0,61.0,YES,YES,UNKNOWN_ANALYSIS_IAQ50_VOC0.50ppm,9223.0,0,5.0,0.050,50
2026-06-24 23:50:22,32.12,67.50,1004.00,50.00,500,0.500,67600,35.0,50.0,63.0,YES,YES,UNKNOWN_ANALYSIS_IAQ50_VOC0.50ppm,9233.4,0,5.0,0.050,50
2026-06-24 23:50:31,32.12,67.50,1004.00,50.00,500,0.500,67600,34.0,49.0,61.0,YES,YES,UNKNOWN_ANALYSIS_IAQ50_VOC0.50ppm,9242.8,0,5.0,0.050,50
2026-06-24 23:50:41,32.12,67.50,1004.00,50.00,500,0.500,67600,35.0,50.0,62.0,YES,YES,UNKNOWN_ANALYSIS_IAQ50_VOC0.50ppm,9253.2,0,5.0,0.050,50
2026-06-24 23:50:51,32.12,67.50,1004.00,50.00,500,0.500,67600,36.0,51.0,62.0,YES,YES,UNKNOWN_ANALYSIS_IAQ50_VOC0.50ppm,9262.6,0,5.0,0.050,50
2026-06-24 23:51:01,32.12,67.50,1004.00,50.00,500,0.500,67600,35.0,50.0,61.0,YES,YES,UNKNOWN_ANALYSIS_IAQ50_VOC0.50ppm,9273.1,0,5.0,0.050,50
2026-06-24 23:51:12,32.12,67.50,1004.00,50.00,500,0.500,67600,36.0,50.0,61.0,YES,YES,UNKNOWN_ANALYSIS_IAQ50_VOC0.50ppm,9283.5,0,5.0,0.050,50
2026-06-24 23:51:21,32.12,67.50,1004.00,50.00,500,0.500,67600,35.0,49.0,61.0,YES,YES,UNKNOWN_ANALYSIS_IAQ50_VOC0.50ppm,9292.9,0,5.0,0.050,50
2026-06-24 23:51:31,32.12,67.50,1004.00,50.00,500,0.500,67600,35.0,50.0,62.0,YES,YES,UNKNOWN_ANALYSIS_IAQ50_VOC0.50ppm,9303.3,0,5.0,0.050,50
2026-06-24 23:51:42,32.12,67.45,1004.00,50.00,500,0.500,69000,34.0,49.0,61.0,YES,YES,UNKNOWN_ANALYSIS_IAQ50_VOC0.50ppm,9313.8,0,5.0,0.050,50
2026-06-24 23:51:51,32.12,67.45,1004.00,50.00,500,0.500,69000,36.0,50.0,61.0,YES,YES,UNKNOWN_ANALYSIS_IAQ50_VOC0.50ppm,9323.2,0,5.0,0.050,50
2026-06-24 23:52:02,32.12,67.45,1004.00,50.00,500,0.500,69000,34.0,48.0,60.0,YES,YES,UNKNOWN_ANALYSIS_IAQ50_VOC0.50ppm,9333.6,0,5.0,0.050,50
2026-06-24 23:52:11,32.12,67.45,1004.00,50.00,500,0.500,69000,35.0,48.0,61.0,YES,YES,UNKNOWN_ANALYSIS_IAQ50_VOC0.50ppm,9343.0,0,5.0,0.050,50
2026-06-24 23:52:22,32.12,67.45,1004.00,50.00,500,0.500,69000,36.0,49.0,62.0,YES,YES,UNKNOWN_ANALYSIS_IAQ50_VOC0.50ppm,9353.5,0,5.0,0.050,50
2026-06-24 23:52:32,32.12,67.45,1004.00,50.00,500,0.500,69000,35.0,49.0,62.0,YES,YES,UNKNOWN_ANALYSIS_IAQ50_VOC0.50ppm,9363.9,0,5.0,0.050,50
2026-06-24 23:52:41,32.12,67.45,1004.00,50.00,500,0.500,69000,34.0,49.0,61.0,YES,YES,UNKNOWN_ANALYSIS_IAQ50_VOC0.50ppm,9373.3,0,5.0,0.050,50
2026-06-24 23:52:52,32.12,67.45,1004.00,50.00,500,0.500,69000,35.0,49.0,61.0,YES,YES,UNKNOWN_ANALYSIS_IAQ50_VOC0.50ppm,9383.7,0,5.0,0.050,50
2026-06-24 23:53:01,32.12,67.45,1004.00,50.00,500,0.500,69000,34.0,48.0,59.0,YES,YES,UNKNOWN_ANALYSIS_IAQ50_VOC0.50ppm,9393.1,0,5.0,0.050,50
2026-06-24 23:53:12,32.12,67.45,1004.00,50.00,500,0.500,69000,34.0,48.0,60.0,YES,YES,UNKNOWN_ANALYSIS_IAQ50_VOC0.50ppm,9403.6,0,5.0,0.050,50
2026-06-24 23:53:22,32.12,67.45,1004.00,50.00,500,0.500,69000,36.0,50.0,62.0,YES,YES,UNKNOWN_ANALYSIS_IAQ50_VOC0.50ppm,9414.0,0,5.0,0.050,50
2026-06-24 23:53:32,32.12,67.45,1004.00,50.00,500,0.500,69000,36.0,50.0,61.0,YES,YES,UNKNOWN_ANALYSIS_IAQ50_VOC0.50ppm,9423.4,0,5.0,0.050,50
2026-06-24 23:53:42,32.12,67.45,1004.00,50.00,500,0.500,69000,36.0,50.0,61.0,YES,YES,UNKNOWN_ANALYSIS_IAQ50_VOC0.50ppm,9433.9,0,5.0,0.050,50
PMS7003: Unknown error
2026-06-24 23:53:51,32.12,67.45,1004.00,50.00,500,0.500,69000,36.0,50.0,61.0,YES,YES,UNKNOWN_ANALYSIS_IAQ50_VOC0.50ppm,9443.2,0,5.0,0.050,50
2026-06-24 23:54:02,32.12,67.45,1004.00,50.00,500,0.500,69000,34.0,49.0,61.0,YES,YES,UNKNOWN_ANALYSIS_IAQ50_VOC0.50ppm,9453.7,0,5.0,0.050,50
2026-06-24 23:54:12,32.12,67.45,1004.00,50.00,500,0.500,69000,36.0,50.0,61.0,YES,YES,UNKNOWN_ANALYSIS_IAQ50_VOC0.50ppm,9464.1,0,5.0,0.050,50
2026-06-24 23:54:22,32.12,67.45,1004.00,50.00,500,0.500,69000,35.0,48.0,60.0,YES,YES,UNKNOWN_ANALYSIS_IAQ50_VOC0.50ppm,9473.5,0,5.0,0.050,50
2026-06-24 23:54:32,32.12,67.45,1004.00,50.00,500,0.500,69000,35.0,48.0,60.0,YES,YES,UNKNOWN_ANALYSIS_IAQ50_VOC0.50ppm,9484.0,0,5.0,0.050,50
2026-06-24 23:54:43,32.12,67.45,1004.00,50.00,500,0.500,69000,35.0,49.0,60.0,YES,YES,UNKNOWN_ANALYSIS_IAQ50_VOC0.50ppm,9494.4,0,5.0,0.050,50
2026-06-24 23:54:52,32.12,67.45,1004.00,50.00,500,0.500,69000,34.0,49.0,59.0,YES,YES,UNKNOWN_ANALYSIS_IAQ50_VOC0.50ppm,9503.8,0,5.0,0.050,50
2026-06-24 23:55:02,32.12,67.45,1004.00,50.00,500,0.500,69000,35.0,50.0,61.0,YES,YES,UNKNOWN_ANALYSIS_IAQ50_VOC0.50ppm,9514.2,0,5.0,0.050,50
2026-06-24 23:55:12,32.12,67.45,1004.00,50.00,500,0.500,69000,35.0,50.0,61.0,YES,YES,UNKNOWN_ANALYSIS_IAQ50_VOC0.50ppm,9523.6,0,5.0,0.050,50
2026-06-24 23:55:22,32.12,67.45,1004.00,50.00,500,0.500,69000,35.0,50.0,61.0,YES,YES,UNKNOWN_ANALYSIS_IAQ50_VOC0.50ppm,9534.1,0,5.0,0.050,50
2026-06-24 23:55:33,32.12,67.45,1004.00,50.00,500,0.500,69000,35.0,49.0,62.0,YES,YES,UNKNOWN_ANALYSIS_IAQ50_VOC0.50ppm,9544.5,0,5.0,0.050,50
2026-06-24 23:55:42,32.12,67.45,1004.00,50.00,500,0.500,69000,35.0,49.0,62.0,YES,YES,UNKNOWN_ANALYSIS_IAQ50_VOC0.50ppm,9553.9,0,5.0,0.050,50
2026-06-24 23:55:52,32.12,67.45,1004.00,50.00,500,0.500,69000,35.0,49.0,61.0,YES,YES,UNKNOWN_ANALYSIS_IAQ50_VOC0.50ppm,9564.3,0,5.0,0.050,50
2026-06-24 23:56:02,32.12,67.45,1004.00,50.00,500,0.500,69000,36.0,50.0,62.0,YES,YES,UNKNOWN_ANALYSIS_IAQ50_VOC0.50ppm,9573.7,0,5.0,0.050,50
2026-06-24 23:56:12,32.12,67.45,1004.00,50.00,500,0.500,69000,35.0,49.0,60.0,YES,YES,UNKNOWN_ANALYSIS_IAQ50_VOC0.50ppm,9584.2,0,5.0,0.050,50
2026-06-24 23:56:23,32.12,67.45,1004.00,50.00,500,0.500,69000,35.0,49.0,61.0,YES,YES,UNKNOWN_ANALYSIS_IAQ50_VOC0.50ppm,9594.6,0,5.0,0.050,50
2026-06-24 23:56:32,32.12,67.45,1004.00,50.00,500,0.500,69000,36.0,50.0,62.0,YES,YES,UNKNOWN_ANALYSIS_IAQ50_VOC0.50ppm,9604.0,0,5.0,0.050,50
2026-06-24 23:56:43,32.07,67.45,1004.00,50.00,500,0.500,69900,35.0,48.0,60.0,YES,YES,UNKNOWN_ANALYSIS_IAQ50_VOC0.50ppm,9614.5,0,5.0,0.050,50
2026-06-24 23:56:52,32.07,67.45,1004.00,50.00,500,0.500,69900,34.0,48.0,60.0,YES,YES,UNKNOWN_ANALYSIS_IAQ50_VOC0.50ppm,9623.9,0,5.0,0.050,50
2026-06-24 23:57:02,32.07,67.45,1004.00,50.00,500,0.500,69900,35.0,49.0,61.0,YES,YES,UNKNOWN_ANALYSIS_IAQ50_VOC0.50ppm,9634.3,0,5.0,0.050,50
2026-06-24 23:57:13,32.07,67.45,1004.00,50.00,500,0.500,69900,36.0,50.0,62.0,YES,YES,UNKNOWN_ANALYSIS_IAQ50_VOC0.50ppm,9644.7,0,5.0,0.050,50
2026-06-24 23:57:22,32.07,67.45,1004.00,50.00,500,0.500,69900,36.0,50.0,62.0,YES,YES,UNKNOWN_ANALYSIS_IAQ50_VOC0.50ppm,9654.1,0,5.0,0.050,50
2026-06-24 23:57:33,32.07,67.45,1004.00,50.00,500,0.500,69900,36.0,50.0,63.0,YES,YES,UNKNOWN_ANALYSIS_IAQ50_VOC0.50ppm,9664.6,0,5.0,0.050,50
2026-06-24 23:57:42,32.07,67.45,1004.00,50.00,500,0.500,69900,36.0,51.0,62.0,YES,YES,UNKNOWN_ANALYSIS_IAQ50_VOC0.50ppm,9674.0,0,5.0,0.050,50
2026-06-24 23:57:53,32.07,67.45,1004.00,50.00,500,0.500,69900,36.0,51.0,62.0,YES,YES,UNKNOWN_ANALYSIS_IAQ50_VOC0.50ppm,9684.4,0,5.0,0.050,50
2026-06-24 23:58:03,32.07,67.45,1004.00,50.00,500,0.500,69900,37.0,50.0,62.0,YES,YES,UNKNOWN_ANALYSIS_IAQ50_VOC0.50ppm,9694.8,0,5.0,0.050,50
2026-06-24 23:58:12,32.07,67.45,1004.00,50.00,500,0.500,69900,35.0,48.0,60.0,YES,YES,UNKNOWN_ANALYSIS_IAQ50_VOC0.50ppm,9704.3,0,5.0,0.050,50
2026-06-24 23:58:23,32.07,67.45,1004.00,50.00,500,0.500,69900,34.0,49.0,60.0,YES,YES,UNKNOWN_ANALYSIS_IAQ50_VOC0.50ppm,9714.7,0,5.0,0.050,50
2026-06-24 23:58:32,32.07,67.45,1004.00,50.00,500,0.500,69900,36.0,50.0,61.0,YES,YES,UNKNOWN_ANALYSIS_IAQ50_VOC0.50ppm,9724.1,0,5.0,0.050,50
2026-06-24 23:58:43,32.07,67.45,1004.00,50.00,500,0.500,69900,36.0,51.0,62.0,YES,YES,UNKNOWN_ANALYSIS_IAQ50_VOC0.50ppm,9734.5,0,5.0,0.050,50
2026-06-24 23:58:53,32.07,67.45,1004.00,50.00,500,0.500,69900,36.0,51.0,62.0,YES,YES,UNKNOWN_ANALYSIS_IAQ50_VOC0.50ppm,9745.0,0,5.0,0.050,50
2026-06-24 23:59:02,32.07,67.45,1004.00,50.00,500,0.500,69900,37.0,51.0,62.0,YES,YES,UNKNOWN_ANALYSIS_IAQ50_VOC0.50ppm,9754.4,0,5.0,0.050,50
2026-06-24 23:59:13,32.07,67.45,1004.00,50.00,500,0.500,69900,37.0,51.0,62.0,YES,YES,UNKNOWN_ANALYSIS_IAQ50_VOC0.50ppm,9764.8,0,5.0,0.050,50
2026-06-24 23:59:22,32.07,67.45,1004.00,50.00,500,0.500,69900,35.0,49.0,60.0,YES,YES,UNKNOWN_ANALYSIS_IAQ50_VOC0.50ppm,9774.2,0,5.0,0.050,50
2026-06-24 23:59:33,32.07,67.45,1004.00,50.00,500,0.500,69900,36.0,49.0,60.0,YES,YES,UNKNOWN_ANALYSIS_IAQ50_VOC0.50ppm,9784.6,0,5.0,0.050,50
2026-06-24 23:59:43,32.07,67.45,1004.00,50.00,500,0.500,69900,37.0,50.0,62.0,YES,YES,UNKNOWN_ANALYSIS_IAQ50_VOC0.50ppm,9795.1,0,5.0,0.050,50
2026-06-24 23:59:53,32.07,67.45,1004.00,50.00,500,0.500,69900,36.0,50.0,61.0,YES,YES,UNKNOWN_ANALYSIS_IAQ50_VOC0.50ppm,9804.5,0,5.0,0.050,50
2026-06-25 00:00:03,32.07,67.45,1004.00,50.00,500,0.500,69900,36.0,49.0,60.0,YES,YES,UNKNOWN_ANALYSIS_IAQ50_VOC0.50ppm,9814.9,0,5.0,0.050,50
2026-06-25 00:00:12,32.07,67.45,1004.00,50.00,500,0.500,69900,35.0,49.0,60.0,YES,YES,UNKNOWN_ANALYSIS_IAQ50_VOC0.50ppm,9824.3,0,5.0,0.050,50
2026-06-25 00:00:23,32.07,67.45,1004.00,50.00,500,0.500,69900,35.0,50.0,61.0,YES,YES,UNKNOWN_ANALYSIS_IAQ50_VOC0.50ppm,9834.8,0,5.0,0.050,50
2026-06-25 00:00:33,32.07,67.45,1004.00,50.00,500,0.500,69900,36.0,51.0,62.0,YES,YES,UNKNOWN_ANALYSIS_IAQ50_VOC0.50ppm,9845.2,0,5.0,0.050,50
2026-06-25 00:00:43,32.07,67.45,1004.00,50.00,500,0.500,69900,35.0,49.0,60.0,YES,YES,UNKNOWN_ANALYSIS_IAQ50_VOC0.50ppm,9854.6,0,5.0,0.050,50
2026-06-25 00:00:53,32.07,67.45,1004.00,50.00,500,0.500,69900,36.0,50.0,61.0,YES,YES,UNKNOWN_ANALYSIS_IAQ50_VOC0.50ppm,9865.0,0,5.0,0.050,50
2026-06-25 00:01:04,32.07,67.45,1004.00,50.00,500,0.500,69900,35.0,50.0,61.0,YES,YES,UNKNOWN_ANALYSIS_IAQ50_VOC0.50ppm,9875.5,0,5.0,0.050,50
2026-06-25 00:01:13,32.07,67.45,1004.00,50.00,500,0.500,69900,34.0,50.0,61.0,YES,YES,UNKNOWN_ANALYSIS_IAQ50_VOC0.50ppm,9884.9,0,5.0,0.050,50
2026-06-25 00:01:23,32.07,67.45,1004.00,50.00,500,0.500,69900,36.0,51.0,62.0,YES,YES,UNKNOWN_ANALYSIS_IAQ50_VOC0.50ppm,9895.3,0,5.0,0.050,50
2026-06-25 00:01:33,32.07,67.45,1004.00,50.00,500,0.500,69900,35.0,49.0,60.0,YES,YES,UNKNOWN_ANALYSIS_IAQ50_VOC0.50ppm,9904.7,0,5.0,0.050,50
2026-06-25 00:01:43,32.06,67.46,1004.00,52.10,509,0.510,69800,35.0,48.0,60.0,YES,YES,UNKNOWN_ANALYSIS_IAQ52_VOC0.51ppm,9915.2,0,5.0,0.050,50
2026-06-25 00:01:54,32.06,67.46,1004.00,52.10,509,0.510,69800,36.0,50.0,62.0,YES,YES,UNKNOWN_ANALYSIS_IAQ52_VOC0.51ppm,9925.6,0,5.0,0.050,50
2026-06-25 00:02:03,32.06,67.46,1004.00,52.10,509,0.510,69800,37.0,50.0,62.0,YES,YES,UNKNOWN_ANALYSIS_IAQ52_VOC0.51ppm,9935.0,0,5.0,0.050,50
2026-06-25 00:02:14,32.06,67.46,1004.00,52.10,509,0.510,69800,36.0,49.0,60.0,YES,YES,UNKNOWN_ANALYSIS_IAQ52_VOC0.51ppm,9945.4,0,5.0,0.050,50
2026-06-25 00:02:23,32.06,67.46,1004.00,52.10,509,0.510,69800,35.0,49.0,61.0,YES,YES,UNKNOWN_ANALYSIS_IAQ52_VOC0.51ppm,9954.9,0,5.0,0.050,50
2026-06-25 00:02:33,32.06,67.46,1004.00,52.10,509,0.510,69800,36.0,50.0,62.0,YES,YES,UNKNOWN_ANALYSIS_IAQ52_VOC0.51ppm,9965.3,0,5.0,0.050,50
2026-06-25 00:02:44,32.06,67.46,1004.00,52.10,509,0.510,69800,35.0,49.0,60.0,YES,YES,UNKNOWN_ANALYSIS_IAQ52_VOC0.51ppm,9975.7,0,5.0,0.050,50
2026-06-25 00:02:53,32.06,67.46,1004.00,52.10,509,0.510,69800,35.0,49.0,60.0,YES,YES,UNKNOWN_ANALYSIS_IAQ52_VOC0.51ppm,9985.1,0,5.0,0.050,50
2026-06-25 00:03:04,32.06,67.46,1004.00,52.10,509,0.510,69800,36.0,50.0,62.0,YES,YES,UNKNOWN_ANALYSIS_IAQ52_VOC0.51ppm,9995.6,0,5.0,0.050,50
2026-06-25 00:03:13,32.06,67.46,1004.00,52.10,509,0.510,69800,35.0,50.0,62.0,YES,YES,UNKNOWN_ANALYSIS_IAQ52_VOC0.51ppm,10005.0,0,5.0,0.050,50
2026-06-25 00:03:24,32.06,67.46,1004.00,52.10,509,0.510,69800,35.0,50.0,63.0,YES,YES,UNKNOWN_ANALYSIS_IAQ52_VOC0.51ppm,10015.4,0,5.0,0.050,50
2026-06-25 00:03:34,32.06,67.46,1004.00,52.10,509,0.510,69800,34.0,49.0,61.0,YES,YES,UNKNOWN_ANALYSIS_IAQ52_VOC0.51ppm,10025.9,0,5.0,0.050,50
2026-06-25 00:03:43,32.06,67.46,1004.00,52.10,509,0.510,69800,33.0,49.0,60.0,YES,YES,UNKNOWN_ANALYSIS_IAQ52_VOC0.51ppm,10035.2,0,5.0,0.050,50
2026-06-25 00:03:54,32.06,67.46,1004.00,52.10,509,0.510,69800,34.0,49.0,60.0,YES,YES,UNKNOWN_ANALYSIS_IAQ52_VOC0.51ppm,10045.7,0,5.0,0.050,50
2026-06-25 00:04:03,32.06,67.46,1004.00,52.10,509,0.510,69800,35.0,50.0,62.0,YES,YES,UNKNOWN_ANALYSIS_IAQ52_VOC0.51ppm,10055.1,0,5.0,0.050,50
2026-06-25 00:04:14,32.06,67.46,1004.00,52.10,509,0.510,69800,35.0,50.0,61.0,YES,YES,UNKNOWN_ANALYSIS_IAQ52_VOC0.51ppm,10065.5,0,5.0,0.050,50
2026-06-25 00:04:24,32.06,67.46,1004.00,52.10,509,0.510,69800,35.0,50.0,62.0,YES,YES,UNKNOWN_ANALYSIS_IAQ52_VOC0.51ppm,10076.0,0,5.0,0.050,50
2026-06-25 00:04:33,32.06,67.46,1004.00,52.10,509,0.510,69800,36.0,51.0,63.0,YES,YES,UNKNOWN_ANALYSIS_IAQ52_VOC0.51ppm,10085.4,0,5.0,0.050,50
2026-06-25 00:04:44,32.06,67.46,1004.00,52.10,509,0.510,69800,34.0,49.0,61.0,YES,YES,UNKNOWN_ANALYSIS_IAQ52_VOC0.51ppm,10095.8,0,5.0,0.050,50
2026-06-25 00:04:54,32.06,67.46,1004.00,52.10,509,0.510,69800,35.0,49.0,60.0,YES,YES,UNKNOWN_ANALYSIS_IAQ52_VOC0.51ppm,10106.2,0,5.0,0.050,50
2026-06-25 00:05:04,32.06,67.46,1004.00,52.10,509,0.510,69800,35.0,49.0,61.0,YES,YES,UNKNOWN_ANALYSIS_IAQ52_VOC0.51ppm,10115.6,0,5.0,0.050,50
2026-06-25 00:05:14,32.06,67.46,1004.00,52.10,509,0.510,69800,36.0,50.0,61.0,YES,YES,UNKNOWN_ANALYSIS_IAQ52_VOC0.51ppm,10126.1,0,5.0,0.050,50
2026-06-25 00:05:24,32.06,67.46,1004.00,52.10,509,0.510,69800,34.0,49.0,60.0,YES,YES,UNKNOWN_ANALYSIS_IAQ52_VOC0.51ppm,10135.5,0,5.0,0.050,50
2026-06-25 00:05:34,32.06,67.46,1004.00,52.10,509,0.510,69800,35.0,50.0,60.0,YES,YES,UNKNOWN_ANALYSIS_IAQ52_VOC0.51ppm,10145.9,0,5.0,0.050,50
2026-06-25 00:05:44,32.06,67.46,1004.00,52.10,509,0.510,69800,35.0,50.0,61.0,YES,YES,UNKNOWN_ANALYSIS_IAQ52_VOC0.51ppm,10156.4,0,5.0,0.050,50
2026-06-25 00:05:54,32.06,67.46,1004.00,52.10,509,0.510,69800,35.0,50.0,62.0,YES,YES,UNKNOWN_ANALYSIS_IAQ52_VOC0.51ppm,10165.8,0,5.0,0.050,50
2026-06-25 00:06:04,32.06,67.46,1004.00,52.10,509,0.510,69800,36.0,50.0,62.0,YES,YES,UNKNOWN_ANALYSIS_IAQ52_VOC0.51ppm,10176.2,0,5.0,0.050,50
2026-06-25 00:06:14,32.06,67.46,1004.00,52.10,509,0.510,69800,37.0,51.0,62.0,YES,YES,UNKNOWN_ANALYSIS_IAQ52_VOC0.51ppm,10185.6,0,5.0,0.050,50
2026-06-25 00:06:24,32.06,67.46,1004.00,52.10,509,0.510,69800,36.0,51.0,62.0,YES,YES,UNKNOWN_ANALYSIS_IAQ52_VOC0.51ppm,10196.0,0,5.0,0.050,50
2026-06-25 00:06:35,32.06,67.46,1004.00,52.10,509,0.510,69800,36.0,50.0,61.0,YES,YES,UNKNOWN_ANALYSIS_IAQ52_VOC0.51ppm,10206.5,0,5.0,0.050,50
2026-06-25 00:06:44,31.99,67.47,1004.00,50.00,500,0.500,70100,34.0,49.0,60.0,YES,YES,UNKNOWN_ANALYSIS_IAQ50_VOC0.50ppm,10215.9,0,5.0,0.050,50
2026-06-25 00:06:54,31.99,67.47,1004.00,50.00,500,0.500,70100,35.0,50.0,61.0,YES,YES,UNKNOWN_ANALYSIS_IAQ50_VOC0.50ppm,10226.3,0,5.0,0.050,50
2026-06-25 00:07:04,31.99,67.47,1004.00,50.00,500,0.500,70100,35.0,50.0,61.0,YES,YES,UNKNOWN_ANALYSIS_IAQ50_VOC0.50ppm,10235.7,0,5.0,0.050,50
2026-06-25 00:07:14,31.99,67.47,1004.00,50.00,500,0.500,70100,35.0,49.0,60.0,YES,YES,UNKNOWN_ANALYSIS_IAQ50_VOC0.50ppm,10246.2,0,5.0,0.050,50
2026-06-25 00:07:25,31.99,67.47,1004.00,50.00,500,0.500,70100,34.0,49.0,59.0,YES,YES,UNKNOWN_ANALYSIS_IAQ50_VOC0.50ppm,10256.6,0,5.0,0.050,50
2026-06-25 00:07:34,31.99,67.47,1004.00,50.00,500,0.500,70100,36.0,50.0,61.0,YES,YES,UNKNOWN_ANALYSIS_IAQ50_VOC0.50ppm,10266.0,0,5.0,0.050,50
2026-06-25 00:07:45,31.99,67.47,1004.00,50.00,500,0.500,70100,35.0,50.0,60.0,YES,YES,UNKNOWN_ANALYSIS_IAQ50_VOC0.50ppm,10276.5,0,5.0,0.050,50
2026-06-25 00:07:54,31.99,67.47,1004.00,50.00,500,0.500,70100,34.0,49.0,59.0,YES,YES,UNKNOWN_ANALYSIS_IAQ50_VOC0.50ppm,10285.8,0,5.0,0.050,50
2026-06-25 00:08:04,31.99,67.47,1004.00,50.00,500,0.500,70100,35.0,50.0,61.0,YES,YES,UNKNOWN_ANALYSIS_IAQ50_VOC0.50ppm,10296.3,0,5.0,0.050,50
2026-06-25 00:08:15,31.99,67.47,1004.00,50.00,500,0.500,70100,35.0,49.0,61.0,YES,YES,UNKNOWN_ANALYSIS_IAQ50_VOC0.50ppm,10306.7,0,5.0,0.050,50
2026-06-25 00:08:24,31.99,67.47,1004.00,50.00,500,0.500,70100,34.0,49.0,61.0,YES,YES,UNKNOWN_ANALYSIS_IAQ50_VOC0.50ppm,10316.1,0,5.0,0.050,50
2026-06-25 00:08:35,31.99,67.47,1004.00,50.00,500,0.500,70100,33.0,49.0,60.0,YES,YES,UNKNOWN_ANALYSIS_IAQ50_VOC0.50ppm,10326.6,0,5.0,0.050,50
2026-06-25 00:08:44,31.99,67.47,1004.00,50.00,500,0.500,70100,34.0,50.0,62.0,YES,YES,UNKNOWN_ANALYSIS_IAQ50_VOC0.50ppm,10336.0,0,5.0,0.050,50
2026-06-25 00:08:55,31.99,67.47,1004.00,50.00,500,0.500,70100,33.0,49.0,61.0,YES,YES,UNKNOWN_ANALYSIS_IAQ50_VOC0.50ppm,10346.4,0,5.0,0.050,50
2026-06-25 00:09:05,31.99,67.47,1004.00,50.00,500,0.500,70100,35.0,49.0,61.0,YES,YES,UNKNOWN_ANALYSIS_IAQ50_VOC0.50ppm,10356.9,0,5.0,0.050,50
2026-06-25 00:09:14,31.99,67.47,1004.00,50.00,500,0.500,70100,35.0,48.0,60.0,YES,YES,UNKNOWN_ANALYSIS_IAQ50_VOC0.50ppm,10366.2,0,5.0,0.050,50
2026-06-25 00:09:25,31.99,67.47,1004.00,50.00,500,0.500,70100,36.0,49.0,62.0,YES,YES,UNKNOWN_ANALYSIS_IAQ50_VOC0.50ppm,10376.7,0,5.0,0.050,50
2026-06-25 00:09:35,31.99,67.47,1004.00,50.00,500,0.500,70100,36.0,50.0,62.0,YES,YES,UNKNOWN_ANALYSIS_IAQ50_VOC0.50ppm,10387.1,0,5.0,0.050,50
2026-06-25 00:09:45,31.99,67.47,1004.00,50.00,500,0.500,70100,35.0,48.0,60.0,YES,YES,UNKNOWN_ANALYSIS_IAQ50_VOC0.50ppm,10396.5,0,5.0,0.050,50
2026-06-25 00:09:55,31.99,67.47,1004.00,50.00,500,0.500,70100,35.0,49.0,60.0,YES,YES,UNKNOWN_ANALYSIS_IAQ50_VOC0.50ppm,10407.0,0,5.0,0.050,50
2026-06-25 00:10:04,31.99,67.47,1004.00,50.00,500,0.500,70100,35.0,49.0,60.0,YES,YES,UNKNOWN_ANALYSIS_IAQ50_VOC0.50ppm,10416.4,0,5.0,0.050,50
2026-06-25 00:10:15,31.99,67.47,1004.00,50.00,500,0.500,70100,34.0,49.0,60.0,YES,YES,UNKNOWN_ANALYSIS_IAQ50_VOC0.50ppm,10426.8,0,5.0,0.050,50
2026-06-25 00:10:25,31.99,67.47,1004.00,50.00,500,0.500,70100,36.0,50.0,61.0,YES,YES,UNKNOWN_ANALYSIS_IAQ50_VOC0.50ppm,10437.2,0,5.0,0.050,50
2026-06-25 00:10:35,31.99,67.47,1004.00,50.00,500,0.500,70100,36.0,50.0,62.0,YES,YES,UNKNOWN_ANALYSIS_IAQ50_VOC0.50ppm,10446.6,0,5.0,0.050,50
2026-06-25 00:10:45,31.99,67.47,1004.00,50.00,500,0.500,70100,35.0,50.0,61.0,YES,YES,UNKNOWN_ANALYSIS_IAQ50_VOC0.50ppm,10457.1,0,5.0,0.050,50
2026-06-25 00:10:55,31.99,67.47,1004.00,50.00,500,0.500,70100,35.0,50.0,61.0,YES,YES,UNKNOWN_ANALYSIS_IAQ50_VOC0.50ppm,10466.5,0,5.0,0.050,50
2026-06-25 00:11:05,31.99,67.47,1004.00,50.00,500,0.500,70100,35.0,49.0,61.0,YES,YES,UNKNOWN_ANALYSIS_IAQ50_VOC0.50ppm,10476.9,0,5.0,0.050,50
2026-06-25 00:11:15,31.99,67.47,1004.00,50.00,500,0.500,70100,34.0,49.0,60.0,YES,YES,UNKNOWN_ANALYSIS_IAQ50_VOC0.50ppm,10487.3,0,5.0,0.050,50
2026-06-25 00:11:25,31.99,67.47,1004.00,50.00,500,0.500,70100,34.0,48.0,60.0,YES,YES,UNKNOWN_ANALYSIS_IAQ50_VOC0.50ppm,10496.7,0,5.0,0.050,50
2026-06-25 00:11:35,31.99,67.47,1004.00,50.00,500,0.500,70100,34.0,48.0,61.0,YES,YES,UNKNOWN_ANALYSIS_IAQ50_VOC0.50ppm,10507.2,0,5.0,0.050,50
2026-06-25 00:11:46,31.98,67.50,1004.00,57.79,534,0.540,69700,34.0,48.0,61.0,YES,YES,UNKNOWN_ANALYSIS_IAQ58_VOC0.54ppm,10517.6,0,5.0,0.050,50
2026-06-25 00:11:55,31.98,67.50,1004.00,57.79,534,0.540,69700,35.0,48.0,62.0,YES,YES,UNKNOWN_ANALYSIS_IAQ58_VOC0.54ppm,10527.0,0,5.0,0.050,50
2026-06-25 00:12:06,31.98,67.50,1004.00,57.79,534,0.540,69700,34.0,48.0,60.0,YES,YES,UNKNOWN_ANALYSIS_IAQ58_VOC0.54ppm,10537.5,0,5.0,0.050,50
2026-06-25 00:12:15,31.98,67.50,1004.00,57.79,534,0.540,69700,35.0,49.0,61.0,YES,YES,UNKNOWN_ANALYSIS_IAQ58_VOC0.54ppm,10546.9,0,5.0,0.050,50
2026-06-25 00:12:25,31.98,67.50,1004.00,57.79,534,0.540,69700,35.0,49.0,62.0,YES,YES,UNKNOWN_ANALYSIS_IAQ58_VOC0.54ppm,10557.3,0,5.0,0.050,50
2026-06-25 00:12:36,31.98,67.50,1004.00,57.79,534,0.540,69700,35.0,49.0,61.0,YES,YES,UNKNOWN_ANALYSIS_IAQ58_VOC0.54ppm,10567.7,0,5.0,0.050,50
2026-06-25 00:12:45,31.98,67.50,1004.00,57.79,534,0.540,69700,34.0,48.0,59.0,YES,YES,UNKNOWN_ANALYSIS_IAQ58_VOC0.54ppm,10577.1,0,5.0,0.050,50
2026-06-25 00:12:56,31.98,67.50,1004.00,57.79,534,0.540,69700,34.0,49.0,60.0,YES,YES,UNKNOWN_ANALYSIS_IAQ58_VOC0.54ppm,10587.6,0,5.0,0.050,50
2026-06-25 00:13:05,31.98,67.50,1004.00,57.79,534,0.540,69700,34.0,50.0,60.0,YES,YES,UNKNOWN_ANALYSIS_IAQ58_VOC0.54ppm,10597.0,0,5.0,0.050,50
2026-06-25 00:13:16,31.98,67.50,1004.00,57.79,534,0.540,69700,35.0,50.0,61.0,YES,YES,UNKNOWN_ANALYSIS_IAQ58_VOC0.54ppm,10607.4,0,5.0,0.050,50
2026-06-25 00:13:26,31.98,67.50,1004.00,57.79,534,0.540,69700,35.0,50.0,61.0,YES,YES,UNKNOWN_ANALYSIS_IAQ58_VOC0.54ppm,10617.8,0,5.0,0.050,50
2026-06-25 00:13:35,31.98,67.50,1004.00,57.79,534,0.540,69700,36.0,51.0,62.0,YES,YES,UNKNOWN_ANALYSIS_IAQ58_VOC0.54ppm,10627.2,0,5.0,0.050,50
2026-06-25 00:13:46,31.98,67.50,1004.00,57.79,534,0.540,69700,35.0,49.0,61.0,YES,YES,UNKNOWN_ANALYSIS_IAQ58_VOC0.54ppm,10637.7,0,5.0,0.050,50
2026-06-25 00:13:55,31.98,67.50,1004.00,57.79,534,0.540,69700,36.0,50.0,62.0,YES,YES,UNKNOWN_ANALYSIS_IAQ58_VOC0.54ppm,10647.1,0,5.0,0.050,50
2026-06-25 00:14:06,31.98,67.50,1004.00,57.79,534,0.540,69700,34.0,49.0,60.0,YES,YES,UNKNOWN_ANALYSIS_IAQ58_VOC0.54ppm,10657.5,0,5.0,0.050,50
2026-06-25 00:14:16,31.98,67.50,1004.00,57.79,534,0.540,69700,35.0,50.0,61.0,YES,YES,UNKNOWN_ANALYSIS_IAQ58_VOC0.54ppm,10668.0,0,5.0,0.050,50
2026-06-25 00:14:25,31.98,67.50,1004.00,57.79,534,0.540,69700,36.0,51.0,62.0,YES,YES,UNKNOWN_ANALYSIS_IAQ58_VOC0.54ppm,10677.3,0,5.0,0.050,50
2026-06-25 00:14:36,31.98,67.50,1004.00,57.79,534,0.540,69700,36.0,51.0,62.0,YES,YES,UNKNOWN_ANALYSIS_IAQ58_VOC0.54ppm,10687.8,0,5.0,0.050,50
2026-06-25 00:14:46,31.98,67.50,1004.00,57.79,534,0.540,69700,36.0,51.0,62.0,YES,YES,UNKNOWN_ANALYSIS_IAQ58_VOC0.54ppm,10698.2,0,5.0,0.050,50
2026-06-25 00:14:56,31.98,67.50,1004.00,57.79,534,0.540,69700,35.0,49.0,61.0,YES,YES,UNKNOWN_ANALYSIS_IAQ58_VOC0.54ppm,10707.6,0,5.0,0.050,50
2026-06-25 00:15:06,31.98,67.50,1004.00,57.79,534,0.540,69700,36.0,50.0,62.0,YES,YES,UNKNOWN_ANALYSIS_IAQ58_VOC0.54ppm,10718.1,0,5.0,0.050,50
2026-06-25 00:15:16,31.98,67.50,1004.00,57.79,534,0.540,69700,36.0,50.0,62.0,YES,YES,UNKNOWN_ANALYSIS_IAQ58_VOC0.54ppm,10727.5,0,5.0,0.050,50
2026-06-25 00:15:26,31.98,67.50,1004.00,57.79,534,0.540,69700,35.0,50.0,61.0,YES,YES,UNKNOWN_ANALYSIS_IAQ58_VOC0.54ppm,10737.9,0,5.0,0.050,50
2026-06-25 00:15:36,31.98,67.50,1004.00,57.79,534,0.540,69700,35.0,49.0,61.0,YES,YES,UNKNOWN_ANALYSIS_IAQ58_VOC0.54ppm,10748.3,0,5.0,0.050,50

=== SPIKE HISTORY ===
💾 Baseline state saved to EEPROM
💾 SAVED - IAQ: 5.0, VOC: 0.050 ppm, CO2: 50 ppm
2026-06-25 00:15:46,31.98,67.50,1004.00,57.79,534,0.540,69700,35.0,49.0,60.0,YES,YES,UNKNOWN_ANALYSIS_IAQ58_VOC0.54ppm,10757.7,0,5.0,0.050,50
2026-06-25 00:15:56,31.98,67.50,1004.00,57.79,534,0.540,69700,36.0,50.0,61.0,YES,YES,UNKNOWN_ANALYSIS_IAQ58_VOC0.54ppm,10768.2,0,5.0,0.050,50
2026-06-25 00:16:06,31.98,67.50,1004.00,57.79,534,0.540,69700,36.0,50.0,62.0,YES,YES,UNKNOWN_ANALYSIS_IAQ58_VOC0.54ppm,10777.6,0,5.0,0.050,50
2026-06-25 00:16:16,31.98,67.50,1004.00,57.79,534,0.540,69700,35.0,49.0,61.0,YES,YES,UNKNOWN_ANALYSIS_IAQ58_VOC0.54ppm,10788.0,0,5.0,0.050,50
2026-06-25 00:16:27,31.98,67.50,1004.00,57.79,534,0.540,69700,35.0,49.0,60.0,YES,YES,UNKNOWN_ANALYSIS_IAQ58_VOC0.54ppm,10798.4,0,5.0,0.050,50
2026-06-25 00:16:36,31.98,67.50,1004.00,57.79,534,0.540,69700,35.0,50.0,61.0,YES,YES,UNKNOWN_ANALYSIS_IAQ58_VOC0.54ppm,10807.8,0,5.0,0.050,50
2026-06-25 00:16:46,32.04,67.45,1004.00,50.00,500,0.500,70200,35.0,50.0,61.0,YES,YES,UNKNOWN_ANALYSIS_IAQ50_VOC0.50ppm,10818.3,0,5.0,0.050,50
2026-06-25 00:16:56,32.04,67.45,1004.00,50.00,500,0.500,70200,34.0,50.0,61.0,YES,YES,UNKNOWN_ANALYSIS_IAQ50_VOC0.50ppm,10827.7,0,5.0,0.050,50
2026-06-25 00:17:06,32.04,67.45,1004.00,50.00,500,0.500,70200,34.0,50.0,61.0,YES,YES,UNKNOWN_ANALYSIS_IAQ50_VOC0.50ppm,10838.1,0,5.0,0.050,50
2026-06-25 00:17:17,32.04,67.45,1004.00,50.00,500,0.500,70200,34.0,49.0,60.0,YES,YES,UNKNOWN_ANALYSIS_IAQ50_VOC0.50ppm,10848.6,0,5.0,0.050,50
2026-06-25 00:17:26,32.04,67.45,1004.00,50.00,500,0.500,70200,35.0,49.0,59.0,YES,YES,UNKNOWN_ANALYSIS_IAQ50_VOC0.50ppm,10857.9,0,5.0,0.050,50
2026-06-25 00:17:37,32.04,67.45,1004.00,50.00,500,0.500,70200,35.0,50.0,61.0,YES,YES,UNKNOWN_ANALYSIS_IAQ50_VOC0.50ppm,10868.4,0,5.0,0.050,50
2026-06-25 00:17:46,32.04,67.45,1004.00,50.00,500,0.500,70200,34.0,49.0,61.0,YES,YES,UNKNOWN_ANALYSIS_IAQ50_VOC0.50ppm,10877.8,0,5.0,0.050,50
2026-06-25 00:17:56,32.04,67.45,1004.00,50.00,500,0.500,70200,35.0,51.0,64.0,YES,YES,UNKNOWN_ANALYSIS_IAQ50_VOC0.50ppm,10888.2,0,5.0,0.050,50
2026-06-25 00:18:07,32.04,67.45,1004.00,50.00,500,0.500,70200,35.0,50.0,64.0,YES,YES,UNKNOWN_ANALYSIS_IAQ50_VOC0.50ppm,10898.7,0,5.0,0.050,50
2026-06-25 00:18:16,32.04,67.45,1004.00,50.00,500,0.500,70200,34.0,49.0,61.0,YES,YES,UNKNOWN_ANALYSIS_IAQ50_VOC0.50ppm,10908.0,0,5.0,0.050,50
2026-06-25 00:18:27,32.04,67.45,1004.00,50.00,500,0.500,70200,35.0,49.0,61.0,YES,YES,UNKNOWN_ANALYSIS_IAQ50_VOC0.50ppm,10918.5,0,5.0,0.050,50
2026-06-25 00:18:36,32.04,67.45,1004.00,50.00,500,0.500,70200,35.0,50.0,61.0,YES,YES,UNKNOWN_ANALYSIS_IAQ50_VOC0.50ppm,10927.9,0,5.0,0.050,50
2026-06-25 00:18:46,32.04,67.45,1004.00,50.00,500,0.500,70200,35.0,49.0,60.0,YES,YES,UNKNOWN_ANALYSIS_IAQ50_VOC0.50ppm,10938.3,0,5.0,0.050,50
2026-06-25 00:18:57,32.04,67.45,1004.00,50.00,500,0.500,70200,34.0,49.0,60.0,YES,YES,UNKNOWN_ANALYSIS_IAQ50_VOC0.50ppm,10948.8,0,5.0,0.050,50
2026-06-25 00:19:06,32.04,67.45,1004.00,50.00,500,0.500,70200,35.0,50.0,61.0,YES,YES,UNKNOWN_ANALYSIS_IAQ50_VOC0.50ppm,10958.1,0,5.0,0.050,50
2026-06-25 00:19:17,32.04,67.45,1004.00,50.00,500,0.500,70200,35.0,50.0,62.0,YES,YES,UNKNOWN_ANALYSIS_IAQ50_VOC0.50ppm,10968.6,0,5.0,0.050,50
2026-06-25 00:19:27,32.04,67.45,1004.00,50.00,500,0.500,70200,34.0,49.0,61.0,YES,YES,UNKNOWN_ANALYSIS_IAQ50_VOC0.50ppm,10979.0,0,5.0,0.050,50
2026-06-25 00:19:37,32.04,67.45,1004.00,50.00,500,0.500,70200,35.0,50.0,61.0,YES,YES,UNKNOWN_ANALYSIS_IAQ50_VOC0.50ppm,10988.4,0,5.0,0.050,50
2026-06-25 00:19:47,32.04,67.45,1004.00,50.00,500,0.500,70200,35.0,50.0,61.0,YES,YES,UNKNOWN_ANALYSIS_IAQ50_VOC0.50ppm,10998.8,0,5.0,0.050,50
2026-06-25 00:19:56,32.04,67.45,1004.00,50.00,500,0.500,70200,34.0,48.0,60.0,YES,YES,UNKNOWN_ANALYSIS_IAQ50_VOC0.50ppm,11008.2,0,5.0,0.050,50
2026-06-25 00:20:07,32.04,67.45,1004.00,50.00,500,0.500,70200,34.0,48.0,59.0,YES,YES,UNKNOWN_ANALYSIS_IAQ50_VOC0.50ppm,11018.7,0,5.0,0.050,50
2026-06-25 00:20:17,32.04,67.45,1004.00,50.00,500,0.500,70200,33.0,49.0,59.0,YES,YES,UNKNOWN_ANALYSIS_IAQ50_VOC0.50ppm,11029.1,0,5.0,0.050,50
2026-06-25 00:20:27,32.04,67.45,1004.00,50.00,500,0.500,70200,34.0,49.0,60.0,YES,YES,UNKNOWN_ANALYSIS_IAQ50_VOC0.50ppm,11038.5,0,5.0,0.050,50
2026-06-25 00:20:37,32.04,67.45,1004.00,50.00,500,0.500,70200,34.0,49.0,60.0,YES,YES,UNKNOWN_ANALYSIS_IAQ50_VOC0.50ppm,11048.9,0,5.0,0.050,50
2026-06-25 00:20:48,32.04,67.45,1004.00,50.00,500,0.500,70200,35.0,51.0,63.0,YES,YES,UNKNOWN_ANALYSIS_IAQ50_VOC0.50ppm,11059.4,0,5.0,0.050,50
2026-06-25 00:20:57,32.04,67.45,1004.00,50.00,500,0.500,70200,35.0,49.0,62.0,YES,YES,UNKNOWN_ANALYSIS_IAQ50_VOC0.50ppm,11068.8,0,5.0,0.050,50
2026-06-25 00:21:07,32.04,67.45,1004.00,50.00,500,0.500,70200,35.0,49.0,61.0,YES,YES,UNKNOWN_ANALYSIS_IAQ50_VOC0.50ppm,11079.2,0,5.0,0.050,50
2026-06-25 00:21:17,32.04,67.45,1004.00,50.00,500,0.500,70200,35.0,49.0,61.0,YES,YES,UNKNOWN_ANALYSIS_IAQ50_VOC0.50ppm,11088.6,0,5.0,0.050,50
2026-06-25 00:21:27,32.04,67.45,1004.00,50.00,500,0.500,70200,36.0,50.0,62.0,YES,YES,UNKNOWN_ANALYSIS_IAQ50_VOC0.50ppm,11099.1,0,5.0,0.050,50
2026-06-25 00:21:38,32.04,67.45,1004.00,50.00,500,0.500,70200,36.0,50.0,61.0,YES,YES,UNKNOWN_ANALYSIS_IAQ50_VOC0.50ppm,11109.5,0,5.0,0.050,50
2026-06-25 00:21:47,32.03,67.43,1004.00,50.00,500,0.500,70400,35.0,50.0,61.0,YES,YES,UNKNOWN_ANALYSIS_IAQ50_VOC0.50ppm,11118.9,0,5.0,0.050,50
2026-06-25 00:21:57,32.03,67.43,1004.00,50.00,500,0.500,70400,36.0,50.0,61.0,YES,YES,UNKNOWN_ANALYSIS_IAQ50_VOC0.50ppm,11129.3,0,5.0,0.050,50
2026-06-25 00:22:07,32.03,67.43,1004.00,50.00,500,0.500,70400,35.0,49.0,61.0,YES,YES,UNKNOWN_ANALYSIS_IAQ50_VOC0.50ppm,11138.7,0,5.0,0.050,50
2026-06-25 00:22:17,32.03,67.43,1004.00,50.00,500,0.500,70400,35.0,49.0,61.0,YES,YES,UNKNOWN_ANALYSIS_IAQ50_VOC0.50ppm,11149.2,0,5.0,0.050,50
2026-06-25 00:22:28,32.03,67.43,1004.00,50.00,500,0.500,70400,34.0,49.0,60.0,YES,YES,UNKNOWN_ANALYSIS_IAQ50_VOC0.50ppm,11159.6,0,5.0,0.050,50
2026-06-25 00:22:37,32.03,67.43,1004.00,50.00,500,0.500,70400,36.0,50.0,62.0,YES,YES,UNKNOWN_ANALYSIS_IAQ50_VOC0.50ppm,11169.0,0,5.0,0.050,50
2026-06-25 00:22:48,32.03,67.43,1004.00,50.00,500,0.500,70400,35.0,49.0,61.0,YES,YES,UNKNOWN_ANALYSIS_IAQ50_VOC0.50ppm,11179.5,0,5.0,0.050,50
2026-06-25 00:22:57,32.03,67.43,1004.00,50.00,500,0.500,70400,35.0,49.0,62.0,YES,YES,UNKNOWN_ANALYSIS_IAQ50_VOC0.50ppm,11188.9,0,5.0,0.050,50
2026-06-25 00:23:07,32.03,67.43,1004.00,50.00,500,0.500,70400,34.0,49.0,61.0,YES,YES,UNKNOWN_ANALYSIS_IAQ50_VOC0.50ppm,11199.3,0,5.0,0.050,50
2026-06-25 00:23:18,32.03,67.43,1004.00,50.00,500,0.500,70400,34.0,48.0,60.0,YES,YES,UNKNOWN_ANALYSIS_IAQ50_VOC0.50ppm,11209.7,0,5.0,0.050,50
2026-06-25 00:23:27,32.03,67.43,1004.00,50.00,500,0.500,70400,34.0,49.0,60.0,YES,YES,UNKNOWN_ANALYSIS_IAQ50_VOC0.50ppm,11219.1,0,5.0,0.050,50
2026-06-25 00:23:38,32.03,67.43,1004.00,50.00,500,0.500,70400,35.0,50.0,60.0,YES,YES,UNKNOWN_ANALYSIS_IAQ50_VOC0.50ppm,11229.6,0,5.0,0.050,50
2026-06-25 00:23:47,32.03,67.43,1004.00,50.00,500,0.500,70400,35.0,50.0,60.0,YES,YES,UNKNOWN_ANALYSIS_IAQ50_VOC0.50ppm,11239.0,0,5.0,0.050,50
2026-06-25 00:23:58,32.03,67.43,1004.00,50.00,500,0.500,70400,34.0,48.0,59.0,YES,YES,UNKNOWN_ANALYSIS_IAQ50_VOC0.50ppm,11249.4,0,5.0,0.050,50
2026-06-25 00:24:08,32.03,67.43,1004.00,50.00,500,0.500,70400,36.0,50.0,62.0,YES,YES,UNKNOWN_ANALYSIS_IAQ50_VOC0.50ppm,11259.8,0,5.0,0.050,50
2026-06-25 00:24:17,32.03,67.43,1004.00,50.00,500,0.500,70400,35.0,49.0,60.0,YES,YES,UNKNOWN_ANALYSIS_IAQ50_VOC0.50ppm,11269.2,0,5.0,0.050,50
2026-06-25 00:24:28,32.03,67.43,1004.00,50.00,500,0.500,70400,36.0,50.0,60.0,YES,YES,UNKNOWN_ANALYSIS_IAQ50_VOC0.50ppm,11279.7,0,5.0,0.050,50
PMS7003: Unknown error
2026-06-25 00:24:37,32.03,67.43,1004.00,50.00,500,0.500,70400,36.0,50.0,60.0,YES,YES,UNKNOWN_ANALYSIS_IAQ50_VOC0.50ppm,11289.1,0,5.0,0.050,50
2026-06-25 00:24:48,32.03,67.43,1004.00,50.00,500,0.500,70400,36.0,50.0,60.0,YES,YES,UNKNOWN_ANALYSIS_IAQ50_VOC0.50ppm,11299.5,0,5.0,0.050,50
2026-06-25 00:24:58,32.03,67.43,1004.00,50.00,500,0.500,70400,36.0,50.0,61.0,YES,YES,UNKNOWN_ANALYSIS_IAQ50_VOC0.50ppm,11310.0,0,5.0,0.050,50
2026-06-25 00:25:07,32.03,67.43,1004.00,50.00,500,0.500,70400,35.0,50.0,61.0,YES,YES,UNKNOWN_ANALYSIS_IAQ50_VOC0.50ppm,11319.3,0,5.0,0.050,50
2026-06-25 00:25:18,32.03,67.43,1004.00,50.00,500,0.500,70400,36.0,50.0,61.0,YES,YES,UNKNOWN_ANALYSIS_IAQ50_VOC0.50ppm,11329.8,0,5.0,0.050,50
2026-06-25 00:25:28,32.03,67.43,1004.00,50.00,500,0.500,70400,37.0,51.0,62.0,YES,YES,UNKNOWN_ANALYSIS_IAQ50_VOC0.50ppm,11340.2,0,5.0,0.050,50
2026-06-25 00:25:38,32.03,67.43,1004.00,50.00,500,0.500,70400,37.0,50.0,62.0,YES,YES,UNKNOWN_ANALYSIS_IAQ50_VOC0.50ppm,11349.6,0,5.0,0.050,50
2026-06-25 00:25:48,32.03,67.43,1004.00,50.00,500,0.500,70400,37.0,50.0,61.0,YES,YES,UNKNOWN_ANALYSIS_IAQ50_VOC0.50ppm,11360.1,0,5.0,0.050,50
2026-06-25 00:25:58,32.03,67.43,1004.00,50.00,500,0.500,70400,36.0,50.0,61.0,YES,YES,UNKNOWN_ANALYSIS_IAQ50_VOC0.50ppm,11369.5,0,5.0,0.050,50
2026-06-25 00:26:08,32.03,67.43,1004.00,50.00,500,0.500,70400,35.0,49.0,60.0,YES,YES,UNKNOWN_ANALYSIS_IAQ50_VOC0.50ppm,11379.9,0,5.0,0.050,50
2026-06-25 00:26:18,32.03,67.43,1004.00,50.00,500,0.500,70400,37.0,49.0,60.0,YES,YES,UNKNOWN_ANALYSIS_IAQ50_VOC0.50ppm,11390.3,0,5.0,0.050,50
2026-06-25 00:26:28,32.03,67.43,1004.00,50.00,500,0.500,70400,35.0,49.0,59.0,YES,YES,UNKNOWN_ANALYSIS_IAQ50_VOC0.50ppm,11399.7,0,5.0,0.050,50
2026-06-25 00:26:38,32.03,67.43,1004.00,50.00,500,0.500,70400,36.0,49.0,60.0,YES,YES,UNKNOWN_ANALYSIS_IAQ50_VOC0.50ppm,11410.2,0,5.0,0.050,50
2026-06-25 00:26:48,31.97,67.49,1004.00,51.56,507,0.508,70400,36.0,50.0,61.0,YES,YES,UNKNOWN_ANALYSIS_IAQ52_VOC0.51ppm,11419.6,0,5.0,0.050,50
2026-06-25 00:26:58,31.97,67.49,1004.00,51.56,507,0.508,70400,35.0,49.0,61.0,YES,YES,UNKNOWN_ANALYSIS_IAQ52_VOC0.51ppm,11430.0,0,5.0,0.050,50
2026-06-25 00:27:09,31.97,67.49,1004.00,51.56,507,0.508,70400,35.0,49.0,60.0,YES,YES,UNKNOWN_ANALYSIS_IAQ52_VOC0.51ppm,11440.5,0,5.0,0.050,50
2026-06-25 00:27:18,31.97,67.49,1004.00,51.56,507,0.508,70400,36.0,50.0,60.0,YES,YES,UNKNOWN_ANALYSIS_IAQ52_VOC0.51ppm,11449.9,0,5.0,0.050,50
2026-06-25 00:27:28,31.97,67.49,1004.00,51.56,507,0.508,70400,34.0,48.0,58.0,YES,YES,UNKNOWN_ANALYSIS_IAQ52_VOC0.51ppm,11460.3,0,5.0,0.050,50
2026-06-25 00:27:38,31.97,67.49,1004.00,51.56,507,0.508,70400,35.0,50.0,61.0,YES,YES,UNKNOWN_ANALYSIS_IAQ52_VOC0.51ppm,11469.7,0,5.0,0.050,50
2026-06-25 00:27:48,31.97,67.49,1004.00,51.56,507,0.508,70400,34.0,49.0,61.0,YES,YES,UNKNOWN_ANALYSIS_IAQ52_VOC0.51ppm,11480.1,0,5.0,0.050,50
2026-06-25 00:27:59,31.97,67.49,1004.00,51.56,507,0.508,70400,34.0,49.0,60.0,YES,YES,UNKNOWN_ANALYSIS_IAQ52_VOC0.51ppm,11490.6,0,5.0,0.050,50
2026-06-25 00:28:08,31.97,67.49,1004.00,51.56,507,0.508,70400,35.0,50.0,60.0,YES,YES,UNKNOWN_ANALYSIS_IAQ52_VOC0.51ppm,11500.0,0,5.0,0.050,50
2026-06-25 00:28:19,31.97,67.49,1004.00,51.56,507,0.508,70400,34.0,48.0,59.0,YES,YES,UNKNOWN_ANALYSIS_IAQ52_VOC0.51ppm,11510.4,0,5.0,0.050,50
2026-06-25 00:28:29,31.97,67.49,1004.00,51.56,507,0.508,70400,34.0,49.0,59.0,YES,YES,UNKNOWN_ANALYSIS_IAQ52_VOC0.51ppm,11520.9,0,5.0,0.050,50
2026-06-25 00:28:38,31.97,67.49,1004.00,51.56,507,0.508,70400,34.0,49.0,59.0,YES,YES,UNKNOWN_ANALYSIS_IAQ52_VOC0.51ppm,11530.3,0,5.0,0.050,50
2026-06-25 00:28:49,31.97,67.49,1004.00,51.56,507,0.508,70400,36.0,50.0,60.0,YES,YES,UNKNOWN_ANALYSIS_IAQ52_VOC0.51ppm,11540.7,0,5.0,0.050,50
2026-06-25 00:28:58,31.97,67.49,1004.00,51.56,507,0.508,70400,35.0,49.0,59.0,YES,YES,UNKNOWN_ANALYSIS_IAQ52_VOC0.51ppm,11550.1,0,5.0,0.050,50
2026-06-25 00:29:09,31.97,67.49,1004.00,51.56,507,0.508,70400,36.0,50.0,61.0,YES,YES,UNKNOWN_ANALYSIS_IAQ52_VOC0.51ppm,11560.5,0,5.0,0.050,50
2026-06-25 00:29:19,31.97,67.49,1004.00,51.56,507,0.508,70400,34.0,49.0,61.0,YES,YES,UNKNOWN_ANALYSIS_IAQ52_VOC0.51ppm,11571.0,0,5.0,0.050,50
2026-06-25 00:29:29,31.97,67.49,1004.00,51.56,507,0.508,70400,35.0,49.0,61.0,YES,YES,UNKNOWN_ANALYSIS_IAQ52_VOC0.51ppm,11580.4,0,5.0,0.050,50
2026-06-25 00:29:39,31.97,67.49,1004.00,51.56,507,0.508,70400,36.0,50.0,61.0,YES,YES,UNKNOWN_ANALYSIS_IAQ52_VOC0.51ppm,11590.8,0,5.0,0.050,50
2026-06-25 00:29:48,31.97,67.49,1004.00,51.56,507,0.508,70400,35.0,48.0,59.0,YES,YES,UNKNOWN_ANALYSIS_IAQ52_VOC0.51ppm,11600.2,0,5.0,0.050,50
2026-06-25 00:29:59,31.97,67.49,1004.00,51.56,507,0.508,70400,36.0,50.0,62.0,YES,YES,UNKNOWN_ANALYSIS_IAQ52_VOC0.51ppm,11610.6,0,5.0,0.050,50
2026-06-25 00:30:09,31.97,67.49,1004.00,51.56,507,0.508,70400,36.0,50.0,63.0,YES,YES,UNKNOWN_ANALYSIS_IAQ52_VOC0.51ppm,11621.1,0,5.0,0.050,50
2026-06-25 00:30:19,31.97,67.49,1004.00,51.56,507,0.508,70400,35.0,49.0,61.0,YES,YES,UNKNOWN_ANALYSIS_IAQ52_VOC0.51ppm,11630.5,0,5.0,0.050,50
2026-06-25 00:30:29,31.97,67.49,1004.00,51.56,507,0.508,70400,36.0,49.0,60.0,YES,YES,UNKNOWN_ANALYSIS_IAQ52_VOC0.51ppm,11640.9,0,5.0,0.050,50
2026-06-25 00:30:38,31.97,67.49,1004.00,51.56,507,0.508,70400,35.0,48.0,60.0,YES,YES,UNKNOWN_ANALYSIS_IAQ52_VOC0.51ppm,11650.3,0,5.0,0.050,50
2026-06-25 00:30:49,31.97,67.49,1004.00,51.56,507,0.508,70400,35.0,48.0,60.0,YES,YES,UNKNOWN_ANALYSIS_IAQ52_VOC0.51ppm,11660.8,0,5.0,0.050,50
2026-06-25 00:30:59,31.97,67.49,1004.00,51.56,507,0.508,70400,34.0,50.0,60.0,YES,YES,UNKNOWN_ANALYSIS_IAQ52_VOC0.51ppm,11671.2,0,5.0,0.050,50
2026-06-25 00:31:09,31.97,67.49,1004.00,51.56,507,0.508,70400,34.0,49.0,60.0,YES,YES,UNKNOWN_ANALYSIS_IAQ52_VOC0.51ppm,11680.6,0,5.0,0.050,50
2026-06-25 00:31:19,31.97,67.49,1004.00,51.56,507,0.508,70400,34.0,50.0,61.0,YES,YES,UNKNOWN_ANALYSIS_IAQ52_VOC0.51ppm,11691.0,0,5.0,0.050,50
2026-06-25 00:31:30,31.97,67.49,1004.00,51.56,507,0.508,70400,34.0,49.0,62.0,YES,YES,UNKNOWN_ANALYSIS_IAQ52_VOC0.51ppm,11701.5,0,5.0,0.050,50
2026-06-25 00:31:39,31.95,67.47,1004.00,54.32,519,0.522,70300,33.0,49.0,61.0,YES,YES,UNKNOWN_ANALYSIS_IAQ54_VOC0.52ppm,11710.9,0,5.0,0.050,50
2026-06-25 00:31:49,31.95,67.47,1004.00,54.32,519,0.522,70300,34.0,50.0,62.0,YES,YES,UNKNOWN_ANALYSIS_IAQ54_VOC0.52ppm,11721.3,0,5.0,0.050,50
2026-06-25 00:31:59,31.95,67.47,1004.00,54.32,519,0.522,70300,34.0,49.0,60.0,YES,YES,UNKNOWN_ANALYSIS_IAQ54_VOC0.52ppm,11730.7,0,5.0,0.050,50
2026-06-25 00:32:09,31.95,67.47,1004.00,54.32,519,0.522,70300,34.0,49.0,60.0,YES,YES,UNKNOWN_ANALYSIS_IAQ54_VOC0.52ppm,11741.2,0,5.0,0.050,50
2026-06-25 00:32:20,31.95,67.47,1004.00,54.32,519,0.522,70300,34.0,50.0,61.0,YES,YES,UNKNOWN_ANALYSIS_IAQ54_VOC0.52ppm,11751.6,0,5.0,0.050,50
2026-06-25 00:32:29,31.95,67.47,1004.00,54.32,519,0.522,70300,34.0,50.0,61.0,YES,YES,UNKNOWN_ANALYSIS_IAQ54_VOC0.52ppm,11761.0,0,5.0,0.050,50
2026-06-25 00:32:40,31.95,67.47,1004.00,54.32,519,0.522,70300,35.0,50.0,61.0,YES,YES,UNKNOWN_ANALYSIS_IAQ54_VOC0.52ppm,11771.4,0,5.0,0.050,50
2026-06-25 00:32:50,31.95,67.47,1004.00,54.32,519,0.522,70300,34.0,49.0,61.0,YES,YES,UNKNOWN_ANALYSIS_IAQ54_VOC0.52ppm,11781.9,0,5.0,0.050,50
2026-06-25 00:32:59,31.95,67.47,1004.00,54.32,519,0.522,70300,34.0,49.0,61.0,YES,YES,UNKNOWN_ANALYSIS_IAQ54_VOC0.52ppm,11791.3,0,5.0,0.050,50
2026-06-25 00:33:10,31.95,67.47,1004.00,54.32,519,0.522,70300,36.0,51.0,62.0,YES,YES,UNKNOWN_ANALYSIS_IAQ54_VOC0.52ppm,11801.7,0,5.0,0.050,50
2026-06-25 00:33:19,31.95,67.47,1004.00,54.32,519,0.522,70300,35.0,50.0,61.0,YES,YES,UNKNOWN_ANALYSIS_IAQ54_VOC0.52ppm,11811.1,0,5.0,0.050,50
2026-06-25 00:33:30,31.95,67.47,1004.00,54.32,519,0.522,70300,36.0,50.0,61.0,YES,YES,UNKNOWN_ANALYSIS_IAQ54_VOC0.52ppm,11821.5,0,5.0,0.050,50
2026-06-25 00:33:40,31.95,67.47,1004.00,54.32,519,0.522,70300,35.0,49.0,60.0,YES,YES,UNKNOWN_ANALYSIS_IAQ54_VOC0.52ppm,11832.0,0,5.0,0.050,50
2026-06-25 00:33:49,31.95,67.47,1004.00,54.32,519,0.522,70300,36.0,50.0,61.0,YES,YES,UNKNOWN_ANALYSIS_IAQ54_VOC0.52ppm,11841.4,0,5.0,0.050,50
2026-06-25 00:34:00,31.95,67.47,1004.00,54.32,519,0.522,70300,35.0,49.0,61.0,YES,YES,UNKNOWN_ANALYSIS_IAQ54_VOC0.52ppm,11851.8,0,5.0,0.050,50
2026-06-25 00:34:09,31.95,67.47,1004.00,54.32,519,0.522,70300,36.0,50.0,61.0,YES,YES,UNKNOWN_ANALYSIS_IAQ54_VOC0.52ppm,11861.2,0,5.0,0.050,50
2026-06-25 00:34:20,31.95,67.47,1004.00,54.32,519,0.522,70300,35.0,50.0,62.0,YES,YES,UNKNOWN_ANALYSIS_IAQ54_VOC0.52ppm,11871.6,0,5.0,0.050,50
2026-06-25 00:34:30,31.95,67.47,1004.00,54.32,519,0.522,70300,35.0,50.0,62.0,YES,YES,UNKNOWN_ANALYSIS_IAQ54_VOC0.52ppm,11882.1,0,5.0,0.050,50
2026-06-25 00:34:40,31.95,67.47,1004.00,54.32,519,0.522,70300,35.0,49.0,61.0,YES,YES,UNKNOWN_ANALYSIS_IAQ54_VOC0.52ppm,11891.5,0,5.0,0.050,50
2026-06-25 00:34:50,31.95,67.47,1004.00,54.32,519,0.522,70300,36.0,50.0,62.0,YES,YES,UNKNOWN_ANALYSIS_IAQ54_VOC0.52ppm,11901.9,0,5.0,0.050,50
2026-06-25 00:35:00,31.95,67.47,1004.00,54.32,519,0.522,70300,36.0,49.0,61.0,YES,YES,UNKNOWN_ANALYSIS_IAQ54_VOC0.52ppm,11912.4,0,5.0,0.050,50
2026-06-25 00:35:10,31.95,67.47,1004.00,54.32,519,0.522,70300,36.0,49.0,61.0,YES,YES,UNKNOWN_ANALYSIS_IAQ54_VOC0.52ppm,11921.8,0,5.0,0.050,50
2026-06-25 00:35:20,31.95,67.47,1004.00,54.32,519,0.522,70300,36.0,50.0,61.0,YES,YES,UNKNOWN_ANALYSIS_IAQ54_VOC0.52ppm,11932.2,0,5.0,0.050,50
2026-06-25 00:35:30,31.95,67.47,1004.00,54.32,519,0.522,70300,34.0,49.0,61.0,YES,YES,UNKNOWN_ANALYSIS_IAQ54_VOC0.52ppm,11941.6,0,5.0,0.050,50
2026-06-25 00:35:40,31.95,67.47,1004.00,54.32,519,0.522,70300,36.0,50.0,62.0,YES,YES,UNKNOWN_ANALYSIS_IAQ54_VOC0.52ppm,11952.0,0,5.0,0.050,50
2026-06-25 00:35:51,31.95,67.47,1004.00,54.32,519,0.522,70300,35.0,50.0,62.0,YES,YES,UNKNOWN_ANALYSIS_IAQ54_VOC0.52ppm,11962.5,0,5.0,0.050,50
2026-06-25 00:36:00,31.95,67.47,1004.00,54.32,519,0.522,70300,35.0,50.0,62.0,YES,YES,UNKNOWN_ANALYSIS_IAQ54_VOC0.52ppm,11971.9,0,5.0,0.050,50
2026-06-25 00:36:10,31.95,67.47,1004.00,54.32,519,0.522,70300,35.0,49.0,61.0,YES,YES,UNKNOWN_ANALYSIS_IAQ54_VOC0.52ppm,11982.3,0,5.0,0.050,50
2026-06-25 00:36:20,31.95,67.47,1004.00,54.32,519,0.522,70300,35.0,50.0,62.0,YES,YES,UNKNOWN_ANALYSIS_IAQ54_VOC0.52ppm,11991.7,0,5.0,0.050,50
2026-06-25 00:36:30,31.95,67.47,1004.00,54.32,519,0.522,70300,35.0,50.0,62.0,YES,YES,UNKNOWN_ANALYSIS_IAQ54_VOC0.52ppm,12002.1,0,5.0,0.050,50
2026-06-25 00:36:41,31.98,67.47,1004.00,53.20,514,0.516,70300,35.0,50.0,63.0,YES,YES,UNKNOWN_ANALYSIS_IAQ53_VOC0.52ppm,12012.6,0,5.0,0.050,50
2026-06-25 00:36:50,31.98,67.47,1004.00,53.20,514,0.516,70300,35.0,51.0,62.0,YES,YES,UNKNOWN_ANALYSIS_IAQ53_VOC0.52ppm,12022.0,0,5.0,0.050,50
2026-06-25 00:37:01,31.98,67.47,1004.00,53.20,514,0.516,70300,35.0,50.0,62.0,YES,YES,UNKNOWN_ANALYSIS_IAQ53_VOC0.52ppm,12032.4,0,5.0,0.050,50
2026-06-25 00:37:10,31.98,67.47,1004.00,53.20,514,0.516,70300,36.0,50.0,63.0,YES,YES,UNKNOWN_ANALYSIS_IAQ53_VOC0.52ppm,12041.8,0,5.0,0.050,50
2026-06-25 00:37:20,31.98,67.47,1004.00,53.20,514,0.516,70300,35.0,50.0,62.0,YES,YES,UNKNOWN_ANALYSIS_IAQ53_VOC0.52ppm,12052.3,0,5.0,0.050,50
2026-06-25 00:37:31,31.98,67.47,1004.00,53.20,514,0.516,70300,34.0,50.0,61.0,YES,YES,UNKNOWN_ANALYSIS_IAQ53_VOC0.52ppm,12062.7,0,5.0,0.050,50
2026-06-25 00:37:40,31.98,67.47,1004.00,53.20,514,0.516,70300,35.0,50.0,62.0,YES,YES,UNKNOWN_ANALYSIS_IAQ53_VOC0.52ppm,12072.1,0,5.0,0.050,50
2026-06-25 00:37:51,31.98,67.47,1004.00,53.20,514,0.516,70300,35.0,49.0,61.0,YES,YES,UNKNOWN_ANALYSIS_IAQ53_VOC0.52ppm,12082.5,0,5.0,0.050,50
2026-06-25 00:38:00,31.98,67.47,1004.00,53.20,514,0.516,70300,35.0,49.0,61.0,YES,YES,UNKNOWN_ANALYSIS_IAQ53_VOC0.52ppm,12091.9,0,5.0,0.050,50
2026-06-25 00:38:11,31.98,67.47,1004.00,53.20,514,0.516,70300,34.0,49.0,60.0,YES,YES,UNKNOWN_ANALYSIS_IAQ53_VOC0.52ppm,12102.4,0,5.0,0.050,50
2026-06-25 00:38:21,31.98,67.47,1004.00,53.20,514,0.516,70300,34.0,48.0,60.0,YES,YES,UNKNOWN_ANALYSIS_IAQ53_VOC0.52ppm,12112.8,0,5.0,0.050,50
2026-06-25 00:38:30,31.98,67.47,1004.00,53.20,514,0.516,70300,33.0,48.0,59.0,YES,YES,UNKNOWN_ANALYSIS_IAQ53_VOC0.52ppm,12122.2,0,5.0,0.050,50
2026-06-25 00:38:41,31.98,67.47,1004.00,53.20,514,0.516,70300,34.0,49.0,60.0,YES,YES,UNKNOWN_ANALYSIS_IAQ53_VOC0.52ppm,12132.7,0,5.0,0.050,50
2026-06-25 00:38:50,31.98,67.47,1004.00,53.20,514,0.516,70300,34.0,49.0,60.0,YES,YES,UNKNOWN_ANALYSIS_IAQ53_VOC0.52ppm,12142.0,0,5.0,0.050,50
2026-06-25 00:39:01,31.98,67.47,1004.00,53.20,514,0.516,70300,33.0,48.0,60.0,YES,YES,UNKNOWN_ANALYSIS_IAQ53_VOC0.52ppm,12152.5,0,5.0,0.050,50
2026-06-25 00:39:11,31.98,67.47,1004.00,53.20,514,0.516,70300,34.0,50.0,62.0,YES,YES,UNKNOWN_ANALYSIS_IAQ53_VOC0.52ppm,12162.9,0,5.0,0.050,50
2026-06-25 00:39:20,31.98,67.47,1004.00,53.20,514,0.516,70300,35.0,50.0,62.0,YES,YES,UNKNOWN_ANALYSIS_IAQ53_VOC0.52ppm,12172.3,0,5.0,0.050,50
2026-06-25 00:39:31,31.98,67.47,1004.00,53.20,514,0.516,70300,33.0,49.0,61.0,YES,YES,UNKNOWN_ANALYSIS_IAQ53_VOC0.52ppm,12182.8,0,5.0,0.050,50
2026-06-25 00:39:41,31.98,67.47,1004.00,53.20,514,0.516,70300,34.0,50.0,61.0,YES,YES,UNKNOWN_ANALYSIS_IAQ53_VOC0.52ppm,12193.2,0,5.0,0.050,50
2026-06-25 00:39:51,31.98,67.47,1004.00,53.20,514,0.516,70300,33.0,49.0,60.0,YES,YES,UNKNOWN_ANALYSIS_IAQ53_VOC0.52ppm,12202.6,0,5.0,0.050,50
2026-06-25 00:40:01,31.98,67.47,1004.00,53.20,514,0.516,70300,33.0,48.0,58.0,YES,YES,UNKNOWN_ANALYSIS_IAQ53_VOC0.52ppm,12213.0,0,5.0,0.050,50
2026-06-25 00:40:11,31.98,67.47,1004.00,53.20,514,0.516,70300,33.0,49.0,59.0,YES,YES,UNKNOWN_ANALYSIS_IAQ53_VOC0.52ppm,12222.4,0,5.0,0.050,50
2026-06-25 00:40:21,31.98,67.47,1004.00,53.20,514,0.516,70300,35.0,48.0,59.0,YES,YES,UNKNOWN_ANALYSIS_IAQ53_VOC0.52ppm,12232.9,0,5.0,0.050,50
2026-06-25 00:40:31,31.98,67.47,1004.00,53.20,514,0.516,70300,35.0,48.0,59.0,YES,YES,UNKNOWN_ANALYSIS_IAQ53_VOC0.52ppm,12243.3,0,5.0,0.050,50
2026-06-25 00:40:41,31.98,67.47,1004.00,53.20,514,0.516,70300,34.0,48.0,58.0,YES,YES,UNKNOWN_ANALYSIS_IAQ53_VOC0.52ppm,12252.7,0,5.0,0.050,50
2026-06-25 00:40:51,31.98,67.47,1004.00,53.20,514,0.516,70300,34.0,49.0,59.0,YES,YES,UNKNOWN_ANALYSIS_IAQ53_VOC0.52ppm,12263.2,0,5.0,0.050,50
2026-06-25 00:41:02,31.98,67.47,1004.00,53.20,514,0.516,70300,35.0,50.0,61.0,YES,YES,UNKNOWN_ANALYSIS_IAQ53_VOC0.52ppm,12273.6,0,5.0,0.050,50
2026-06-25 00:41:11,31.98,67.47,1004.00,53.20,514,0.516,70300,34.0,49.0,59.0,YES,YES,UNKNOWN_ANALYSIS_IAQ53_VOC0.52ppm,12283.0,0,5.0,0.050,50
2026-06-25 00:41:22,31.98,67.47,1004.00,53.20,514,0.516,70300,35.0,50.0,61.0,YES,YES,UNKNOWN_ANALYSIS_IAQ53_VOC0.52ppm,12293.4,0,5.0,0.050,50
2026-06-25 00:41:31,31.98,67.47,1004.00,53.20,514,0.516,70300,36.0,50.0,62.0,YES,YES,UNKNOWN_ANALYSIS_IAQ53_VOC0.52ppm,12302.8,0,5.0,0.050,50
2026-06-25 00:41:41,32.01,67.45,1004.00,50.00,500,0.500,70600,36.0,50.0,61.0,YES,YES,UNKNOWN_ANALYSIS_IAQ50_VOC0.50ppm,12313.3,0,5.0,0.050,50
2026-06-25 00:41:52,32.01,67.45,1004.00,50.00,500,0.500,70600,35.0,49.0,60.0,YES,YES,UNKNOWN_ANALYSIS_IAQ50_VOC0.50ppm,12323.7,0,5.0,0.050,50
2026-06-25 00:42:01,32.01,67.45,1004.00,50.00,500,0.500,70600,36.0,50.0,61.0,YES,YES,UNKNOWN_ANALYSIS_IAQ50_VOC0.50ppm,12333.1,0,5.0,0.050,50
2026-06-25 00:42:12,32.01,67.45,1004.00,50.00,500,0.500,70600,35.0,49.0,60.0,YES,YES,UNKNOWN_ANALYSIS_IAQ50_VOC0.50ppm,12343.6,0,5.0,0.050,50
2026-06-25 00:42:21,32.01,67.45,1004.00,50.00,500,0.500,70600,33.0,47.0,57.0,YES,YES,UNKNOWN_ANALYSIS_IAQ50_VOC0.50ppm,12352.9,0,5.0,0.050,50
2026-06-25 00:42:32,32.01,67.45,1004.00,50.00,500,0.500,70600,34.0,48.0,57.0,YES,YES,UNKNOWN_ANALYSIS_IAQ50_VOC0.50ppm,12363.4,0,5.0,0.050,50
2026-06-25 00:42:42,32.01,67.45,1004.00,50.00,500,0.500,70600,33.0,47.0,58.0,YES,YES,UNKNOWN_ANALYSIS_IAQ50_VOC0.50ppm,12373.8,0,5.0,0.050,50
2026-06-25 00:42:51,32.01,67.45,1004.00,50.00,500,0.500,70600,33.0,47.0,58.0,YES,YES,UNKNOWN_ANALYSIS_IAQ50_VOC0.50ppm,12383.2,0,5.0,0.050,50
2026-06-25 00:43:02,32.01,67.45,1004.00,50.00,500,0.500,70600,34.0,48.0,58.0,YES,YES,UNKNOWN_ANALYSIS_IAQ50_VOC0.50ppm,12393.7,0,5.0,0.050,50
2026-06-25 00:43:11,32.01,67.45,1004.00,50.00,500,0.500,70600,33.0,48.0,58.0,YES,YES,UNKNOWN_ANALYSIS_IAQ50_VOC0.50ppm,12403.1,0,5.0,0.050,50
2026-06-25 00:43:22,32.01,67.45,1004.00,50.00,500,0.500,70600,35.0,49.0,60.0,YES,YES,UNKNOWN_ANALYSIS_IAQ50_VOC0.50ppm,12413.5,0,5.0,0.050,50
2026-06-25 00:43:32,32.01,67.45,1004.00,50.00,500,0.500,70600,35.0,49.0,60.0,YES,YES,UNKNOWN_ANALYSIS_IAQ50_VOC0.50ppm,12423.9,0,5.0,0.050,50
2026-06-25 00:43:41,32.01,67.45,1004.00,50.00,500,0.500,70600,35.0,50.0,60.0,YES,YES,UNKNOWN_ANALYSIS_IAQ50_VOC0.50ppm,12433.3,0,5.0,0.050,50
2026-06-25 00:43:52,32.01,67.45,1004.00,50.00,500,0.500,70600,35.0,49.0,59.0,YES,YES,UNKNOWN_ANALYSIS_IAQ50_VOC0.50ppm,12443.8,0,5.0,0.050,50
2026-06-25 00:44:01,32.01,67.45,1004.00,50.00,500,0.500,70600,34.0,48.0,58.0,YES,YES,UNKNOWN_ANALYSIS_IAQ50_VOC0.50ppm,12453.2,0,5.0,0.050,50
2026-06-25 00:44:12,32.01,67.45,1004.00,50.00,500,0.500,70600,35.0,48.0,59.0,YES,YES,UNKNOWN_ANALYSIS_IAQ50_VOC0.50ppm,12463.6,0,5.0,0.050,50
2026-06-25 00:44:22,32.01,67.45,1004.00,50.00,500,0.500,70600,35.0,48.0,60.0,YES,YES,UNKNOWN_ANALYSIS_IAQ50_VOC0.50ppm,12474.1,0,5.0,0.050,50
2026-06-25 00:44:32,32.01,67.45,1004.00,50.00,500,0.500,70600,34.0,47.0,59.0,YES,YES,UNKNOWN_ANALYSIS_IAQ50_VOC0.50ppm,12483.5,0,5.0,0.050,50
2026-06-25 00:44:42,32.01,67.45,1004.00,50.00,500,0.500,70600,34.0,48.0,58.0,YES,YES,UNKNOWN_ANALYSIS_IAQ50_VOC0.50ppm,12493.9,0,5.0,0.050,50
2026-06-25 00:44:51,32.01,67.45,1004.00,50.00,500,0.500,70600,33.0,48.0,59.0,YES,YES,UNKNOWN_ANALYSIS_IAQ50_VOC0.50ppm,12503.3,0,5.0,0.050,50
2026-06-25 00:45:02,32.01,67.45,1004.00,50.00,500,0.500,70600,34.0,50.0,61.0,YES,YES,UNKNOWN_ANALYSIS_IAQ50_VOC0.50ppm,12513.8,0,5.0,0.050,50
2026-06-25 00:45:12,32.01,67.45,1004.00,50.00,500,0.500,70600,33.0,48.0,59.0,YES,YES,UNKNOWN_ANALYSIS_IAQ50_VOC0.50ppm,12524.2,0,5.0,0.050,50
2026-06-25 00:45:22,32.01,67.45,1004.00,50.00,500,0.500,70600,34.0,49.0,60.0,YES,YES,UNKNOWN_ANALYSIS_IAQ50_VOC0.50ppm,12533.6,0,5.0,0.050,50
2026-06-25 00:45:32,32.01,67.45,1004.00,50.00,500,0.500,70600,34.0,49.0,59.0,YES,YES,UNKNOWN_ANALYSIS_IAQ50_VOC0.50ppm,12544.0,0,5.0,0.050,50
PMS7003: Unknown error
2026-06-25 00:45:42,32.01,67.45,1004.00,50.00,500,0.500,70600,34.0,49.0,59.0,YES,YES,UNKNOWN_ANALYSIS_IAQ50_VOC0.50ppm,12553.4,0,5.0,0.050,50
2026-06-25 00:45:52,32.01,67.45,1004.00,50.00,500,0.500,70600,35.0,49.0,60.0,YES,YES,UNKNOWN_ANALYSIS_IAQ50_VOC0.50ppm,12563.9,0,5.0,0.050,50
2026-06-25 00:46:02,32.01,67.45,1004.00,50.00,500,0.500,70600,36.0,49.0,60.0,YES,YES,UNKNOWN_ANALYSIS_IAQ50_VOC0.50ppm,12574.3,0,5.0,0.050,50
2026-06-25 00:46:12,32.01,67.45,1004.00,50.00,500,0.500,70600,36.0,49.0,61.0,YES,YES,UNKNOWN_ANALYSIS_IAQ50_VOC0.50ppm,12583.7,0,5.0,0.050,50
2026-06-25 00:46:22,32.01,67.45,1004.00,50.00,500,0.500,70600,34.0,49.0,60.0,YES,YES,UNKNOWN_ANALYSIS_IAQ50_VOC0.50ppm,12594.2,0,5.0,0.050,50
2026-06-25 00:46:33,32.01,67.45,1004.00,50.00,500,0.500,70600,35.0,49.0,60.0,YES,YES,UNKNOWN_ANALYSIS_IAQ50_VOC0.50ppm,12604.6,0,5.0,0.050,50
2026-06-25 00:46:42,31.99,67.43,1004.00,50.00,500,0.500,70900,34.0,48.0,61.0,YES,YES,UNKNOWN_ANALYSIS_IAQ50_VOC0.50ppm,12614.0,0,5.0,0.050,50
2026-06-25 00:46:53,31.99,67.43,1004.00,50.00,500,0.500,70900,35.0,48.0,60.0,YES,YES,UNKNOWN_ANALYSIS_IAQ50_VOC0.50ppm,12624.4,0,5.0,0.050,50
2026-06-25 00:47:02,31.99,67.43,1004.00,50.00,500,0.500,70900,36.0,49.0,62.0,YES,YES,UNKNOWN_ANALYSIS_IAQ50_VOC0.50ppm,12633.8,0,5.0,0.050,50
2026-06-25 00:47:12,31.99,67.43,1004.00,50.00,500,0.500,70900,35.0,48.0,61.0,YES,YES,UNKNOWN_ANALYSIS_IAQ50_VOC0.50ppm,12644.3,0,5.0,0.050,50
2026-06-25 00:47:23,31.99,67.43,1004.00,50.00,500,0.500,70900,34.0,47.0,60.0,YES,YES,UNKNOWN_ANALYSIS_IAQ50_VOC0.50ppm,12654.7,0,5.0,0.050,50
2026-06-25 00:47:32,31.99,67.43,1004.00,50.00,500,0.500,70900,34.0,47.0,59.0,YES,YES,UNKNOWN_ANALYSIS_IAQ50_VOC0.50ppm,12664.1,0,5.0,0.050,50
2026-06-25 00:47:43,31.99,67.43,1004.00,50.00,500,0.500,70900,35.0,48.0,60.0,YES,YES,UNKNOWN_ANALYSIS_IAQ50_VOC0.50ppm,12674.5,0,5.0,0.050,50
2026-06-25 00:47:52,31.99,67.43,1004.00,50.00,500,0.500,70900,34.0,48.0,60.0,YES,YES,UNKNOWN_ANALYSIS_IAQ50_VOC0.50ppm,12683.9,0,5.0,0.050,50
2026-06-25 00:48:03,31.99,67.43,1004.00,50.00,500,0.500,70900,35.0,49.0,60.0,YES,YES,UNKNOWN_ANALYSIS_IAQ50_VOC0.50ppm,12694.4,0,5.0,0.050,50
2026-06-25 00:48:13,31.99,67.43,1004.00,50.00,500,0.500,70900,35.0,48.0,60.0,YES,YES,UNKNOWN_ANALYSIS_IAQ50_VOC0.50ppm,12704.8,0,5.0,0.050,50
2026-06-25 00:48:22,31.99,67.43,1004.00,50.00,500,0.500,70900,34.0,49.0,60.0,YES,YES,UNKNOWN_ANALYSIS_IAQ50_VOC0.50ppm,12714.2,0,5.0,0.050,50
2026-06-25 00:48:33,31.99,67.43,1004.00,50.00,500,0.500,70900,34.0,48.0,58.0,YES,YES,UNKNOWN_ANALYSIS_IAQ50_VOC0.50ppm,12724.7,0,5.0,0.050,50
2026-06-25 00:48:42,31.99,67.43,1004.00,50.00,500,0.500,70900,34.0,48.0,58.0,YES,YES,UNKNOWN_ANALYSIS_IAQ50_VOC0.50ppm,12734.1,0,5.0,0.050,50
2026-06-25 00:48:53,31.99,67.43,1004.00,50.00,500,0.500,70900,33.0,48.0,59.0,YES,YES,UNKNOWN_ANALYSIS_IAQ50_VOC0.50ppm,12744.5,0,5.0,0.050,50
2026-06-25 00:49:03,31.99,67.43,1004.00,50.00,500,0.500,70900,34.0,49.0,59.0,YES,YES,UNKNOWN_ANALYSIS_IAQ50_VOC0.50ppm,12754.9,0,5.0,0.050,50
2026-06-25 00:49:12,31.99,67.43,1004.00,50.00,500,0.500,70900,33.0,48.0,58.0,YES,YES,UNKNOWN_ANALYSIS_IAQ50_VOC0.50ppm,12764.3,0,5.0,0.050,50
2026-06-25 00:49:23,31.99,67.43,1004.00,50.00,500,0.500,70900,33.0,47.0,58.0,YES,YES,UNKNOWN_ANALYSIS_IAQ50_VOC0.50ppm,12774.8,0,5.0,0.050,50
2026-06-25 00:49:33,31.99,67.43,1004.00,50.00,500,0.500,70900,34.0,48.0,59.0,YES,YES,UNKNOWN_ANALYSIS_IAQ50_VOC0.50ppm,12785.2,0,5.0,0.050,50
2026-06-25 00:49:43,31.99,67.43,1004.00,50.00,500,0.500,70900,34.0,49.0,60.0,YES,YES,UNKNOWN_ANALYSIS_IAQ50_VOC0.50ppm,12794.6,0,5.0,0.050,50
2026-06-25 00:49:53,31.99,67.43,1004.00,50.00,500,0.500,70900,34.0,48.0,59.0,YES,YES,UNKNOWN_ANALYSIS_IAQ50_VOC0.50ppm,12805.1,0,5.0,0.050,50
2026-06-25 00:50:03,31.99,67.43,1004.00,50.00,500,0.500,70900,33.0,47.0,57.0,YES,YES,UNKNOWN_ANALYSIS_IAQ50_VOC0.50ppm,12814.5,0,5.0,0.050,50
2026-06-25 00:50:13,31.99,67.43,1004.00,50.00,500,0.500,70900,34.0,46.0,57.0,YES,YES,UNKNOWN_ANALYSIS_IAQ50_VOC0.50ppm,12824.9,0,5.0,0.050,50
2026-06-25 00:50:23,31.99,67.43,1004.00,50.00,500,0.500,70900,33.0,47.0,59.0,YES,YES,UNKNOWN_ANALYSIS_IAQ50_VOC0.50ppm,12835.3,0,5.0,0.050,50
2026-06-25 00:50:33,31.99,67.43,1004.00,50.00,500,0.500,70900,34.0,48.0,60.0,YES,YES,UNKNOWN_ANALYSIS_IAQ50_VOC0.50ppm,12844.7,0,5.0,0.050,50
2026-06-25 00:50:43,31.99,67.43,1004.00,50.00,500,0.500,70900,33.0,48.0,59.0,YES,YES,UNKNOWN_ANALYSIS_IAQ50_VOC0.50ppm,12855.2,0,5.0,0.050,50
2026-06-25 00:50:53,31.99,67.43,1004.00,50.00,500,0.500,70900,33.0,48.0,58.0,YES,YES,UNKNOWN_ANALYSIS_IAQ50_VOC0.50ppm,12864.6,0,5.0,0.050,50
2026-06-25 00:51:03,31.99,67.43,1004.00,50.00,500,0.500,70900,34.0,48.0,59.0,YES,YES,UNKNOWN_ANALYSIS_IAQ50_VOC0.50ppm,12875.0,0,5.0,0.050,50
2026-06-25 00:51:14,31.99,67.43,1004.00,50.00,500,0.500,70900,34.0,47.0,58.0,YES,YES,UNKNOWN_ANALYSIS_IAQ50_VOC0.50ppm,12885.5,0,5.0,0.050,50
2026-06-25 00:51:23,31.99,67.43,1004.00,50.00,500,0.500,70900,33.0,47.0,57.0,YES,YES,UNKNOWN_ANALYSIS_IAQ50_VOC0.50ppm,12894.8,0,5.0,0.050,50
2026-06-25 00:51:33,31.99,67.43,1004.00,50.00,500,0.500,70900,34.0,48.0,59.0,YES,YES,UNKNOWN_ANALYSIS_IAQ50_VOC0.50ppm,12905.3,0,5.0,0.050,50
2026-06-25 00:51:43,31.98,67.46,1004.00,50.00,500,0.500,71100,33.0,47.0,58.0,YES,YES,UNKNOWN_ANALYSIS_IAQ50_VOC0.50ppm,12914.7,0,5.0,0.050,50
2026-06-25 00:51:53,31.98,67.46,1004.00,50.00,500,0.500,71100,33.0,47.0,57.0,YES,YES,UNKNOWN_ANALYSIS_IAQ50_VOC0.50ppm,12925.1,0,5.0,0.050,50
2026-06-25 00:52:04,31.98,67.46,1004.00,50.00,500,0.500,71100,34.0,48.0,58.0,YES,YES,UNKNOWN_ANALYSIS_IAQ50_VOC0.50ppm,12935.6,0,5.0,0.050,50
2026-06-25 00:52:13,31.98,67.46,1004.00,50.00,500,0.500,71100,34.0,48.0,59.0,YES,YES,UNKNOWN_ANALYSIS_IAQ50_VOC0.50ppm,12945.0,0,5.0,0.050,50
2026-06-25 00:52:24,31.98,67.46,1004.00,50.00,500,0.500,71100,35.0,49.0,60.0,YES,YES,UNKNOWN_ANALYSIS_IAQ50_VOC0.50ppm,12955.4,0,5.0,0.050,50
2026-06-25 00:52:34,31.98,67.46,1004.00,50.00,500,0.500,71100,34.0,48.0,60.0,YES,YES,UNKNOWN_ANALYSIS_IAQ50_VOC0.50ppm,12965.8,0,5.0,0.050,50
2026-06-25 00:52:43,31.98,67.46,1004.00,50.00,500,0.500,71100,34.0,48.0,60.0,YES,YES,UNKNOWN_ANALYSIS_IAQ50_VOC0.50ppm,12975.2,0,5.0,0.050,50
2026-06-25 00:52:54,31.98,67.46,1004.00,50.00,500,0.500,71100,35.0,50.0,61.0,YES,YES,UNKNOWN_ANALYSIS_IAQ50_VOC0.50ppm,12985.7,0,5.0,0.050,50
2026-06-25 00:53:03,31.98,67.46,1004.00,50.00,500,0.500,71100,35.0,49.0,60.0,YES,YES,UNKNOWN_ANALYSIS_IAQ50_VOC0.50ppm,12995.1,0,5.0,0.050,50
2026-06-25 00:53:14,31.98,67.46,1004.00,50.00,500,0.500,71100,34.0,48.0,58.0,YES,YES,UNKNOWN_ANALYSIS_IAQ50_VOC0.50ppm,13005.5,0,5.0,0.050,50
2026-06-25 00:53:24,31.98,67.46,1004.00,50.00,500,0.500,71100,34.0,47.0,58.0,YES,YES,UNKNOWN_ANALYSIS_IAQ50_VOC0.50ppm,13016.0,0,5.0,0.050,50
2026-06-25 00:53:33,31.98,67.46,1004.00,50.00,500,0.500,71100,34.0,47.0,58.0,YES,YES,UNKNOWN_ANALYSIS_IAQ50_VOC0.50ppm,13025.4,0,5.0,0.050,50
2026-06-25 00:53:44,31.98,67.46,1004.00,50.00,500,0.500,71100,34.0,48.0,59.0,YES,YES,UNKNOWN_ANALYSIS_IAQ50_VOC0.50ppm,13035.8,0,5.0,0.050,50
2026-06-25 00:53:53,31.98,67.46,1004.00,50.00,500,0.500,71100,34.0,49.0,60.0,YES,YES,UNKNOWN_ANALYSIS_IAQ50_VOC0.50ppm,13045.2,0,5.0,0.050,50
2026-06-25 00:54:04,31.98,67.46,1004.00,50.00,500,0.500,71100,34.0,48.0,58.0,YES,YES,UNKNOWN_ANALYSIS_IAQ50_VOC0.50ppm,13055.6,0,5.0,0.050,50
2026-06-25 00:54:14,31.98,67.46,1004.00,50.00,500,0.500,71100,35.0,49.0,58.0,YES,YES,UNKNOWN_ANALYSIS_IAQ50_VOC0.50ppm,13066.1,0,5.0,0.050,50
2026-06-25 00:54:24,31.98,67.46,1004.00,50.00,500,0.500,71100,34.0,48.0,57.0,YES,YES,UNKNOWN_ANALYSIS_IAQ50_VOC0.50ppm,13075.5,0,5.0,0.050,50
2026-06-25 00:54:34,31.98,67.46,1004.00,50.00,500,0.500,71100,34.0,48.0,59.0,YES,YES,UNKNOWN_ANALYSIS_IAQ50_VOC0.50ppm,13085.9,0,5.0,0.050,50
2026-06-25 00:54:43,31.98,67.46,1004.00,50.00,500,0.500,71100,35.0,49.0,59.0,YES,YES,UNKNOWN_ANALYSIS_IAQ50_VOC0.50ppm,13095.3,0,5.0,0.050,50
2026-06-25 00:54:54,31.98,67.46,1004.00,50.00,500,0.500,71100,35.0,48.0,59.0,YES,YES,UNKNOWN_ANALYSIS_IAQ50_VOC0.50ppm,13105.8,0,5.0,0.050,50
2026-06-25 00:55:04,31.98,67.46,1004.00,50.00,500,0.500,71100,34.0,47.0,59.0,YES,YES,UNKNOWN_ANALYSIS_IAQ50_VOC0.50ppm,13116.2,0,5.0,0.050,50
2026-06-25 00:55:14,31.98,67.46,1004.00,50.00,500,0.500,71100,34.0,48.0,60.0,YES,YES,UNKNOWN_ANALYSIS_IAQ50_VOC0.50ppm,13125.6,0,5.0,0.050,50
2026-06-25 00:55:24,31.98,67.46,1004.00,50.00,500,0.500,71100,35.0,49.0,60.0,YES,YES,UNKNOWN_ANALYSIS_IAQ50_VOC0.50ppm,13136.0,0,5.0,0.050,50
2026-06-25 00:55:34,31.98,67.46,1004.00,50.00,500,0.500,71100,33.0,48.0,58.0,YES,YES,UNKNOWN_ANALYSIS_IAQ50_VOC0.50ppm,13145.4,0,5.0,0.050,50
2026-06-25 00:55:44,31.98,67.46,1004.00,50.00,500,0.500,71100,34.0,48.0,58.0,YES,YES,UNKNOWN_ANALYSIS_IAQ50_VOC0.50ppm,13155.9,0,5.0,0.050,50
2026-06-25 00:55:54,31.98,67.46,1004.00,50.00,500,0.500,71100,34.0,48.0,59.0,YES,YES,UNKNOWN_ANALYSIS_IAQ50_VOC0.50ppm,13166.3,0,5.0,0.050,50
2026-06-25 00:56:04,31.98,67.46,1004.00,50.00,500,0.500,71100,34.0,48.0,60.0,YES,YES,UNKNOWN_ANALYSIS_IAQ50_VOC0.50ppm,13175.7,0,5.0,0.050,50
2026-06-25 00:56:14,31.98,67.46,1004.00,50.00,500,0.500,71100,34.0,47.0,59.0,YES,YES,UNKNOWN_ANALYSIS_IAQ50_VOC0.50ppm,13186.2,0,5.0,0.050,50
2026-06-25 00:56:24,31.98,67.46,1004.00,50.00,500,0.500,71100,35.0,48.0,59.0,YES,YES,UNKNOWN_ANALYSIS_IAQ50_VOC0.50ppm,13195.6,0,5.0,0.050,50
2026-06-25 00:56:34,31.98,67.46,1004.00,50.00,500,0.500,71100,34.0,48.0,59.0,YES,YES,UNKNOWN_ANALYSIS_IAQ50_VOC0.50ppm,13206.0,0,5.0,0.050,50
2026-06-25 00:56:45,32.02,67.39,1004.00,50.00,500,0.500,71800,33.0,47.0,59.0,YES,YES,UNKNOWN_ANALYSIS_IAQ50_VOC0.50ppm,13216.5,0,5.0,0.050,50
2026-06-25 00:56:54,32.02,67.39,1004.00,50.00,500,0.500,71800,34.0,48.0,60.0,YES,YES,UNKNOWN_ANALYSIS_IAQ50_VOC0.50ppm,13225.9,0,5.0,0.050,50
2026-06-25 00:57:04,32.02,67.39,1004.00,50.00,500,0.500,71800,34.0,48.0,58.0,YES,YES,UNKNOWN_ANALYSIS_IAQ50_VOC0.50ppm,13236.3,0,5.0,0.050,50
2026-06-25 00:57:15,32.02,67.39,1004.00,50.00,500,0.500,71800,35.0,48.0,60.0,YES,YES,UNKNOWN_ANALYSIS_IAQ50_VOC0.50ppm,13246.7,0,5.0,0.050,50
2026-06-25 00:57:24,32.02,67.39,1004.00,50.00,500,0.500,71800,34.0,47.0,59.0,YES,YES,UNKNOWN_ANALYSIS_IAQ50_VOC0.50ppm,13256.1,0,5.0,0.050,50
2026-06-25 00:57:35,32.02,67.39,1004.00,50.00,500,0.500,71800,35.0,48.0,59.0,YES,YES,UNKNOWN_ANALYSIS_IAQ50_VOC0.50ppm,13266.6,0,5.0,0.050,50
2026-06-25 00:57:44,32.02,67.39,1004.00,50.00,500,0.500,71800,34.0,48.0,58.0,YES,YES,UNKNOWN_ANALYSIS_IAQ50_VOC0.50ppm,13276.0,0,5.0,0.050,50
2026-06-25 00:57:55,32.02,67.39,1004.00,50.00,500,0.500,71800,34.0,49.0,60.0,YES,YES,UNKNOWN_ANALYSIS_IAQ50_VOC0.50ppm,13286.4,0,5.0,0.050,50
2026-06-25 00:58:05,32.02,67.39,1004.00,50.00,500,0.500,71800,33.0,48.0,59.0,YES,YES,UNKNOWN_ANALYSIS_IAQ50_VOC0.50ppm,13296.8,0,5.0,0.050,50
2026-06-25 00:58:14,32.02,67.39,1004.00,50.00,500,0.500,71800,33.0,47.0,57.0,YES,YES,UNKNOWN_ANALYSIS_IAQ50_VOC0.50ppm,13306.3,0,5.0,0.050,50
2026-06-25 00:58:25,32.02,67.39,1004.00,50.00,500,0.500,71800,34.0,48.0,58.0,YES,YES,UNKNOWN_ANALYSIS_IAQ50_VOC0.50ppm,13316.7,0,5.0,0.050,50
2026-06-25 00:58:34,32.02,67.39,1004.00,50.00,500,0.500,71800,34.0,48.0,59.0,YES,YES,UNKNOWN_ANALYSIS_IAQ50_VOC0.50ppm,13326.1,0,5.0,0.050,50
2026-06-25 00:58:45,32.02,67.39,1004.00,50.00,500,0.500,71800,33.0,47.0,57.0,YES,YES,UNKNOWN_ANALYSIS_IAQ50_VOC0.50ppm,13336.5,0,5.0,0.050,50
2026-06-25 00:58:55,32.02,67.39,1004.00,50.00,500,0.500,71800,34.0,48.0,58.0,YES,YES,UNKNOWN_ANALYSIS_IAQ50_VOC0.50ppm,13347.0,0,5.0,0.050,50
2026-06-25 00:59:04,32.02,67.39,1004.00,50.00,500,0.500,71800,33.0,47.0,56.0,YES,YES,UNKNOWN_ANALYSIS_IAQ50_VOC0.50ppm,13356.4,0,5.0,0.050,50
2026-06-25 00:59:15,32.02,67.39,1004.00,50.00,500,0.500,71800,34.0,47.0,56.0,YES,YES,UNKNOWN_ANALYSIS_IAQ50_VOC0.50ppm,13366.8,0,5.0,0.050,50
2026-06-25 00:59:24,32.02,67.39,1004.00,50.00,500,0.500,71800,35.0,49.0,60.0,YES,YES,UNKNOWN_ANALYSIS_IAQ50_VOC0.50ppm,13376.2,0,5.0,0.050,50
2026-06-25 00:59:35,32.02,67.39,1004.00,50.00,500,0.500,71800,34.0,48.0,60.0,YES,YES,UNKNOWN_ANALYSIS_IAQ50_VOC0.50ppm,13386.6,0,5.0,0.050,50
2026-06-25 00:59:45,32.02,67.39,1004.00,50.00,500,0.500,71800,34.0,47.0,59.0,YES,YES,UNKNOWN_ANALYSIS_IAQ50_VOC0.50ppm,13397.1,0,5.0,0.050,50
2026-06-25 00:59:55,32.02,67.39,1004.00,50.00,500,0.500,71800,35.0,49.0,60.0,YES,YES,UNKNOWN_ANALYSIS_IAQ50_VOC0.50ppm,13406.5,0,5.0,0.050,50
2026-06-25 01:00:05,32.02,67.39,1004.00,50.00,500,0.500,71800,34.0,48.0,58.0,YES,YES,UNKNOWN_ANALYSIS_IAQ50_VOC0.50ppm,13416.9,0,5.0,0.050,50
2026-06-25 01:00:15,32.02,67.39,1004.00,50.00,500,0.500,71800,35.0,49.0,58.0,YES,YES,UNKNOWN_ANALYSIS_IAQ50_VOC0.50ppm,13427.4,0,5.0,0.050,50
2026-06-25 01:00:25,32.02,67.39,1004.00,50.00,500,0.500,71800,35.0,48.0,58.0,YES,YES,UNKNOWN_ANALYSIS_IAQ50_VOC0.50ppm,13436.8,0,5.0,0.050,50
2026-06-25 01:00:35,32.02,67.39,1004.00,50.00,500,0.500,71800,34.0,48.0,57.0,YES,YES,UNKNOWN_ANALYSIS_IAQ50_VOC0.50ppm,13447.2,0,5.0,0.050,50
2026-06-25 01:00:45,32.02,67.39,1004.00,50.00,500,0.500,71800,35.0,50.0,61.0,YES,YES,UNKNOWN_ANALYSIS_IAQ50_VOC0.50ppm,13456.6,0,5.0,0.050,50
2026-06-25 01:00:55,32.02,67.39,1004.00,50.00,500,0.500,71800,34.0,49.0,60.0,YES,YES,UNKNOWN_ANALYSIS_IAQ50_VOC0.50ppm,13467.0,0,5.0,0.050,50
2026-06-25 01:01:06,32.02,67.39,1004.00,50.00,500,0.500,71800,33.0,49.0,61.0,YES,YES,UNKNOWN_ANALYSIS_IAQ50_VOC0.50ppm,13477.5,0,5.0,0.050,50
2026-06-25 01:01:15,32.02,67.39,1004.00,50.00,500,0.500,71800,34.0,49.0,61.0,YES,YES,UNKNOWN_ANALYSIS_IAQ50_VOC0.50ppm,13486.9,0,5.0,0.050,50
2026-06-25 01:01:25,32.02,67.39,1004.00,50.00,500,0.500,71800,34.0,49.0,63.0,YES,YES,UNKNOWN_ANALYSIS_IAQ50_VOC0.50ppm,13497.3,0,5.0,0.050,50
2026-06-25 01:01:36,32.02,67.39,1004.00,50.00,500,0.500,71800,35.0,49.0,62.0,YES,YES,UNKNOWN_ANALYSIS_IAQ50_VOC0.50ppm,13507.7,0,5.0,0.050,50
2026-06-25 01:01:45,31.93,67.43,1004.00,58.28,536,0.543,71500,34.0,48.0,61.0,YES,YES,UNKNOWN_ANALYSIS_IAQ58_VOC0.54ppm,13517.1,0,5.0,0.050,50
2026-06-25 01:01:56,31.93,67.43,1004.00,58.28,536,0.543,71500,34.0,48.0,60.0,YES,YES,UNKNOWN_ANALYSIS_IAQ58_VOC0.54ppm,13527.6,0,5.0,0.050,50
2026-06-25 01:02:05,31.93,67.43,1004.00,58.28,536,0.543,71500,33.0,47.0,58.0,YES,YES,UNKNOWN_ANALYSIS_IAQ58_VOC0.54ppm,13537.0,0,5.0,0.050,50
2026-06-25 01:02:16,31.93,67.43,1004.00,58.28,536,0.543,71500,34.0,48.0,60.0,YES,YES,UNKNOWN_ANALYSIS_IAQ58_VOC0.54ppm,13547.4,0,5.0,0.050,50
2026-06-25 01:02:26,31.93,67.43,1004.00,58.28,536,0.543,71500,34.0,49.0,61.0,YES,YES,UNKNOWN_ANALYSIS_IAQ58_VOC0.54ppm,13557.8,0,5.0,0.050,50
2026-06-25 01:02:35,31.93,67.43,1004.00,58.28,536,0.543,71500,35.0,50.0,61.0,YES,YES,UNKNOWN_ANALYSIS_IAQ58_VOC0.54ppm,13567.2,0,5.0,0.050,50
2026-06-25 01:02:46,31.93,67.43,1004.00,58.28,536,0.543,71500,33.0,48.0,59.0,YES,YES,UNKNOWN_ANALYSIS_IAQ58_VOC0.54ppm,13577.7,0,5.0,0.050,50
2026-06-25 01:02:55,31.93,67.43,1004.00,58.28,536,0.543,71500,34.0,48.0,59.0,YES,YES,UNKNOWN_ANALYSIS_IAQ58_VOC0.54ppm,13587.1,0,5.0,0.050,50
2026-06-25 01:03:06,31.93,67.43,1004.00,58.28,536,0.543,71500,34.0,48.0,60.0,YES,YES,UNKNOWN_ANALYSIS_IAQ58_VOC0.54ppm,13597.5,0,5.0,0.050,50
2026-06-25 01:03:16,31.93,67.43,1004.00,58.28,536,0.543,71500,33.0,48.0,58.0,YES,YES,UNKNOWN_ANALYSIS_IAQ58_VOC0.54ppm,13608.0,0,5.0,0.050,50
2026-06-25 01:03:25,31.93,67.43,1004.00,58.28,536,0.543,71500,33.0,47.0,58.0,YES,YES,UNKNOWN_ANALYSIS_IAQ58_VOC0.54ppm,13617.4,0,5.0,0.050,50
2026-06-25 01:03:36,31.93,67.43,1004.00,58.28,536,0.543,71500,32.0,46.0,57.0,YES,YES,UNKNOWN_ANALYSIS_IAQ58_VOC0.54ppm,13627.8,0,5.0,0.050,50
2026-06-25 01:03:46,31.93,67.43,1004.00,58.28,536,0.543,71500,33.0,47.0,58.0,YES,YES,UNKNOWN_ANALYSIS_IAQ58_VOC0.54ppm,13638.2,0,5.0,0.050,50
2026-06-25 01:03:56,31.93,67.43,1004.00,58.28,536,0.543,71500,34.0,47.0,60.0,YES,YES,UNKNOWN_ANALYSIS_IAQ58_VOC0.54ppm,13647.6,0,5.0,0.050,50
2026-06-25 01:04:06,31.93,67.43,1004.00,58.28,536,0.543,71500,33.0,47.0,59.0,YES,YES,UNKNOWN_ANALYSIS_IAQ58_VOC0.54ppm,13658.1,0,5.0,0.050,50
2026-06-25 01:04:16,31.93,67.43,1004.00,58.28,536,0.543,71500,33.0,47.0,58.0,YES,YES,UNKNOWN_ANALYSIS_IAQ58_VOC0.54ppm,13667.5,0,5.0,0.050,50
2026-06-25 01:04:26,31.93,67.43,1004.00,58.28,536,0.543,71500,33.0,48.0,59.0,YES,YES,UNKNOWN_ANALYSIS_IAQ58_VOC0.54ppm,13677.9,0,5.0,0.050,50
2026-06-25 01:04:36,31.93,67.43,1004.00,58.28,536,0.543,71500,33.0,47.0,57.0,YES,YES,UNKNOWN_ANALYSIS_IAQ58_VOC0.54ppm,13688.4,0,5.0,0.050,50
2026-06-25 01:04:46,31.93,67.43,1004.00,58.28,536,0.543,71500,33.0,47.0,57.0,YES,YES,UNKNOWN_ANALYSIS_IAQ58_VOC0.54ppm,13697.8,0,5.0,0.050,50
2026-06-25 01:04:56,31.93,67.43,1004.00,58.28,536,0.543,71500,33.0,47.0,58.0,YES,YES,UNKNOWN_ANALYSIS_IAQ58_VOC0.54ppm,13708.2,0,5.0,0.050,50
2026-06-25 01:05:06,31.93,67.43,1004.00,58.28,536,0.543,71500,34.0,48.0,58.0,YES,YES,UNKNOWN_ANALYSIS_IAQ58_VOC0.54ppm,13717.6,0,5.0,0.050,50
2026-06-25 01:05:16,31.93,67.43,1004.00,58.28,536,0.543,71500,34.0,48.0,59.0,YES,YES,UNKNOWN_ANALYSIS_IAQ58_VOC0.54ppm,13728.0,0,5.0,0.050,50
2026-06-25 01:05:27,31.93,67.43,1004.00,58.28,536,0.543,71500,33.0,47.0,59.0,YES,YES,UNKNOWN_ANALYSIS_IAQ58_VOC0.54ppm,13738.5,0,5.0,0.050,50
2026-06-25 01:05:36,31.93,67.43,1004.00,58.28,536,0.543,71500,34.0,48.0,61.0,YES,YES,UNKNOWN_ANALYSIS_IAQ58_VOC0.54ppm,13747.9,0,5.0,0.050,50
2026-06-25 01:05:46,31.93,67.43,1004.00,58.28,536,0.543,71500,34.0,48.0,60.0,YES,YES,UNKNOWN_ANALYSIS_IAQ58_VOC0.54ppm,13758.3,0,5.0,0.050,50
2026-06-25 01:05:56,31.93,67.43,1004.00,58.28,536,0.543,71500,34.0,48.0,59.0,YES,YES,UNKNOWN_ANALYSIS_IAQ58_VOC0.54ppm,13767.7,0,5.0,0.050,50
2026-06-25 01:06:06,31.93,67.43,1004.00,58.28,536,0.543,71500,34.0,48.0,58.0,YES,YES,UNKNOWN_ANALYSIS_IAQ58_VOC0.54ppm,13778.2,0,5.0,0.050,50
2026-06-25 01:06:17,31.93,67.43,1004.00,58.28,536,0.543,71500,33.0,48.0,59.0,YES,YES,UNKNOWN_ANALYSIS_IAQ58_VOC0.54ppm,13788.6,0,5.0,0.050,50
2026-06-25 01:06:26,31.93,67.43,1004.00,58.28,536,0.543,71500,33.0,47.0,57.0,YES,YES,UNKNOWN_ANALYSIS_IAQ58_VOC0.54ppm,13798.0,0,5.0,0.050,50
2026-06-25 01:06:37,31.93,67.43,1004.00,58.28,536,0.543,71500,34.0,48.0,57.0,YES,YES,UNKNOWN_ANALYSIS_IAQ58_VOC0.54ppm,13808.4,0,5.0,0.050,50
2026-06-25 01:06:47,32.00,67.43,1004.00,55.87,526,0.530,71500,34.0,47.0,57.0,YES,YES,UNKNOWN_ANALYSIS_IAQ56_VOC0.53ppm,13818.9,0,5.0,0.050,50
2026-06-25 01:06:56,32.00,67.43,1004.00,55.87,526,0.530,71500,33.0,46.0,56.0,YES,YES,UNKNOWN_ANALYSIS_IAQ56_VOC0.53ppm,13828.3,0,5.0,0.050,50
2026-06-25 01:07:07,32.00,67.43,1004.00,55.87,526,0.530,71500,34.0,47.0,57.0,YES,YES,UNKNOWN_ANALYSIS_IAQ56_VOC0.53ppm,13838.7,0,5.0,0.050,50
2026-06-25 01:07:16,32.00,67.43,1004.00,55.87,526,0.530,71500,33.0,47.0,58.0,YES,YES,UNKNOWN_ANALYSIS_IAQ56_VOC0.53ppm,13848.1,0,5.0,0.050,50
2026-06-25 01:07:27,32.00,67.43,1004.00,55.87,526,0.530,71500,33.0,48.0,60.0,YES,YES,UNKNOWN_ANALYSIS_IAQ56_VOC0.53ppm,13858.5,0,5.0,0.050,50
2026-06-25 01:07:37,32.00,67.43,1004.00,55.87,526,0.530,71500,34.0,49.0,61.0,YES,YES,UNKNOWN_ANALYSIS_IAQ56_VOC0.53ppm,13869.0,0,5.0,0.050,50
2026-06-25 01:07:47,32.00,67.43,1004.00,55.87,526,0.530,71500,33.0,47.0,58.0,YES,YES,UNKNOWN_ANALYSIS_IAQ56_VOC0.53ppm,13878.4,0,5.0,0.050,50
2026-06-25 01:07:57,32.00,67.43,1004.00,55.87,526,0.530,71500,34.0,48.0,58.0,YES,YES,UNKNOWN_ANALYSIS_IAQ56_VOC0.53ppm,13888.8,0,5.0,0.050,50
2026-06-25 01:08:06,32.00,67.43,1004.00,55.87,526,0.530,71500,34.0,48.0,58.0,YES,YES,UNKNOWN_ANALYSIS_IAQ56_VOC0.53ppm,13898.2,0,5.0,0.050,50
2026-06-25 01:08:17,32.00,67.43,1004.00,55.87,526,0.530,71500,34.0,48.0,58.0,YES,YES,UNKNOWN_ANALYSIS_IAQ56_VOC0.53ppm,13908.7,0,5.0,0.050,50
2026-06-25 01:08:27,32.00,67.43,1004.00,55.87,526,0.530,71500,33.0,47.0,57.0,YES,YES,UNKNOWN_ANALYSIS_IAQ56_VOC0.53ppm,13919.1,0,5.0,0.050,50
2026-06-25 01:08:37,32.00,67.43,1004.00,55.87,526,0.530,71500,34.0,48.0,58.0,YES,YES,UNKNOWN_ANALYSIS_IAQ56_VOC0.53ppm,13928.5,0,5.0,0.050,50
2026-06-25 01:08:47,32.00,67.43,1004.00,55.87,526,0.530,71500,34.0,48.0,60.0,YES,YES,UNKNOWN_ANALYSIS_IAQ56_VOC0.53ppm,13938.9,0,5.0,0.050,50
2026-06-25 01:08:56,32.00,67.43,1004.00,55.87,526,0.530,71500,32.0,47.0,58.0,YES,YES,UNKNOWN_ANALYSIS_IAQ56_VOC0.53ppm,13948.3,0,5.0,0.050,50
2026-06-25 01:09:07,32.00,67.43,1004.00,55.87,526,0.530,71500,32.0,47.0,57.0,YES,YES,UNKNOWN_ANALYSIS_IAQ56_VOC0.53ppm,13958.8,0,5.0,0.050,50
2026-06-25 01:09:17,32.00,67.43,1004.00,55.87,526,0.530,71500,33.0,48.0,58.0,YES,YES,UNKNOWN_ANALYSIS_IAQ56_VOC0.53ppm,13969.2,0,5.0,0.050,50
2026-06-25 01:09:27,32.00,67.43,1004.00,55.87,526,0.530,71500,33.0,48.0,58.0,YES,YES,UNKNOWN_ANALYSIS_IAQ56_VOC0.53ppm,13978.6,0,5.0,0.050,50
2026-06-25 01:09:37,32.00,67.43,1004.00,55.87,526,0.530,71500,33.0,46.0,57.0,YES,YES,UNKNOWN_ANALYSIS_IAQ56_VOC0.53ppm,13989.0,0,5.0,0.050,50
2026-06-25 01:09:48,32.00,67.43,1004.00,55.87,526,0.530,71500,33.0,47.0,58.0,YES,YES,UNKNOWN_ANALYSIS_IAQ56_VOC0.53ppm,13999.5,0,5.0,0.050,50
2026-06-25 01:09:57,32.00,67.43,1004.00,55.87,526,0.530,71500,33.0,47.0,59.0,YES,YES,UNKNOWN_ANALYSIS_IAQ56_VOC0.53ppm,14008.9,0,5.0,0.050,50
2026-06-25 01:10:07,32.00,67.43,1004.00,55.87,526,0.530,71500,33.0,47.0,59.0,YES,YES,UNKNOWN_ANALYSIS_IAQ56_VOC0.53ppm,14019.3,0,5.0,0.050,50
2026-06-25 01:10:17,32.00,67.43,1004.00,55.87,526,0.530,71500,33.0,47.0,58.0,YES,YES,UNKNOWN_ANALYSIS_IAQ56_VOC0.53ppm,14028.7,0,5.0,0.050,50
2026-06-25 01:10:27,32.00,67.43,1004.00,55.87,526,0.530,71500,34.0,48.0,58.0,YES,YES,UNKNOWN_ANALYSIS_IAQ56_VOC0.53ppm,14039.1,0,5.0,0.050,50
2026-06-25 01:10:38,32.00,67.43,1004.00,55.87,526,0.530,71500,35.0,48.0,58.0,YES,YES,UNKNOWN_ANALYSIS_IAQ56_VOC0.53ppm,14049.6,0,5.0,0.050,50
2026-06-25 01:10:47,32.00,67.43,1004.00,55.87,526,0.530,71500,33.0,47.0,59.0,YES,YES,UNKNOWN_ANALYSIS_IAQ56_VOC0.53ppm,14059.0,0,5.0,0.050,50
2026-06-25 01:10:58,32.00,67.43,1004.00,55.87,526,0.530,71500,35.0,48.0,61.0,YES,YES,UNKNOWN_ANALYSIS_IAQ56_VOC0.53ppm,14069.4,0,5.0,0.050,50
2026-06-25 01:11:07,32.00,67.43,1004.00,55.87,526,0.530,71500,34.0,48.0,61.0,YES,YES,UNKNOWN_ANALYSIS_IAQ56_VOC0.53ppm,14078.8,0,5.0,0.050,50
2026-06-25 01:11:17,32.00,67.43,1004.00,55.87,526,0.530,71500,33.0,47.0,58.0,YES,YES,UNKNOWN_ANALYSIS_IAQ56_VOC0.53ppm,14089.3,0,5.0,0.050,50
2026-06-25 01:11:28,32.00,67.43,1004.00,55.87,526,0.530,71500,34.0,48.0,58.0,YES,YES,UNKNOWN_ANALYSIS_IAQ56_VOC0.53ppm,14099.7,0,5.0,0.050,50
2026-06-25 01:11:37,32.00,67.43,1004.00,55.87,526,0.530,71500,33.0,47.0,58.0,YES,YES,UNKNOWN_ANALYSIS_IAQ56_VOC0.53ppm,14109.1,0,5.0,0.050,50
2026-06-25 01:11:48,31.99,67.43,1004.00,52.47,511,0.512,71700,34.0,48.0,57.0,YES,YES,UNKNOWN_ANALYSIS_IAQ52_VOC0.51ppm,14119.6,0,5.0,0.050,50
2026-06-25 01:11:57,31.99,67.43,1004.00,52.47,511,0.512,71700,34.0,47.0,57.0,YES,YES,UNKNOWN_ANALYSIS_IAQ52_VOC0.51ppm,14129.0,0,5.0,0.050,50
2026-06-25 01:12:08,31.99,67.43,1004.00,52.47,511,0.512,71700,33.0,47.0,56.0,YES,YES,UNKNOWN_ANALYSIS_IAQ52_VOC0.51ppm,14139.4,0,5.0,0.050,50
2026-06-25 01:12:18,31.99,67.43,1004.00,52.47,511,0.512,71700,34.0,47.0,57.0,YES,YES,UNKNOWN_ANALYSIS_IAQ52_VOC0.51ppm,14149.8,0,5.0,0.050,50
2026-06-25 01:12:27,31.99,67.43,1004.00,52.47,511,0.512,71700,34.0,48.0,59.0,YES,YES,UNKNOWN_ANALYSIS_IAQ52_VOC0.51ppm,14159.2,0,5.0,0.050,50
2026-06-25 01:12:38,31.99,67.43,1004.00,52.47,511,0.512,71700,33.0,47.0,58.0,YES,YES,UNKNOWN_ANALYSIS_IAQ52_VOC0.51ppm,14169.7,0,5.0,0.050,50
2026-06-25 01:12:48,31.99,67.43,1004.00,52.47,511,0.512,71700,33.0,48.0,58.0,YES,YES,UNKNOWN_ANALYSIS_IAQ52_VOC0.51ppm,14180.1,0,5.0,0.050,50
2026-06-25 01:12:58,31.99,67.43,1004.00,52.47,511,0.512,71700,34.0,48.0,60.0,YES,YES,UNKNOWN_ANALYSIS_IAQ52_VOC0.51ppm,14189.5,0,5.0,0.050,50
2026-06-25 01:13:08,31.99,67.43,1004.00,52.47,511,0.512,71700,33.0,47.0,58.0,YES,YES,UNKNOWN_ANALYSIS_IAQ52_VOC0.51ppm,14199.9,0,5.0,0.050,50
2026-06-25 01:13:17,31.99,67.43,1004.00,52.47,511,0.512,71700,35.0,48.0,59.0,YES,YES,UNKNOWN_ANALYSIS_IAQ52_VOC0.51ppm,14209.3,0,5.0,0.050,50
2026-06-25 01:13:28,31.99,67.43,1004.00,52.47,511,0.512,71700,33.0,48.0,59.0,YES,YES,UNKNOWN_ANALYSIS_IAQ52_VOC0.51ppm,14219.8,0,5.0,0.050,50
2026-06-25 01:13:38,31.99,67.43,1004.00,52.47,511,0.512,71700,34.0,48.0,58.0,YES,YES,UNKNOWN_ANALYSIS_IAQ52_VOC0.51ppm,14230.2,0,5.0,0.050,50
2026-06-25 01:13:48,31.99,67.43,1004.00,52.47,511,0.512,71700,33.0,47.0,57.0,YES,YES,UNKNOWN_ANALYSIS_IAQ52_VOC0.51ppm,14239.6,0,5.0,0.050,50
2026-06-25 01:13:58,31.99,67.43,1004.00,52.47,511,0.512,71700,34.0,48.0,58.0,YES,YES,UNKNOWN_ANALYSIS_IAQ52_VOC0.51ppm,14250.0,0,5.0,0.050,50
2026-06-25 01:14:08,31.99,67.43,1004.00,52.47,511,0.512,71700,34.0,48.0,57.0,YES,YES,UNKNOWN_ANALYSIS_IAQ52_VOC0.51ppm,14259.4,0,5.0,0.050,50
2026-06-25 01:14:18,31.99,67.43,1004.00,52.47,511,0.512,71700,34.0,48.0,58.0,YES,YES,UNKNOWN_ANALYSIS_IAQ52_VOC0.51ppm,14269.9,0,5.0,0.050,50
2026-06-25 01:14:28,31.99,67.43,1004.00,52.47,511,0.512,71700,33.0,47.0,57.0,YES,YES,UNKNOWN_ANALYSIS_IAQ52_VOC0.51ppm,14280.3,0,5.0,0.050,50
2026-06-25 01:14:38,31.99,67.43,1004.00,52.47,511,0.512,71700,34.0,49.0,59.0,YES,YES,UNKNOWN_ANALYSIS_IAQ52_VOC0.51ppm,14289.7,0,5.0,0.050,50
2026-06-25 01:14:48,31.99,67.43,1004.00,52.47,511,0.512,71700,35.0,49.0,60.0,YES,YES,UNKNOWN_ANALYSIS_IAQ52_VOC0.51ppm,14300.1,0,5.0,0.050,50
2026-06-25 01:14:58,31.99,67.43,1004.00,52.47,511,0.512,71700,34.0,47.0,57.0,YES,YES,UNKNOWN_ANALYSIS_IAQ52_VOC0.51ppm,14309.5,0,5.0,0.050,50
2026-06-25 01:15:08,31.99,67.43,1004.00,52.47,511,0.512,71700,34.0,47.0,58.0,YES,YES,UNKNOWN_ANALYSIS_IAQ52_VOC0.51ppm,14320.0,0,5.0,0.050,50
2026-06-25 01:15:19,31.99,67.43,1004.00,52.47,511,0.512,71700,33.0,46.0,57.0,YES,YES,UNKNOWN_ANALYSIS_IAQ52_VOC0.51ppm,14330.4,0,5.0,0.050,50
2026-06-25 01:15:28,31.99,67.43,1004.00,52.47,511,0.512,71700,34.0,47.0,58.0,YES,YES,UNKNOWN_ANALYSIS_IAQ52_VOC0.51ppm,14339.8,0,5.0,0.050,50
2026-06-25 01:15:38,31.99,67.43,1004.00,52.47,511,0.512,71700,33.0,46.0,57.0,YES,YES,UNKNOWN_ANALYSIS_IAQ52_VOC0.51ppm,14350.3,0,5.0,0.050,50

=== SPIKE HISTORY ===
💾 Baseline state saved to EEPROM
💾 SAVED - IAQ: 5.0, VOC: 0.050 ppm, CO2: 50 ppm
2026-06-25 01:15:49,31.99,67.43,1004.00,52.47,511,0.512,71700,34.0,48.0,60.0,YES,YES,UNKNOWN_ANALYSIS_IAQ52_VOC0.51ppm,14360.7,0,5.0,0.050,50
2026-06-25 01:15:58,31.99,67.43,1004.00,52.47,511,0.512,71700,34.0,49.0,61.0,YES,YES,UNKNOWN_ANALYSIS_IAQ52_VOC0.51ppm,14370.1,0,5.0,0.050,50
2026-06-25 01:16:09,31.99,67.43,1004.00,52.47,511,0.512,71700,34.0,49.0,60.0,YES,YES,UNKNOWN_ANALYSIS_IAQ52_VOC0.51ppm,14380.5,0,5.0,0.050,50
2026-06-25 01:16:18,31.99,67.43,1004.00,52.47,511,0.512,71700,34.0,50.0,60.0,YES,YES,UNKNOWN_ANALYSIS_IAQ52_VOC0.51ppm,14389.9,0,5.0,0.050,50
2026-06-25 01:16:29,31.99,67.43,1004.00,52.47,511,0.512,71700,33.0,47.0,58.0,YES,YES,UNKNOWN_ANALYSIS_IAQ52_VOC0.51ppm,14400.4,0,5.0,0.050,50
2026-06-25 01:16:39,31.99,67.43,1004.00,52.47,511,0.512,71700,34.0,48.0,60.0,YES,YES,UNKNOWN_ANALYSIS_IAQ52_VOC0.51ppm,14410.8,0,5.0,0.050,50
2026-06-25 01:16:48,32.04,67.35,1004.00,50.00,500,0.500,72200,33.0,47.0,59.0,YES,YES,UNKNOWN_ANALYSIS_IAQ50_VOC0.50ppm,14420.2,0,5.0,0.050,50
2026-06-25 01:16:59,32.04,67.35,1004.00,50.00,500,0.500,72200,33.0,47.0,58.0,YES,YES,UNKNOWN_ANALYSIS_IAQ50_VOC0.50ppm,14430.6,0,5.0,0.050,50
2026-06-25 01:17:08,32.04,67.35,1004.00,50.00,500,0.500,72200,33.0,47.0,57.0,YES,YES,UNKNOWN_ANALYSIS_IAQ50_VOC0.50ppm,14440.0,0,5.0,0.050,50
2026-06-25 01:17:19,32.04,67.35,1004.00,50.00,500,0.500,72200,34.0,48.0,58.0,YES,YES,UNKNOWN_ANALYSIS_IAQ50_VOC0.50ppm,14450.5,0,5.0,0.050,50
2026-06-25 01:17:29,32.04,67.35,1004.00,50.00,500,0.500,72200,34.0,48.0,59.0,YES,YES,UNKNOWN_ANALYSIS_IAQ50_VOC0.50ppm,14460.9,0,5.0,0.050,50
2026-06-25 01:17:38,32.04,67.35,1004.00,50.00,500,0.500,72200,34.0,48.0,60.0,YES,YES,UNKNOWN_ANALYSIS_IAQ50_VOC0.50ppm,14470.3,0,5.0,0.050,50
2026-06-25 01:17:49,32.04,67.35,1004.00,50.00,500,0.500,72200,34.0,48.0,57.0,YES,YES,UNKNOWN_ANALYSIS_IAQ50_VOC0.50ppm,14480.8,0,5.0,0.050,50
2026-06-25 01:17:59,32.04,67.35,1004.00,50.00,500,0.500,72200,33.0,46.0,56.0,YES,YES,UNKNOWN_ANALYSIS_IAQ50_VOC0.50ppm,14491.2,0,5.0,0.050,50
2026-06-25 01:18:09,32.04,67.35,1004.00,50.00,500,0.500,72200,34.0,48.0,58.0,YES,YES,UNKNOWN_ANALYSIS_IAQ50_VOC0.50ppm,14500.6,0,5.0,0.050,50
2026-06-25 01:18:19,32.04,67.35,1004.00,50.00,500,0.500,72200,34.0,48.0,58.0,YES,YES,UNKNOWN_ANALYSIS_IAQ50_VOC0.50ppm,14511.0,0,5.0,0.050,50
2026-06-25 01:18:29,32.04,67.35,1004.00,50.00,500,0.500,72200,33.0,47.0,57.0,YES,YES,UNKNOWN_ANALYSIS_IAQ50_VOC0.50ppm,14520.4,0,5.0,0.050,50
2026-06-25 01:18:39,32.04,67.35,1004.00,50.00,500,0.500,72200,34.0,48.0,58.0,YES,YES,UNKNOWN_ANALYSIS_IAQ50_VOC0.50ppm,14530.9,0,5.0,0.050,50
2026-06-25 01:18:49,32.04,67.35,1004.00,50.00,500,0.500,72200,33.0,47.0,57.0,YES,YES,UNKNOWN_ANALYSIS_IAQ50_VOC0.50ppm,14541.3,0,5.0,0.050,50
2026-06-25 01:18:59,32.04,67.35,1004.00,50.00,500,0.500,72200,32.0,46.0,56.0,YES,YES,UNKNOWN_ANALYSIS_IAQ50_VOC0.50ppm,14550.7,0,5.0,0.050,50
2026-06-25 01:19:09,32.04,67.35,1004.00,50.00,500,0.500,72200,34.0,48.0,58.0,YES,YES,UNKNOWN_ANALYSIS_IAQ50_VOC0.50ppm,14561.2,0,5.0,0.050,50
2026-06-25 01:19:19,32.04,67.35,1004.00,50.00,500,0.500,72200,34.0,48.0,58.0,YES,YES,UNKNOWN_ANALYSIS_IAQ50_VOC0.50ppm,14570.5,0,5.0,0.050,50
2026-06-25 01:19:29,32.04,67.35,1004.00,50.00,500,0.500,72200,34.0,47.0,57.0,YES,YES,UNKNOWN_ANALYSIS_IAQ50_VOC0.50ppm,14581.0,0,5.0,0.050,50
2026-06-25 01:19:40,32.04,67.35,1004.00,50.00,500,0.500,72200,34.0,48.0,58.0,YES,YES,UNKNOWN_ANALYSIS_IAQ50_VOC0.50ppm,14591.4,0,5.0,0.050,50
2026-06-25 01:19:49,32.04,67.35,1004.00,50.00,500,0.500,72200,33.0,47.0,58.0,YES,YES,UNKNOWN_ANALYSIS_IAQ50_VOC0.50ppm,14600.8,0,5.0,0.050,50
2026-06-25 01:19:59,32.04,67.35,1004.00,50.00,500,0.500,72200,33.0,47.0,58.0,YES,YES,UNKNOWN_ANALYSIS_IAQ50_VOC0.50ppm,14611.3,0,5.0,0.050,50
2026-06-25 01:20:09,32.04,67.35,1004.00,50.00,500,0.500,72200,33.0,47.0,58.0,YES,YES,UNKNOWN_ANALYSIS_IAQ50_VOC0.50ppm,14620.6,0,5.0,0.050,50
2026-06-25 01:20:19,32.04,67.35,1004.00,50.00,500,0.500,72200,32.0,47.0,58.0,YES,YES,UNKNOWN_ANALYSIS_IAQ50_VOC0.50ppm,14631.1,0,5.0,0.050,50
2026-06-25 01:20:30,32.04,67.35,1004.00,50.00,500,0.500,72200,33.0,47.0,58.0,YES,YES,UNKNOWN_ANALYSIS_IAQ50_VOC0.50ppm,14641.5,0,5.0,0.050,50
2026-06-25 01:20:39,32.04,67.35,1004.00,50.00,500,0.500,72200,33.0,47.0,58.0,YES,YES,UNKNOWN_ANALYSIS_IAQ50_VOC0.50ppm,14650.9,0,5.0,0.050,50
2026-06-25 01:20:49,32.04,67.35,1004.00,50.00,500,0.500,72200,33.0,46.0,57.0,YES,YES,UNKNOWN_ANALYSIS_IAQ50_VOC0.50ppm,14661.3,0,5.0,0.050,50
2026-06-25 01:21:00,32.04,67.35,1004.00,50.00,500,0.500,72200,33.0,47.0,58.0,YES,YES,UNKNOWN_ANALYSIS_IAQ50_VOC0.50ppm,14671.8,0,5.0,0.050,50
2026-06-25 01:21:09,32.04,67.35,1004.00,50.00,500,0.500,72200,32.0,46.0,57.0,YES,YES,UNKNOWN_ANALYSIS_IAQ50_VOC0.50ppm,14681.2,0,5.0,0.050,50
2026-06-25 01:21:20,32.04,67.35,1004.00,50.00,500,0.500,72200,33.0,46.0,56.0,YES,YES,UNKNOWN_ANALYSIS_IAQ50_VOC0.50ppm,14691.6,0,5.0,0.050,50
2026-06-25 01:21:29,32.04,67.35,1004.00,50.00,500,0.500,72200,33.0,47.0,57.0,YES,YES,UNKNOWN_ANALYSIS_IAQ50_VOC0.50ppm,14701.0,0,5.0,0.050,50
2026-06-25 01:21:40,32.04,67.35,1004.00,50.00,500,0.500,72200,34.0,48.0,58.0,YES,YES,UNKNOWN_ANALYSIS_IAQ50_VOC0.50ppm,14711.5,0,5.0,0.050,50
2026-06-25 01:21:50,31.99,67.38,1004.00,53.30,514,0.517,72100,34.0,48.0,58.0,YES,YES,UNKNOWN_ANALYSIS_IAQ53_VOC0.52ppm,14721.9,0,5.0,0.050,50
2026-06-25 01:21:59,31.99,67.38,1004.00,53.30,514,0.517,72100,33.0,46.0,57.0,YES,YES,UNKNOWN_ANALYSIS_IAQ53_VOC0.52ppm,14731.3,0,5.0,0.050,50
2026-06-25 01:22:10,31.99,67.38,1004.00,53.30,514,0.517,72100,33.0,47.0,58.0,YES,YES,UNKNOWN_ANALYSIS_IAQ53_VOC0.52ppm,14741.7,0,5.0,0.050,50
PMS7003: Unknown error
2026-06-25 01:22:19,31.99,67.38,1004.00,53.30,514,0.517,72100,33.0,47.0,58.0,YES,YES,UNKNOWN_ANALYSIS_IAQ53_VOC0.52ppm,14751.1,0,5.0,0.050,50
2026-06-25 01:22:30,31.99,67.38,1004.00,53.30,514,0.517,72100,32.0,46.0,57.0,YES,YES,UNKNOWN_ANALYSIS_IAQ53_VOC0.52ppm,14761.6,0,5.0,0.050,50
2026-06-25 01:22:40,31.99,67.38,1004.00,53.30,514,0.517,72100,33.0,48.0,58.0,YES,YES,UNKNOWN_ANALYSIS_IAQ53_VOC0.52ppm,14772.0,0,5.0,0.050,50
2026-06-25 01:22:50,31.99,67.38,1004.00,53.30,514,0.517,72100,32.0,47.0,57.0,YES,YES,UNKNOWN_ANALYSIS_IAQ53_VOC0.52ppm,14781.4,0,5.0,0.050,50
2026-06-25 01:23:00,31.99,67.38,1004.00,53.30,514,0.517,72100,34.0,48.0,58.0,YES,YES,UNKNOWN_ANALYSIS_IAQ53_VOC0.52ppm,14791.8,0,5.0,0.050,50
2026-06-25 01:23:10,31.99,67.38,1004.00,53.30,514,0.517,72100,34.0,47.0,57.0,YES,YES,UNKNOWN_ANALYSIS_IAQ53_VOC0.52ppm,14802.3,0,5.0,0.050,50
2026-06-25 01:23:20,31.99,67.38,1004.00,53.30,514,0.517,72100,34.0,48.0,57.0,YES,YES,UNKNOWN_ANALYSIS_IAQ53_VOC0.52ppm,14811.7,0,5.0,0.050,50
2026-06-25 01:23:30,31.99,67.38,1004.00,53.30,514,0.517,72100,32.0,45.0,55.0,YES,YES,UNKNOWN_ANALYSIS_IAQ53_VOC0.52ppm,14822.1,0,5.0,0.050,50
2026-06-25 01:23:40,31.99,67.38,1004.00,53.30,514,0.517,72100,32.0,46.0,55.0,YES,YES,UNKNOWN_ANALYSIS_IAQ53_VOC0.52ppm,14831.5,0,5.0,0.050,50
2026-06-25 01:23:50,31.99,67.38,1004.00,53.30,514,0.517,72100,33.0,46.0,57.0,YES,YES,UNKNOWN_ANALYSIS_IAQ53_VOC0.52ppm,14841.9,0,5.0,0.050,50
2026-06-25 01:24:01,31.99,67.38,1004.00,53.30,514,0.517,72100,34.0,48.0,57.0,YES,YES,UNKNOWN_ANALYSIS_IAQ53_VOC0.52ppm,14852.4,0,5.0,0.050,50
2026-06-25 01:24:10,31.99,67.38,1004.00,53.30,514,0.517,72100,33.0,46.0,56.0,YES,YES,UNKNOWN_ANALYSIS_IAQ53_VOC0.52ppm,14861.8,0,5.0,0.050,50
2026-06-25 01:24:20,31.99,67.38,1004.00,53.30,514,0.517,72100,33.0,46.0,55.0,YES,YES,UNKNOWN_ANALYSIS_IAQ53_VOC0.52ppm,14872.2,0,5.0,0.050,50
2026-06-25 01:24:30,31.99,67.38,1004.00,53.30,514,0.517,72100,34.0,47.0,56.0,YES,YES,UNKNOWN_ANALYSIS_IAQ53_VOC0.52ppm,14881.6,0,5.0,0.050,50
2026-06-25 01:24:40,31.99,67.38,1004.00,53.30,514,0.517,72100,34.0,47.0,58.0,YES,YES,UNKNOWN_ANALYSIS_IAQ53_VOC0.52ppm,14892.1,0,5.0,0.050,50
2026-06-25 01:24:51,31.99,67.38,1004.00,53.30,514,0.517,72100,34.0,48.0,58.0,YES,YES,UNKNOWN_ANALYSIS_IAQ53_VOC0.52ppm,14902.5,0,5.0,0.050,50
2026-06-25 01:25:00,31.99,67.38,1004.00,53.30,514,0.517,72100,34.0,48.0,58.0,YES,YES,UNKNOWN_ANALYSIS_IAQ53_VOC0.52ppm,14911.9,0,5.0,0.050,50
2026-06-25 01:25:10,31.99,67.38,1004.00,53.30,514,0.517,72100,34.0,48.0,58.0,YES,YES,UNKNOWN_ANALYSIS_IAQ53_VOC0.52ppm,14922.3,0,5.0,0.050,50
2026-06-25 01:25:20,31.99,67.38,1004.00,53.30,514,0.517,72100,34.0,47.0,58.0,YES,YES,UNKNOWN_ANALYSIS_IAQ53_VOC0.52ppm,14931.7,0,5.0,0.050,50
2026-06-25 01:25:30,31.99,67.38,1004.00,53.30,514,0.517,72100,34.0,48.0,58.0,YES,YES,UNKNOWN_ANALYSIS_IAQ53_VOC0.52ppm,14942.2,0,5.0,0.050,50
2026-06-25 01:25:41,31.99,67.38,1004.00,53.30,514,0.517,72100,34.0,48.0,58.0,YES,YES,UNKNOWN_ANALYSIS_IAQ53_VOC0.52ppm,14952.6,0,5.0,0.050,50
2026-06-25 01:25:50,31.99,67.38,1004.00,53.30,514,0.517,72100,33.0,47.0,57.0,YES,YES,UNKNOWN_ANALYSIS_IAQ53_VOC0.52ppm,14962.0,0,5.0,0.050,50
2026-06-25 01:26:01,31.99,67.38,1004.00,53.30,514,0.517,72100,34.0,49.0,60.0,YES,YES,UNKNOWN_ANALYSIS_IAQ53_VOC0.52ppm,14972.5,0,5.0,0.050,50
2026-06-25 01:26:10,31.99,67.38,1004.00,53.30,514,0.517,72100,34.0,48.0,59.0,YES,YES,UNKNOWN_ANALYSIS_IAQ53_VOC0.52ppm,14981.9,0,5.0,0.050,50
2026-06-25 01:26:20,31.99,67.38,1004.00,53.30,514,0.517,72100,33.0,47.0,57.0,YES,YES,UNKNOWN_ANALYSIS_IAQ53_VOC0.52ppm,14992.3,0,5.0,0.050,50
2026-06-25 01:26:31,31.99,67.38,1004.00,53.30,514,0.517,72100,33.0,47.0,56.0,YES,YES,UNKNOWN_ANALYSIS_IAQ53_VOC0.52ppm,15002.7,0,5.0,0.050,50
2026-06-25 01:26:40,31.99,67.38,1004.00,53.30,514,0.517,72100,34.0,48.0,58.0,YES,YES,UNKNOWN_ANALYSIS_IAQ53_VOC0.52ppm,15012.1,0,5.0,0.050,50
2026-06-25 01:26:51,32.02,67.37,1004.00,57.97,535,0.541,71800,34.0,48.0,59.0,YES,YES,UNKNOWN_ANALYSIS_IAQ58_VOC0.54ppm,15022.6,0,5.0,0.050,50
2026-06-25 01:27:00,32.02,67.37,1004.00,57.97,535,0.541,71800,34.0,49.0,60.0,YES,YES,UNKNOWN_ANALYSIS_IAQ58_VOC0.54ppm,15032.0,0,5.0,0.050,50
2026-06-25 01:27:11,32.02,67.37,1004.00,57.97,535,0.541,71800,34.0,48.0,59.0,YES,YES,UNKNOWN_ANALYSIS_IAQ58_VOC0.54ppm,15042.4,0,5.0,0.050,50
2026-06-25 01:27:21,32.02,67.37,1004.00,57.97,535,0.541,71800,34.0,48.0,58.0,YES,YES,UNKNOWN_ANALYSIS_IAQ58_VOC0.54ppm,15052.9,0,5.0,0.050,50
2026-06-25 01:27:30,32.02,67.37,1004.00,57.97,535,0.541,71800,33.0,47.0,58.0,YES,YES,UNKNOWN_ANALYSIS_IAQ58_VOC0.54ppm,15062.3,0,5.0,0.050,50
2026-06-25 01:27:41,32.02,67.37,1004.00,57.97,535,0.541,71800,32.0,47.0,57.0,YES,YES,UNKNOWN_ANALYSIS_IAQ58_VOC0.54ppm,15072.7,0,5.0,0.050,50
2026-06-25 01:27:50,32.02,67.37,1004.00,57.97,535,0.541,71800,32.0,46.0,57.0,YES,YES,UNKNOWN_ANALYSIS_IAQ58_VOC0.54ppm,15082.1,0,5.0,0.050,50
2026-06-25 01:28:01,32.02,67.37,1004.00,57.97,535,0.541,71800,32.0,46.0,58.0,YES,YES,UNKNOWN_ANALYSIS_IAQ58_VOC0.54ppm,15092.5,0,5.0,0.050,50
2026-06-25 01:28:11,32.02,67.37,1004.00,57.97,535,0.541,71800,34.0,47.0,58.0,YES,YES,UNKNOWN_ANALYSIS_IAQ58_VOC0.54ppm,15103.0,0,5.0,0.050,50
2026-06-25 01:28:21,32.02,67.37,1004.00,57.97,535,0.541,71800,33.0,47.0,57.0,YES,YES,UNKNOWN_ANALYSIS_IAQ58_VOC0.54ppm,15112.4,0,5.0,0.050,50
2026-06-25 01:28:31,32.02,67.37,1004.00,57.97,535,0.541,71800,34.0,48.0,59.0,YES,YES,UNKNOWN_ANALYSIS_IAQ58_VOC0.54ppm,15122.8,0,5.0,0.050,50
2026-06-25 01:28:40,32.02,67.37,1004.00,57.97,535,0.541,71800,33.0,47.0,58.0,YES,YES,UNKNOWN_ANALYSIS_IAQ58_VOC0.54ppm,15132.2,0,5.0,0.050,50
2026-06-25 01:28:51,32.02,67.37,1004.00,57.97,535,0.541,71800,34.0,48.0,59.0,YES,YES,UNKNOWN_ANALYSIS_IAQ58_VOC0.54ppm,15142.7,0,5.0,0.050,50
2026-06-25 01:29:01,32.02,67.37,1004.00,57.97,535,0.541,71800,34.0,48.0,59.0,YES,YES,UNKNOWN_ANALYSIS_IAQ58_VOC0.54ppm,15153.1,0,5.0,0.050,50
2026-06-25 01:29:11,32.02,67.37,1004.00,57.97,535,0.541,71800,34.0,47.0,60.0,YES,YES,UNKNOWN_ANALYSIS_IAQ58_VOC0.54ppm,15162.5,0,5.0,0.050,50
2026-06-25 01:29:21,32.02,67.37,1004.00,57.97,535,0.541,71800,34.0,48.0,58.0,YES,YES,UNKNOWN_ANALYSIS_IAQ58_VOC0.54ppm,15172.9,0,5.0,0.050,50
2026-06-25 01:29:31,32.02,67.37,1004.00,57.97,535,0.541,71800,34.0,48.0,58.0,YES,YES,UNKNOWN_ANALYSIS_IAQ58_VOC0.54ppm,15183.4,0,5.0,0.050,50
2026-06-25 01:29:41,32.02,67.37,1004.00,57.97,535,0.541,71800,33.0,47.0,59.0,YES,YES,UNKNOWN_ANALYSIS_IAQ58_VOC0.54ppm,15192.8,0,5.0,0.050,50
2026-06-25 01:29:51,32.02,67.37,1004.00,57.97,535,0.541,71800,34.0,49.0,60.0,YES,YES,UNKNOWN_ANALYSIS_IAQ58_VOC0.54ppm,15203.2,0,5.0,0.050,50
2026-06-25 01:30:01,32.02,67.37,1004.00,57.97,535,0.541,71800,34.0,48.0,60.0,YES,YES,UNKNOWN_ANALYSIS_IAQ58_VOC0.54ppm,15212.6,0,5.0,0.050,50
2026-06-25 01:30:11,32.02,67.37,1004.00,57.97,535,0.541,71800,34.0,47.0,58.0,YES,YES,UNKNOWN_ANALYSIS_IAQ58_VOC0.54ppm,15223.1,0,5.0,0.050,50
2026-06-25 01:30:22,32.02,67.37,1004.00,57.97,535,0.541,71800,33.0,47.0,57.0,YES,YES,UNKNOWN_ANALYSIS_IAQ58_VOC0.54ppm,15233.5,0,5.0,0.050,50
2026-06-25 01:30:31,32.02,67.37,1004.00,57.97,535,0.541,71800,34.0,48.0,60.0,YES,YES,UNKNOWN_ANALYSIS_IAQ58_VOC0.54ppm,15242.9,0,5.0,0.050,50
2026-06-25 01:30:41,32.02,67.37,1004.00,57.97,535,0.541,71800,32.0,46.0,58.0,YES,YES,UNKNOWN_ANALYSIS_IAQ58_VOC0.54ppm,15253.3,0,5.0,0.050,50
2026-06-25 01:30:51,32.02,67.37,1004.00,57.97,535,0.541,71800,33.0,47.0,58.0,YES,YES,UNKNOWN_ANALYSIS_IAQ58_VOC0.54ppm,15262.7,0,5.0,0.050,50
2026-06-25 01:31:01,32.02,67.37,1004.00,57.97,535,0.541,71800,33.0,47.0,57.0,YES,YES,UNKNOWN_ANALYSIS_IAQ58_VOC0.54ppm,15273.2,0,5.0,0.050,50
2026-06-25 01:31:12,32.02,67.37,1004.00,57.97,535,0.541,71800,32.0,46.0,57.0,YES,YES,UNKNOWN_ANALYSIS_IAQ58_VOC0.54ppm,15283.6,0,5.0,0.050,50
2026-06-25 01:31:21,32.02,67.37,1004.00,57.97,535,0.541,71800,33.0,47.0,57.0,YES,YES,UNKNOWN_ANALYSIS_IAQ58_VOC0.54ppm,15293.0,0,5.0,0.050,50
2026-06-25 01:31:32,32.02,67.37,1004.00,57.97,535,0.541,71800,34.0,48.0,58.0,YES,YES,UNKNOWN_ANALYSIS_IAQ58_VOC0.54ppm,15303.5,0,5.0,0.050,50
2026-06-25 01:31:41,32.02,67.37,1004.00,57.97,535,0.541,71800,33.0,47.0,58.0,YES,YES,UNKNOWN_ANALYSIS_IAQ58_VOC0.54ppm,15312.8,0,5.0,0.050,50
2026-06-25 01:31:51,32.05,67.33,1004.00,50.00,500,0.500,72400,33.0,46.0,58.0,YES,YES,UNKNOWN_ANALYSIS_IAQ50_VOC0.50ppm,15323.3,0,5.0,0.050,50
2026-06-25 01:32:02,32.05,67.33,1004.00,50.00,500,0.500,72400,34.0,48.0,60.0,YES,YES,UNKNOWN_ANALYSIS_IAQ50_VOC0.50ppm,15333.7,0,5.0,0.050,50
2026-06-25 01:32:11,32.05,67.33,1004.00,50.00,500,0.500,72400,33.0,47.0,59.0,YES,YES,UNKNOWN_ANALYSIS_IAQ50_VOC0.50ppm,15343.1,0,5.0,0.050,50
2026-06-25 01:32:22,32.05,67.33,1004.00,50.00,500,0.500,72400,33.0,48.0,60.0,YES,YES,UNKNOWN_ANALYSIS_IAQ50_VOC0.50ppm,15353.6,0,5.0,0.050,50
2026-06-25 01:32:31,32.05,67.33,1004.00,50.00,500,0.500,72400,32.0,47.0,59.0,YES,YES,UNKNOWN_ANALYSIS_IAQ50_VOC0.50ppm,15362.9,0,5.0,0.050,50
2026-06-25 01:32:42,32.05,67.33,1004.00,50.00,500,0.500,72400,32.0,47.0,58.0,YES,YES,UNKNOWN_ANALYSIS_IAQ50_VOC0.50ppm,15373.4,0,5.0,0.050,50
2026-06-25 01:32:52,32.05,67.33,1004.00,50.00,500,0.500,72400,33.0,47.0,58.0,YES,YES,UNKNOWN_ANALYSIS_IAQ50_VOC0.50ppm,15383.8,0,5.0,0.050,50
2026-06-25 01:33:01,32.05,67.33,1004.00,50.00,500,0.500,72400,34.0,48.0,59.0,YES,YES,UNKNOWN_ANALYSIS_IAQ50_VOC0.50ppm,15393.2,0,5.0,0.050,50
2026-06-25 01:33:12,32.05,67.33,1004.00,50.00,500,0.500,72400,34.0,48.0,61.0,YES,YES,UNKNOWN_ANALYSIS_IAQ50_VOC0.50ppm,15403.7,0,5.0,0.050,50
2026-06-25 01:33:21,32.05,67.33,1004.00,50.00,500,0.500,72400,35.0,49.0,60.0,YES,YES,UNKNOWN_ANALYSIS_IAQ50_VOC0.50ppm,15413.1,0,5.0,0.050,50
2026-06-25 01:33:32,32.05,67.33,1004.00,50.00,500,0.500,72400,33.0,47.0,58.0,YES,YES,UNKNOWN_ANALYSIS_IAQ50_VOC0.50ppm,15423.5,0,5.0,0.050,50
2026-06-25 01:33:42,32.05,67.33,1004.00,50.00,500,0.500,72400,34.0,48.0,59.0,YES,YES,UNKNOWN_ANALYSIS_IAQ50_VOC0.50ppm,15433.9,0,5.0,0.050,50
2026-06-25 01:33:51,32.05,67.33,1004.00,50.00,500,0.500,72400,33.0,47.0,58.0,YES,YES,UNKNOWN_ANALYSIS_IAQ50_VOC0.50ppm,15443.3,0,5.0,0.050,50
2026-06-25 01:34:02,32.05,67.33,1004.00,50.00,500,0.500,72400,33.0,47.0,59.0,YES,YES,UNKNOWN_ANALYSIS_IAQ50_VOC0.50ppm,15453.8,0,5.0,0.050,50
2026-06-25 01:34:12,32.05,67.33,1004.00,50.00,500,0.500,72400,33.0,47.0,58.0,YES,YES,UNKNOWN_ANALYSIS_IAQ50_VOC0.50ppm,15464.2,0,5.0,0.050,50
2026-06-25 01:34:22,32.05,67.33,1004.00,50.00,500,0.500,72400,33.0,48.0,60.0,YES,YES,UNKNOWN_ANALYSIS_IAQ50_VOC0.50ppm,15473.6,0,5.0,0.050,50
2026-06-25 01:34:32,32.05,67.33,1004.00,50.00,500,0.500,72400,34.0,50.0,60.0,YES,YES,UNKNOWN_ANALYSIS_IAQ50_VOC0.50ppm,15484.1,0,5.0,0.050,50
2026-06-25 01:34:42,32.05,67.33,1004.00,50.00,500,0.500,72400,35.0,50.0,61.0,YES,YES,UNKNOWN_ANALYSIS_IAQ50_VOC0.50ppm,15493.4,0,5.0,0.050,50
2026-06-25 01:34:52,32.05,67.33,1004.00,50.00,500,0.500,72400,33.0,48.0,60.0,YES,YES,UNKNOWN_ANALYSIS_IAQ50_VOC0.50ppm,15503.9,0,5.0,0.050,50
2026-06-25 01:35:02,32.05,67.33,1004.00,50.00,500,0.500,72400,33.0,48.0,59.0,YES,YES,UNKNOWN_ANALYSIS_IAQ50_VOC0.50ppm,15514.3,0,5.0,0.050,50
2026-06-25 01:35:12,32.05,67.33,1004.00,50.00,500,0.500,72400,34.0,48.0,60.0,YES,YES,UNKNOWN_ANALYSIS_IAQ50_VOC0.50ppm,15523.7,0,5.0,0.050,50
2026-06-25 01:35:22,32.05,67.33,1004.00,50.00,500,0.500,72400,34.0,48.0,60.0,YES,YES,UNKNOWN_ANALYSIS_IAQ50_VOC0.50ppm,15534.2,0,5.0,0.050,50
2026-06-25 01:35:32,32.05,67.33,1004.00,50.00,500,0.500,72400,34.0,49.0,60.0,YES,YES,UNKNOWN_ANALYSIS_IAQ50_VOC0.50ppm,15543.6,0,5.0,0.050,50
2026-06-25 01:35:42,32.05,67.33,1004.00,50.00,500,0.500,72400,35.0,49.0,60.0,YES,YES,UNKNOWN_ANALYSIS_IAQ50_VOC0.50ppm,15554.0,0,5.0,0.050,50
2026-06-25 01:35:53,32.05,67.33,1004.00,50.00,500,0.500,72400,35.0,49.0,61.0,YES,YES,UNKNOWN_ANALYSIS_IAQ50_VOC0.50ppm,15564.5,0,5.0,0.050,50
2026-06-25 01:36:02,32.05,67.33,1004.00,50.00,500,0.500,72400,35.0,49.0,61.0,YES,YES,UNKNOWN_ANALYSIS_IAQ50_VOC0.50ppm,15573.8,0,5.0,0.050,50
2026-06-25 01:36:12,32.05,67.33,1004.00,50.00,500,0.500,72400,33.0,47.0,59.0,YES,YES,UNKNOWN_ANALYSIS_IAQ50_VOC0.50ppm,15584.3,0,5.0,0.050,50
2026-06-25 01:36:22,32.05,67.33,1004.00,50.00,500,0.500,72400,33.0,47.0,59.0,YES,YES,UNKNOWN_ANALYSIS_IAQ50_VOC0.50ppm,15593.7,0,5.0,0.050,50
2026-06-25 01:36:32,32.05,67.33,1004.00,50.00,500,0.500,72400,33.0,48.0,58.0,YES,YES,UNKNOWN_ANALYSIS_IAQ50_VOC0.50ppm,15604.1,0,5.0,0.050,50
2026-06-25 01:36:43,32.05,67.33,1004.00,50.00,500,0.500,72400,35.0,50.0,61.0,YES,YES,UNKNOWN_ANALYSIS_IAQ50_VOC0.50ppm,15614.6,0,5.0,0.050,50
2026-06-25 01:36:52,31.99,67.40,1004.00,55.12,522,0.526,72200,35.0,50.0,62.0,YES,YES,UNKNOWN_ANALYSIS_IAQ55_VOC0.53ppm,15624.0,0,5.0,0.050,50
2026-06-25 01:37:03,31.99,67.40,1004.00,55.12,522,0.526,72200,34.0,48.0,61.0,YES,YES,UNKNOWN_ANALYSIS_IAQ55_VOC0.53ppm,15634.4,0,5.0,0.050,50
2026-06-25 01:37:13,31.99,67.40,1004.00,55.12,522,0.526,72200,33.0,48.0,60.0,YES,YES,UNKNOWN_ANALYSIS_IAQ55_VOC0.53ppm,15644.9,0,5.0,0.050,50
2026-06-25 01:37:22,31.99,67.40,1004.00,55.12,522,0.526,72200,34.0,49.0,61.0,YES,YES,UNKNOWN_ANALYSIS_IAQ55_VOC0.53ppm,15654.3,0,5.0,0.050,50
2026-06-25 01:37:33,31.99,67.40,1004.00,55.12,522,0.526,72200,34.0,48.0,60.0,YES,YES,UNKNOWN_ANALYSIS_IAQ55_VOC0.53ppm,15664.7,0,5.0,0.050,50
2026-06-25 01:37:42,31.99,67.40,1004.00,55.12,522,0.526,72200,35.0,48.0,60.0,YES,YES,UNKNOWN_ANALYSIS_IAQ55_VOC0.53ppm,15674.1,0,5.0,0.050,50
2026-06-25 01:37:53,31.99,67.40,1004.00,55.12,522,0.526,72200,34.0,48.0,60.0,YES,YES,UNKNOWN_ANALYSIS_IAQ55_VOC0.53ppm,15684.6,0,5.0,0.050,50
2026-06-25 01:38:02,31.99,67.40,1004.00,55.12,522,0.526,72200,33.0,48.0,60.0,YES,YES,UNKNOWN_ANALYSIS_IAQ55_VOC0.53ppm,15694.0,0,5.0,0.050,50
2026-06-25 01:38:13,31.99,67.40,1004.00,55.12,522,0.526,72200,33.0,48.0,60.0,YES,YES,UNKNOWN_ANALYSIS_IAQ55_VOC0.53ppm,15704.4,0,5.0,0.050,50
2026-06-25 01:38:23,31.99,67.40,1004.00,55.12,522,0.526,72200,35.0,48.0,60.0,YES,YES,UNKNOWN_ANALYSIS_IAQ55_VOC0.53ppm,15714.9,0,5.0,0.050,50
2026-06-25 01:38:32,31.99,67.40,1004.00,55.12,522,0.526,72200,35.0,48.0,59.0,YES,YES,UNKNOWN_ANALYSIS_IAQ55_VOC0.53ppm,15724.3,0,5.0,0.050,50
2026-06-25 01:38:43,31.99,67.40,1004.00,55.12,522,0.526,72200,35.0,49.0,60.0,YES,YES,UNKNOWN_ANALYSIS_IAQ55_VOC0.53ppm,15734.7,0,5.0,0.050,50
2026-06-25 01:38:52,31.99,67.40,1004.00,55.12,522,0.526,72200,34.0,48.0,58.0,YES,YES,UNKNOWN_ANALYSIS_IAQ55_VOC0.53ppm,15744.1,0,5.0,0.050,50
2026-06-25 01:39:03,31.99,67.40,1004.00,55.12,522,0.526,72200,34.0,47.0,57.0,YES,YES,UNKNOWN_ANALYSIS_IAQ55_VOC0.53ppm,15754.6,0,5.0,0.050,50
2026-06-25 01:39:13,31.99,67.40,1004.00,55.12,522,0.526,72200,34.0,48.0,57.0,YES,YES,UNKNOWN_ANALYSIS_IAQ55_VOC0.53ppm,15765.0,0,5.0,0.050,50
2026-06-25 01:39:23,31.99,67.40,1004.00,55.12,522,0.526,72200,34.0,48.0,58.0,YES,YES,UNKNOWN_ANALYSIS_IAQ55_VOC0.53ppm,15774.4,0,5.0,0.050,50
2026-06-25 01:39:33,31.99,67.40,1004.00,55.12,522,0.526,72200,33.0,48.0,58.0,YES,YES,UNKNOWN_ANALYSIS_IAQ55_VOC0.53ppm,15784.9,0,5.0,0.050,50
2026-06-25 01:39:42,31.99,67.40,1004.00,55.12,522,0.526,72200,34.0,48.0,59.0,YES,YES,UNKNOWN_ANALYSIS_IAQ55_VOC0.53ppm,15794.3,0,5.0,0.050,50
2026-06-25 01:39:53,31.99,67.40,1004.00,55.12,522,0.526,72200,34.0,49.0,59.0,YES,YES,UNKNOWN_ANALYSIS_IAQ55_VOC0.53ppm,15804.7,0,5.0,0.050,50
2026-06-25 01:40:03,31.99,67.40,1004.00,55.12,522,0.526,72200,33.0,47.0,57.0,YES,YES,UNKNOWN_ANALYSIS_IAQ55_VOC0.53ppm,15815.2,0,5.0,0.050,50
2026-06-25 01:40:13,31.99,67.40,1004.00,55.12,522,0.526,72200,35.0,48.0,58.0,YES,YES,UNKNOWN_ANALYSIS_IAQ55_VOC0.53ppm,15824.6,0,5.0,0.050,50
2026-06-25 01:40:23,31.99,67.40,1004.00,55.12,522,0.526,72200,34.0,48.0,58.0,YES,YES,UNKNOWN_ANALYSIS_IAQ55_VOC0.53ppm,15835.0,0,5.0,0.050,50
2026-06-25 01:40:33,31.99,67.40,1004.00,55.12,522,0.526,72200,34.0,49.0,59.0,YES,YES,UNKNOWN_ANALYSIS_IAQ55_VOC0.53ppm,15844.4,0,5.0,0.050,50
2026-06-25 01:40:43,31.99,67.40,1004.00,55.12,522,0.526,72200,33.0,47.0,59.0,YES,YES,UNKNOWN_ANALYSIS_IAQ55_VOC0.53ppm,15854.9,0,5.0,0.050,50
2026-06-25 01:40:53,31.99,67.40,1004.00,55.12,522,0.526,72200,34.0,48.0,60.0,YES,YES,UNKNOWN_ANALYSIS_IAQ55_VOC0.53ppm,15865.3,0,5.0,0.050,50
2026-06-25 01:41:03,31.99,67.40,1004.00,55.12,522,0.526,72200,34.0,48.0,58.0,YES,YES,UNKNOWN_ANALYSIS_IAQ55_VOC0.53ppm,15874.7,0,5.0,0.050,50
2026-06-25 01:41:13,31.99,67.40,1004.00,55.12,522,0.526,72200,33.0,47.0,58.0,YES,YES,UNKNOWN_ANALYSIS_IAQ55_VOC0.53ppm,15885.2,0,5.0,0.050,50
2026-06-25 01:41:23,31.99,67.40,1004.00,55.12,522,0.526,72200,34.0,48.0,60.0,YES,YES,UNKNOWN_ANALYSIS_IAQ55_VOC0.53ppm,15894.6,0,5.0,0.050,50
2026-06-25 01:41:33,31.99,67.40,1004.00,55.12,522,0.526,72200,34.0,48.0,60.0,YES,YES,UNKNOWN_ANALYSIS_IAQ55_VOC0.53ppm,15905.0,0,5.0,0.050,50
PMS7003: Timeout error
2026-06-25 01:41:44,31.99,67.40,1004.00,55.12,522,0.526,72200,34.0,48.0,60.0,YES,YES,UNKNOWN_ANALYSIS_IAQ55_VOC0.53ppm,15915.4,0,5.0,0.050,50
2026-06-25 01:41:53,32.02,67.35,1004.00,54.51,520,0.523,72200,34.0,48.0,60.0,YES,YES,UNKNOWN_ANALYSIS_IAQ55_VOC0.52ppm,15924.9,0,5.0,0.050,50
2026-06-25 01:42:03,32.02,67.35,1004.00,54.51,520,0.523,72200,34.0,47.0,58.0,YES,YES,UNKNOWN_ANALYSIS_IAQ55_VOC0.52ppm,15935.3,0,5.0,0.050,50
2026-06-25 01:42:13,32.02,67.35,1004.00,54.51,520,0.523,72200,34.0,47.0,58.0,YES,YES,UNKNOWN_ANALYSIS_IAQ55_VOC0.52ppm,15944.7,0,5.0,0.050,50
2026-06-25 01:42:23,32.02,67.35,1004.00,54.51,520,0.523,72200,33.0,47.0,60.0,YES,YES,UNKNOWN_ANALYSIS_IAQ55_VOC0.52ppm,15955.2,0,5.0,0.050,50
2026-06-25 01:42:34,32.02,67.35,1004.00,54.51,520,0.523,72200,34.0,49.0,61.0,YES,YES,UNKNOWN_ANALYSIS_IAQ55_VOC0.52ppm,15965.6,0,5.0,0.050,50
2026-06-25 01:42:43,32.02,67.35,1004.00,54.51,520,0.523,72200,34.0,48.0,61.0,YES,YES,UNKNOWN_ANALYSIS_IAQ55_VOC0.52ppm,15975.0,0,5.0,0.050,50
2026-06-25 01:42:54,32.02,67.35,1004.00,54.51,520,0.523,72200,34.0,48.0,61.0,YES,YES,UNKNOWN_ANALYSIS_IAQ55_VOC0.52ppm,15985.4,0,5.0,0.050,50
2026-06-25 01:43:03,32.02,67.35,1004.00,54.51,520,0.523,72200,33.0,48.0,60.0,YES,YES,UNKNOWN_ANALYSIS_IAQ55_VOC0.52ppm,15994.8,0,5.0,0.050,50
2026-06-25 01:43:13,32.02,67.35,1004.00,54.51,520,0.523,72200,34.0,49.0,61.0,YES,YES,UNKNOWN_ANALYSIS_IAQ55_VOC0.52ppm,16005.3,0,5.0,0.050,50
2026-06-25 01:43:24,32.02,67.35,1004.00,54.51,520,0.523,72200,34.0,48.0,60.0,YES,YES,UNKNOWN_ANALYSIS_IAQ55_VOC0.52ppm,16015.7,0,5.0,0.050,50
2026-06-25 01:43:33,32.02,67.35,1004.00,54.51,520,0.523,72200,34.0,47.0,59.0,YES,YES,UNKNOWN_ANALYSIS_IAQ55_VOC0.52ppm,16025.1,0,5.0,0.050,50
2026-06-25 01:43:44,32.02,67.35,1004.00,54.51,520,0.523,72200,34.0,48.0,58.0,YES,YES,UNKNOWN_ANALYSIS_IAQ55_VOC0.52ppm,16035.6,0,5.0,0.050,50
2026-06-25 01:43:53,32.02,67.35,1004.00,54.51,520,0.523,72200,34.0,47.0,59.0,YES,YES,UNKNOWN_ANALYSIS_IAQ55_VOC0.52ppm,16045.0,0,5.0,0.050,50
2026-06-25 01:44:04,32.02,67.35,1004.00,54.51,520,0.523,72200,34.0,48.0,59.0,YES,YES,UNKNOWN_ANALYSIS_IAQ55_VOC0.52ppm,16055.4,0,5.0,0.050,50
2026-06-25 01:44:14,32.02,67.35,1004.00,54.51,520,0.523,72200,33.0,47.0,57.0,YES,YES,UNKNOWN_ANALYSIS_IAQ55_VOC0.52ppm,16065.9,0,5.0,0.050,50
2026-06-25 01:44:23,32.02,67.35,1004.00,54.51,520,0.523,72200,34.0,48.0,58.0,YES,YES,UNKNOWN_ANALYSIS_IAQ55_VOC0.52ppm,16075.3,0,5.0,0.050,50
2026-06-25 01:44:34,32.02,67.35,1004.00,54.51,520,0.523,72200,34.0,48.0,57.0,YES,YES,UNKNOWN_ANALYSIS_IAQ55_VOC0.52ppm,16085.7,0,5.0,0.050,50
2026-06-25 01:44:43,32.02,67.35,1004.00,54.51,520,0.523,72200,34.0,48.0,58.0,YES,YES,UNKNOWN_ANALYSIS_IAQ55_VOC0.52ppm,16095.1,0,5.0,0.050,50
2026-06-25 01:44:54,32.02,67.35,1004.00,54.51,520,0.523,72200,34.0,47.0,57.0,YES,YES,UNKNOWN_ANALYSIS_IAQ55_VOC0.52ppm,16105.5,0,5.0,0.050,50
2026-06-25 01:45:04,32.02,67.35,1004.00,54.51,520,0.523,72200,34.0,48.0,57.0,YES,YES,UNKNOWN_ANALYSIS_IAQ55_VOC0.52ppm,16116.0,0,5.0,0.050,50
2026-06-25 01:45:13,32.02,67.35,1004.00,54.51,520,0.523,72200,34.0,48.0,56.0,YES,YES,UNKNOWN_ANALYSIS_IAQ55_VOC0.52ppm,16125.4,0,5.0,0.050,50
2026-06-25 01:45:24,32.02,67.35,1004.00,54.51,520,0.523,72200,35.0,49.0,60.0,YES,YES,UNKNOWN_ANALYSIS_IAQ55_VOC0.52ppm,16135.8,0,5.0,0.050,50
2026-06-25 01:45:33,32.02,67.35,1004.00,54.51,520,0.523,72200,34.0,49.0,60.0,YES,YES,UNKNOWN_ANALYSIS_IAQ55_VOC0.52ppm,16145.2,0,5.0,0.050,50
2026-06-25 01:45:44,32.02,67.35,1004.00,54.51,520,0.523,72200,33.0,47.0,57.0,YES,YES,UNKNOWN_ANALYSIS_IAQ55_VOC0.52ppm,16155.6,0,5.0,0.050,50
2026-06-25 01:45:54,32.02,67.35,1004.00,54.51,520,0.523,72200,34.0,48.0,58.0,YES,YES,UNKNOWN_ANALYSIS_IAQ55_VOC0.52ppm,16166.1,0,5.0,0.050,50
2026-06-25 01:46:04,32.02,67.35,1004.00,54.51,520,0.523,72200,33.0,47.0,57.0,YES,YES,UNKNOWN_ANALYSIS_IAQ55_VOC0.52ppm,16175.5,0,5.0,0.050,50
2026-06-25 01:46:14,32.02,67.35,1004.00,54.51,520,0.523,72200,33.0,47.0,58.0,YES,YES,UNKNOWN_ANALYSIS_IAQ55_VOC0.52ppm,16185.9,0,5.0,0.050,50
2026-06-25 01:46:24,32.02,67.35,1004.00,54.51,520,0.523,72200,34.0,48.0,59.0,YES,YES,UNKNOWN_ANALYSIS_IAQ55_VOC0.52ppm,16196.4,0,5.0,0.050,50
2026-06-25 01:46:34,32.02,67.35,1004.00,54.51,520,0.523,72200,33.0,47.0,57.0,YES,YES,UNKNOWN_ANALYSIS_IAQ55_VOC0.52ppm,16205.8,0,5.0,0.050,50
2026-06-25 01:46:44,32.02,67.35,1004.00,54.51,520,0.523,72200,34.0,48.0,59.0,YES,YES,UNKNOWN_ANALYSIS_IAQ55_VOC0.52ppm,16216.2,0,5.0,0.050,50
2026-06-25 01:46:54,31.93,67.44,1004.00,67.95,578,0.597,71600,34.0,48.0,58.0,YES,YES,UNKNOWN_ANALYSIS_IAQ68_VOC0.60ppm,16225.6,0,5.0,0.050,50
2026-06-25 01:47:04,31.93,67.44,1004.00,67.95,578,0.597,71600,34.0,48.0,58.0,YES,YES,UNKNOWN_ANALYSIS_IAQ68_VOC0.60ppm,16236.0,0,5.0,0.050,50
2026-06-25 01:47:15,31.93,67.44,1004.00,67.95,578,0.597,71600,33.0,47.0,58.0,YES,YES,UNKNOWN_ANALYSIS_IAQ68_VOC0.60ppm,16246.5,0,5.0,0.050,50
2026-06-25 01:47:24,31.93,67.44,1004.00,67.95,578,0.597,71600,34.0,48.0,59.0,YES,YES,UNKNOWN_ANALYSIS_IAQ68_VOC0.60ppm,16255.9,0,5.0,0.050,50
2026-06-25 01:47:34,31.93,67.44,1004.00,67.95,578,0.597,71600,34.0,49.0,60.0,YES,YES,UNKNOWN_ANALYSIS_IAQ68_VOC0.60ppm,16266.3,0,5.0,0.050,50
2026-06-25 01:47:44,31.93,67.44,1004.00,67.95,578,0.597,71600,35.0,50.0,60.0,YES,YES,UNKNOWN_ANALYSIS_IAQ68_VOC0.60ppm,16275.7,0,5.0,0.050,50
2026-06-25 01:47:54,31.93,67.44,1004.00,67.95,578,0.597,71600,34.0,49.0,59.0,YES,YES,UNKNOWN_ANALYSIS_IAQ68_VOC0.60ppm,16286.2,0,5.0,0.050,50
2026-06-25 01:48:05,31.93,67.44,1004.00,67.95,578,0.597,71600,34.0,49.0,59.0,YES,YES,UNKNOWN_ANALYSIS_IAQ68_VOC0.60ppm,16296.6,0,5.0,0.050,50
2026-06-25 01:48:14,31.93,67.44,1004.00,67.95,578,0.597,71600,35.0,49.0,60.0,YES,YES,UNKNOWN_ANALYSIS_IAQ68_VOC0.60ppm,16306.0,0,5.0,0.050,50
2026-06-25 01:48:25,31.93,67.44,1004.00,67.95,578,0.597,71600,35.0,49.0,58.0,YES,YES,UNKNOWN_ANALYSIS_IAQ68_VOC0.60ppm,16316.4,0,5.0,0.050,50
2026-06-25 01:48:34,31.93,67.44,1004.00,67.95,578,0.597,71600,34.0,49.0,58.0,YES,YES,UNKNOWN_ANALYSIS_IAQ68_VOC0.60ppm,16325.8,0,5.0,0.050,50
2026-06-25 01:48:44,31.93,67.44,1004.00,67.95,578,0.597,71600,33.0,47.0,57.0,YES,YES,UNKNOWN_ANALYSIS_IAQ68_VOC0.60ppm,16336.3,0,5.0,0.050,50
2026-06-25 01:48:55,31.93,67.44,1004.00,67.95,578,0.597,71600,34.0,48.0,58.0,YES,YES,UNKNOWN_ANALYSIS_IAQ68_VOC0.60ppm,16346.7,0,5.0,0.050,50
2026-06-25 01:49:04,31.93,67.44,1004.00,67.95,578,0.597,71600,33.0,48.0,59.0,YES,YES,UNKNOWN_ANALYSIS_IAQ68_VOC0.60ppm,16356.1,0,5.0,0.050,50
2026-06-25 01:49:15,31.93,67.44,1004.00,67.95,578,0.597,71600,34.0,49.0,60.0,YES,YES,UNKNOWN_ANALYSIS_IAQ68_VOC0.60ppm,16366.6,0,5.0,0.050,50
2026-06-25 01:49:25,31.93,67.44,1004.00,67.95,578,0.597,71600,33.0,47.0,59.0,YES,YES,UNKNOWN_ANALYSIS_IAQ68_VOC0.60ppm,16377.0,0,5.0,0.050,50
2026-06-25 01:49:35,31.93,67.44,1004.00,67.95,578,0.597,71600,34.0,49.0,60.0,YES,YES,UNKNOWN_ANALYSIS_IAQ68_VOC0.60ppm,16386.4,0,5.0,0.050,50
2026-06-25 01:49:45,31.93,67.44,1004.00,67.95,578,0.597,71600,34.0,48.0,59.0,YES,YES,UNKNOWN_ANALYSIS_IAQ68_VOC0.60ppm,16396.8,0,5.0,0.050,50
2026-06-25 01:49:54,31.93,67.44,1004.00,67.95,578,0.597,71600,35.0,49.0,60.0,YES,YES,UNKNOWN_ANALYSIS_IAQ68_VOC0.60ppm,16406.3,0,5.0,0.050,50
2026-06-25 01:50:05,31.93,67.44,1004.00,67.95,578,0.597,71600,34.0,49.0,61.0,YES,YES,UNKNOWN_ANALYSIS_IAQ68_VOC0.60ppm,16416.7,0,5.0,0.050,50
2026-06-25 01:50:15,31.93,67.44,1004.00,67.95,578,0.597,71600,34.0,49.0,60.0,YES,YES,UNKNOWN_ANALYSIS_IAQ68_VOC0.60ppm,16427.1,0,5.0,0.050,50
2026-06-25 01:50:25,31.93,67.44,1004.00,67.95,578,0.597,71600,33.0,48.0,59.0,YES,YES,UNKNOWN_ANALYSIS_IAQ68_VOC0.60ppm,16436.5,0,5.0,0.050,50
2026-06-25 01:50:35,31.93,67.44,1004.00,67.95,578,0.597,71600,33.0,47.0,57.0,YES,YES,UNKNOWN_ANALYSIS_IAQ68_VOC0.60ppm,16447.0,0,5.0,0.050,50
2026-06-25 01:50:45,31.93,67.44,1004.00,67.95,578,0.597,71600,33.0,47.0,56.0,YES,YES,UNKNOWN_ANALYSIS_IAQ68_VOC0.60ppm,16456.4,0,5.0,0.050,50
2026-06-25 01:50:55,31.93,67.44,1004.00,67.95,578,0.597,71600,34.0,48.0,57.0,YES,YES,UNKNOWN_ANALYSIS_IAQ68_VOC0.60ppm,16466.8,0,5.0,0.050,50
2026-06-25 01:51:05,31.93,67.44,1004.00,67.95,578,0.597,71600,34.0,48.0,57.0,YES,YES,UNKNOWN_ANALYSIS_IAQ68_VOC0.60ppm,16477.3,0,5.0,0.050,50
2026-06-25 01:51:15,31.93,67.44,1004.00,67.95,578,0.597,71600,33.0,47.0,57.0,YES,YES,UNKNOWN_ANALYSIS_IAQ68_VOC0.60ppm,16486.7,0,5.0,0.050,50
2026-06-25 01:51:25,31.93,67.44,1004.00,67.95,578,0.597,71600,33.0,47.0,59.0,YES,YES,UNKNOWN_ANALYSIS_IAQ68_VOC0.60ppm,16497.1,0,5.0,0.050,50
2026-06-25 01:51:35,31.93,67.44,1004.00,67.95,578,0.597,71600,32.0,45.0,57.0,YES,YES,UNKNOWN_ANALYSIS_IAQ68_VOC0.60ppm,16506.5,0,5.0,0.050,50
2026-06-25 01:51:45,31.93,67.44,1004.00,67.95,578,0.597,71600,33.0,47.0,57.0,YES,YES,UNKNOWN_ANALYSIS_IAQ68_VOC0.60ppm,16516.9,0,5.0,0.050,50
2026-06-25 01:51:56,31.89,67.48,1004.00,95.26,698,0.783,70200,33.0,47.0,59.0,YES,YES,UNKNOWN_ANALYSIS_IAQ95_VOC0.78ppm,16527.4,0,5.0,0.050,50
2026-06-25 01:52:05,31.89,67.48,1004.00,95.26,698,0.783,70200,34.0,48.0,60.0,YES,YES,UNKNOWN_ANALYSIS_IAQ95_VOC0.78ppm,16536.8,0,5.0,0.050,50
2026-06-25 01:52:15,31.89,67.48,1004.00,95.26,698,0.783,70200,34.0,49.0,61.0,YES,YES,UNKNOWN_ANALYSIS_IAQ95_VOC0.78ppm,16547.2,0,5.0,0.050,50
2026-06-25 01:52:25,31.89,67.48,1004.00,95.26,698,0.783,70200,33.0,47.0,59.0,YES,YES,UNKNOWN_ANALYSIS_IAQ95_VOC0.78ppm,16556.6,0,5.0,0.050,50
2026-06-25 01:52:35,31.89,67.48,1004.00,95.26,698,0.783,70200,34.0,48.0,58.0,YES,YES,UNKNOWN_ANALYSIS_IAQ95_VOC0.78ppm,16567.1,0,5.0,0.050,50
2026-06-25 01:52:46,31.89,67.48,1004.00,95.26,698,0.783,70200,35.0,48.0,57.0,YES,YES,UNKNOWN_ANALYSIS_IAQ95_VOC0.78ppm,16577.5,0,5.0,0.050,50
2026-06-25 01:52:55,31.89,67.48,1004.00,95.26,698,0.783,70200,35.0,48.0,57.0,YES,YES,UNKNOWN_ANALYSIS_IAQ95_VOC0.78ppm,16586.9,0,5.0,0.050,50
2026-06-25 01:53:05,31.89,67.48,1004.00,95.26,698,0.783,70200,33.0,47.0,59.0,YES,YES,UNKNOWN_ANALYSIS_IAQ95_VOC0.78ppm,16597.3,0,5.0,0.050,50
2026-06-25 01:53:16,31.89,67.48,1004.00,95.26,698,0.783,70200,33.0,47.0,58.0,YES,YES,UNKNOWN_ANALYSIS_IAQ95_VOC0.78ppm,16607.8,0,5.0,0.050,50
2026-06-25 01:53:25,31.89,67.48,1004.00,95.26,698,0.783,70200,34.0,49.0,58.0,YES,YES,UNKNOWN_ANALYSIS_IAQ95_VOC0.78ppm,16617.2,0,5.0,0.050,50
2026-06-25 01:53:36,31.89,67.48,1004.00,95.26,698,0.783,70200,34.0,48.0,58.0,YES,YES,UNKNOWN_ANALYSIS_IAQ95_VOC0.78ppm,16627.6,0,5.0,0.050,50
2026-06-25 01:53:45,31.89,67.48,1004.00,95.26,698,0.783,70200,35.0,48.0,58.0,YES,YES,UNKNOWN_ANALYSIS_IAQ95_VOC0.78ppm,16637.0,0,5.0,0.050,50
2026-06-25 01:53:56,31.89,67.48,1004.00,95.26,698,0.783,70200,34.0,47.0,58.0,YES,YES,UNKNOWN_ANALYSIS_IAQ95_VOC0.78ppm,16647.5,0,5.0,0.050,50
2026-06-25 01:54:06,31.89,67.48,1004.00,95.26,698,0.783,70200,34.0,47.0,59.0,YES,YES,UNKNOWN_ANALYSIS_IAQ95_VOC0.78ppm,16657.9,0,5.0,0.050,50
2026-06-25 01:54:15,31.89,67.48,1004.00,95.26,698,0.783,70200,34.0,47.0,59.0,YES,YES,UNKNOWN_ANALYSIS_IAQ95_VOC0.78ppm,16667.3,0,5.0,0.050,50
2026-06-25 01:54:26,31.89,67.48,1004.00,95.26,698,0.783,70200,34.0,48.0,59.0,YES,YES,UNKNOWN_ANALYSIS_IAQ95_VOC0.78ppm,16677.7,0,5.0,0.050,50
2026-06-25 01:54:35,31.89,67.48,1004.00,95.26,698,0.783,70200,35.0,49.0,59.0,YES,YES,UNKNOWN_ANALYSIS_IAQ95_VOC0.78ppm,16687.1,0,5.0,0.050,50
2026-06-25 01:54:46,31.89,67.48,1004.00,95.26,698,0.783,70200,35.0,49.0,58.0,YES,YES,UNKNOWN_ANALYSIS_IAQ95_VOC0.78ppm,16697.6,0,5.0,0.050,50
2026-06-25 01:54:56,31.89,67.48,1004.00,95.26,698,0.783,70200,33.0,47.0,57.0,YES,YES,UNKNOWN_ANALYSIS_IAQ95_VOC0.78ppm,16708.0,0,5.0,0.050,50
2026-06-25 01:55:06,31.89,67.48,1004.00,95.26,698,0.783,70200,33.0,47.0,57.0,YES,YES,UNKNOWN_ANALYSIS_IAQ95_VOC0.78ppm,16717.4,0,5.0,0.050,50
2026-06-25 01:55:16,31.89,67.48,1004.00,95.26,698,0.783,70200,34.0,48.0,58.0,YES,YES,UNKNOWN_ANALYSIS_IAQ95_VOC0.78ppm,16727.8,0,5.0,0.050,50
PMS7003: Unknown error
2026-06-25 01:55:25,31.89,67.48,1004.00,95.26,698,0.783,70200,34.0,48.0,58.0,YES,YES,UNKNOWN_ANALYSIS_IAQ95_VOC0.78ppm,16737.2,0,5.0,0.050,50
2026-06-25 01:55:36,31.89,67.48,1004.00,95.26,698,0.783,70200,34.0,48.0,58.0,YES,YES,UNKNOWN_ANALYSIS_IAQ95_VOC0.78ppm,16747.7,0,5.0,0.050,50
2026-06-25 01:55:46,31.89,67.48,1004.00,95.26,698,0.783,70200,33.0,46.0,56.0,YES,YES,UNKNOWN_ANALYSIS_IAQ95_VOC0.78ppm,16758.1,0,5.0,0.050,50
2026-06-25 01:55:56,31.89,67.48,1004.00,95.26,698,0.783,70200,34.0,47.0,58.0,YES,YES,UNKNOWN_ANALYSIS_IAQ95_VOC0.78ppm,16767.5,0,5.0,0.050,50
2026-06-25 01:56:06,31.89,67.48,1004.00,95.26,698,0.783,70200,33.0,47.0,58.0,YES,YES,UNKNOWN_ANALYSIS_IAQ95_VOC0.78ppm,16777.9,0,5.0,0.050,50
2026-06-25 01:56:16,31.89,67.48,1004.00,95.26,698,0.783,70200,33.0,47.0,57.0,YES,YES,UNKNOWN_ANALYSIS_IAQ95_VOC0.78ppm,16788.4,0,5.0,0.050,50
2026-06-25 01:56:26,31.89,67.48,1004.00,95.26,698,0.783,70200,34.0,48.0,58.0,YES,YES,UNKNOWN_ANALYSIS_IAQ95_VOC0.78ppm,16797.8,0,5.0,0.050,50
2026-06-25 01:56:36,31.89,67.48,1004.00,95.26,698,0.783,70200,33.0,48.0,58.0,YES,YES,UNKNOWN_ANALYSIS_IAQ95_VOC0.78ppm,16808.2,0,5.0,0.050,50
2026-06-25 01:56:46,31.87,67.57,1004.00,110.33,764,0.909,69400,33.0,47.0,57.0,YES,YES,UNKNOWN_ANALYSIS_IAQ110_VOC0.91ppm,16817.6,0,5.0,0.050,50
2026-06-25 01:56:56,31.87,67.57,1004.00,110.33,764,0.909,69400,32.0,47.0,56.0,YES,YES,UNKNOWN_ANALYSIS_IAQ110_VOC0.91ppm,16828.0,0,5.0,0.050,50
2026-06-25 01:57:07,31.87,67.57,1004.00,110.33,764,0.909,69400,33.0,47.0,57.0,YES,YES,UNKNOWN_ANALYSIS_IAQ110_VOC0.91ppm,16838.5,0,5.0,0.050,50
2026-06-25 01:57:16,31.87,67.57,1004.00,110.33,764,0.909,69400,34.0,48.0,57.0,YES,YES,UNKNOWN_ANALYSIS_IAQ110_VOC0.91ppm,16847.9,0,5.0,0.050,50
2026-06-25 01:57:26,31.87,67.57,1004.00,110.33,764,0.909,69400,33.0,47.0,58.0,YES,YES,UNKNOWN_ANALYSIS_IAQ110_VOC0.91ppm,16858.3,0,5.0,0.050,50
2026-06-25 01:57:36,31.87,67.57,1004.00,110.33,764,0.909,69400,35.0,50.0,60.0,YES,YES,UNKNOWN_ANALYSIS_IAQ110_VOC0.91ppm,16867.7,0,5.0,0.050,50
2026-06-25 01:57:46,31.87,67.57,1004.00,110.33,764,0.909,69400,34.0,48.0,59.0,YES,YES,UNKNOWN_ANALYSIS_IAQ110_VOC0.91ppm,16878.1,0,5.0,0.050,50
2026-06-25 01:57:57,31.87,67.57,1004.00,110.33,764,0.909,69400,34.0,48.0,58.0,YES,YES,UNKNOWN_ANALYSIS_IAQ110_VOC0.91ppm,16888.6,0,5.0,0.050,50
2026-06-25 01:58:06,31.87,67.57,1004.00,110.33,764,0.909,69400,35.0,48.0,58.0,YES,YES,UNKNOWN_ANALYSIS_IAQ110_VOC0.91ppm,16898.0,0,5.0,0.050,50
2026-06-25 01:58:17,31.87,67.57,1004.00,110.33,764,0.909,69400,33.0,47.0,58.0,YES,YES,UNKNOWN_ANALYSIS_IAQ110_VOC0.91ppm,16908.4,0,5.0,0.050,50
2026-06-25 01:58:26,31.87,67.57,1004.00,110.33,764,0.909,69400,34.0,48.0,58.0,YES,YES,UNKNOWN_ANALYSIS_IAQ110_VOC0.91ppm,16917.8,0,5.0,0.050,50
2026-06-25 01:58:36,31.87,67.57,1004.00,110.33,764,0.909,69400,33.0,46.0,57.0,YES,YES,UNKNOWN_ANALYSIS_IAQ110_VOC0.91ppm,16928.3,0,5.0,0.050,50
2026-06-25 01:58:47,31.87,67.57,1004.00,110.33,764,0.909,69400,34.0,48.0,60.0,YES,YES,UNKNOWN_ANALYSIS_IAQ110_VOC0.91ppm,16938.7,0,5.0,0.050,50
2026-06-25 01:58:56,31.87,67.57,1004.00,110.33,764,0.909,69400,34.0,48.0,60.0,YES,YES,UNKNOWN_ANALYSIS_IAQ110_VOC0.91ppm,16948.1,0,5.0,0.050,50
2026-06-25 01:59:07,31.87,67.57,1004.00,110.33,764,0.909,69400,34.0,48.0,59.0,YES,YES,UNKNOWN_ANALYSIS_IAQ110_VOC0.91ppm,16958.5,0,5.0,0.050,50
2026-06-25 01:59:17,31.87,67.57,1004.00,110.33,764,0.909,69400,33.0,47.0,59.0,YES,YES,UNKNOWN_ANALYSIS_IAQ110_VOC0.91ppm,16969.0,0,5.0,0.050,50
2026-06-25 01:59:27,31.87,67.57,1004.00,110.33,764,0.909,69400,35.0,48.0,61.0,YES,YES,UNKNOWN_ANALYSIS_IAQ110_VOC0.91ppm,16978.4,0,5.0,0.050,50
2026-06-25 01:59:37,31.87,67.57,1004.00,110.33,764,0.909,69400,34.0,48.0,60.0,YES,YES,UNKNOWN_ANALYSIS_IAQ110_VOC0.91ppm,16988.8,0,5.0,0.050,50
2026-06-25 01:59:46,31.87,67.57,1004.00,110.33,764,0.909,69400,34.0,49.0,61.0,YES,YES,UNKNOWN_ANALYSIS_IAQ110_VOC0.91ppm,16998.2,0,5.0,0.050,50
2026-06-25 01:59:57,31.87,67.57,1004.00,110.33,764,0.909,69400,34.0,48.0,61.0,YES,YES,UNKNOWN_ANALYSIS_IAQ110_VOC0.91ppm,17008.7,0,5.0,0.050,50
2026-06-25 02:00:07,31.87,67.57,1004.00,110.33,764,0.909,69400,33.0,48.0,60.0,YES,YES,UNKNOWN_ANALYSIS_IAQ110_VOC0.91ppm,17019.1,0,5.0,0.050,50
2026-06-25 02:00:17,31.87,67.57,1004.00,110.33,764,0.909,69400,34.0,47.0,59.0,YES,YES,UNKNOWN_ANALYSIS_IAQ110_VOC0.91ppm,17028.5,0,5.0,0.050,50
2026-06-25 02:00:27,31.87,67.57,1004.00,110.33,764,0.909,69400,34.0,48.0,59.0,YES,YES,UNKNOWN_ANALYSIS_IAQ110_VOC0.91ppm,17039.0,0,5.0,0.050,50
2026-06-25 02:00:36,31.87,67.57,1004.00,110.33,764,0.909,69400,34.0,48.0,59.0,YES,YES,UNKNOWN_ANALYSIS_IAQ110_VOC0.91ppm,17048.4,0,5.0,0.050,50
2026-06-25 02:00:47,31.87,67.57,1004.00,110.33,764,0.909,69400,33.0,47.0,59.0,YES,YES,UNKNOWN_ANALYSIS_IAQ110_VOC0.91ppm,17058.8,0,5.0,0.050,50
2026-06-25 02:00:57,31.87,67.57,1004.00,110.33,764,0.909,69400,33.0,47.0,60.0,YES,YES,UNKNOWN_ANALYSIS_IAQ110_VOC0.91ppm,17069.2,0,5.0,0.050,50
2026-06-25 02:01:07,31.87,67.57,1004.00,110.33,764,0.909,69400,33.0,47.0,59.0,YES,YES,UNKNOWN_ANALYSIS_IAQ110_VOC0.91ppm,17078.6,0,5.0,0.050,50
2026-06-25 02:01:17,31.87,67.57,1004.00,110.33,764,0.909,69400,33.0,47.0,58.0,YES,YES,UNKNOWN_ANALYSIS_IAQ110_VOC0.91ppm,17089.1,0,5.0,0.050,50
2026-06-25 02:01:27,31.87,67.57,1004.00,110.33,764,0.909,69400,34.0,50.0,60.0,YES,YES,UNKNOWN_ANALYSIS_IAQ110_VOC0.91ppm,17098.5,0,5.0,0.050,50
2026-06-25 02:01:37,31.87,67.57,1004.00,110.33,764,0.909,69400,33.0,48.0,58.0,YES,YES,UNKNOWN_ANALYSIS_IAQ110_VOC0.91ppm,17108.9,0,5.0,0.050,50
2026-06-25 02:01:47,31.88,67.57,1004.00,111.66,769,0.921,69300,33.0,47.0,59.0,YES,YES,UNKNOWN_ANALYSIS_IAQ112_VOC0.92ppm,17119.4,0,5.0,0.050,50
2026-06-25 02:01:57,31.88,67.57,1004.00,111.66,769,0.921,69300,34.0,48.0,60.0,YES,YES,UNKNOWN_ANALYSIS_IAQ112_VOC0.92ppm,17128.8,0,5.0,0.050,50
2026-06-25 02:02:07,31.88,67.57,1004.00,111.66,769,0.921,69300,33.0,47.0,59.0,YES,YES,UNKNOWN_ANALYSIS_IAQ112_VOC0.92ppm,17139.2,0,5.0,0.050,50
2026-06-25 02:02:17,31.88,67.57,1004.00,111.66,769,0.921,69300,35.0,48.0,61.0,YES,YES,UNKNOWN_ANALYSIS_IAQ112_VOC0.92ppm,17148.6,0,5.0,0.050,50
2026-06-25 02:02:27,31.88,67.57,1004.00,111.66,769,0.921,69300,34.0,48.0,60.0,YES,YES,UNKNOWN_ANALYSIS_IAQ112_VOC0.92ppm,17159.1,0,5.0,0.050,50
2026-06-25 02:02:38,31.88,67.57,1004.00,111.66,769,0.921,69300,33.0,47.0,59.0,YES,YES,UNKNOWN_ANALYSIS_IAQ112_VOC0.92ppm,17169.5,0,5.0,0.050,50
2026-06-25 02:02:47,31.88,67.57,1004.00,111.66,769,0.921,69300,34.0,49.0,60.0,YES,YES,UNKNOWN_ANALYSIS_IAQ112_VOC0.92ppm,17178.9,0,5.0,0.050,50
2026-06-25 02:02:57,31.88,67.57,1004.00,111.66,769,0.921,69300,34.0,48.0,58.0,YES,YES,UNKNOWN_ANALYSIS_IAQ112_VOC0.92ppm,17189.3,0,5.0,0.050,50
2026-06-25 02:03:07,31.88,67.57,1004.00,111.66,769,0.921,69300,34.0,48.0,58.0,YES,YES,UNKNOWN_ANALYSIS_IAQ112_VOC0.92ppm,17198.7,0,5.0,0.050,50
2026-06-25 02:03:17,31.88,67.57,1004.00,111.66,769,0.921,69300,34.0,49.0,60.0,YES,YES,UNKNOWN_ANALYSIS_IAQ112_VOC0.92ppm,17209.2,0,5.0,0.050,50
2026-06-25 02:03:28,31.88,67.57,1004.00,111.66,769,0.921,69300,34.0,48.0,59.0,YES,YES,UNKNOWN_ANALYSIS_IAQ112_VOC0.92ppm,17219.6,0,5.0,0.050,50
2026-06-25 02:03:37,31.88,67.57,1004.00,111.66,769,0.921,69300,34.0,48.0,59.0,YES,YES,UNKNOWN_ANALYSIS_IAQ112_VOC0.92ppm,17229.0,0,5.0,0.050,50
2026-06-25 02:03:48,31.88,67.57,1004.00,111.66,769,0.921,69300,34.0,48.0,58.0,YES,YES,UNKNOWN_ANALYSIS_IAQ112_VOC0.92ppm,17239.5,0,5.0,0.050,50
2026-06-25 02:03:57,31.88,67.57,1004.00,111.66,769,0.921,69300,33.0,47.0,57.0,YES,YES,UNKNOWN_ANALYSIS_IAQ112_VOC0.92ppm,17248.9,0,5.0,0.050,50
2026-06-25 02:04:07,31.88,67.57,1004.00,111.66,769,0.921,69300,33.0,47.0,57.0,YES,YES,UNKNOWN_ANALYSIS_IAQ112_VOC0.92ppm,17259.3,0,5.0,0.050,50
2026-06-25 02:04:18,31.88,67.57,1004.00,111.66,769,0.921,69300,33.0,47.0,57.0,YES,YES,UNKNOWN_ANALYSIS_IAQ112_VOC0.92ppm,17269.7,0,5.0,0.050,50
2026-06-25 02:04:27,31.88,67.57,1004.00,111.66,769,0.921,69300,33.0,47.0,58.0,YES,YES,UNKNOWN_ANALYSIS_IAQ112_VOC0.92ppm,17279.2,0,5.0,0.050,50
2026-06-25 02:04:38,31.88,67.57,1004.00,111.66,769,0.921,69300,34.0,48.0,61.0,YES,YES,UNKNOWN_ANALYSIS_IAQ112_VOC0.92ppm,17289.6,0,5.0,0.050,50
2026-06-25 02:04:47,31.88,67.57,1004.00,111.66,769,0.921,69300,34.0,49.0,61.0,YES,YES,UNKNOWN_ANALYSIS_IAQ112_VOC0.92ppm,17299.0,0,5.0,0.050,50
2026-06-25 02:04:58,31.88,67.57,1004.00,111.66,769,0.921,69300,34.0,48.0,60.0,YES,YES,UNKNOWN_ANALYSIS_IAQ112_VOC0.92ppm,17309.4,0,5.0,0.050,50
2026-06-25 02:05:08,31.88,67.57,1004.00,111.66,769,0.921,69300,33.0,47.0,59.0,YES,YES,UNKNOWN_ANALYSIS_IAQ112_VOC0.92ppm,17319.9,0,5.0,0.050,50
2026-06-25 02:05:17,31.88,67.57,1004.00,111.66,769,0.921,69300,33.0,48.0,59.0,YES,YES,UNKNOWN_ANALYSIS_IAQ112_VOC0.92ppm,17329.3,0,5.0,0.050,50
2026-06-25 02:05:28,31.88,67.57,1004.00,111.66,769,0.921,69300,35.0,49.0,60.0,YES,YES,UNKNOWN_ANALYSIS_IAQ112_VOC0.92ppm,17339.7,0,5.0,0.050,50
2026-06-25 02:05:37,31.88,67.57,1004.00,111.66,769,0.921,69300,34.0,48.0,59.0,YES,YES,UNKNOWN_ANALYSIS_IAQ112_VOC0.92ppm,17349.1,0,5.0,0.050,50
2026-06-25 02:05:48,31.88,67.57,1004.00,111.66,769,0.921,69300,35.0,50.0,61.0,YES,YES,UNKNOWN_ANALYSIS_IAQ112_VOC0.92ppm,17359.6,0,5.0,0.050,50
2026-06-25 02:05:58,31.88,67.57,1004.00,111.66,769,0.921,69300,34.0,48.0,60.0,YES,YES,UNKNOWN_ANALYSIS_IAQ112_VOC0.92ppm,17370.0,0,5.0,0.050,50
2026-06-25 02:06:08,31.88,67.57,1004.00,111.66,769,0.921,69300,34.0,48.0,59.0,YES,YES,UNKNOWN_ANALYSIS_IAQ112_VOC0.92ppm,17379.4,0,5.0,0.050,50
2026-06-25 02:06:18,31.88,67.57,1004.00,111.66,769,0.921,69300,34.0,48.0,59.0,YES,YES,UNKNOWN_ANALYSIS_IAQ112_VOC0.92ppm,17389.8,0,5.0,0.050,50
2026-06-25 02:06:28,31.88,67.57,1004.00,111.66,769,0.921,69300,33.0,48.0,60.0,YES,YES,UNKNOWN_ANALYSIS_IAQ112_VOC0.92ppm,17400.3,0,5.0,0.050,50
2026-06-25 02:06:38,31.88,67.57,1004.00,111.66,769,0.921,69300,34.0,49.0,60.0,YES,YES,UNKNOWN_ANALYSIS_IAQ112_VOC0.92ppm,17409.7,0,5.0,0.050,50
2026-06-25 02:06:48,31.87,67.60,1004.00,117.38,794,0.975,69000,33.0,47.0,57.0,YES,YES,UNKNOWN_ANALYSIS_IAQ117_VOC0.97ppm,17420.1,0,5.0,0.050,50
2026-06-25 02:06:58,31.87,67.60,1004.00,117.38,794,0.975,69000,34.0,48.0,59.0,YES,YES,UNKNOWN_ANALYSIS_IAQ117_VOC0.97ppm,17429.5,0,5.0,0.050,50
2026-06-25 02:07:08,31.87,67.60,1004.00,117.38,794,0.975,69000,34.0,49.0,59.0,YES,YES,UNKNOWN_ANALYSIS_IAQ117_VOC0.97ppm,17440.0,0,5.0,0.050,50
2026-06-25 02:07:19,31.87,67.60,1004.00,117.38,794,0.975,69000,35.0,49.0,59.0,YES,YES,UNKNOWN_ANALYSIS_IAQ117_VOC0.97ppm,17450.4,0,5.0,0.050,50
2026-06-25 02:07:28,31.87,67.60,1004.00,117.38,794,0.975,69000,35.0,48.0,58.0,YES,YES,UNKNOWN_ANALYSIS_IAQ117_VOC0.97ppm,17459.8,0,5.0,0.050,50
2026-06-25 02:07:38,31.87,67.60,1004.00,117.38,794,0.975,69000,36.0,49.0,58.0,YES,YES,UNKNOWN_ANALYSIS_IAQ117_VOC0.97ppm,17470.2,0,5.0,0.050,50
2026-06-25 02:07:48,31.87,67.60,1004.00,117.38,794,0.975,69000,34.0,47.0,58.0,YES,YES,UNKNOWN_ANALYSIS_IAQ117_VOC0.97ppm,17479.6,0,5.0,0.050,50
2026-06-25 02:07:58,31.87,67.60,1004.00,117.38,794,0.975,69000,34.0,48.0,58.0,YES,YES,UNKNOWN_ANALYSIS_IAQ117_VOC0.97ppm,17490.1,0,5.0,0.050,50
2026-06-25 02:08:09,31.87,67.60,1004.00,117.38,794,0.975,69000,34.0,48.0,57.0,YES,YES,UNKNOWN_ANALYSIS_IAQ117_VOC0.97ppm,17500.5,0,5.0,0.050,50
2026-06-25 02:08:18,31.87,67.60,1004.00,117.38,794,0.975,69000,34.0,47.0,57.0,YES,YES,UNKNOWN_ANALYSIS_IAQ117_VOC0.97ppm,17509.9,0,5.0,0.050,50
2026-06-25 02:08:28,31.87,67.60,1004.00,117.38,794,0.975,69000,34.0,47.0,57.0,YES,YES,UNKNOWN_ANALYSIS_IAQ117_VOC0.97ppm,17520.4,0,5.0,0.050,50
2026-06-25 02:08:39,31.87,67.60,1004.00,117.38,794,0.975,69000,34.0,47.0,59.0,YES,YES,UNKNOWN_ANALYSIS_IAQ117_VOC0.97ppm,17530.8,0,5.0,0.050,50
2026-06-25 02:08:48,31.87,67.60,1004.00,117.38,794,0.975,69000,34.0,47.0,59.0,YES,YES,UNKNOWN_ANALYSIS_IAQ117_VOC0.97ppm,17540.2,0,5.0,0.050,50
2026-06-25 02:08:59,31.87,67.60,1004.00,117.38,794,0.975,69000,34.0,48.0,59.0,YES,YES,UNKNOWN_ANALYSIS_IAQ117_VOC0.97ppm,17550.7,0,5.0,0.050,50
2026-06-25 02:09:08,31.87,67.60,1004.00,117.38,794,0.975,69000,34.0,48.0,59.0,YES,YES,UNKNOWN_ANALYSIS_IAQ117_VOC0.97ppm,17560.0,0,5.0,0.050,50
2026-06-25 02:09:19,31.87,67.60,1004.00,117.38,794,0.975,69000,35.0,48.0,60.0,YES,YES,UNKNOWN_ANALYSIS_IAQ117_VOC0.97ppm,17570.5,0,5.0,0.050,50
2026-06-25 02:09:29,31.87,67.60,1004.00,117.38,794,0.975,69000,34.0,47.0,58.0,YES,YES,UNKNOWN_ANALYSIS_IAQ117_VOC0.97ppm,17580.9,0,5.0,0.050,50
2026-06-25 02:09:38,31.87,67.60,1004.00,117.38,794,0.975,69000,34.0,48.0,59.0,YES,YES,UNKNOWN_ANALYSIS_IAQ117_VOC0.97ppm,17590.3,0,5.0,0.050,50
2026-06-25 02:09:49,31.87,67.60,1004.00,117.38,794,0.975,69000,34.0,48.0,59.0,YES,YES,UNKNOWN_ANALYSIS_IAQ117_VOC0.97ppm,17600.8,0,5.0,0.050,50
2026-06-25 02:09:58,31.87,67.60,1004.00,117.38,794,0.975,69000,34.0,48.0,59.0,YES,YES,UNKNOWN_ANALYSIS_IAQ117_VOC0.97ppm,17610.2,0,5.0,0.050,50
2026-06-25 02:10:09,31.87,67.60,1004.00,117.38,794,0.975,69000,34.0,48.0,59.0,YES,YES,UNKNOWN_ANALYSIS_IAQ117_VOC0.97ppm,17620.6,0,5.0,0.050,50
2026-06-25 02:10:19,31.87,67.60,1004.00,117.38,794,0.975,69000,34.0,49.0,59.0,YES,YES,UNKNOWN_ANALYSIS_IAQ117_VOC0.97ppm,17631.1,0,5.0,0.050,50
2026-06-25 02:10:29,31.87,67.60,1004.00,117.38,794,0.975,69000,35.0,49.0,60.0,YES,YES,UNKNOWN_ANALYSIS_IAQ117_VOC0.97ppm,17640.5,0,5.0,0.050,50
2026-06-25 02:10:39,31.87,67.60,1004.00,117.38,794,0.975,69000,35.0,49.0,60.0,YES,YES,UNKNOWN_ANALYSIS_IAQ117_VOC0.97ppm,17650.9,0,5.0,0.050,50
2026-06-25 02:10:48,31.87,67.60,1004.00,117.38,794,0.975,69000,35.0,49.0,59.0,YES,YES,UNKNOWN_ANALYSIS_IAQ117_VOC0.97ppm,17660.3,0,5.0,0.050,50
2026-06-25 02:10:59,31.87,67.60,1004.00,117.38,794,0.975,69000,33.0,47.0,58.0,YES,YES,UNKNOWN_ANALYSIS_IAQ117_VOC0.97ppm,17670.7,0,5.0,0.050,50
2026-06-25 02:11:09,31.87,67.60,1004.00,117.38,794,0.975,69000,33.0,48.0,59.0,YES,YES,UNKNOWN_ANALYSIS_IAQ117_VOC0.97ppm,17681.2,0,5.0,0.050,50
2026-06-25 02:11:19,31.87,67.60,1004.00,117.38,794,0.975,69000,34.0,48.0,59.0,YES,YES,UNKNOWN_ANALYSIS_IAQ117_VOC0.97ppm,17690.6,0,5.0,0.050,50
2026-06-25 02:11:29,31.87,67.60,1004.00,117.38,794,0.975,69000,34.0,49.0,59.0,YES,YES,UNKNOWN_ANALYSIS_IAQ117_VOC0.97ppm,17701.0,0,5.0,0.050,50
2026-06-25 02:11:40,31.87,67.60,1004.00,117.38,794,0.975,69000,33.0,48.0,59.0,YES,YES,UNKNOWN_ANALYSIS_IAQ117_VOC0.97ppm,17711.5,0,5.0,0.050,50
2026-06-25 02:11:49,31.88,67.64,1004.00,130.03,850,1.105,68300,35.0,49.0,59.0,YES,YES,UNKNOWN_ANALYSIS_IAQ130_VOC1.10ppm,17720.9,0,5.0,0.050,50
2026-06-25 02:11:59,31.88,67.64,1004.00,130.03,850,1.105,68300,34.0,48.0,59.0,YES,YES,UNKNOWN_ANALYSIS_IAQ130_VOC1.10ppm,17731.3,0,5.0,0.050,50
2026-06-25 02:12:09,31.88,67.64,1004.00,130.03,850,1.105,68300,33.0,48.0,59.0,YES,YES,UNKNOWN_ANALYSIS_IAQ130_VOC1.10ppm,17740.7,0,5.0,0.050,50
2026-06-25 02:12:19,31.88,67.64,1004.00,130.03,850,1.105,68300,33.0,47.0,58.0,YES,YES,UNKNOWN_ANALYSIS_IAQ130_VOC1.10ppm,17751.1,0,5.0,0.050,50
2026-06-25 02:12:30,31.88,67.64,1004.00,130.03,850,1.105,68300,34.0,48.0,58.0,YES,YES,UNKNOWN_ANALYSIS_IAQ130_VOC1.10ppm,17761.6,0,5.0,0.050,50
2026-06-25 02:12:39,31.88,67.64,1004.00,130.03,850,1.105,68300,34.0,49.0,59.0,YES,YES,UNKNOWN_ANALYSIS_IAQ130_VOC1.10ppm,17771.0,0,5.0,0.050,50
2026-06-25 02:12:50,31.88,67.64,1004.00,130.03,850,1.105,68300,34.0,49.0,59.0,YES,YES,UNKNOWN_ANALYSIS_IAQ130_VOC1.10ppm,17781.4,0,5.0,0.050,50
2026-06-25 02:12:59,31.88,67.64,1004.00,130.03,850,1.105,68300,33.0,47.0,58.0,YES,YES,UNKNOWN_ANALYSIS_IAQ130_VOC1.10ppm,17790.8,0,5.0,0.050,50
2026-06-25 02:13:09,31.88,67.64,1004.00,130.03,850,1.105,68300,34.0,49.0,60.0,YES,YES,UNKNOWN_ANALYSIS_IAQ130_VOC1.10ppm,17801.2,0,5.0,0.050,50
2026-06-25 02:13:20,31.88,67.64,1004.00,130.03,850,1.105,68300,34.0,48.0,60.0,YES,YES,UNKNOWN_ANALYSIS_IAQ130_VOC1.10ppm,17811.7,0,5.0,0.050,50
2026-06-25 02:13:29,31.88,67.64,1004.00,130.03,850,1.105,68300,33.0,47.0,58.0,YES,YES,UNKNOWN_ANALYSIS_IAQ130_VOC1.10ppm,17821.1,0,5.0,0.050,50
2026-06-25 02:13:40,31.88,67.64,1004.00,130.03,850,1.105,68300,34.0,47.0,58.0,YES,YES,UNKNOWN_ANALYSIS_IAQ130_VOC1.10ppm,17831.5,0,5.0,0.050,50
2026-06-25 02:13:50,31.88,67.64,1004.00,130.03,850,1.105,68300,34.0,47.0,57.0,YES,YES,UNKNOWN_ANALYSIS_IAQ130_VOC1.10ppm,17841.9,0,5.0,0.050,50
2026-06-25 02:13:59,31.88,67.64,1004.00,130.03,850,1.105,68300,34.0,47.0,57.0,YES,YES,UNKNOWN_ANALYSIS_IAQ130_VOC1.10ppm,17851.3,0,5.0,0.050,50
2026-06-25 02:14:10,31.88,67.64,1004.00,130.03,850,1.105,68300,35.0,49.0,60.0,YES,YES,UNKNOWN_ANALYSIS_IAQ130_VOC1.10ppm,17861.8,0,5.0,0.050,50
2026-06-25 02:14:19,31.88,67.64,1004.00,130.03,850,1.105,68300,34.0,48.0,60.0,YES,YES,UNKNOWN_ANALYSIS_IAQ130_VOC1.10ppm,17871.2,0,5.0,0.050,50
2026-06-25 02:14:30,31.88,67.64,1004.00,130.03,850,1.105,68300,35.0,49.0,61.0,YES,YES,UNKNOWN_ANALYSIS_IAQ130_VOC1.10ppm,17881.6,0,5.0,0.050,50
2026-06-25 02:14:40,31.88,67.64,1004.00,130.03,850,1.105,68300,35.0,49.0,60.0,YES,YES,UNKNOWN_ANALYSIS_IAQ130_VOC1.10ppm,17892.1,0,5.0,0.050,50
2026-06-25 02:14:50,31.88,67.64,1004.00,130.03,850,1.105,68300,34.0,48.0,59.0,YES,YES,UNKNOWN_ANALYSIS_IAQ130_VOC1.10ppm,17901.4,0,5.0,0.050,50
2026-06-25 02:15:00,31.88,67.64,1004.00,130.03,850,1.105,68300,33.0,47.0,58.0,YES,YES,UNKNOWN_ANALYSIS_IAQ130_VOC1.10ppm,17911.9,0,5.0,0.050,50
2026-06-25 02:15:09,31.88,67.64,1004.00,130.03,850,1.105,68300,35.0,48.0,59.0,YES,YES,UNKNOWN_ANALYSIS_IAQ130_VOC1.10ppm,17921.3,0,5.0,0.050,50
2026-06-25 02:15:20,31.88,67.64,1004.00,130.03,850,1.105,68300,33.0,46.0,57.0,YES,YES,UNKNOWN_ANALYSIS_IAQ130_VOC1.10ppm,17931.7,0,5.0,0.050,50
2026-06-25 02:15:30,31.88,67.64,1004.00,130.03,850,1.105,68300,33.0,46.0,56.0,YES,YES,UNKNOWN_ANALYSIS_IAQ130_VOC1.10ppm,17942.2,0,5.0,0.050,50
2026-06-25 02:15:40,31.88,67.64,1004.00,130.03,850,1.105,68300,34.0,46.0,57.0,YES,YES,UNKNOWN_ANALYSIS_IAQ130_VOC1.10ppm,17951.6,0,5.0,0.050,50

=== SPIKE HISTORY ===
💾 Baseline state saved to EEPROM
💾 SAVED - IAQ: 5.0, VOC: 0.050 ppm, CO2: 50 ppm
2026-06-25 02:15:50,31.88,67.64,1004.00,130.03,850,1.105,68300,34.0,48.0,60.0,YES,YES,UNKNOWN_ANALYSIS_IAQ130_VOC1.10ppm,17962.0,0,5.0,0.050,50
2026-06-25 02:16:01,31.88,67.64,1004.00,130.03,850,1.105,68300,34.0,48.0,59.0,YES,YES,UNKNOWN_ANALYSIS_IAQ130_VOC1.10ppm,17972.4,0,5.0,0.050,50
2026-06-25 02:16:10,31.88,67.64,1004.00,130.03,850,1.105,68300,33.0,47.0,58.0,YES,YES,UNKNOWN_ANALYSIS_IAQ130_VOC1.10ppm,17981.8,0,5.0,0.050,50
2026-06-25 02:16:20,31.88,67.64,1004.00,130.03,850,1.105,68300,33.0,47.0,57.0,YES,YES,UNKNOWN_ANALYSIS_IAQ130_VOC1.10ppm,17992.3,0,5.0,0.050,50
2026-06-25 02:16:30,31.88,67.64,1004.00,130.03,850,1.105,68300,34.0,48.0,58.0,YES,YES,UNKNOWN_ANALYSIS_IAQ130_VOC1.10ppm,18001.7,0,5.0,0.050,50
2026-06-25 02:16:40,31.88,67.64,1004.00,130.03,850,1.105,68300,34.0,48.0,59.0,YES,YES,UNKNOWN_ANALYSIS_IAQ130_VOC1.10ppm,18012.1,0,5.0,0.050,50
2026-06-25 02:16:51,31.92,67.64,1004.00,136.32,877,1.176,67900,34.0,48.0,60.0,YES,YES,UNKNOWN_ANALYSIS_IAQ136_VOC1.18ppm,18022.5,0,5.0,0.050,50
2026-06-25 02:17:00,31.92,67.64,1004.00,136.32,877,1.176,67900,34.0,49.0,60.0,YES,YES,UNKNOWN_ANALYSIS_IAQ136_VOC1.18ppm,18031.9,0,5.0,0.050,50
2026-06-25 02:17:11,31.92,67.64,1004.00,136.32,877,1.176,67900,34.0,48.0,58.0,YES,YES,UNKNOWN_ANALYSIS_IAQ136_VOC1.18ppm,18042.4,0,5.0,0.050,50
2026-06-25 02:17:20,31.92,67.64,1004.00,136.32,877,1.176,67900,35.0,48.0,58.0,YES,YES,UNKNOWN_ANALYSIS_IAQ136_VOC1.18ppm,18051.8,0,5.0,0.050,50
2026-06-25 02:17:30,31.92,67.64,1004.00,136.32,877,1.176,67900,34.0,48.0,59.0,YES,YES,UNKNOWN_ANALYSIS_IAQ136_VOC1.18ppm,18062.2,0,5.0,0.050,50
2026-06-25 02:17:41,31.92,67.64,1004.00,136.32,877,1.176,67900,33.0,48.0,58.0,YES,YES,UNKNOWN_ANALYSIS_IAQ136_VOC1.18ppm,18072.7,0,5.0,0.050,50
2026-06-25 02:17:50,31.92,67.64,1004.00,136.32,877,1.176,67900,34.0,49.0,60.0,YES,YES,UNKNOWN_ANALYSIS_IAQ136_VOC1.18ppm,18082.1,0,5.0,0.050,50
2026-06-25 02:18:01,31.92,67.64,1004.00,136.32,877,1.176,67900,34.0,47.0,57.0,YES,YES,UNKNOWN_ANALYSIS_IAQ136_VOC1.18ppm,18092.5,0,5.0,0.050,50
2026-06-25 02:18:10,31.92,67.64,1004.00,136.32,877,1.176,67900,34.0,47.0,57.0,YES,YES,UNKNOWN_ANALYSIS_IAQ136_VOC1.18ppm,18101.9,0,5.0,0.050,50
2026-06-25 02:18:20,31.92,67.64,1004.00,136.32,877,1.176,67900,35.0,48.0,58.0,YES,YES,UNKNOWN_ANALYSIS_IAQ136_VOC1.18ppm,18112.4,0,5.0,0.050,50
2026-06-25 02:18:31,31.92,67.64,1004.00,136.32,877,1.176,67900,34.0,46.0,57.0,YES,YES,UNKNOWN_ANALYSIS_IAQ136_VOC1.18ppm,18122.8,0,5.0,0.050,50
2026-06-25 02:18:40,31.92,67.64,1004.00,136.32,877,1.176,67900,34.0,48.0,57.0,YES,YES,UNKNOWN_ANALYSIS_IAQ136_VOC1.18ppm,18132.2,0,5.0,0.050,50
2026-06-25 02:18:51,31.92,67.64,1004.00,136.32,877,1.176,67900,34.0,48.0,58.0,YES,YES,UNKNOWN_ANALYSIS_IAQ136_VOC1.18ppm,18142.6,0,5.0,0.050,50
2026-06-25 02:19:00,31.92,67.64,1004.00,136.32,877,1.176,67900,35.0,49.0,60.0,YES,YES,UNKNOWN_ANALYSIS_IAQ136_VOC1.18ppm,18152.0,0,5.0,0.050,50
2026-06-25 02:19:11,31.92,67.64,1004.00,136.32,877,1.176,67900,33.0,49.0,61.0,YES,YES,UNKNOWN_ANALYSIS_IAQ136_VOC1.18ppm,18162.5,0,5.0,0.050,50
2026-06-25 02:19:21,31.92,67.64,1004.00,136.32,877,1.176,67900,34.0,49.0,62.0,YES,YES,UNKNOWN_ANALYSIS_IAQ136_VOC1.18ppm,18172.9,0,5.0,0.050,50
2026-06-25 02:19:30,31.92,67.64,1004.00,136.32,877,1.176,67900,34.0,48.0,59.0,YES,YES,UNKNOWN_ANALYSIS_IAQ136_VOC1.18ppm,18182.3,0,5.0,0.050,50
2026-06-25 02:19:41,31.92,67.64,1004.00,136.32,877,1.176,67900,34.0,47.0,58.0,YES,YES,UNKNOWN_ANALYSIS_IAQ136_VOC1.18ppm,18192.7,0,5.0,0.050,50
2026-06-25 02:19:50,31.92,67.64,1004.00,136.32,877,1.176,67900,33.0,48.0,60.0,YES,YES,UNKNOWN_ANALYSIS_IAQ136_VOC1.18ppm,18202.1,0,5.0,0.050,50
2026-06-25 02:20:01,31.92,67.64,1004.00,136.32,877,1.176,67900,34.0,49.0,61.0,YES,YES,UNKNOWN_ANALYSIS_IAQ136_VOC1.18ppm,18212.6,0,5.0,0.050,50
2026-06-25 02:20:11,31.92,67.64,1004.00,136.32,877,1.176,67900,33.0,48.0,59.0,YES,YES,UNKNOWN_ANALYSIS_IAQ136_VOC1.18ppm,18223.0,0,5.0,0.050,50
2026-06-25 02:20:21,31.92,67.64,1004.00,136.32,877,1.176,67900,33.0,47.0,57.0,YES,YES,UNKNOWN_ANALYSIS_IAQ136_VOC1.18ppm,18232.4,0,5.0,0.050,50
2026-06-25 02:20:31,31.92,67.64,1004.00,136.32,877,1.176,67900,33.0,47.0,56.0,YES,YES,UNKNOWN_ANALYSIS_IAQ136_VOC1.18ppm,18242.9,0,5.0,0.050,50
2026-06-25 02:20:41,31.92,67.64,1004.00,136.32,877,1.176,67900,33.0,47.0,57.0,YES,YES,UNKNOWN_ANALYSIS_IAQ136_VOC1.18ppm,18253.3,0,5.0,0.050,50
2026-06-25 02:20:51,31.92,67.64,1004.00,136.32,877,1.176,67900,34.0,48.0,57.0,YES,YES,UNKNOWN_ANALYSIS_IAQ136_VOC1.18ppm,18262.7,0,5.0,0.050,50
2026-06-25 02:21:01,31.92,67.64,1004.00,136.32,877,1.176,67900,35.0,49.0,59.0,YES,YES,UNKNOWN_ANALYSIS_IAQ136_VOC1.18ppm,18273.1,0,5.0,0.050,50
2026-06-25 02:21:11,31.92,67.64,1004.00,136.32,877,1.176,67900,35.0,49.0,61.0,YES,YES,UNKNOWN_ANALYSIS_IAQ136_VOC1.18ppm,18282.5,0,5.0,0.050,50
2026-06-25 02:21:21,31.92,67.64,1004.00,136.32,877,1.176,67900,33.0,47.0,59.0,YES,YES,UNKNOWN_ANALYSIS_IAQ136_VOC1.18ppm,18293.0,0,5.0,0.050,50
2026-06-25 02:21:32,31.92,67.64,1004.00,136.32,877,1.176,67900,35.0,48.0,58.0,YES,YES,UNKNOWN_ANALYSIS_IAQ136_VOC1.18ppm,18303.4,0,5.0,0.050,50
2026-06-25 02:21:41,31.92,67.64,1004.00,136.32,877,1.176,67900,34.0,48.0,59.0,YES,YES,UNKNOWN_ANALYSIS_IAQ136_VOC1.18ppm,18312.8,0,5.0,0.050,50
2026-06-25 02:21:51,31.86,67.64,1004.00,128.26,842,1.086,68400,35.0,49.0,60.0,YES,YES,UNKNOWN_ANALYSIS_IAQ128_VOC1.09ppm,18323.3,0,5.0,0.050,50
2026-06-25 02:22:01,31.86,67.64,1004.00,128.26,842,1.086,68400,34.0,49.0,59.0,YES,YES,UNKNOWN_ANALYSIS_IAQ128_VOC1.09ppm,18332.6,0,5.0,0.050,50
2026-06-25 02:22:11,31.86,67.64,1004.00,128.26,842,1.086,68400,33.0,46.0,57.0,YES,YES,UNKNOWN_ANALYSIS_IAQ128_VOC1.09ppm,18343.1,0,5.0,0.050,50
2026-06-25 02:22:22,31.86,67.64,1004.00,128.26,842,1.086,68400,34.0,47.0,57.0,YES,YES,UNKNOWN_ANALYSIS_IAQ128_VOC1.09ppm,18353.5,0,5.0,0.050,50
2026-06-25 02:22:31,31.86,67.64,1004.00,128.26,842,1.086,68400,33.0,46.0,56.0,YES,YES,UNKNOWN_ANALYSIS_IAQ128_VOC1.09ppm,18362.9,0,5.0,0.050,50
2026-06-25 02:22:41,31.86,67.64,1004.00,128.26,842,1.086,68400,34.0,48.0,59.0,YES,YES,UNKNOWN_ANALYSIS_IAQ128_VOC1.09ppm,18373.4,0,5.0,0.050,50
2026-06-25 02:22:51,31.86,67.64,1004.00,128.26,842,1.086,68400,33.0,47.0,58.0,YES,YES,UNKNOWN_ANALYSIS_IAQ128_VOC1.09ppm,18382.8,0,5.0,0.050,50
2026-06-25 02:23:01,31.86,67.64,1004.00,128.26,842,1.086,68400,35.0,48.0,59.0,YES,YES,UNKNOWN_ANALYSIS_IAQ128_VOC1.09ppm,18393.2,0,5.0,0.050,50
2026-06-25 02:23:12,31.86,67.64,1004.00,128.26,842,1.086,68400,33.0,47.0,59.0,YES,YES,UNKNOWN_ANALYSIS_IAQ128_VOC1.09ppm,18403.6,0,5.0,0.050,50
2026-06-25 02:23:21,31.86,67.64,1004.00,128.26,842,1.086,68400,33.0,47.0,58.0,YES,YES,UNKNOWN_ANALYSIS_IAQ128_VOC1.09ppm,18413.0,0,5.0,0.050,50
2026-06-25 02:23:32,31.86,67.64,1004.00,128.26,842,1.086,68400,33.0,48.0,59.0,YES,YES,UNKNOWN_ANALYSIS_IAQ128_VOC1.09ppm,18423.5,0,5.0,0.050,50
2026-06-25 02:23:41,31.86,67.64,1004.00,128.26,842,1.086,68400,33.0,48.0,59.0,YES,YES,UNKNOWN_ANALYSIS_IAQ128_VOC1.09ppm,18432.9,0,5.0,0.050,50
2026-06-25 02:23:51,31.86,67.64,1004.00,128.26,842,1.086,68400,33.0,49.0,59.0,YES,YES,UNKNOWN_ANALYSIS_IAQ128_VOC1.09ppm,18443.3,0,5.0,0.050,50
2026-06-25 02:24:02,31.86,67.64,1004.00,128.26,842,1.086,68400,32.0,47.0,57.0,YES,YES,UNKNOWN_ANALYSIS_IAQ128_VOC1.09ppm,18453.7,0,5.0,0.050,50
2026-06-25 02:24:11,31.86,67.64,1004.00,128.26,842,1.086,68400,34.0,48.0,58.0,YES,YES,UNKNOWN_ANALYSIS_IAQ128_VOC1.09ppm,18463.2,0,5.0,0.050,50
2026-06-25 02:24:22,31.86,67.64,1004.00,128.26,842,1.086,68400,34.0,48.0,58.0,YES,YES,UNKNOWN_ANALYSIS_IAQ128_VOC1.09ppm,18473.6,0,5.0,0.050,50
2026-06-25 02:24:31,31.86,67.64,1004.00,128.26,842,1.086,68400,33.0,47.0,59.0,YES,YES,UNKNOWN_ANALYSIS_IAQ128_VOC1.09ppm,18483.0,0,5.0,0.050,50
2026-06-25 02:24:42,31.86,67.64,1004.00,128.26,842,1.086,68400,34.0,48.0,59.0,YES,YES,UNKNOWN_ANALYSIS_IAQ128_VOC1.09ppm,18493.4,0,5.0,0.050,50
2026-06-25 02:24:52,31.86,67.64,1004.00,128.26,842,1.086,68400,33.0,48.0,59.0,YES,YES,UNKNOWN_ANALYSIS_IAQ128_VOC1.09ppm,18503.9,0,5.0,0.050,50
2026-06-25 02:25:01,31.86,67.64,1004.00,128.26,842,1.086,68400,33.0,49.0,60.0,YES,YES,UNKNOWN_ANALYSIS_IAQ128_VOC1.09ppm,18513.3,0,5.0,0.050,50
2026-06-25 02:25:12,31.86,67.64,1004.00,128.26,842,1.086,68400,33.0,49.0,60.0,YES,YES,UNKNOWN_ANALYSIS_IAQ128_VOC1.09ppm,18523.7,0,5.0,0.050,50
2026-06-25 02:25:21,31.86,67.64,1004.00,128.26,842,1.086,68400,33.0,47.0,57.0,YES,YES,UNKNOWN_ANALYSIS_IAQ128_VOC1.09ppm,18533.1,0,5.0,0.050,50
2026-06-25 02:25:32,31.86,67.64,1004.00,128.26,842,1.086,68400,33.0,47.0,57.0,YES,YES,UNKNOWN_ANALYSIS_IAQ128_VOC1.09ppm,18543.5,0,5.0,0.050,50
2026-06-25 02:25:42,31.86,67.64,1004.00,128.26,842,1.086,68400,33.0,46.0,56.0,YES,YES,UNKNOWN_ANALYSIS_IAQ128_VOC1.09ppm,18554.0,0,5.0,0.050,50
2026-06-25 02:25:52,31.86,67.64,1004.00,128.26,842,1.086,68400,34.0,47.0,57.0,YES,YES,UNKNOWN_ANALYSIS_IAQ128_VOC1.09ppm,18563.4,0,5.0,0.050,50
2026-06-25 02:26:02,31.86,67.64,1004.00,128.26,842,1.086,68400,34.0,47.0,57.0,YES,YES,UNKNOWN_ANALYSIS_IAQ128_VOC1.09ppm,18573.8,0,5.0,0.050,50
2026-06-25 02:26:11,31.86,67.64,1004.00,128.26,842,1.086,68400,34.0,48.0,58.0,YES,YES,UNKNOWN_ANALYSIS_IAQ128_VOC1.09ppm,18583.2,0,5.0,0.050,50
2026-06-25 02:26:22,31.86,67.64,1004.00,128.26,842,1.086,68400,34.0,48.0,58.0,YES,YES,UNKNOWN_ANALYSIS_IAQ128_VOC1.09ppm,18593.6,0,5.0,0.050,50
2026-06-25 02:26:32,31.86,67.64,1004.00,128.26,842,1.086,68400,33.0,47.0,57.0,YES,YES,UNKNOWN_ANALYSIS_IAQ128_VOC1.09ppm,18604.1,0,5.0,0.050,50
2026-06-25 02:26:42,31.86,67.64,1004.00,128.26,842,1.086,68400,34.0,48.0,59.0,YES,YES,UNKNOWN_ANALYSIS_IAQ128_VOC1.09ppm,18613.5,0,5.0,0.050,50
2026-06-25 02:26:52,31.90,67.61,1004.00,130.77,853,1.113,68200,34.0,48.0,58.0,YES,YES,UNKNOWN_ANALYSIS_IAQ131_VOC1.11ppm,18623.9,0,5.0,0.050,50
2026-06-25 02:27:02,31.90,67.61,1004.00,130.77,853,1.113,68200,33.0,47.0,57.0,YES,YES,UNKNOWN_ANALYSIS_IAQ131_VOC1.11ppm,18634.4,0,5.0,0.050,50
2026-06-25 02:27:12,31.90,67.61,1004.00,130.77,853,1.113,68200,34.0,48.0,59.0,YES,YES,UNKNOWN_ANALYSIS_IAQ131_VOC1.11ppm,18643.8,0,5.0,0.050,50
2026-06-25 02:27:22,31.90,67.61,1004.00,130.77,853,1.113,68200,33.0,47.0,59.0,YES,YES,UNKNOWN_ANALYSIS_IAQ131_VOC1.11ppm,18654.2,0,5.0,0.050,50
2026-06-25 02:27:32,31.90,67.61,1004.00,130.77,853,1.113,68200,33.0,47.0,58.0,YES,YES,UNKNOWN_ANALYSIS_IAQ131_VOC1.11ppm,18663.6,0,5.0,0.050,50
2026-06-25 02:27:42,31.90,67.61,1004.00,130.77,853,1.113,68200,33.0,46.0,56.0,YES,YES,UNKNOWN_ANALYSIS_IAQ131_VOC1.11ppm,18674.0,0,5.0,0.050,50
2026-06-25 02:27:53,31.90,67.61,1004.00,130.77,853,1.113,68200,32.0,45.0,56.0,YES,YES,UNKNOWN_ANALYSIS_IAQ131_VOC1.11ppm,18684.5,0,5.0,0.050,50
2026-06-25 02:28:02,31.90,67.61,1004.00,130.77,853,1.113,68200,34.0,47.0,58.0,YES,YES,UNKNOWN_ANALYSIS_IAQ131_VOC1.11ppm,18693.9,0,5.0,0.050,50
2026-06-25 02:28:12,31.90,67.61,1004.00,130.77,853,1.113,68200,33.0,46.0,58.0,YES,YES,UNKNOWN_ANALYSIS_IAQ131_VOC1.11ppm,18704.3,0,5.0,0.050,50
2026-06-25 02:28:22,31.90,67.61,1004.00,130.77,853,1.113,68200,34.0,47.0,58.0,YES,YES,UNKNOWN_ANALYSIS_IAQ131_VOC1.11ppm,18713.7,0,5.0,0.050,50
2026-06-25 02:28:32,31.90,67.61,1004.00,130.77,853,1.113,68200,34.0,47.0,57.0,YES,YES,UNKNOWN_ANALYSIS_IAQ131_VOC1.11ppm,18724.1,0,5.0,0.050,50
2026-06-25 02:28:43,31.90,67.61,1004.00,130.77,853,1.113,68200,33.0,46.0,56.0,YES,YES,UNKNOWN_ANALYSIS_IAQ131_VOC1.11ppm,18734.6,0,5.0,0.050,50
2026-06-25 02:28:52,31.90,67.61,1004.00,130.77,853,1.113,68200,33.0,47.0,56.0,YES,YES,UNKNOWN_ANALYSIS_IAQ131_VOC1.11ppm,18744.0,0,5.0,0.050,50
2026-06-25 02:29:03,31.90,67.61,1004.00,130.77,853,1.113,68200,32.0,47.0,57.0,YES,YES,UNKNOWN_ANALYSIS_IAQ131_VOC1.11ppm,18754.4,0,5.0,0.050,50
2026-06-25 02:29:13,31.90,67.61,1004.00,130.77,853,1.113,68200,33.0,48.0,58.0,YES,YES,UNKNOWN_ANALYSIS_IAQ131_VOC1.11ppm,18764.8,0,5.0,0.050,50
2026-06-25 02:29:22,31.90,67.61,1004.00,130.77,853,1.113,68200,32.0,47.0,56.0,YES,YES,UNKNOWN_ANALYSIS_IAQ131_VOC1.11ppm,18774.2,0,5.0,0.050,50
2026-06-25 02:29:33,31.90,67.61,1004.00,130.77,853,1.113,68200,32.0,47.0,57.0,YES,YES,UNKNOWN_ANALYSIS_IAQ131_VOC1.11ppm,18784.7,0,5.0,0.050,50
2026-06-25 02:29:42,31.90,67.61,1004.00,130.77,853,1.113,68200,33.0,47.0,57.0,YES,YES,UNKNOWN_ANALYSIS_IAQ131_VOC1.11ppm,18794.1,0,5.0,0.050,50
2026-06-25 02:29:53,31.90,67.61,1004.00,130.77,853,1.113,68200,32.0,45.0,55.0,YES,YES,UNKNOWN_ANALYSIS_IAQ131_VOC1.11ppm,18804.5,0,5.0,0.050,50
2026-06-25 02:30:03,31.90,67.61,1004.00,130.77,853,1.113,68200,34.0,46.0,57.0,YES,YES,UNKNOWN_ANALYSIS_IAQ131_VOC1.11ppm,18815.0,0,5.0,0.050,50
2026-06-25 02:30:12,31.90,67.61,1004.00,130.77,853,1.113,68200,33.0,46.0,56.0,YES,YES,UNKNOWN_ANALYSIS_IAQ131_VOC1.11ppm,18824.4,0,5.0,0.050,50
2026-06-25 02:30:23,31.90,67.61,1004.00,130.77,853,1.113,68200,34.0,48.0,59.0,YES,YES,UNKNOWN_ANALYSIS_IAQ131_VOC1.11ppm,18834.8,0,5.0,0.050,50
2026-06-25 02:30:32,31.90,67.61,1004.00,130.77,853,1.113,68200,33.0,47.0,59.0,YES,YES,UNKNOWN_ANALYSIS_IAQ131_VOC1.11ppm,18844.2,0,5.0,0.050,50
2026-06-25 02:30:43,31.90,67.61,1004.00,130.77,853,1.113,68200,34.0,48.0,59.0,YES,YES,UNKNOWN_ANALYSIS_IAQ131_VOC1.11ppm,18854.6,0,5.0,0.050,50
2026-06-25 02:30:53,31.90,67.61,1004.00,130.77,853,1.113,68200,33.0,47.0,57.0,YES,YES,UNKNOWN_ANALYSIS_IAQ131_VOC1.11ppm,18865.1,0,5.0,0.050,50
2026-06-25 02:31:03,31.90,67.61,1004.00,130.77,853,1.113,68200,34.0,48.0,59.0,YES,YES,UNKNOWN_ANALYSIS_IAQ131_VOC1.11ppm,18874.5,0,5.0,0.050,50
2026-06-25 02:31:13,31.90,67.61,1004.00,130.77,853,1.113,68200,33.0,47.0,57.0,YES,YES,UNKNOWN_ANALYSIS_IAQ131_VOC1.11ppm,18884.9,0,5.0,0.050,50
2026-06-25 02:31:22,31.90,67.61,1004.00,130.77,853,1.113,68200,33.0,47.0,57.0,YES,YES,UNKNOWN_ANALYSIS_IAQ131_VOC1.11ppm,18894.3,0,5.0,0.050,50
2026-06-25 02:31:33,31.90,67.61,1004.00,130.77,853,1.113,68200,34.0,48.0,58.0,YES,YES,UNKNOWN_ANALYSIS_IAQ131_VOC1.11ppm,18904.8,0,5.0,0.050,50
2026-06-25 02:31:43,31.90,67.61,1004.00,130.77,853,1.113,68200,32.0,46.0,56.0,YES,YES,UNKNOWN_ANALYSIS_IAQ131_VOC1.11ppm,18915.2,0,5.0,0.050,50
2026-06-25 02:31:53,31.88,67.62,1004.00,121.33,812,1.013,68700,32.0,46.0,57.0,YES,YES,UNKNOWN_ANALYSIS_IAQ121_VOC1.01ppm,18924.6,0,5.0,0.050,50
2026-06-25 02:32:03,31.88,67.62,1004.00,121.33,812,1.013,68700,32.0,47.0,57.0,YES,YES,UNKNOWN_ANALYSIS_IAQ121_VOC1.01ppm,18935.0,0,5.0,0.050,50
2026-06-25 02:32:14,31.88,67.62,1004.00,121.33,812,1.013,68700,32.0,47.0,57.0,YES,YES,UNKNOWN_ANALYSIS_IAQ121_VOC1.01ppm,18945.5,0,5.0,0.050,50
2026-06-25 02:32:23,31.88,67.62,1004.00,121.33,812,1.013,68700,34.0,47.0,57.0,YES,YES,UNKNOWN_ANALYSIS_IAQ121_VOC1.01ppm,18954.9,0,5.0,0.050,50
2026-06-25 02:32:33,31.88,67.62,1004.00,121.33,812,1.013,68700,33.0,45.0,56.0,YES,YES,UNKNOWN_ANALYSIS_IAQ121_VOC1.01ppm,18965.3,0,5.0,0.050,50
2026-06-25 02:32:43,31.88,67.62,1004.00,121.33,812,1.013,68700,34.0,46.0,56.0,YES,YES,UNKNOWN_ANALYSIS_IAQ121_VOC1.01ppm,18974.7,0,5.0,0.050,50
2026-06-25 02:32:53,31.88,67.62,1004.00,121.33,812,1.013,68700,33.0,46.0,56.0,YES,YES,UNKNOWN_ANALYSIS_IAQ121_VOC1.01ppm,18985.2,0,5.0,0.050,50
2026-06-25 02:33:04,31.88,67.62,1004.00,121.33,812,1.013,68700,34.0,48.0,57.0,YES,YES,UNKNOWN_ANALYSIS_IAQ121_VOC1.01ppm,18995.6,0,5.0,0.050,50
2026-06-25 02:33:13,31.88,67.62,1004.00,121.33,812,1.013,68700,34.0,47.0,58.0,YES,YES,UNKNOWN_ANALYSIS_IAQ121_VOC1.01ppm,19005.0,0,5.0,0.050,50
2026-06-25 02:33:24,31.88,67.62,1004.00,121.33,812,1.013,68700,34.0,47.0,57.0,YES,YES,UNKNOWN_ANALYSIS_IAQ121_VOC1.01ppm,19015.4,0,5.0,0.050,50
2026-06-25 02:33:33,31.88,67.62,1004.00,121.33,812,1.013,68700,33.0,46.0,56.0,YES,YES,UNKNOWN_ANALYSIS_IAQ121_VOC1.01ppm,19024.8,0,5.0,0.050,50
2026-06-25 02:33:43,31.88,67.62,1004.00,121.33,812,1.013,68700,33.0,47.0,57.0,YES,YES,UNKNOWN_ANALYSIS_IAQ121_VOC1.01ppm,19035.3,0,5.0,0.050,50
2026-06-25 02:33:54,31.88,67.62,1004.00,121.33,812,1.013,68700,33.0,47.0,58.0,YES,YES,UNKNOWN_ANALYSIS_IAQ121_VOC1.01ppm,19045.7,0,5.0,0.050,50
2026-06-25 02:34:03,31.88,67.62,1004.00,121.33,812,1.013,68700,33.0,46.0,56.0,YES,YES,UNKNOWN_ANALYSIS_IAQ121_VOC1.01ppm,19055.1,0,5.0,0.050,50
2026-06-25 02:34:14,31.88,67.62,1004.00,121.33,812,1.013,68700,32.0,45.0,54.0,YES,YES,UNKNOWN_ANALYSIS_IAQ121_VOC1.01ppm,19065.6,0,5.0,0.050,50
2026-06-25 02:34:24,31.88,67.62,1004.00,121.33,812,1.013,68700,32.0,46.0,55.0,YES,YES,UNKNOWN_ANALYSIS_IAQ121_VOC1.01ppm,19076.0,0,5.0,0.050,50
2026-06-25 02:34:34,31.88,67.62,1004.00,121.33,812,1.013,68700,32.0,45.0,55.0,YES,YES,UNKNOWN_ANALYSIS_IAQ121_VOC1.01ppm,19085.4,0,5.0,0.050,50
2026-06-25 02:34:44,31.88,67.62,1004.00,121.33,812,1.013,68700,32.0,45.0,55.0,YES,YES,UNKNOWN_ANALYSIS_IAQ121_VOC1.01ppm,19095.8,0,5.0,0.050,50
2026-06-25 02:34:53,31.88,67.62,1004.00,121.33,812,1.013,68700,33.0,46.0,56.0,YES,YES,UNKNOWN_ANALYSIS_IAQ121_VOC1.01ppm,19105.2,0,5.0,0.050,50
2026-06-25 02:35:04,31.88,67.62,1004.00,121.33,812,1.013,68700,32.0,46.0,57.0,YES,YES,UNKNOWN_ANALYSIS_IAQ121_VOC1.01ppm,19115.7,0,5.0,0.050,50
2026-06-25 02:35:14,31.88,67.62,1004.00,121.33,812,1.013,68700,34.0,47.0,58.0,YES,YES,UNKNOWN_ANALYSIS_IAQ121_VOC1.01ppm,19126.1,0,5.0,0.050,50
2026-06-25 02:35:24,31.88,67.62,1004.00,121.33,812,1.013,68700,34.0,48.0,60.0,YES,YES,UNKNOWN_ANALYSIS_IAQ121_VOC1.01ppm,19135.5,0,5.0,0.050,50
2026-06-25 02:35:34,31.88,67.62,1004.00,121.33,812,1.013,68700,33.0,47.0,57.0,YES,YES,UNKNOWN_ANALYSIS_IAQ121_VOC1.01ppm,19146.0,0,5.0,0.050,50
2026-06-25 02:35:43,31.88,67.62,1004.00,121.33,812,1.013,68700,32.0,46.0,55.0,YES,YES,UNKNOWN_ANALYSIS_IAQ121_VOC1.01ppm,19155.4,0,5.0,0.050,50
2026-06-25 02:35:54,31.88,67.62,1004.00,121.33,812,1.013,68700,33.0,46.0,56.0,YES,YES,UNKNOWN_ANALYSIS_IAQ121_VOC1.01ppm,19165.8,0,5.0,0.050,50
2026-06-25 02:36:04,31.88,67.62,1004.00,121.33,812,1.013,68700,32.0,45.0,55.0,YES,YES,UNKNOWN_ANALYSIS_IAQ121_VOC1.01ppm,19176.2,0,5.0,0.050,50
2026-06-25 02:36:14,31.88,67.62,1004.00,121.33,812,1.013,68700,31.0,45.0,55.0,YES,YES,UNKNOWN_ANALYSIS_IAQ121_VOC1.01ppm,19185.6,0,5.0,0.050,50
2026-06-25 02:36:24,31.88,67.62,1004.00,121.33,812,1.013,68700,33.0,46.0,56.0,YES,YES,UNKNOWN_ANALYSIS_IAQ121_VOC1.01ppm,19196.1,0,5.0,0.050,50
2026-06-25 02:36:34,31.88,67.62,1004.00,121.33,812,1.013,68700,33.0,46.0,57.0,YES,YES,UNKNOWN_ANALYSIS_IAQ121_VOC1.01ppm,19205.5,0,5.0,0.050,50
2026-06-25 02:36:44,31.88,67.62,1004.00,121.33,812,1.013,68700,33.0,47.0,57.0,YES,YES,UNKNOWN_ANALYSIS_IAQ121_VOC1.01ppm,19215.9,0,5.0,0.050,50
2026-06-25 02:36:54,31.92,67.63,1004.00,125.46,830,1.056,68400,32.0,46.0,56.0,YES,YES,UNKNOWN_ANALYSIS_IAQ125_VOC1.06ppm,19226.4,0,5.0,0.050,50
2026-06-25 02:37:04,31.92,67.63,1004.00,125.46,830,1.056,68400,33.0,47.0,57.0,YES,YES,UNKNOWN_ANALYSIS_IAQ125_VOC1.06ppm,19235.8,0,5.0,0.050,50
2026-06-25 02:37:14,31.92,67.63,1004.00,125.46,830,1.056,68400,32.0,46.0,56.0,YES,YES,UNKNOWN_ANALYSIS_IAQ125_VOC1.06ppm,19246.2,0,5.0,0.050,50
2026-06-25 02:37:25,31.92,67.63,1004.00,125.46,830,1.056,68400,33.0,47.0,57.0,YES,YES,UNKNOWN_ANALYSIS_IAQ125_VOC1.06ppm,19256.6,0,5.0,0.050,50
2026-06-25 02:37:34,31.92,67.63,1004.00,125.46,830,1.056,68400,32.0,46.0,56.0,YES,YES,UNKNOWN_ANALYSIS_IAQ125_VOC1.06ppm,19266.0,0,5.0,0.050,50
2026-06-25 02:37:45,31.92,67.63,1004.00,125.46,830,1.056,68400,33.0,46.0,56.0,YES,YES,UNKNOWN_ANALYSIS_IAQ125_VOC1.06ppm,19276.5,0,5.0,0.050,50
2026-06-25 02:37:54,31.92,67.63,1004.00,125.46,830,1.056,68400,33.0,47.0,57.0,YES,YES,UNKNOWN_ANALYSIS_IAQ125_VOC1.06ppm,19285.9,0,5.0,0.050,50
2026-06-25 02:38:04,31.92,67.63,1004.00,125.46,830,1.056,68400,32.0,46.0,56.0,YES,YES,UNKNOWN_ANALYSIS_IAQ125_VOC1.06ppm,19296.3,0,5.0,0.050,50
2026-06-25 02:38:15,31.92,67.63,1004.00,125.46,830,1.056,68400,33.0,47.0,57.0,YES,YES,UNKNOWN_ANALYSIS_IAQ125_VOC1.06ppm,19306.8,0,5.0,0.050,50
2026-06-25 02:38:24,31.92,67.63,1004.00,125.46,830,1.056,68400,34.0,47.0,58.0,YES,YES,UNKNOWN_ANALYSIS_IAQ125_VOC1.06ppm,19316.2,0,5.0,0.050,50
2026-06-25 02:38:35,31.92,67.63,1004.00,125.46,830,1.056,68400,33.0,46.0,58.0,YES,YES,UNKNOWN_ANALYSIS_IAQ125_VOC1.06ppm,19326.6,0,5.0,0.050,50
2026-06-25 02:38:44,31.92,67.63,1004.00,125.46,830,1.056,68400,33.0,47.0,60.0,YES,YES,UNKNOWN_ANALYSIS_IAQ125_VOC1.06ppm,19336.0,0,5.0,0.050,50
2026-06-25 02:38:55,31.92,67.63,1004.00,125.46,830,1.056,68400,34.0,47.0,59.0,YES,YES,UNKNOWN_ANALYSIS_IAQ125_VOC1.06ppm,19346.4,0,5.0,0.050,50
2026-06-25 02:39:05,31.92,67.63,1004.00,125.46,830,1.056,68400,33.0,47.0,57.0,YES,YES,UNKNOWN_ANALYSIS_IAQ125_VOC1.06ppm,19356.9,0,5.0,0.050,50
2026-06-25 02:39:14,31.92,67.63,1004.00,125.46,830,1.056,68400,32.0,45.0,55.0,YES,YES,UNKNOWN_ANALYSIS_IAQ125_VOC1.06ppm,19366.3,0,5.0,0.050,50
2026-06-25 02:39:25,31.92,67.63,1004.00,125.46,830,1.056,68400,32.0,46.0,56.0,YES,YES,UNKNOWN_ANALYSIS_IAQ125_VOC1.06ppm,19376.7,0,5.0,0.050,50
2026-06-25 02:39:35,31.92,67.63,1004.00,125.46,830,1.056,68400,33.0,46.0,55.0,YES,YES,UNKNOWN_ANALYSIS_IAQ125_VOC1.06ppm,19387.1,0,5.0,0.050,50
2026-06-25 02:39:45,31.92,67.63,1004.00,125.46,830,1.056,68400,32.0,45.0,55.0,YES,YES,UNKNOWN_ANALYSIS_IAQ125_VOC1.06ppm,19396.5,0,5.0,0.050,50
2026-06-25 02:39:55,31.92,67.63,1004.00,125.46,830,1.056,68400,32.0,45.0,56.0,YES,YES,UNKNOWN_ANALYSIS_IAQ125_VOC1.06ppm,19407.0,0,5.0,0.050,50
2026-06-25 02:40:05,31.92,67.63,1004.00,125.46,830,1.056,68400,33.0,46.0,57.0,YES,YES,UNKNOWN_ANALYSIS_IAQ125_VOC1.06ppm,19416.4,0,5.0,0.050,50
2026-06-25 02:40:15,31.92,67.63,1004.00,125.46,830,1.056,68400,32.0,45.0,55.0,YES,YES,UNKNOWN_ANALYSIS_IAQ125_VOC1.06ppm,19426.8,0,5.0,0.050,50
2026-06-25 02:40:25,31.92,67.63,1004.00,125.46,830,1.056,68400,33.0,46.0,56.0,YES,YES,UNKNOWN_ANALYSIS_IAQ125_VOC1.06ppm,19437.3,0,5.0,0.050,50
2026-06-25 02:40:35,31.92,67.63,1004.00,125.46,830,1.056,68400,33.0,46.0,57.0,YES,YES,UNKNOWN_ANALYSIS_IAQ125_VOC1.06ppm,19446.7,0,5.0,0.050,50
2026-06-25 02:40:45,31.92,67.63,1004.00,125.46,830,1.056,68400,32.0,46.0,56.0,YES,YES,UNKNOWN_ANALYSIS_IAQ125_VOC1.06ppm,19457.1,0,5.0,0.050,50
2026-06-25 02:40:55,31.92,67.63,1004.00,125.46,830,1.056,68400,33.0,47.0,58.0,YES,YES,UNKNOWN_ANALYSIS_IAQ125_VOC1.06ppm,19466.5,0,5.0,0.050,50
2026-06-25 02:41:05,31.92,67.63,1004.00,125.46,830,1.056,68400,33.0,46.0,57.0,YES,YES,UNKNOWN_ANALYSIS_IAQ125_VOC1.06ppm,19476.9,0,5.0,0.050,50
2026-06-25 02:41:15,31.92,67.63,1004.00,125.46,830,1.056,68400,33.0,47.0,58.0,YES,YES,UNKNOWN_ANALYSIS_IAQ125_VOC1.06ppm,19487.4,0,5.0,0.050,50
2026-06-25 02:41:25,31.92,67.63,1004.00,125.46,830,1.056,68400,32.0,46.0,56.0,YES,YES,UNKNOWN_ANALYSIS_IAQ125_VOC1.06ppm,19496.8,0,5.0,0.050,50
2026-06-25 02:41:35,31.92,67.63,1004.00,125.46,830,1.056,68400,32.0,46.0,55.0,YES,YES,UNKNOWN_ANALYSIS_IAQ125_VOC1.06ppm,19507.2,0,5.0,0.050,50
2026-06-25 02:41:45,31.92,67.63,1004.00,125.46,830,1.056,68400,33.0,47.0,56.0,YES,YES,UNKNOWN_ANALYSIS_IAQ125_VOC1.06ppm,19516.6,0,5.0,0.050,50
💀🚨💀🚨💀🚨 IAQ_ANOMALY_NO_VOC - IMMEDIATE EVACUATION REQUIRED!
2026-06-25 02:41:55,31.83,67.65,1004.00,118.31,798,0.984,68900,33.0,46.0,56.0,YES,YES,IAQ_ANOMALY_NO_VOC_IAQ:118.3_VOC:0.984,19527.0,0,5.0,0.050,50
💀🚨💀🚨💀🚨 IAQ_ANOMALY_NO_VOC - IMMEDIATE EVACUATION REQUIRED!
2026-06-25 02:42:06,31.83,67.65,1004.00,118.31,798,0.984,68900,32.0,46.0,56.0,YES,YES,IAQ_ANOMALY_NO_VOC_IAQ:118.3_VOC:0.984,19537.5,0,5.0,0.050,50
2026-06-25 02:42:15,31.83,67.65,1004.00,118.31,798,0.984,68900,34.0,47.0,57.0,YES,YES,IAQ_ANOMALY_NO_VOC_IAQ:118.3_VOC:0.984,19546.9,0,5.0,0.050,50
💀🚨💀🚨💀🚨 IAQ_ANOMALY_NO_VOC - IMMEDIATE EVACUATION REQUIRED!
2026-06-25 02:42:25,31.83,67.65,1004.00,118.31,798,0.984,68900,32.0,47.0,57.0,YES,YES,IAQ_ANOMALY_NO_VOC_IAQ:118.3_VOC:0.984,19557.3,0,5.0,0.050,50
2026-06-25 02:42:35,31.83,67.65,1004.00,118.31,798,0.984,68900,33.0,47.0,57.0,YES,YES,IAQ_ANOMALY_NO_VOC_IAQ:118.3_VOC:0.984,19566.7,0,5.0,0.050,50
💀🚨💀🚨💀🚨 IAQ_ANOMALY_NO_VOC - IMMEDIATE EVACUATION REQUIRED!
2026-06-25 02:42:45,31.83,67.65,1004.00,118.31,798,0.984,68900,33.0,47.0,57.0,YES,YES,IAQ_ANOMALY_NO_VOC_IAQ:118.3_VOC:0.984,19577.1,0,5.0,0.050,50
💀🚨💀🚨💀🚨 IAQ_ANOMALY_NO_VOC - IMMEDIATE EVACUATION REQUIRED!
2026-06-25 02:42:56,31.83,67.65,1004.00,118.31,798,0.984,68900,32.0,45.0,55.0,YES,YES,IAQ_ANOMALY_NO_VOC_IAQ:118.3_VOC:0.984,19587.6,0,5.0,0.050,50
2026-06-25 02:43:05,31.83,67.65,1004.00,118.31,798,0.984,68900,32.0,45.0,55.0,YES,YES,IAQ_ANOMALY_NO_VOC_IAQ:118.3_VOC:0.984,19597.0,0,5.0,0.050,50
💀🚨💀🚨💀🚨 IAQ_ANOMALY_NO_VOC - IMMEDIATE EVACUATION REQUIRED!
2026-06-25 02:43:16,31.83,67.65,1004.00,118.31,798,0.984,68900,33.0,47.0,57.0,YES,YES,IAQ_ANOMALY_NO_VOC_IAQ:118.3_VOC:0.984,19607.4,0,5.0,0.050,50
💀🚨💀🚨💀🚨 IAQ_ANOMALY_NO_VOC - IMMEDIATE EVACUATION REQUIRED!
2026-06-25 02:43:26,31.83,67.65,1004.00,118.31,798,0.984,68900,33.0,46.0,57.0,YES,YES,IAQ_ANOMALY_NO_VOC_IAQ:118.3_VOC:0.984,19617.8,0,5.0,0.050,50
2026-06-25 02:43:35,31.83,67.65,1004.00,118.31,798,0.984,68900,33.0,46.0,57.0,YES,YES,IAQ_ANOMALY_NO_VOC_IAQ:118.3_VOC:0.984,19627.2,0,5.0,0.050,50
💀🚨💀🚨💀🚨 IAQ_ANOMALY_NO_VOC - IMMEDIATE EVACUATION REQUIRED!
2026-06-25 02:43:46,31.83,67.65,1004.00,118.31,798,0.984,68900,33.0,48.0,58.0,YES,YES,IAQ_ANOMALY_NO_VOC_IAQ:118.3_VOC:0.984,19637.7,0,5.0,0.050,50
2026-06-25 02:43:55,31.83,67.65,1004.00,118.31,798,0.984,68900,33.0,48.0,58.0,YES,YES,IAQ_ANOMALY_NO_VOC_IAQ:118.3_VOC:0.984,19647.1,0,5.0,0.050,50
💀🚨💀🚨💀🚨 IAQ_ANOMALY_NO_VOC - IMMEDIATE EVACUATION REQUIRED!
2026-06-25 02:44:06,31.83,67.65,1004.00,118.31,798,0.984,68900,32.0,45.0,56.0,YES,YES,IAQ_ANOMALY_NO_VOC_IAQ:118.3_VOC:0.984,19657.5,0,5.0,0.050,50
💀🚨💀🚨💀🚨 IAQ_ANOMALY_NO_VOC - IMMEDIATE EVACUATION REQUIRED!
2026-06-25 02:44:16,31.83,67.65,1004.00,118.31,798,0.984,68900,33.0,46.0,57.0,YES,YES,IAQ_ANOMALY_NO_VOC_IAQ:118.3_VOC:0.984,19667.9,0,5.0,0.050,50
2026-06-25 02:44:25,31.83,67.65,1004.00,118.31,798,0.984,68900,33.0,46.0,56.0,YES,YES,IAQ_ANOMALY_NO_VOC_IAQ:118.3_VOC:0.984,19677.4,0,5.0,0.050,50
💀🚨💀🚨💀🚨 IAQ_ANOMALY_NO_VOC - IMMEDIATE EVACUATION REQUIRED!
2026-06-25 02:44:36,31.83,67.65,1004.00,118.31,798,0.984,68900,32.0,45.0,54.0,YES,YES,IAQ_ANOMALY_NO_VOC_IAQ:118.3_VOC:0.984,19687.8,0,5.0,0.050,50
2026-06-25 02:44:45,31.83,67.65,1004.00,118.31,798,0.984,68900,33.0,46.0,56.0,YES,YES,IAQ_ANOMALY_NO_VOC_IAQ:118.3_VOC:0.984,19697.2,0,5.0,0.050,50
💀🚨💀🚨💀🚨 IAQ_ANOMALY_NO_VOC - IMMEDIATE EVACUATION REQUIRED!
2026-06-25 02:44:56,31.83,67.65,1004.00,118.31,798,0.984,68900,33.0,46.0,56.0,YES,YES,IAQ_ANOMALY_NO_VOC_IAQ:118.3_VOC:0.984,19707.6,0,5.0,0.050,50
💀🚨💀🚨💀🚨 IAQ_ANOMALY_NO_VOC - IMMEDIATE EVACUATION REQUIRED!
2026-06-25 02:45:06,31.83,67.65,1004.00,118.31,798,0.984,68900,33.0,46.0,56.0,YES,YES,IAQ_ANOMALY_NO_VOC_IAQ:118.3_VOC:0.984,19718.1,0,5.0,0.050,50
2026-06-25 02:45:16,31.83,67.65,1004.00,118.31,798,0.984,68900,33.0,47.0,58.0,YES,YES,IAQ_ANOMALY_NO_VOC_IAQ:118.3_VOC:0.984,19727.5,0,5.0,0.050,50
💀🚨💀🚨💀🚨 IAQ_ANOMALY_NO_VOC - IMMEDIATE EVACUATION REQUIRED!
2026-06-25 02:45:26,31.83,67.65,1004.00,118.31,798,0.984,68900,33.0,47.0,58.0,YES,YES,IAQ_ANOMALY_NO_VOC_IAQ:118.3_VOC:0.984,19737.9,0,5.0,0.050,50
2026-06-25 02:45:35,31.83,67.65,1004.00,118.31,798,0.984,68900,33.0,47.0,59.0,YES,YES,IAQ_ANOMALY_NO_VOC_IAQ:118.3_VOC:0.984,19747.3,0,5.0,0.050,50
💀🚨💀🚨💀🚨 IAQ_ANOMALY_NO_VOC - IMMEDIATE EVACUATION REQUIRED!
2026-06-25 02:45:46,31.83,67.65,1004.00,118.31,798,0.984,68900,32.0,45.0,57.0,YES,YES,IAQ_ANOMALY_NO_VOC_IAQ:118.3_VOC:0.984,19757.7,0,5.0,0.050,50
💀🚨💀🚨💀🚨 IAQ_ANOMALY_NO_VOC - IMMEDIATE EVACUATION REQUIRED!
2026-06-25 02:45:56,31.83,67.65,1004.00,118.31,798,0.984,68900,33.0,47.0,58.0,YES,YES,IAQ_ANOMALY_NO_VOC_IAQ:118.3_VOC:0.984,19768.2,0,5.0,0.050,50
2026-06-25 02:46:06,31.83,67.65,1004.00,118.31,798,0.984,68900,33.0,47.0,59.0,YES,YES,IAQ_ANOMALY_NO_VOC_IAQ:118.3_VOC:0.984,19777.6,0,5.0,0.050,50
💀🚨💀🚨💀🚨 IAQ_ANOMALY_NO_VOC - IMMEDIATE EVACUATION REQUIRED!
2026-06-25 02:46:16,31.83,67.65,1004.00,118.31,798,0.984,68900,34.0,48.0,59.0,YES,YES,IAQ_ANOMALY_NO_VOC_IAQ:118.3_VOC:0.984,19788.0,0,5.0,0.050,50
💀🚨💀🚨💀🚨 IAQ_ANOMALY_NO_VOC - IMMEDIATE EVACUATION REQUIRED!
2026-06-25 02:46:27,31.83,67.65,1004.00,118.31,798,0.984,68900,32.0,46.0,57.0,YES,YES,IAQ_ANOMALY_NO_VOC_IAQ:118.3_VOC:0.984,19798.4,0,5.0,0.050,50
2026-06-25 02:46:36,31.83,67.65,1004.00,118.31,798,0.984,68900,33.0,46.0,57.0,YES,YES,IAQ_ANOMALY_NO_VOC_IAQ:118.3_VOC:0.984,19807.8,0,5.0,0.050,50
💀🚨💀🚨💀🚨 IAQ_ANOMALY_NO_VOC - IMMEDIATE EVACUATION REQUIRED!
2026-06-25 02:46:46,31.83,67.65,1004.00,118.31,798,0.984,68900,32.0,44.0,54.0,YES,YES,IAQ_ANOMALY_NO_VOC_IAQ:118.3_VOC:0.984,19818.3,0,5.0,0.050,50
2026-06-25 02:46:56,31.89,67.62,1004.00,118.32,798,0.984,68800,32.0,45.0,55.0,YES,YES,IAQ_ANOMALY_NO_VOC_IAQ:118.3_VOC:0.984,19827.7,0,5.0,0.050,50
💀🚨💀🚨💀🚨 IAQ_ANOMALY_NO_VOC - IMMEDIATE EVACUATION REQUIRED!
2026-06-25 02:47:06,31.89,67.62,1004.00,118.32,798,0.984,68800,32.0,45.0,55.0,YES,YES,IAQ_ANOMALY_NO_VOC_IAQ:118.3_VOC:0.984,19838.1,0,5.0,0.050,50
💀🚨💀🚨💀🚨 IAQ_ANOMALY_NO_VOC - IMMEDIATE EVACUATION REQUIRED!
2026-06-25 02:47:17,31.89,67.62,1004.00,118.32,798,0.984,68800,33.0,47.0,57.0,YES,YES,IAQ_ANOMALY_NO_VOC_IAQ:118.3_VOC:0.984,19848.5,0,5.0,0.050,50
2026-06-25 02:47:26,31.89,67.62,1004.00,118.32,798,0.984,68800,32.0,46.0,56.0,YES,YES,IAQ_ANOMALY_NO_VOC_IAQ:118.3_VOC:0.984,19857.9,0,5.0,0.050,50
💀🚨💀🚨💀🚨 IAQ_ANOMALY_NO_VOC - IMMEDIATE EVACUATION REQUIRED!
2026-06-25 02:47:37,31.89,67.62,1004.00,118.32,798,0.984,68800,33.0,46.0,56.0,YES,YES,IAQ_ANOMALY_NO_VOC_IAQ:118.3_VOC:0.984,19868.4,0,5.0,0.050,50
2026-06-25 02:47:46,31.89,67.62,1004.00,118.32,798,0.984,68800,34.0,46.0,57.0,YES,YES,IAQ_ANOMALY_NO_VOC_IAQ:118.3_VOC:0.984,19877.8,0,5.0,0.050,50
💀🚨💀🚨💀🚨 IAQ_ANOMALY_NO_VOC - IMMEDIATE EVACUATION REQUIRED!
2026-06-25 02:47:56,31.89,67.62,1004.00,118.32,798,0.984,68800,33.0,46.0,56.0,YES,YES,IAQ_ANOMALY_NO_VOC_IAQ:118.3_VOC:0.984,19888.2,0,5.0,0.050,50
💀🚨💀🚨💀🚨 IAQ_ANOMALY_NO_VOC - IMMEDIATE EVACUATION REQUIRED!
2026-06-25 02:48:07,31.89,67.62,1004.00,118.32,798,0.984,68800,33.0,46.0,55.0,YES,YES,IAQ_ANOMALY_NO_VOC_IAQ:118.3_VOC:0.984,19898.6,0,5.0,0.050,50
2026-06-25 02:48:16,31.89,67.62,1004.00,118.32,798,0.984,68800,32.0,45.0,55.0,YES,YES,IAQ_ANOMALY_NO_VOC_IAQ:118.3_VOC:0.984,19908.0,0,5.0,0.050,50
💀🚨💀🚨💀🚨 IAQ_ANOMALY_NO_VOC - IMMEDIATE EVACUATION REQUIRED!
2026-06-25 02:48:27,31.89,67.62,1004.00,118.32,798,0.984,68800,32.0,46.0,55.0,YES,YES,IAQ_ANOMALY_NO_VOC_IAQ:118.3_VOC:0.984,19918.5,0,5.0,0.050,50
💀🚨💀🚨💀🚨 IAQ_ANOMALY_NO_VOC - IMMEDIATE EVACUATION REQUIRED!
2026-06-25 02:48:37,31.89,67.62,1004.00,118.32,798,0.984,68800,33.0,47.0,57.0,YES,YES,IAQ_ANOMALY_NO_VOC_IAQ:118.3_VOC:0.984,19928.9,0,5.0,0.050,50
2026-06-25 02:48:46,31.89,67.62,1004.00,118.32,798,0.984,68800,33.0,47.0,58.0,YES,YES,IAQ_ANOMALY_NO_VOC_IAQ:118.3_VOC:0.984,19938.3,0,5.0,0.050,50
💀🚨💀🚨💀🚨 IAQ_ANOMALY_NO_VOC - IMMEDIATE EVACUATION REQUIRED!
2026-06-25 02:48:57,31.89,67.62,1004.00,118.32,798,0.984,68800,32.0,46.0,59.0,YES,YES,IAQ_ANOMALY_NO_VOC_IAQ:118.3_VOC:0.984,19948.8,0,5.0,0.050,50
2026-06-25 02:49:06,31.89,67.62,1004.00,118.32,798,0.984,68800,33.0,47.0,59.0,YES,YES,IAQ_ANOMALY_NO_VOC_IAQ:118.3_VOC:0.984,19958.2,0,5.0,0.050,50
💀🚨💀🚨💀🚨 IAQ_ANOMALY_NO_VOC - IMMEDIATE EVACUATION REQUIRED!
2026-06-25 02:49:17,31.89,67.62,1004.00,118.32,798,0.984,68800,33.0,47.0,58.0,YES,YES,IAQ_ANOMALY_NO_VOC_IAQ:118.3_VOC:0.984,19968.6,0,5.0,0.050,50
💀🚨💀🚨💀🚨 IAQ_ANOMALY_NO_VOC - IMMEDIATE EVACUATION REQUIRED!
2026-06-25 02:49:27,31.89,67.62,1004.00,118.32,798,0.984,68800,34.0,47.0,61.0,YES,YES,IAQ_ANOMALY_NO_VOC_IAQ:118.3_VOC:0.984,19979.0,0,5.0,0.050,50
2026-06-25 02:49:37,31.89,67.62,1004.00,118.32,798,0.984,68800,33.0,47.0,60.0,YES,YES,IAQ_ANOMALY_NO_VOC_IAQ:118.3_VOC:0.984,19988.4,0,5.0,0.050,50
💀🚨💀🚨💀🚨 IAQ_ANOMALY_NO_VOC - IMMEDIATE EVACUATION REQUIRED!
2026-06-25 02:49:47,31.89,67.62,1004.00,118.32,798,0.984,68800,34.0,47.0,60.0,YES,YES,IAQ_ANOMALY_NO_VOC_IAQ:118.3_VOC:0.984,19998.9,0,5.0,0.050,50
2026-06-25 02:49:56,31.89,67.62,1004.00,118.32,798,0.984,68800,33.0,46.0,59.0,YES,YES,IAQ_ANOMALY_NO_VOC_IAQ:118.3_VOC:0.984,20008.3,0,5.0,0.050,50
💀🚨💀🚨💀🚨 IAQ_ANOMALY_NO_VOC - IMMEDIATE EVACUATION REQUIRED!
2026-06-25 02:50:07,31.89,67.62,1004.00,118.32,798,0.984,68800,33.0,47.0,58.0,YES,YES,IAQ_ANOMALY_NO_VOC_IAQ:118.3_VOC:0.984,20018.7,0,5.0,0.050,50
💀🚨💀🚨💀🚨 IAQ_ANOMALY_NO_VOC - IMMEDIATE EVACUATION REQUIRED!
2026-06-25 02:50:17,31.89,67.62,1004.00,118.32,798,0.984,68800,33.0,47.0,57.0,YES,YES,IAQ_ANOMALY_NO_VOC_IAQ:118.3_VOC:0.984,20029.2,0,5.0,0.050,50
2026-06-25 02:50:27,31.89,67.62,1004.00,118.32,798,0.984,68800,33.0,47.0,57.0,YES,YES,IAQ_ANOMALY_NO_VOC_IAQ:118.3_VOC:0.984,20038.6,0,5.0,0.050,50
💀🚨💀🚨💀🚨 IAQ_ANOMALY_NO_VOC - IMMEDIATE EVACUATION REQUIRED!
2026-06-25 02:50:37,31.89,67.62,1004.00,118.32,798,0.984,68800,33.0,47.0,57.0,YES,YES,IAQ_ANOMALY_NO_VOC_IAQ:118.3_VOC:0.984,20049.0,0,5.0,0.050,50
2026-06-25 02:50:47,31.89,67.62,1004.00,118.32,798,0.984,68800,32.0,47.0,57.0,YES,YES,IAQ_ANOMALY_NO_VOC_IAQ:118.3_VOC:0.984,20058.4,0,5.0,0.050,50
💀🚨💀🚨💀🚨 IAQ_ANOMALY_NO_VOC - IMMEDIATE EVACUATION REQUIRED!
2026-06-25 02:50:57,31.89,67.62,1004.00,118.32,798,0.984,68800,34.0,47.0,57.0,YES,YES,IAQ_ANOMALY_NO_VOC_IAQ:118.3_VOC:0.984,20068.8,0,5.0,0.050,50
💀🚨💀🚨💀🚨 IAQ_ANOMALY_NO_VOC - IMMEDIATE EVACUATION REQUIRED!
2026-06-25 02:51:07,31.89,67.62,1004.00,118.32,798,0.984,68800,33.0,48.0,58.0,YES,YES,IAQ_ANOMALY_NO_VOC_IAQ:118.3_VOC:0.984,20079.3,0,5.0,0.050,50
2026-06-25 02:51:17,31.89,67.62,1004.00,118.32,798,0.984,68800,33.0,48.0,57.0,YES,YES,IAQ_ANOMALY_NO_VOC_IAQ:118.3_VOC:0.984,20088.7,0,5.0,0.050,50
💀🚨💀🚨💀🚨 IAQ_ANOMALY_NO_VOC - IMMEDIATE EVACUATION REQUIRED!
2026-06-25 02:51:27,31.89,67.62,1004.00,118.32,798,0.984,68800,33.0,48.0,57.0,YES,YES,IAQ_ANOMALY_NO_VOC_IAQ:118.3_VOC:0.984,20099.1,0,5.0,0.050,50
2026-06-25 02:51:37,31.89,67.62,1004.00,118.32,798,0.984,68800,33.0,46.0,55.0,YES,YES,IAQ_ANOMALY_NO_VOC_IAQ:118.3_VOC:0.984,20108.5,0,5.0,0.050,50
💀🚨💀🚨💀🚨 IAQ_ANOMALY_NO_VOC - IMMEDIATE EVACUATION REQUIRED!
2026-06-25 02:51:47,31.89,67.62,1004.00,118.32,798,0.984,68800,32.0,45.0,55.0,YES,YES,IAQ_ANOMALY_NO_VOC_IAQ:118.3_VOC:0.984,20119.0,0,5.0,0.050,50
2026-06-25 02:51:58,31.96,67.60,1004.00,111.99,771,0.924,69000,32.0,45.0,56.0,YES,YES,UNKNOWN_ANALYSIS_IAQ112_VOC0.92ppm,20129.4,0,5.0,0.050,50
2026-06-25 02:52:07,31.96,67.60,1004.00,111.99,771,0.924,69000,32.0,45.0,56.0,YES,YES,UNKNOWN_ANALYSIS_IAQ112_VOC0.92ppm,20138.8,0,5.0,0.050,50
2026-06-25 02:52:17,31.96,67.60,1004.00,111.99,771,0.924,69000,33.0,47.0,59.0,YES,YES,UNKNOWN_ANALYSIS_IAQ112_VOC0.92ppm,20149.2,0,5.0,0.050,50
2026-06-25 02:52:27,31.96,67.60,1004.00,111.99,771,0.924,69000,32.0,46.0,56.0,YES,YES,UNKNOWN_ANALYSIS_IAQ112_VOC0.92ppm,20158.6,0,5.0,0.050,50
2026-06-25 02:52:37,31.96,67.60,1004.00,111.99,771,0.924,69000,32.0,45.0,55.0,YES,YES,UNKNOWN_ANALYSIS_IAQ112_VOC0.92ppm,20169.1,0,5.0,0.050,50
2026-06-25 02:52:48,31.96,67.60,1004.00,111.99,771,0.924,69000,32.0,45.0,55.0,YES,YES,UNKNOWN_ANALYSIS_IAQ112_VOC0.92ppm,20179.5,0,5.0,0.050,50
2026-06-25 02:52:57,31.96,67.60,1004.00,111.99,771,0.924,69000,32.0,45.0,55.0,YES,YES,UNKNOWN_ANALYSIS_IAQ112_VOC0.92ppm,20188.9,0,5.0,0.050,50
2026-06-25 02:53:07,31.96,67.60,1004.00,111.99,771,0.924,69000,33.0,46.0,55.0,YES,YES,UNKNOWN_ANALYSIS_IAQ112_VOC0.92ppm,20199.4,0,5.0,0.050,50
2026-06-25 02:53:17,31.96,67.60,1004.00,111.99,771,0.924,69000,33.0,46.0,55.0,YES,YES,UNKNOWN_ANALYSIS_IAQ112_VOC0.92ppm,20208.8,0,5.0,0.050,50
2026-06-25 02:53:27,31.96,67.60,1004.00,111.99,771,0.924,69000,33.0,46.0,56.0,YES,YES,UNKNOWN_ANALYSIS_IAQ112_VOC0.92ppm,20219.2,0,5.0,0.050,50
2026-06-25 02:53:38,31.96,67.60,1004.00,111.99,771,0.924,69000,32.0,46.0,55.0,YES,YES,UNKNOWN_ANALYSIS_IAQ112_VOC0.92ppm,20229.6,0,5.0,0.050,50
2026-06-25 02:53:47,31.96,67.60,1004.00,111.99,771,0.924,69000,33.0,46.0,56.0,YES,YES,UNKNOWN_ANALYSIS_IAQ112_VOC0.92ppm,20239.0,0,5.0,0.050,50
2026-06-25 02:53:58,31.96,67.60,1004.00,111.99,771,0.924,69000,32.0,46.0,55.0,YES,YES,UNKNOWN_ANALYSIS_IAQ112_VOC0.92ppm,20249.5,0,5.0,0.050,50
2026-06-25 02:54:08,31.96,67.60,1004.00,111.99,771,0.924,69000,33.0,47.0,57.0,YES,YES,UNKNOWN_ANALYSIS_IAQ112_VOC0.92ppm,20259.9,0,5.0,0.050,50
2026-06-25 02:54:17,31.96,67.60,1004.00,111.99,771,0.924,69000,33.0,47.0,57.0,YES,YES,UNKNOWN_ANALYSIS_IAQ112_VOC0.92ppm,20269.3,0,5.0,0.050,50
2026-06-25 02:54:28,31.96,67.60,1004.00,111.99,771,0.924,69000,32.0,46.0,56.0,YES,YES,UNKNOWN_ANALYSIS_IAQ112_VOC0.92ppm,20279.7,0,5.0,0.050,50
2026-06-25 02:54:37,31.96,67.60,1004.00,111.99,771,0.924,69000,32.0,47.0,57.0,YES,YES,UNKNOWN_ANALYSIS_IAQ112_VOC0.92ppm,20289.1,0,5.0,0.050,50
2026-06-25 02:54:48,31.96,67.60,1004.00,111.99,771,0.924,69000,33.0,47.0,57.0,YES,YES,UNKNOWN_ANALYSIS_IAQ112_VOC0.92ppm,20299.6,0,5.0,0.050,50
2026-06-25 02:54:58,31.96,67.60,1004.00,111.99,771,0.924,69000,34.0,47.0,57.0,YES,YES,UNKNOWN_ANALYSIS_IAQ112_VOC0.92ppm,20310.0,0,5.0,0.050,50
2026-06-25 02:55:08,31.96,67.60,1004.00,111.99,771,0.924,69000,33.0,46.0,56.0,YES,YES,UNKNOWN_ANALYSIS_IAQ112_VOC0.92ppm,20319.4,0,5.0,0.050,50
2026-06-25 02:55:18,31.96,67.60,1004.00,111.99,771,0.924,69000,32.0,47.0,56.0,YES,YES,UNKNOWN_ANALYSIS_IAQ112_VOC0.92ppm,20329.8,0,5.0,0.050,50
2026-06-25 02:55:27,31.96,67.60,1004.00,111.99,771,0.924,69000,34.0,48.0,57.0,YES,YES,UNKNOWN_ANALYSIS_IAQ112_VOC0.92ppm,20339.3,0,5.0,0.050,50
2026-06-25 02:55:38,31.96,67.60,1004.00,111.99,771,0.924,69000,32.0,47.0,57.0,YES,YES,UNKNOWN_ANALYSIS_IAQ112_VOC0.92ppm,20349.7,0,5.0,0.050,50
2026-06-25 02:55:48,31.96,67.60,1004.00,111.99,771,0.924,69000,32.0,47.0,59.0,YES,YES,UNKNOWN_ANALYSIS_IAQ112_VOC0.92ppm,20360.1,0,5.0,0.050,50
2026-06-25 02:55:58,31.96,67.60,1004.00,111.99,771,0.924,69000,34.0,48.0,60.0,YES,YES,UNKNOWN_ANALYSIS_IAQ112_VOC0.92ppm,20369.5,0,5.0,0.050,50
2026-06-25 02:56:08,31.96,67.60,1004.00,111.99,771,0.924,69000,34.0,48.0,59.0,YES,YES,UNKNOWN_ANALYSIS_IAQ112_VOC0.92ppm,20380.0,0,5.0,0.050,50
2026-06-25 02:56:17,31.96,67.60,1004.00,111.99,771,0.924,69000,34.0,47.0,58.0,YES,YES,UNKNOWN_ANALYSIS_IAQ112_VOC0.92ppm,20389.4,0,5.0,0.050,50
2026-06-25 02:56:28,31.96,67.60,1004.00,111.99,771,0.924,69000,33.0,46.0,57.0,YES,YES,UNKNOWN_ANALYSIS_IAQ112_VOC0.92ppm,20399.8,0,5.0,0.050,50
2026-06-25 02:56:38,31.96,67.60,1004.00,111.99,771,0.924,69000,34.0,47.0,58.0,YES,YES,UNKNOWN_ANALYSIS_IAQ112_VOC0.92ppm,20410.2,0,5.0,0.050,50
2026-06-25 02:56:48,31.96,67.60,1004.00,111.99,771,0.924,69000,34.0,47.0,57.0,YES,YES,UNKNOWN_ANALYSIS_IAQ112_VOC0.92ppm,20419.6,0,5.0,0.050,50
2026-06-25 02:56:58,31.89,67.60,1004.00,112.18,772,0.926,69100,32.0,47.0,57.0,YES,YES,UNKNOWN_ANALYSIS_IAQ112_VOC0.93ppm,20430.1,0,5.0,0.050,50
2026-06-25 02:57:08,31.89,67.60,1004.00,112.18,772,0.926,69100,32.0,45.0,55.0,YES,YES,UNKNOWN_ANALYSIS_IAQ112_VOC0.93ppm,20439.5,0,5.0,0.050,50
2026-06-25 02:57:18,31.89,67.60,1004.00,112.18,772,0.926,69100,32.0,45.0,55.0,YES,YES,UNKNOWN_ANALYSIS_IAQ112_VOC0.93ppm,20449.9,0,5.0,0.050,50
2026-06-25 02:57:28,31.89,67.60,1004.00,112.18,772,0.926,69100,32.0,45.0,54.0,YES,YES,UNKNOWN_ANALYSIS_IAQ112_VOC0.93ppm,20460.3,0,5.0,0.050,50
2026-06-25 02:57:38,31.89,67.60,1004.00,112.18,772,0.926,69100,33.0,46.0,55.0,YES,YES,UNKNOWN_ANALYSIS_IAQ112_VOC0.93ppm,20469.7,0,5.0,0.050,50
2026-06-25 02:57:48,31.89,67.60,1004.00,112.18,772,0.926,69100,33.0,46.0,56.0,YES,YES,UNKNOWN_ANALYSIS_IAQ112_VOC0.93ppm,20480.2,0,5.0,0.050,50
2026-06-25 02:57:58,31.89,67.60,1004.00,112.18,772,0.926,69100,32.0,45.0,55.0,YES,YES,UNKNOWN_ANALYSIS_IAQ112_VOC0.93ppm,20489.6,0,5.0,0.050,50
2026-06-25 02:58:08,31.89,67.60,1004.00,112.18,772,0.926,69100,34.0,46.0,56.0,YES,YES,UNKNOWN_ANALYSIS_IAQ112_VOC0.93ppm,20500.0,0,5.0,0.050,50
2026-06-25 02:58:19,31.89,67.60,1004.00,112.18,772,0.926,69100,33.0,47.0,56.0,YES,YES,UNKNOWN_ANALYSIS_IAQ112_VOC0.93ppm,20510.5,0,5.0,0.050,50
2026-06-25 02:58:28,31.89,67.60,1004.00,112.18,772,0.926,69100,33.0,47.0,57.0,YES,YES,UNKNOWN_ANALYSIS_IAQ112_VOC0.93ppm,20519.8,0,5.0,0.050,50
2026-06-25 02:58:38,31.89,67.60,1004.00,112.18,772,0.926,69100,32.0,46.0,56.0,YES,YES,UNKNOWN_ANALYSIS_IAQ112_VOC0.93ppm,20530.3,0,5.0,0.050,50
2026-06-25 02:58:49,31.89,67.60,1004.00,112.18,772,0.926,69100,33.0,48.0,57.0,YES,YES,UNKNOWN_ANALYSIS_IAQ112_VOC0.93ppm,20540.7,0,5.0,0.050,50
2026-06-25 02:58:58,31.89,67.60,1004.00,112.18,772,0.926,69100,33.0,47.0,57.0,YES,YES,UNKNOWN_ANALYSIS_IAQ112_VOC0.93ppm,20550.1,0,5.0,0.050,50
2026-06-25 02:59:09,31.89,67.60,1004.00,112.18,772,0.926,69100,32.0,46.0,55.0,YES,YES,UNKNOWN_ANALYSIS_IAQ112_VOC0.93ppm,20560.6,0,5.0,0.050,50
2026-06-25 02:59:18,31.89,67.60,1004.00,112.18,772,0.926,69100,33.0,47.0,57.0,YES,YES,UNKNOWN_ANALYSIS_IAQ112_VOC0.93ppm,20570.0,0,5.0,0.050,50
2026-06-25 02:59:29,31.89,67.60,1004.00,112.18,772,0.926,69100,33.0,47.0,58.0,YES,YES,UNKNOWN_ANALYSIS_IAQ112_VOC0.93ppm,20580.4,0,5.0,0.050,50
2026-06-25 02:59:39,31.89,67.60,1004.00,112.18,772,0.926,69100,33.0,47.0,57.0,YES,YES,UNKNOWN_ANALYSIS_IAQ112_VOC0.93ppm,20590.8,0,5.0,0.050,50
2026-06-25 02:59:48,31.89,67.60,1004.00,112.18,772,0.926,69100,33.0,46.0,56.0,YES,YES,UNKNOWN_ANALYSIS_IAQ112_VOC0.93ppm,20600.2,0,5.0,0.050,50
2026-06-25 02:59:59,31.89,67.60,1004.00,112.18,772,0.926,69100,32.0,45.0,54.0,YES,YES,UNKNOWN_ANALYSIS_IAQ112_VOC0.93ppm,20610.7,0,5.0,0.050,50
2026-06-25 03:00:08,31.89,67.60,1004.00,112.18,772,0.926,69100,33.0,47.0,57.0,YES,YES,UNKNOWN_ANALYSIS_IAQ112_VOC0.93ppm,20620.1,0,5.0,0.050,50
2026-06-25 03:00:19,31.89,67.60,1004.00,112.18,772,0.926,69100,33.0,47.0,57.0,YES,YES,UNKNOWN_ANALYSIS_IAQ112_VOC0.93ppm,20630.5,0,5.0,0.050,50
2026-06-25 03:00:29,31.89,67.60,1004.00,112.18,772,0.926,69100,33.0,46.0,58.0,YES,YES,UNKNOWN_ANALYSIS_IAQ112_VOC0.93ppm,20640.9,0,5.0,0.050,50
2026-06-25 03:00:38,31.89,67.60,1004.00,112.18,772,0.926,69100,34.0,46.0,59.0,YES,YES,UNKNOWN_ANALYSIS_IAQ112_VOC0.93ppm,20650.3,0,5.0,0.050,50
2026-06-25 03:00:49,31.89,67.60,1004.00,112.18,772,0.926,69100,32.0,46.0,57.0,YES,YES,UNKNOWN_ANALYSIS_IAQ112_VOC0.93ppm,20660.8,0,5.0,0.050,50
2026-06-25 03:00:58,31.89,67.60,1004.00,112.18,772,0.926,69100,33.0,48.0,58.0,YES,YES,UNKNOWN_ANALYSIS_IAQ112_VOC0.93ppm,20670.2,0,5.0,0.050,50
2026-06-25 03:01:09,31.89,67.60,1004.00,112.18,772,0.926,69100,33.0,48.0,58.0,YES,YES,UNKNOWN_ANALYSIS_IAQ112_VOC0.93ppm,20680.6,0,5.0,0.050,50
2026-06-25 03:01:19,31.89,67.60,1004.00,112.18,772,0.926,69100,32.0,47.0,57.0,YES,YES,UNKNOWN_ANALYSIS_IAQ112_VOC0.93ppm,20691.1,0,5.0,0.050,50
2026-06-25 03:01:29,31.89,67.60,1004.00,112.18,772,0.926,69100,32.0,46.0,56.0,YES,YES,UNKNOWN_ANALYSIS_IAQ112_VOC0.93ppm,20700.5,0,5.0,0.050,50
2026-06-25 03:01:39,31.89,67.60,1004.00,112.18,772,0.926,69100,33.0,46.0,56.0,YES,YES,UNKNOWN_ANALYSIS_IAQ112_VOC0.93ppm,20710.9,0,5.0,0.050,50
2026-06-25 03:01:49,31.89,67.60,1004.00,112.18,772,0.926,69100,33.0,47.0,57.0,YES,YES,UNKNOWN_ANALYSIS_IAQ112_VOC0.93ppm,20721.3,0,5.0,0.050,50
2026-06-25 03:01:59,31.90,67.59,1004.00,107.89,753,0.887,69300,34.0,48.0,57.0,YES,YES,UNKNOWN_ANALYSIS_IAQ108_VOC0.89ppm,20730.7,0,5.0,0.050,50
2026-06-25 03:02:09,31.90,67.59,1004.00,107.89,753,0.887,69300,34.0,47.0,57.0,YES,YES,UNKNOWN_ANALYSIS_IAQ108_VOC0.89ppm,20741.2,0,5.0,0.050,50
2026-06-25 03:02:19,31.90,67.59,1004.00,107.89,753,0.887,69300,33.0,46.0,56.0,YES,YES,UNKNOWN_ANALYSIS_IAQ108_VOC0.89ppm,20750.6,0,5.0,0.050,50
2026-06-25 03:02:29,31.90,67.59,1004.00,107.89,753,0.887,69300,33.0,47.0,57.0,YES,YES,UNKNOWN_ANALYSIS_IAQ108_VOC0.89ppm,20761.0,0,5.0,0.050,50
2026-06-25 03:02:40,31.90,67.59,1004.00,107.89,753,0.887,69300,33.0,47.0,58.0,YES,YES,UNKNOWN_ANALYSIS_IAQ108_VOC0.89ppm,20771.4,0,5.0,0.050,50
2026-06-25 03:02:49,31.90,67.59,1004.00,107.89,753,0.887,69300,33.0,47.0,57.0,YES,YES,UNKNOWN_ANALYSIS_IAQ108_VOC0.89ppm,20780.8,0,5.0,0.050,50
2026-06-25 03:02:59,31.90,67.59,1004.00,107.89,753,0.887,69300,33.0,47.0,57.0,YES,YES,UNKNOWN_ANALYSIS_IAQ108_VOC0.89ppm,20791.3,0,5.0,0.050,50
2026-06-25 03:03:09,31.90,67.59,1004.00,107.89,753,0.887,69300,33.0,47.0,56.0,YES,YES,UNKNOWN_ANALYSIS_IAQ108_VOC0.89ppm,20800.7,0,5.0,0.050,50
2026-06-25 03:03:19,31.90,67.59,1004.00,107.89,753,0.887,69300,32.0,47.0,56.0,YES,YES,UNKNOWN_ANALYSIS_IAQ108_VOC0.89ppm,20811.1,0,5.0,0.050,50
2026-06-25 03:03:30,31.90,67.59,1004.00,107.89,753,0.887,69300,33.0,48.0,59.0,YES,YES,UNKNOWN_ANALYSIS_IAQ108_VOC0.89ppm,20821.5,0,5.0,0.050,50
2026-06-25 03:03:39,31.90,67.59,1004.00,107.89,753,0.887,69300,34.0,48.0,59.0,YES,YES,UNKNOWN_ANALYSIS_IAQ108_VOC0.89ppm,20830.9,0,5.0,0.050,50
2026-06-25 03:03:50,31.90,67.59,1004.00,107.89,753,0.887,69300,34.0,47.0,57.0,YES,YES,UNKNOWN_ANALYSIS_IAQ108_VOC0.89ppm,20841.4,0,5.0,0.050,50
PMS7003: Unknown error
2026-06-25 03:03:59,31.90,67.59,1004.00,107.89,753,0.887,69300,34.0,47.0,57.0,YES,YES,UNKNOWN_ANALYSIS_IAQ108_VOC0.89ppm,20850.8,0,5.0,0.050,50
2026-06-25 03:04:09,31.90,67.59,1004.00,107.89,753,0.887,69300,34.0,49.0,60.0,YES,YES,UNKNOWN_ANALYSIS_IAQ108_VOC0.89ppm,20861.2,0,5.0,0.050,50
2026-06-25 03:04:20,31.90,67.59,1004.00,107.89,753,0.887,69300,34.0,48.0,59.0,YES,YES,UNKNOWN_ANALYSIS_IAQ108_VOC0.89ppm,20871.6,0,5.0,0.050,50
2026-06-25 03:04:29,31.90,67.59,1004.00,107.89,753,0.887,69300,35.0,49.0,60.0,YES,YES,UNKNOWN_ANALYSIS_IAQ108_VOC0.89ppm,20881.0,0,5.0,0.050,50
2026-06-25 03:04:40,31.90,67.59,1004.00,107.89,753,0.887,69300,33.0,47.0,57.0,YES,YES,UNKNOWN_ANALYSIS_IAQ108_VOC0.89ppm,20891.5,0,5.0,0.050,50
2026-06-25 03:04:50,31.90,67.59,1004.00,107.89,753,0.887,69300,34.0,48.0,58.0,YES,YES,UNKNOWN_ANALYSIS_IAQ108_VOC0.89ppm,20901.9,0,5.0,0.050,50
2026-06-25 03:04:59,31.90,67.59,1004.00,107.89,753,0.887,69300,33.0,47.0,57.0,YES,YES,UNKNOWN_ANALYSIS_IAQ108_VOC0.89ppm,20911.3,0,5.0,0.050,50
2026-06-25 03:05:10,31.90,67.59,1004.00,107.89,753,0.887,69300,34.0,48.0,59.0,YES,YES,UNKNOWN_ANALYSIS_IAQ108_VOC0.89ppm,20921.8,0,5.0,0.050,50
2026-06-25 03:05:19,31.90,67.59,1004.00,107.89,753,0.887,69300,34.0,49.0,61.0,YES,YES,UNKNOWN_ANALYSIS_IAQ108_VOC0.89ppm,20931.1,0,5.0,0.050,50
2026-06-25 03:05:30,31.90,67.59,1004.00,107.89,753,0.887,69300,32.0,47.0,60.0,YES,YES,UNKNOWN_ANALYSIS_IAQ108_VOC0.89ppm,20941.6,0,5.0,0.050,50
2026-06-25 03:05:40,31.90,67.59,1004.00,107.89,753,0.887,69300,32.0,47.0,57.0,YES,YES,UNKNOWN_ANALYSIS_IAQ108_VOC0.89ppm,20952.0,0,5.0,0.050,50
2026-06-25 03:05:50,31.90,67.59,1004.00,107.89,753,0.887,69300,32.0,46.0,56.0,YES,YES,UNKNOWN_ANALYSIS_IAQ108_VOC0.89ppm,20961.4,0,5.0,0.050,50
2026-06-25 03:06:00,31.90,67.59,1004.00,107.89,753,0.887,69300,33.0,47.0,57.0,YES,YES,UNKNOWN_ANALYSIS_IAQ108_VOC0.89ppm,20971.9,0,5.0,0.050,50
2026-06-25 03:06:09,31.90,67.59,1004.00,107.89,753,0.887,69300,34.0,48.0,58.0,YES,YES,UNKNOWN_ANALYSIS_IAQ108_VOC0.89ppm,20981.3,0,5.0,0.050,50
2026-06-25 03:06:20,31.90,67.59,1004.00,107.89,753,0.887,69300,33.0,47.0,58.0,YES,YES,UNKNOWN_ANALYSIS_IAQ108_VOC0.89ppm,20991.7,0,5.0,0.050,50
2026-06-25 03:06:30,31.90,67.59,1004.00,107.89,753,0.887,69300,33.0,47.0,58.0,YES,YES,UNKNOWN_ANALYSIS_IAQ108_VOC0.89ppm,21002.1,0,5.0,0.050,50
2026-06-25 03:06:40,31.90,67.59,1004.00,107.89,753,0.887,69300,33.0,47.0,57.0,YES,YES,UNKNOWN_ANALYSIS_IAQ108_VOC0.89ppm,21011.5,0,5.0,0.050,50
2026-06-25 03:06:50,31.90,67.59,1004.00,107.89,753,0.887,69300,33.0,46.0,57.0,YES,YES,UNKNOWN_ANALYSIS_IAQ108_VOC0.89ppm,21022.0,0,5.0,0.050,50
PMS7003: Unknown error
2026-06-25 03:06:59,31.92,67.59,1004.00,105.03,740,0.862,69400,33.0,46.0,57.0,YES,YES,UNKNOWN_ANALYSIS_IAQ105_VOC0.86ppm,21031.4,0,5.0,0.050,50
2026-06-25 03:07:10,31.92,67.59,1004.00,105.03,740,0.862,69400,33.0,46.0,57.0,YES,YES,UNKNOWN_ANALYSIS_IAQ105_VOC0.86ppm,21041.8,0,5.0,0.050,50
2026-06-25 03:07:20,31.92,67.59,1004.00,105.03,740,0.862,69400,33.0,46.0,57.0,YES,YES,UNKNOWN_ANALYSIS_IAQ105_VOC0.86ppm,21052.3,0,5.0,0.050,50
2026-06-25 03:07:30,31.92,67.59,1004.00,105.03,740,0.862,69400,33.0,47.0,56.0,YES,YES,UNKNOWN_ANALYSIS_IAQ105_VOC0.86ppm,21061.6,0,5.0,0.050,50
2026-06-25 03:07:40,31.92,67.59,1004.00,105.03,740,0.862,69400,32.0,46.0,55.0,YES,YES,UNKNOWN_ANALYSIS_IAQ105_VOC0.86ppm,21072.1,0,5.0,0.050,50
2026-06-25 03:07:51,31.92,67.59,1004.00,105.03,740,0.862,69400,34.0,47.0,57.0,YES,YES,UNKNOWN_ANALYSIS_IAQ105_VOC0.86ppm,21082.5,0,5.0,0.050,50
2026-06-25 03:08:00,31.92,67.59,1004.00,105.03,740,0.862,69400,32.0,46.0,56.0,YES,YES,UNKNOWN_ANALYSIS_IAQ105_VOC0.86ppm,21091.9,0,5.0,0.050,50
2026-06-25 03:08:10,31.92,67.59,1004.00,105.03,740,0.862,69400,32.0,45.0,54.0,YES,YES,UNKNOWN_ANALYSIS_IAQ105_VOC0.86ppm,21102.4,0,5.0,0.050,50
2026-06-25 03:08:20,31.92,67.59,1004.00,105.03,740,0.862,69400,32.0,46.0,55.0,YES,YES,UNKNOWN_ANALYSIS_IAQ105_VOC0.86ppm,21111.8,0,5.0,0.050,50
2026-06-25 03:08:30,31.92,67.59,1004.00,105.03,740,0.862,69400,33.0,47.0,57.0,YES,YES,UNKNOWN_ANALYSIS_IAQ105_VOC0.86ppm,21122.2,0,5.0,0.050,50
2026-06-25 03:08:41,31.92,67.59,1004.00,105.03,740,0.862,69400,33.0,47.0,59.0,YES,YES,UNKNOWN_ANALYSIS_IAQ105_VOC0.86ppm,21132.6,0,5.0,0.050,50
2026-06-25 03:08:50,31.92,67.59,1004.00,105.03,740,0.862,69400,34.0,47.0,59.0,YES,YES,UNKNOWN_ANALYSIS_IAQ105_VOC0.86ppm,21142.0,0,5.0,0.050,50
2026-06-25 03:09:01,31.92,67.59,1004.00,105.03,740,0.862,69400,33.0,47.0,58.0,YES,YES,UNKNOWN_ANALYSIS_IAQ105_VOC0.86ppm,21152.5,0,5.0,0.050,50
2026-06-25 03:09:10,31.92,67.59,1004.00,105.03,740,0.862,69400,33.0,47.0,58.0,YES,YES,UNKNOWN_ANALYSIS_IAQ105_VOC0.86ppm,21161.9,0,5.0,0.050,50
2026-06-25 03:09:20,31.92,67.59,1004.00,105.03,740,0.862,69400,32.0,47.0,57.0,YES,YES,UNKNOWN_ANALYSIS_IAQ105_VOC0.86ppm,21172.3,0,5.0,0.050,50
2026-06-25 03:09:31,31.92,67.59,1004.00,105.03,740,0.862,69400,33.0,48.0,58.0,YES,YES,UNKNOWN_ANALYSIS_IAQ105_VOC0.86ppm,21182.7,0,5.0,0.050,50
2026-06-25 03:09:40,31.92,67.59,1004.00,105.03,740,0.862,69400,32.0,45.0,56.0,YES,YES,UNKNOWN_ANALYSIS_IAQ105_VOC0.86ppm,21192.1,0,5.0,0.050,50
2026-06-25 03:09:51,31.92,67.59,1004.00,105.03,740,0.862,69400,33.0,47.0,58.0,YES,YES,UNKNOWN_ANALYSIS_IAQ105_VOC0.86ppm,21202.6,0,5.0,0.050,50
2026-06-25 03:10:00,31.92,67.59,1004.00,105.03,740,0.862,69400,33.0,48.0,58.0,YES,YES,UNKNOWN_ANALYSIS_IAQ105_VOC0.86ppm,21212.0,0,5.0,0.050,50
2026-06-25 03:10:11,31.92,67.59,1004.00,105.03,740,0.862,69400,33.0,48.0,59.0,YES,YES,UNKNOWN_ANALYSIS_IAQ105_VOC0.86ppm,21222.4,0,5.0,0.050,50
2026-06-25 03:10:21,31.92,67.59,1004.00,105.03,740,0.862,69400,33.0,47.0,59.0,YES,YES,UNKNOWN_ANALYSIS_IAQ105_VOC0.86ppm,21232.9,0,5.0,0.050,50
2026-06-25 03:10:30,31.92,67.59,1004.00,105.03,740,0.862,69400,33.0,48.0,59.0,YES,YES,UNKNOWN_ANALYSIS_IAQ105_VOC0.86ppm,21242.3,0,5.0,0.050,50
2026-06-25 03:10:41,31.92,67.59,1004.00,105.03,740,0.862,69400,34.0,48.0,58.0,YES,YES,UNKNOWN_ANALYSIS_IAQ105_VOC0.86ppm,21252.7,0,5.0,0.050,50
2026-06-25 03:10:50,31.92,67.59,1004.00,105.03,740,0.862,69400,33.0,47.0,56.0,YES,YES,UNKNOWN_ANALYSIS_IAQ105_VOC0.86ppm,21262.1,0,5.0,0.050,50
2026-06-25 03:11:01,31.92,67.59,1004.00,105.03,740,0.862,69400,34.0,48.0,58.0,YES,YES,UNKNOWN_ANALYSIS_IAQ105_VOC0.86ppm,21272.5,0,5.0,0.050,50
2026-06-25 03:11:11,31.92,67.59,1004.00,105.03,740,0.862,69400,33.0,47.0,58.0,YES,YES,UNKNOWN_ANALYSIS_IAQ105_VOC0.86ppm,21283.0,0,5.0,0.050,50
2026-06-25 03:11:21,31.92,67.59,1004.00,105.03,740,0.862,69400,34.0,48.0,60.0,YES,YES,UNKNOWN_ANALYSIS_IAQ105_VOC0.86ppm,21292.4,0,5.0,0.050,50
2026-06-25 03:11:31,31.92,67.59,1004.00,105.03,740,0.862,69400,34.0,48.0,60.0,YES,YES,UNKNOWN_ANALYSIS_IAQ105_VOC0.86ppm,21302.8,0,5.0,0.050,50
2026-06-25 03:11:40,31.92,67.59,1004.00,105.03,740,0.862,69400,33.0,47.0,58.0,YES,YES,UNKNOWN_ANALYSIS_IAQ105_VOC0.86ppm,21312.2,0,5.0,0.050,50
2026-06-25 03:11:51,31.92,67.59,1004.00,105.03,740,0.862,69400,34.0,48.0,59.0,YES,YES,UNKNOWN_ANALYSIS_IAQ105_VOC0.86ppm,21322.7,0,5.0,0.050,50
2026-06-25 03:12:01,31.89,67.55,1004.00,100.49,721,0.824,69700,33.0,47.0,57.0,YES,YES,UNKNOWN_ANALYSIS_IAQ100_VOC0.82ppm,21333.1,0,5.0,0.050,50
2026-06-25 03:12:11,31.89,67.55,1004.00,100.49,721,0.824,69700,33.0,46.0,56.0,YES,YES,UNKNOWN_ANALYSIS_IAQ100_VOC0.82ppm,21342.5,0,5.0,0.050,50
2026-06-25 03:12:21,31.89,67.55,1004.00,100.49,721,0.824,69700,32.0,46.0,56.0,YES,YES,UNKNOWN_ANALYSIS_IAQ100_VOC0.82ppm,21353.0,0,5.0,0.050,50
2026-06-25 03:12:30,31.89,67.55,1004.00,100.49,721,0.824,69700,33.0,48.0,57.0,YES,YES,UNKNOWN_ANALYSIS_IAQ100_VOC0.82ppm,21362.4,0,5.0,0.050,50
2026-06-25 03:12:41,31.89,67.55,1004.00,100.49,721,0.824,69700,33.0,47.0,58.0,YES,YES,UNKNOWN_ANALYSIS_IAQ100_VOC0.82ppm,21372.8,0,5.0,0.050,50
2026-06-25 03:12:51,31.89,67.55,1004.00,100.49,721,0.824,69700,33.0,47.0,58.0,YES,YES,UNKNOWN_ANALYSIS_IAQ100_VOC0.82ppm,21383.2,0,5.0,0.050,50
2026-06-25 03:13:01,31.89,67.55,1004.00,100.49,721,0.824,69700,33.0,47.0,58.0,YES,YES,UNKNOWN_ANALYSIS_IAQ100_VOC0.82ppm,21392.6,0,5.0,0.050,50
2026-06-25 03:13:11,31.89,67.55,1004.00,100.49,721,0.824,69700,32.0,47.0,59.0,YES,YES,UNKNOWN_ANALYSIS_IAQ100_VOC0.82ppm,21403.1,0,5.0,0.050,50
2026-06-25 03:13:22,31.89,67.55,1004.00,100.49,721,0.824,69700,32.0,46.0,57.0,YES,YES,UNKNOWN_ANALYSIS_IAQ100_VOC0.82ppm,21413.5,0,5.0,0.050,50
2026-06-25 03:13:31,31.89,67.55,1004.00,100.49,721,0.824,69700,33.0,46.0,57.0,YES,YES,UNKNOWN_ANALYSIS_IAQ100_VOC0.82ppm,21422.9,0,5.0,0.050,50
2026-06-25 03:13:41,31.89,67.55,1004.00,100.49,721,0.824,69700,33.0,47.0,57.0,YES,YES,UNKNOWN_ANALYSIS_IAQ100_VOC0.82ppm,21433.3,0,5.0,0.050,50
2026-06-25 03:13:51,31.89,67.55,1004.00,100.49,721,0.824,69700,33.0,46.0,56.0,YES,YES,UNKNOWN_ANALYSIS_IAQ100_VOC0.82ppm,21442.7,0,5.0,0.050,50
2026-06-25 03:14:01,31.89,67.55,1004.00,100.49,721,0.824,69700,33.0,46.0,56.0,YES,YES,UNKNOWN_ANALYSIS_IAQ100_VOC0.82ppm,21453.2,0,5.0,0.050,50
2026-06-25 03:14:12,31.89,67.55,1004.00,100.49,721,0.824,69700,34.0,47.0,58.0,YES,YES,UNKNOWN_ANALYSIS_IAQ100_VOC0.82ppm,21463.6,0,5.0,0.050,50
2026-06-25 03:14:21,31.89,67.55,1004.00,100.49,721,0.824,69700,33.0,47.0,58.0,YES,YES,UNKNOWN_ANALYSIS_IAQ100_VOC0.82ppm,21473.0,0,5.0,0.050,50
2026-06-25 03:14:32,31.89,67.55,1004.00,100.49,721,0.824,69700,33.0,46.0,57.0,YES,YES,UNKNOWN_ANALYSIS_IAQ100_VOC0.82ppm,21483.4,0,5.0,0.050,50
2026-06-25 03:14:41,31.89,67.55,1004.00,100.49,721,0.824,69700,33.0,47.0,58.0,YES,YES,UNKNOWN_ANALYSIS_IAQ100_VOC0.82ppm,21492.8,0,5.0,0.050,50
2026-06-25 03:14:51,31.89,67.55,1004.00,100.49,721,0.824,69700,33.0,47.0,58.0,YES,YES,UNKNOWN_ANALYSIS_IAQ100_VOC0.82ppm,21503.3,0,5.0,0.050,50
2026-06-25 03:15:02,31.89,67.55,1004.00,100.49,721,0.824,69700,33.0,47.0,58.0,YES,YES,UNKNOWN_ANALYSIS_IAQ100_VOC0.82ppm,21513.7,0,5.0,0.050,50
2026-06-25 03:15:11,31.89,67.55,1004.00,100.49,721,0.824,69700,32.0,46.0,57.0,YES,YES,UNKNOWN_ANALYSIS_IAQ100_VOC0.82ppm,21523.1,0,5.0,0.050,50
2026-06-25 03:15:22,31.89,67.55,1004.00,100.49,721,0.824,69700,33.0,48.0,58.0,YES,YES,UNKNOWN_ANALYSIS_IAQ100_VOC0.82ppm,21533.6,0,5.0,0.050,50
2026-06-25 03:15:31,31.89,67.55,1004.00,100.49,721,0.824,69700,33.0,47.0,57.0,YES,YES,UNKNOWN_ANALYSIS_IAQ100_VOC0.82ppm,21542.9,0,5.0,0.050,50
2026-06-25 03:15:42,31.89,67.55,1004.00,100.49,721,0.824,69700,34.0,48.0,60.0,YES,YES,UNKNOWN_ANALYSIS_IAQ100_VOC0.82ppm,21553.4,0,5.0,0.050,50
💾 Baseline state saved to EEPROM
💾 SAVED - IAQ: 5.0, VOC: 0.050 ppm, CO2: 50 ppm

=== SPIKE HISTORY ===
2026-06-25 03:15:52,31.89,67.55,1004.00,100.49,721,0.824,69700,33.0,47.0,57.0,YES,YES,UNKNOWN_ANALYSIS_IAQ100_VOC0.82ppm,21563.8,0,5.0,0.050,50
2026-06-25 03:16:01,31.89,67.55,1004.00,100.49,721,0.824,69700,32.0,46.0,56.0,YES,YES,UNKNOWN_ANALYSIS_IAQ100_VOC0.82ppm,21573.2,0,5.0,0.050,50
2026-06-25 03:16:12,31.89,67.55,1004.00,100.49,721,0.824,69700,32.0,46.0,57.0,YES,YES,UNKNOWN_ANALYSIS_IAQ100_VOC0.82ppm,21583.6,0,5.0,0.050,50
2026-06-25 03:16:22,31.89,67.55,1004.00,100.49,721,0.824,69700,34.0,47.0,56.0,YES,YES,UNKNOWN_ANALYSIS_IAQ100_VOC0.82ppm,21594.1,0,5.0,0.050,50
2026-06-25 03:16:32,31.89,67.55,1004.00,100.49,721,0.824,69700,33.0,45.0,55.0,YES,YES,UNKNOWN_ANALYSIS_IAQ100_VOC0.82ppm,21603.5,0,5.0,0.050,50
2026-06-25 03:16:42,31.89,67.55,1004.00,100.49,721,0.824,69700,33.0,46.0,56.0,YES,YES,UNKNOWN_ANALYSIS_IAQ100_VOC0.82ppm,21613.9,0,5.0,0.050,50
2026-06-25 03:16:51,31.89,67.55,1004.00,100.49,721,0.824,69700,33.0,47.0,57.0,YES,YES,UNKNOWN_ANALYSIS_IAQ100_VOC0.82ppm,21623.3,0,5.0,0.050,50
2026-06-25 03:17:02,31.91,67.57,1004.00,97.54,708,0.801,69800,34.0,47.0,56.0,YES,YES,UNKNOWN_ANALYSIS_IAQ98_VOC0.80ppm,21633.8,0,5.0,0.050,50
2026-06-25 03:17:12,31.91,67.57,1004.00,97.54,708,0.801,69800,32.0,46.0,56.0,YES,YES,UNKNOWN_ANALYSIS_IAQ98_VOC0.80ppm,21644.2,0,5.0,0.050,50
2026-06-25 03:17:22,31.91,67.57,1004.00,97.54,708,0.801,69800,32.0,47.0,56.0,YES,YES,UNKNOWN_ANALYSIS_IAQ98_VOC0.80ppm,21653.6,0,5.0,0.050,50
2026-06-25 03:17:32,31.91,67.57,1004.00,97.54,708,0.801,69800,32.0,46.0,56.0,YES,YES,UNKNOWN_ANALYSIS_IAQ98_VOC0.80ppm,21664.0,0,5.0,0.050,50
2026-06-25 03:17:42,31.91,67.57,1004.00,97.54,708,0.801,69800,32.0,46.0,56.0,YES,YES,UNKNOWN_ANALYSIS_IAQ98_VOC0.80ppm,21673.4,0,5.0,0.050,50
2026-06-25 03:17:52,31.91,67.57,1004.00,97.54,708,0.801,69800,33.0,47.0,57.0,YES,YES,UNKNOWN_ANALYSIS_IAQ98_VOC0.80ppm,21683.9,0,5.0,0.050,50
2026-06-25 03:18:02,31.91,67.57,1004.00,97.54,708,0.801,69800,33.0,48.0,57.0,YES,YES,UNKNOWN_ANALYSIS_IAQ98_VOC0.80ppm,21694.3,0,5.0,0.050,50
2026-06-25 03:18:12,31.91,67.57,1004.00,97.54,708,0.801,69800,32.0,47.0,57.0,YES,YES,UNKNOWN_ANALYSIS_IAQ98_VOC0.80ppm,21703.7,0,5.0,0.050,50
2026-06-25 03:18:22,31.91,67.57,1004.00,97.54,708,0.801,69800,33.0,47.0,57.0,YES,YES,UNKNOWN_ANALYSIS_IAQ98_VOC0.80ppm,21714.1,0,5.0,0.050,50
2026-06-25 03:18:32,31.91,67.57,1004.00,97.54,708,0.801,69800,34.0,48.0,58.0,YES,YES,UNKNOWN_ANALYSIS_IAQ98_VOC0.80ppm,21723.5,0,5.0,0.050,50
2026-06-25 03:18:42,31.91,67.57,1004.00,97.54,708,0.801,69800,34.0,48.0,59.0,YES,YES,UNKNOWN_ANALYSIS_IAQ98_VOC0.80ppm,21734.0,0,5.0,0.050,50
2026-06-25 03:18:53,31.91,67.57,1004.00,97.54,708,0.801,69800,33.0,48.0,59.0,YES,YES,UNKNOWN_ANALYSIS_IAQ98_VOC0.80ppm,21744.4,0,5.0,0.050,50
2026-06-25 03:19:02,31.91,67.57,1004.00,97.54,708,0.801,69800,33.0,49.0,59.0,YES,YES,UNKNOWN_ANALYSIS_IAQ98_VOC0.80ppm,21753.8,0,5.0,0.050,50
2026-06-25 03:19:12,31.91,67.57,1004.00,97.54,708,0.801,69800,34.0,48.0,59.0,YES,YES,UNKNOWN_ANALYSIS_IAQ98_VOC0.80ppm,21764.2,0,5.0,0.050,50
2026-06-25 03:19:23,31.91,67.57,1004.00,97.54,708,0.801,69800,33.0,47.0,57.0,YES,YES,UNKNOWN_ANALYSIS_IAQ98_VOC0.80ppm,21774.7,0,5.0,0.050,50
2026-06-25 03:19:32,31.91,67.57,1004.00,97.54,708,0.801,69800,32.0,47.0,56.0,YES,YES,UNKNOWN_ANALYSIS_IAQ98_VOC0.80ppm,21784.1,0,5.0,0.050,50
2026-06-25 03:19:43,31.91,67.57,1004.00,97.54,708,0.801,69800,33.0,47.0,58.0,YES,YES,UNKNOWN_ANALYSIS_IAQ98_VOC0.80ppm,21794.5,0,5.0,0.050,50
2026-06-25 03:19:52,31.91,67.57,1004.00,97.54,708,0.801,69800,32.0,45.0,57.0,YES,YES,UNKNOWN_ANALYSIS_IAQ98_VOC0.80ppm,21803.9,0,5.0,0.050,50
2026-06-25 03:20:02,31.91,67.57,1004.00,97.54,708,0.801,69800,32.0,46.0,56.0,YES,YES,UNKNOWN_ANALYSIS_IAQ98_VOC0.80ppm,21814.3,0,5.0,0.050,50
2026-06-25 03:20:13,31.91,67.57,1004.00,97.54,708,0.801,69800,34.0,48.0,60.0,YES,YES,UNKNOWN_ANALYSIS_IAQ98_VOC0.80ppm,21824.8,0,5.0,0.050,50
2026-06-25 03:20:22,31.91,67.57,1004.00,97.54,708,0.801,69800,33.0,48.0,58.0,YES,YES,UNKNOWN_ANALYSIS_IAQ98_VOC0.80ppm,21834.2,0,5.0,0.050,50
2026-06-25 03:20:33,31.91,67.57,1004.00,97.54,708,0.801,69800,32.0,46.0,57.0,YES,YES,UNKNOWN_ANALYSIS_IAQ98_VOC0.80ppm,21844.6,0,5.0,0.050,50
2026-06-25 03:20:42,31.91,67.57,1004.00,97.54,708,0.801,69800,33.0,47.0,58.0,YES,YES,UNKNOWN_ANALYSIS_IAQ98_VOC0.80ppm,21854.0,0,5.0,0.050,50
2026-06-25 03:20:53,31.91,67.57,1004.00,97.54,708,0.801,69800,33.0,46.0,57.0,YES,YES,UNKNOWN_ANALYSIS_IAQ98_VOC0.80ppm,21864.5,0,5.0,0.050,50
2026-06-25 03:21:03,31.91,67.57,1004.00,97.54,708,0.801,69800,33.0,46.0,57.0,YES,YES,UNKNOWN_ANALYSIS_IAQ98_VOC0.80ppm,21874.9,0,5.0,0.050,50
2026-06-25 03:21:12,31.91,67.57,1004.00,97.54,708,0.801,69800,33.0,45.0,58.0,YES,YES,UNKNOWN_ANALYSIS_IAQ98_VOC0.80ppm,21884.3,0,5.0,0.050,50
2026-06-25 03:21:23,31.91,67.57,1004.00,97.54,708,0.801,69800,33.0,47.0,59.0,YES,YES,UNKNOWN_ANALYSIS_IAQ98_VOC0.80ppm,21894.7,0,5.0,0.050,50
2026-06-25 03:21:32,31.91,67.57,1004.00,97.54,708,0.801,69800,33.0,47.0,58.0,YES,YES,UNKNOWN_ANALYSIS_IAQ98_VOC0.80ppm,21904.1,0,5.0,0.050,50
2026-06-25 03:21:43,31.91,67.57,1004.00,97.54,708,0.801,69800,33.0,45.0,57.0,YES,YES,UNKNOWN_ANALYSIS_IAQ98_VOC0.80ppm,21914.6,0,5.0,0.050,50
2026-06-25 03:21:53,31.91,67.57,1004.00,97.54,708,0.801,69800,34.0,47.0,58.0,YES,YES,UNKNOWN_ANALYSIS_IAQ98_VOC0.80ppm,21925.0,0,5.0,0.050,50
2026-06-25 03:22:03,31.97,67.51,1004.00,92.07,684,0.758,70000,32.0,45.0,56.0,YES,YES,UNKNOWN_ANALYSIS_IAQ92_VOC0.76ppm,21934.4,0,5.0,0.050,50
2026-06-25 03:22:13,31.97,67.51,1004.00,92.07,684,0.758,70000,33.0,46.0,57.0,YES,YES,UNKNOWN_ANALYSIS_IAQ92_VOC0.76ppm,21944.9,0,5.0,0.050,50
2026-06-25 03:22:22,31.97,67.51,1004.00,92.07,684,0.758,70000,32.0,46.0,57.0,YES,YES,UNKNOWN_ANALYSIS_IAQ92_VOC0.76ppm,21954.2,0,5.0,0.050,50
2026-06-25 03:22:33,31.97,67.51,1004.00,92.07,684,0.758,70000,33.0,48.0,59.0,YES,YES,UNKNOWN_ANALYSIS_IAQ92_VOC0.76ppm,21964.7,0,5.0,0.050,50
2026-06-25 03:22:43,31.97,67.51,1004.00,92.07,684,0.758,70000,33.0,47.0,60.0,YES,YES,UNKNOWN_ANALYSIS_IAQ92_VOC0.76ppm,21975.1,0,5.0,0.050,50
2026-06-25 03:22:53,31.97,67.51,1004.00,92.07,684,0.758,70000,34.0,47.0,60.0,YES,YES,UNKNOWN_ANALYSIS_IAQ92_VOC0.76ppm,21984.5,0,5.0,0.050,50
2026-06-25 03:23:03,31.97,67.51,1004.00,92.07,684,0.758,70000,33.0,47.0,58.0,YES,YES,UNKNOWN_ANALYSIS_IAQ92_VOC0.76ppm,21995.0,0,5.0,0.050,50
2026-06-25 03:23:14,31.97,67.51,1004.00,92.07,684,0.758,70000,35.0,48.0,59.0,YES,YES,UNKNOWN_ANALYSIS_IAQ92_VOC0.76ppm,22005.4,0,5.0,0.050,50
2026-06-25 03:23:23,31.97,67.51,1004.00,92.07,684,0.758,70000,34.0,48.0,58.0,YES,YES,UNKNOWN_ANALYSIS_IAQ92_VOC0.76ppm,22014.8,0,5.0,0.050,50
2026-06-25 03:23:33,31.97,67.51,1004.00,92.07,684,0.758,70000,33.0,46.0,56.0,YES,YES,UNKNOWN_ANALYSIS_IAQ92_VOC0.76ppm,22025.2,0,5.0,0.050,50
2026-06-25 03:23:43,31.97,67.51,1004.00,92.07,684,0.758,70000,33.0,47.0,58.0,YES,YES,UNKNOWN_ANALYSIS_IAQ92_VOC0.76ppm,22034.6,0,5.0,0.050,50
2026-06-25 03:23:53,31.97,67.51,1004.00,92.07,684,0.758,70000,34.0,48.0,60.0,YES,YES,UNKNOWN_ANALYSIS_IAQ92_VOC0.76ppm,22045.1,0,5.0,0.050,50
2026-06-25 03:24:04,31.97,67.51,1004.00,92.07,684,0.758,70000,33.0,47.0,57.0,YES,YES,UNKNOWN_ANALYSIS_IAQ92_VOC0.76ppm,22055.5,0,5.0,0.050,50
2026-06-25 03:24:13,31.97,67.51,1004.00,92.07,684,0.758,70000,33.0,48.0,58.0,YES,YES,UNKNOWN_ANALYSIS_IAQ92_VOC0.76ppm,22064.9,0,5.0,0.050,50
2026-06-25 03:24:23,31.97,67.51,1004.00,92.07,684,0.758,70000,33.0,47.0,58.0,YES,YES,UNKNOWN_ANALYSIS_IAQ92_VOC0.76ppm,22075.3,0,5.0,0.050,50
2026-06-25 03:24:33,31.97,67.51,1004.00,92.07,684,0.758,70000,33.0,47.0,57.0,YES,YES,UNKNOWN_ANALYSIS_IAQ92_VOC0.76ppm,22084.7,0,5.0,0.050,50
2026-06-25 03:24:43,31.97,67.51,1004.00,92.07,684,0.758,70000,34.0,48.0,58.0,YES,YES,UNKNOWN_ANALYSIS_IAQ92_VOC0.76ppm,22095.2,0,5.0,0.050,50
2026-06-25 03:24:54,31.97,67.51,1004.00,92.07,684,0.758,70000,33.0,46.0,56.0,YES,YES,UNKNOWN_ANALYSIS_IAQ92_VOC0.76ppm,22105.6,0,5.0,0.050,50
2026-06-25 03:25:03,31.97,67.51,1004.00,92.07,684,0.758,70000,33.0,46.0,56.0,YES,YES,UNKNOWN_ANALYSIS_IAQ92_VOC0.76ppm,22115.0,0,5.0,0.050,50
2026-06-25 03:25:14,31.97,67.51,1004.00,92.07,684,0.758,70000,33.0,47.0,57.0,YES,YES,UNKNOWN_ANALYSIS_IAQ92_VOC0.76ppm,22125.4,0,5.0,0.050,50
2026-06-25 03:25:24,31.97,67.51,1004.00,92.07,684,0.758,70000,33.0,47.0,57.0,YES,YES,UNKNOWN_ANALYSIS_IAQ92_VOC0.76ppm,22135.9,0,5.0,0.050,50
2026-06-25 03:25:33,31.97,67.51,1004.00,92.07,684,0.758,70000,34.0,47.0,57.0,YES,YES,UNKNOWN_ANALYSIS_IAQ92_VOC0.76ppm,22145.3,0,5.0,0.050,50
2026-06-25 03:25:44,31.97,67.51,1004.00,92.07,684,0.758,70000,33.0,45.0,55.0,YES,YES,UNKNOWN_ANALYSIS_IAQ92_VOC0.76ppm,22155.7,0,5.0,0.050,50
2026-06-25 03:25:53,31.97,67.51,1004.00,92.07,684,0.758,70000,33.0,46.0,57.0,YES,YES,UNKNOWN_ANALYSIS_IAQ92_VOC0.76ppm,22165.1,0,5.0,0.050,50
2026-06-25 03:26:04,31.97,67.51,1004.00,92.07,684,0.758,70000,32.0,46.0,57.0,YES,YES,UNKNOWN_ANALYSIS_IAQ92_VOC0.76ppm,22175.5,0,5.0,0.050,50
2026-06-25 03:26:14,31.97,67.51,1004.00,92.07,684,0.758,70000,32.0,46.0,56.0,YES,YES,UNKNOWN_ANALYSIS_IAQ92_VOC0.76ppm,22186.0,0,5.0,0.050,50
2026-06-25 03:26:23,31.97,67.51,1004.00,92.07,684,0.758,70000,34.0,48.0,58.0,YES,YES,UNKNOWN_ANALYSIS_IAQ92_VOC0.76ppm,22195.4,0,5.0,0.050,50
2026-06-25 03:26:34,31.97,67.51,1004.00,92.07,684,0.758,70000,34.0,48.0,57.0,YES,YES,UNKNOWN_ANALYSIS_IAQ92_VOC0.76ppm,22205.8,0,5.0,0.050,50
2026-06-25 03:26:43,31.97,67.51,1004.00,92.07,684,0.758,70000,33.0,46.0,56.0,YES,YES,UNKNOWN_ANALYSIS_IAQ92_VOC0.76ppm,22215.2,0,5.0,0.050,50
2026-06-25 03:26:54,31.89,67.49,1004.00,81.45,637,0.683,70700,34.0,47.0,57.0,YES,YES,UNKNOWN_ANALYSIS_IAQ81_VOC0.68ppm,22225.6,0,5.0,0.050,50
2026-06-25 03:27:04,31.89,67.49,1004.00,81.45,637,0.683,70700,33.0,46.0,56.0,YES,YES,UNKNOWN_ANALYSIS_IAQ81_VOC0.68ppm,22236.1,0,5.0,0.050,50
2026-06-25 03:27:14,31.89,67.49,1004.00,81.45,637,0.683,70700,33.0,47.0,57.0,YES,YES,UNKNOWN_ANALYSIS_IAQ81_VOC0.68ppm,22245.5,0,5.0,0.050,50
2026-06-25 03:27:24,31.89,67.49,1004.00,81.45,637,0.683,70700,34.0,48.0,58.0,YES,YES,UNKNOWN_ANALYSIS_IAQ81_VOC0.68ppm,22255.9,0,5.0,0.050,50
2026-06-25 03:27:33,31.89,67.49,1004.00,81.45,637,0.683,70700,34.0,48.0,57.0,YES,YES,UNKNOWN_ANALYSIS_IAQ81_VOC0.68ppm,22265.3,0,5.0,0.050,50
2026-06-25 03:27:44,31.89,67.49,1004.00,81.45,637,0.683,70700,34.0,48.0,58.0,YES,YES,UNKNOWN_ANALYSIS_IAQ81_VOC0.68ppm,22275.8,0,5.0,0.050,50
2026-06-25 03:27:54,31.89,67.49,1004.00,81.45,637,0.683,70700,33.0,46.0,56.0,YES,YES,UNKNOWN_ANALYSIS_IAQ81_VOC0.68ppm,22286.2,0,5.0,0.050,50
2026-06-25 03:28:04,31.89,67.49,1004.00,81.45,637,0.683,70700,33.0,47.0,57.0,YES,YES,UNKNOWN_ANALYSIS_IAQ81_VOC0.68ppm,22295.6,0,5.0,0.050,50
2026-06-25 03:28:14,31.89,67.49,1004.00,81.45,637,0.683,70700,32.0,46.0,56.0,YES,YES,UNKNOWN_ANALYSIS_IAQ81_VOC0.68ppm,22306.0,0,5.0,0.050,50
2026-06-25 03:28:25,31.89,67.49,1004.00,81.45,637,0.683,70700,32.0,45.0,55.0,YES,YES,UNKNOWN_ANALYSIS_IAQ81_VOC0.68ppm,22316.5,0,5.0,0.050,50
2026-06-25 03:28:34,31.89,67.49,1004.00,81.45,637,0.683,70700,33.0,47.0,57.0,YES,YES,UNKNOWN_ANALYSIS_IAQ81_VOC0.68ppm,22325.9,0,5.0,0.050,50
2026-06-25 03:28:44,31.89,67.49,1004.00,81.45,637,0.683,70700,32.0,46.0,57.0,YES,YES,UNKNOWN_ANALYSIS_IAQ81_VOC0.68ppm,22336.3,0,5.0,0.050,50
2026-06-25 03:28:54,31.89,67.49,1004.00,81.45,637,0.683,70700,33.0,47.0,57.0,YES,YES,UNKNOWN_ANALYSIS_IAQ81_VOC0.68ppm,22345.7,0,5.0,0.050,50
2026-06-25 03:29:04,31.89,67.49,1004.00,81.45,637,0.683,70700,33.0,47.0,57.0,YES,YES,UNKNOWN_ANALYSIS_IAQ81_VOC0.68ppm,22356.2,0,5.0,0.050,50
2026-06-25 03:29:15,31.89,67.49,1004.00,81.45,637,0.683,70700,34.0,48.0,59.0,YES,YES,UNKNOWN_ANALYSIS_IAQ81_VOC0.68ppm,22366.6,0,5.0,0.050,50
2026-06-25 03:29:24,31.89,67.49,1004.00,81.45,637,0.683,70700,33.0,47.0,57.0,YES,YES,UNKNOWN_ANALYSIS_IAQ81_VOC0.68ppm,22376.0,0,5.0,0.050,50
2026-06-25 03:29:35,31.89,67.49,1004.00,81.45,637,0.683,70700,32.0,46.0,57.0,YES,YES,UNKNOWN_ANALYSIS_IAQ81_VOC0.68ppm,22386.4,0,5.0,0.050,50
2026-06-25 03:29:44,31.89,67.49,1004.00,81.45,637,0.683,70700,33.0,48.0,58.0,YES,YES,UNKNOWN_ANALYSIS_IAQ81_VOC0.68ppm,22395.8,0,5.0,0.050,50
2026-06-25 03:29:54,31.89,67.49,1004.00,81.45,637,0.683,70700,33.0,47.0,57.0,YES,YES,UNKNOWN_ANALYSIS_IAQ81_VOC0.68ppm,22406.3,0,5.0,0.050,50
2026-06-25 03:30:05,31.89,67.49,1004.00,81.45,637,0.683,70700,32.0,47.0,57.0,YES,YES,UNKNOWN_ANALYSIS_IAQ81_VOC0.68ppm,22416.7,0,5.0,0.050,50
2026-06-25 03:30:14,31.89,67.49,1004.00,81.45,637,0.683,70700,34.0,48.0,57.0,YES,YES,UNKNOWN_ANALYSIS_IAQ81_VOC0.68ppm,22426.1,0,5.0,0.050,50
2026-06-25 03:30:25,31.89,67.49,1004.00,81.45,637,0.683,70700,33.0,47.0,57.0,YES,YES,UNKNOWN_ANALYSIS_IAQ81_VOC0.68ppm,22436.6,0,5.0,0.050,50
2026-06-25 03:30:34,31.89,67.49,1004.00,81.45,637,0.683,70700,32.0,45.0,55.0,YES,YES,UNKNOWN_ANALYSIS_IAQ81_VOC0.68ppm,22446.0,0,5.0,0.050,50
2026-06-25 03:30:45,31.89,67.49,1004.00,81.45,637,0.683,70700,35.0,48.0,59.0,YES,YES,UNKNOWN_ANALYSIS_IAQ81_VOC0.68ppm,22456.4,0,5.0,0.050,50
2026-06-25 03:30:55,31.89,67.49,1004.00,81.45,637,0.683,70700,34.0,47.0,59.0,YES,YES,UNKNOWN_ANALYSIS_IAQ81_VOC0.68ppm,22466.8,0,5.0,0.050,50
2026-06-25 03:31:04,31.89,67.49,1004.00,81.45,637,0.683,70700,33.0,47.0,59.0,YES,YES,UNKNOWN_ANALYSIS_IAQ81_VOC0.68ppm,22476.2,0,5.0,0.050,50
2026-06-25 03:31:15,31.89,67.49,1004.00,81.45,637,0.683,70700,34.0,48.0,59.0,YES,YES,UNKNOWN_ANALYSIS_IAQ81_VOC0.68ppm,22486.7,0,5.0,0.050,50
2026-06-25 03:31:24,31.89,67.49,1004.00,81.45,637,0.683,70700,34.0,48.0,59.0,YES,YES,UNKNOWN_ANALYSIS_IAQ81_VOC0.68ppm,22496.1,0,5.0,0.050,50
2026-06-25 03:31:35,31.89,67.49,1004.00,81.45,637,0.683,70700,33.0,47.0,59.0,YES,YES,UNKNOWN_ANALYSIS_IAQ81_VOC0.68ppm,22506.5,0,5.0,0.050,50
2026-06-25 03:31:45,31.89,67.49,1004.00,81.45,637,0.683,70700,32.0,46.0,57.0,YES,YES,UNKNOWN_ANALYSIS_IAQ81_VOC0.68ppm,22517.0,0,5.0,0.050,50
2026-06-25 03:31:54,31.91,67.52,1004.00,97.53,708,0.801,69800,32.0,45.0,57.0,YES,YES,UNKNOWN_ANALYSIS_IAQ98_VOC0.80ppm,22526.3,0,5.0,0.050,50
2026-06-25 03:32:05,31.91,67.52,1004.00,97.53,708,0.801,69800,32.0,45.0,56.0,YES,YES,UNKNOWN_ANALYSIS_IAQ98_VOC0.80ppm,22536.8,0,5.0,0.050,50
2026-06-25 03:32:15,31.91,67.52,1004.00,97.53,708,0.801,69800,33.0,46.0,56.0,YES,YES,UNKNOWN_ANALYSIS_IAQ98_VOC0.80ppm,22547.2,0,5.0,0.050,50
2026-06-25 03:32:25,31.91,67.52,1004.00,97.53,708,0.801,69800,33.0,46.0,57.0,YES,YES,UNKNOWN_ANALYSIS_IAQ98_VOC0.80ppm,22556.6,0,5.0,0.050,50
2026-06-25 03:32:35,31.91,67.52,1004.00,97.53,708,0.801,69800,33.0,46.0,57.0,YES,YES,UNKNOWN_ANALYSIS_IAQ98_VOC0.80ppm,22567.1,0,5.0,0.050,50
2026-06-25 03:32:45,31.91,67.52,1004.00,97.53,708,0.801,69800,33.0,47.0,57.0,YES,YES,UNKNOWN_ANALYSIS_IAQ98_VOC0.80ppm,22576.5,0,5.0,0.050,50
2026-06-25 03:32:55,31.91,67.52,1004.00,97.53,708,0.801,69800,32.0,46.0,57.0,YES,YES,UNKNOWN_ANALYSIS_IAQ98_VOC0.80ppm,22586.9,0,5.0,0.050,50
2026-06-25 03:33:05,31.91,67.52,1004.00,97.53,708,0.801,69800,33.0,46.0,56.0,YES,YES,UNKNOWN_ANALYSIS_IAQ98_VOC0.80ppm,22597.4,0,5.0,0.050,50
2026-06-25 03:33:15,31.91,67.52,1004.00,97.53,708,0.801,69800,32.0,45.0,55.0,YES,YES,UNKNOWN_ANALYSIS_IAQ98_VOC0.80ppm,22606.8,0,5.0,0.050,50
2026-06-25 03:33:25,31.91,67.52,1004.00,97.53,708,0.801,69800,32.0,46.0,56.0,YES,YES,UNKNOWN_ANALYSIS_IAQ98_VOC0.80ppm,22617.2,0,5.0,0.050,50
2026-06-25 03:33:35,31.91,67.52,1004.00,97.53,708,0.801,69800,33.0,47.0,57.0,YES,YES,UNKNOWN_ANALYSIS_IAQ98_VOC0.80ppm,22626.6,0,5.0,0.050,50
2026-06-25 03:33:45,31.91,67.52,1004.00,97.53,708,0.801,69800,33.0,48.0,57.0,YES,YES,UNKNOWN_ANALYSIS_IAQ98_VOC0.80ppm,22637.0,0,5.0,0.050,50
2026-06-25 03:33:56,31.91,67.52,1004.00,97.53,708,0.801,69800,32.0,46.0,56.0,YES,YES,UNKNOWN_ANALYSIS_IAQ98_VOC0.80ppm,22647.5,0,5.0,0.050,50
2026-06-25 03:34:05,31.91,67.52,1004.00,97.53,708,0.801,69800,32.0,46.0,55.0,YES,YES,UNKNOWN_ANALYSIS_IAQ98_VOC0.80ppm,22656.9,0,5.0,0.050,50
2026-06-25 03:34:15,31.91,67.52,1004.00,97.53,708,0.801,69800,33.0,47.0,57.0,YES,YES,UNKNOWN_ANALYSIS_IAQ98_VOC0.80ppm,22667.3,0,5.0,0.050,50
2026-06-25 03:34:25,31.91,67.52,1004.00,97.53,708,0.801,69800,32.0,47.0,56.0,YES,YES,UNKNOWN_ANALYSIS_IAQ98_VOC0.80ppm,22676.7,0,5.0,0.050,50
2026-06-25 03:34:35,31.91,67.52,1004.00,97.53,708,0.801,69800,33.0,46.0,56.0,YES,YES,UNKNOWN_ANALYSIS_IAQ98_VOC0.80ppm,22687.1,0,5.0,0.050,50
2026-06-25 03:34:46,31.91,67.52,1004.00,97.53,708,0.801,69800,32.0,45.0,55.0,YES,YES,UNKNOWN_ANALYSIS_IAQ98_VOC0.80ppm,22697.6,0,5.0,0.050,50
2026-06-25 03:34:55,31.91,67.52,1004.00,97.53,708,0.801,69800,32.0,45.0,55.0,YES,YES,UNKNOWN_ANALYSIS_IAQ98_VOC0.80ppm,22707.0,0,5.0,0.050,50
2026-06-25 03:35:06,31.91,67.52,1004.00,97.53,708,0.801,69800,33.0,46.0,56.0,YES,YES,UNKNOWN_ANALYSIS_IAQ98_VOC0.80ppm,22717.4,0,5.0,0.050,50
2026-06-25 03:35:16,31.91,67.52,1004.00,97.53,708,0.801,69800,32.0,45.0,55.0,YES,YES,UNKNOWN_ANALYSIS_IAQ98_VOC0.80ppm,22727.9,0,5.0,0.050,50
2026-06-25 03:35:25,31.91,67.52,1004.00,97.53,708,0.801,69800,33.0,46.0,56.0,YES,YES,UNKNOWN_ANALYSIS_IAQ98_VOC0.80ppm,22737.3,0,5.0,0.050,50
2026-06-25 03:35:36,31.91,67.52,1004.00,97.53,708,0.801,69800,32.0,46.0,57.0,YES,YES,UNKNOWN_ANALYSIS_IAQ98_VOC0.80ppm,22747.7,0,5.0,0.050,50
2026-06-25 03:35:45,31.91,67.52,1004.00,97.53,708,0.801,69800,32.0,46.0,57.0,YES,YES,UNKNOWN_ANALYSIS_IAQ98_VOC0.80ppm,22757.1,0,5.0,0.050,50
2026-06-25 03:35:56,31.91,67.52,1004.00,97.53,708,0.801,69800,31.0,45.0,56.0,YES,YES,UNKNOWN_ANALYSIS_IAQ98_VOC0.80ppm,22767.5,0,5.0,0.050,50
2026-06-25 03:36:06,31.91,67.52,1004.00,97.53,708,0.801,69800,31.0,45.0,55.0,YES,YES,UNKNOWN_ANALYSIS_IAQ98_VOC0.80ppm,22778.0,0,5.0,0.050,50
2026-06-25 03:36:15,31.91,67.52,1004.00,97.53,708,0.801,69800,33.0,46.0,56.0,YES,YES,UNKNOWN_ANALYSIS_IAQ98_VOC0.80ppm,22787.4,0,5.0,0.050,50
2026-06-25 03:36:26,31.91,67.52,1004.00,97.53,708,0.801,69800,31.0,45.0,54.0,YES,YES,UNKNOWN_ANALYSIS_IAQ98_VOC0.80ppm,22797.8,0,5.0,0.050,50
2026-06-25 03:36:36,31.91,67.52,1004.00,97.53,708,0.801,69800,31.0,44.0,55.0,YES,YES,UNKNOWN_ANALYSIS_IAQ98_VOC0.80ppm,22808.3,0,5.0,0.050,50
2026-06-25 03:36:46,31.91,67.52,1004.00,97.53,708,0.801,69800,32.0,45.0,55.0,YES,YES,UNKNOWN_ANALYSIS_IAQ98_VOC0.80ppm,22817.7,0,5.0,0.050,50
2026-06-25 03:36:56,31.92,67.54,1004.00,96.84,705,0.795,69800,30.0,44.0,54.0,YES,YES,UNKNOWN_ANALYSIS_IAQ97_VOC0.80ppm,22828.1,0,5.0,0.050,50
2026-06-25 03:37:06,31.92,67.54,1004.00,96.84,705,0.795,69800,32.0,46.0,55.0,YES,YES,UNKNOWN_ANALYSIS_IAQ97_VOC0.80ppm,22837.5,0,5.0,0.050,50
2026-06-25 03:37:16,31.92,67.54,1004.00,96.84,705,0.795,69800,32.0,45.0,55.0,YES,YES,UNKNOWN_ANALYSIS_IAQ97_VOC0.80ppm,22847.9,0,5.0,0.050,50
2026-06-25 03:37:27,31.92,67.54,1004.00,96.84,705,0.795,69800,32.0,46.0,56.0,YES,YES,UNKNOWN_ANALYSIS_IAQ97_VOC0.80ppm,22858.4,0,5.0,0.050,50
2026-06-25 03:37:36,31.92,67.54,1004.00,96.84,705,0.795,69800,31.0,45.0,55.0,YES,YES,UNKNOWN_ANALYSIS_IAQ97_VOC0.80ppm,22867.8,0,5.0,0.050,50
2026-06-25 03:37:46,31.92,67.54,1004.00,96.84,705,0.795,69800,32.0,45.0,55.0,YES,YES,UNKNOWN_ANALYSIS_IAQ97_VOC0.80ppm,22878.2,0,5.0,0.050,50
2026-06-25 03:37:56,31.92,67.54,1004.00,96.84,705,0.795,69800,33.0,46.0,56.0,YES,YES,UNKNOWN_ANALYSIS_IAQ97_VOC0.80ppm,22887.6,0,5.0,0.050,50
2026-06-25 03:38:06,31.92,67.54,1004.00,96.84,705,0.795,69800,32.0,45.0,55.0,YES,YES,UNKNOWN_ANALYSIS_IAQ97_VOC0.80ppm,22898.0,0,5.0,0.050,50
2026-06-25 03:38:17,31.92,67.54,1004.00,96.84,705,0.795,69800,32.0,46.0,56.0,YES,YES,UNKNOWN_ANALYSIS_IAQ97_VOC0.80ppm,22908.5,0,5.0,0.050,50
2026-06-25 03:38:26,31.92,67.54,1004.00,96.84,705,0.795,69800,31.0,45.0,56.0,YES,YES,UNKNOWN_ANALYSIS_IAQ97_VOC0.80ppm,22917.9,0,5.0,0.050,50
2026-06-25 03:38:36,31.92,67.54,1004.00,96.84,705,0.795,69800,33.0,46.0,56.0,YES,YES,UNKNOWN_ANALYSIS_IAQ97_VOC0.80ppm,22928.3,0,5.0,0.050,50
2026-06-25 03:38:46,31.92,67.54,1004.00,96.84,705,0.795,69800,33.0,46.0,56.0,YES,YES,UNKNOWN_ANALYSIS_IAQ97_VOC0.80ppm,22937.7,0,5.0,0.050,50
2026-06-25 03:38:56,31.92,67.54,1004.00,96.84,705,0.795,69800,33.0,46.0,56.0,YES,YES,UNKNOWN_ANALYSIS_IAQ97_VOC0.80ppm,22948.2,0,5.0,0.050,50
2026-06-25 03:39:07,31.92,67.54,1004.00,96.84,705,0.795,69800,32.0,44.0,55.0,YES,YES,UNKNOWN_ANALYSIS_IAQ97_VOC0.80ppm,22958.6,0,5.0,0.050,50
2026-06-25 03:39:16,31.92,67.54,1004.00,96.84,705,0.795,69800,33.0,45.0,56.0,YES,YES,UNKNOWN_ANALYSIS_IAQ97_VOC0.80ppm,22968.0,0,5.0,0.050,50
2026-06-25 03:39:27,31.92,67.54,1004.00,96.84,705,0.795,69800,33.0,46.0,57.0,YES,YES,UNKNOWN_ANALYSIS_IAQ97_VOC0.80ppm,22978.4,0,5.0,0.050,50
2026-06-25 03:39:37,31.92,67.54,1004.00,96.84,705,0.795,69800,32.0,45.0,55.0,YES,YES,UNKNOWN_ANALYSIS_IAQ97_VOC0.80ppm,22988.9,0,5.0,0.050,50
2026-06-25 03:39:46,31.92,67.54,1004.00,96.84,705,0.795,69800,33.0,46.0,55.0,YES,YES,UNKNOWN_ANALYSIS_IAQ97_VOC0.80ppm,22998.3,0,5.0,0.050,50
2026-06-25 03:39:57,31.92,67.54,1004.00,96.84,705,0.795,69800,33.0,46.0,55.0,YES,YES,UNKNOWN_ANALYSIS_IAQ97_VOC0.80ppm,23008.7,0,5.0,0.050,50
2026-06-25 03:40:06,31.92,67.54,1004.00,96.84,705,0.795,69800,32.0,46.0,56.0,YES,YES,UNKNOWN_ANALYSIS_IAQ97_VOC0.80ppm,23018.1,0,5.0,0.050,50
2026-06-25 03:40:17,31.92,67.54,1004.00,96.84,705,0.795,69800,33.0,46.0,57.0,YES,YES,UNKNOWN_ANALYSIS_IAQ97_VOC0.80ppm,23028.6,0,5.0,0.050,50
2026-06-25 03:40:27,31.92,67.54,1004.00,96.84,705,0.795,69800,32.0,45.0,55.0,YES,YES,UNKNOWN_ANALYSIS_IAQ97_VOC0.80ppm,23039.0,0,5.0,0.050,50
2026-06-25 03:40:37,31.92,67.54,1004.00,96.84,705,0.795,69800,33.0,46.0,56.0,YES,YES,UNKNOWN_ANALYSIS_IAQ97_VOC0.80ppm,23048.4,0,5.0,0.050,50
2026-06-25 03:40:47,31.92,67.54,1004.00,96.84,705,0.795,69800,32.0,46.0,56.0,YES,YES,UNKNOWN_ANALYSIS_IAQ97_VOC0.80ppm,23058.8,0,5.0,0.050,50
2026-06-25 03:40:56,31.92,67.54,1004.00,96.84,705,0.795,69800,31.0,45.0,56.0,YES,YES,UNKNOWN_ANALYSIS_IAQ97_VOC0.80ppm,23068.2,0,5.0,0.050,50
2026-06-25 03:41:07,31.92,67.54,1004.00,96.84,705,0.795,69800,30.0,44.0,56.0,YES,YES,UNKNOWN_ANALYSIS_IAQ97_VOC0.80ppm,23078.7,0,5.0,0.050,50
2026-06-25 03:41:17,31.92,67.54,1004.00,96.84,705,0.795,69800,31.0,45.0,57.0,YES,YES,UNKNOWN_ANALYSIS_IAQ97_VOC0.80ppm,23089.1,0,5.0,0.050,50
2026-06-25 03:41:27,31.92,67.54,1004.00,96.84,705,0.795,69800,31.0,45.0,56.0,YES,YES,UNKNOWN_ANALYSIS_IAQ97_VOC0.80ppm,23098.5,0,5.0,0.050,50
2026-06-25 03:41:37,31.92,67.54,1004.00,96.84,705,0.795,69800,32.0,46.0,57.0,YES,YES,UNKNOWN_ANALYSIS_IAQ97_VOC0.80ppm,23108.9,0,5.0,0.050,50
2026-06-25 03:41:46,31.92,67.54,1004.00,96.84,705,0.795,69800,33.0,46.0,56.0,YES,YES,UNKNOWN_ANALYSIS_IAQ97_VOC0.80ppm,23118.3,0,5.0,0.050,50
2026-06-25 03:41:57,31.91,67.57,1004.00,104.49,738,0.858,69400,32.0,44.0,55.0,YES,YES,UNKNOWN_ANALYSIS_IAQ104_VOC0.86ppm,23128.8,0,5.0,0.050,50
2026-06-25 03:42:07,31.91,67.57,1004.00,104.49,738,0.858,69400,32.0,45.0,56.0,YES,YES,UNKNOWN_ANALYSIS_IAQ104_VOC0.86ppm,23139.2,0,5.0,0.050,50
2026-06-25 03:42:17,31.91,67.57,1004.00,104.49,738,0.858,69400,32.0,45.0,56.0,YES,YES,UNKNOWN_ANALYSIS_IAQ104_VOC0.86ppm,23148.6,0,5.0,0.050,50
2026-06-25 03:42:27,31.91,67.57,1004.00,104.49,738,0.858,69400,31.0,45.0,55.0,YES,YES,UNKNOWN_ANALYSIS_IAQ104_VOC0.86ppm,23159.0,0,5.0,0.050,50
2026-06-25 03:42:38,31.91,67.57,1004.00,104.49,738,0.858,69400,31.0,45.0,55.0,YES,YES,UNKNOWN_ANALYSIS_IAQ104_VOC0.86ppm,23169.5,0,5.0,0.050,50
2026-06-25 03:42:47,31.91,67.57,1004.00,104.49,738,0.858,69400,31.0,46.0,56.0,YES,YES,UNKNOWN_ANALYSIS_IAQ104_VOC0.86ppm,23178.9,0,5.0,0.050,50
2026-06-25 03:42:57,31.91,67.57,1004.00,104.49,738,0.858,69400,32.0,46.0,56.0,YES,YES,UNKNOWN_ANALYSIS_IAQ104_VOC0.86ppm,23189.3,0,5.0,0.050,50
2026-06-25 03:43:07,31.91,67.57,1004.00,104.49,738,0.858,69400,31.0,45.0,54.0,YES,YES,UNKNOWN_ANALYSIS_IAQ104_VOC0.86ppm,23198.7,0,5.0,0.050,50
2026-06-25 03:43:17,31.91,67.57,1004.00,104.49,738,0.858,69400,33.0,46.0,56.0,YES,YES,UNKNOWN_ANALYSIS_IAQ104_VOC0.86ppm,23209.2,0,5.0,0.050,50
2026-06-25 03:43:28,31.91,67.57,1004.00,104.49,738,0.858,69400,31.0,45.0,55.0,YES,YES,UNKNOWN_ANALYSIS_IAQ104_VOC0.86ppm,23219.6,0,5.0,0.050,50
2026-06-25 03:43:37,31.91,67.57,1004.00,104.49,738,0.858,69400,32.0,45.0,55.0,YES,YES,UNKNOWN_ANALYSIS_IAQ104_VOC0.86ppm,23229.0,0,5.0,0.050,50
2026-06-25 03:43:48,31.91,67.57,1004.00,104.49,738,0.858,69400,31.0,44.0,53.0,YES,YES,UNKNOWN_ANALYSIS_IAQ104_VOC0.86ppm,23239.4,0,5.0,0.050,50
2026-06-25 03:43:57,31.91,67.57,1004.00,104.49,738,0.858,69400,31.0,44.0,52.0,YES,YES,UNKNOWN_ANALYSIS_IAQ104_VOC0.86ppm,23248.8,0,5.0,0.050,50
2026-06-25 03:44:07,31.91,67.57,1004.00,104.49,738,0.858,69400,32.0,44.0,54.0,YES,YES,UNKNOWN_ANALYSIS_IAQ104_VOC0.86ppm,23259.3,0,5.0,0.050,50
2026-06-25 03:44:18,31.91,67.57,1004.00,104.49,738,0.858,69400,30.0,44.0,52.0,YES,YES,UNKNOWN_ANALYSIS_IAQ104_VOC0.86ppm,23269.7,0,5.0,0.050,50
2026-06-25 03:44:27,31.91,67.57,1004.00,104.49,738,0.858,69400,31.0,45.0,54.0,YES,YES,UNKNOWN_ANALYSIS_IAQ104_VOC0.86ppm,23279.1,0,5.0,0.050,50
2026-06-25 03:44:38,31.91,67.57,1004.00,104.49,738,0.858,69400,32.0,46.0,55.0,YES,YES,UNKNOWN_ANALYSIS_IAQ104_VOC0.86ppm,23289.6,0,5.0,0.050,50
2026-06-25 03:44:47,31.91,67.57,1004.00,104.49,738,0.858,69400,32.0,45.0,53.0,YES,YES,UNKNOWN_ANALYSIS_IAQ104_VOC0.86ppm,23299.0,0,5.0,0.050,50
2026-06-25 03:44:58,31.91,67.57,1004.00,104.49,738,0.858,69400,31.0,43.0,52.0,YES,YES,UNKNOWN_ANALYSIS_IAQ104_VOC0.86ppm,23309.4,0,5.0,0.050,50
2026-06-25 03:45:08,31.91,67.57,1004.00,104.49,738,0.858,69400,31.0,43.0,51.0,YES,YES,UNKNOWN_ANALYSIS_IAQ104_VOC0.86ppm,23319.8,0,5.0,0.050,50
2026-06-25 03:45:17,31.91,67.57,1004.00,104.49,738,0.858,69400,32.0,44.0,53.0,YES,YES,UNKNOWN_ANALYSIS_IAQ104_VOC0.86ppm,23329.2,0,5.0,0.050,50
2026-06-25 03:45:28,31.91,67.57,1004.00,104.49,738,0.858,69400,32.0,44.0,53.0,YES,YES,UNKNOWN_ANALYSIS_IAQ104_VOC0.86ppm,23339.7,0,5.0,0.050,50
2026-06-25 03:45:37,31.91,67.57,1004.00,104.49,738,0.858,69400,33.0,45.0,53.0,YES,YES,UNKNOWN_ANALYSIS_IAQ104_VOC0.86ppm,23349.1,0,5.0,0.050,50
2026-06-25 03:45:48,31.91,67.57,1004.00,104.49,738,0.858,69400,32.0,44.0,54.0,YES,YES,UNKNOWN_ANALYSIS_IAQ104_VOC0.86ppm,23359.5,0,5.0,0.050,50
2026-06-25 03:45:58,31.91,67.57,1004.00,104.49,738,0.858,69400,31.0,44.0,54.0,YES,YES,UNKNOWN_ANALYSIS_IAQ104_VOC0.86ppm,23370.0,0,5.0,0.050,50
2026-06-25 03:46:07,31.91,67.57,1004.00,104.49,738,0.858,69400,32.0,45.0,55.0,YES,YES,UNKNOWN_ANALYSIS_IAQ104_VOC0.86ppm,23379.4,0,5.0,0.050,50
2026-06-25 03:46:18,31.91,67.57,1004.00,104.49,738,0.858,69400,31.0,44.0,53.0,YES,YES,UNKNOWN_ANALYSIS_IAQ104_VOC0.86ppm,23389.8,0,5.0,0.050,50
2026-06-25 03:46:28,31.91,67.57,1004.00,104.49,738,0.858,69400,31.0,44.0,54.0,YES,YES,UNKNOWN_ANALYSIS_IAQ104_VOC0.86ppm,23400.2,0,5.0,0.050,50
2026-06-25 03:46:38,31.91,67.57,1004.00,104.49,738,0.858,69400,31.0,45.0,54.0,YES,YES,UNKNOWN_ANALYSIS_IAQ104_VOC0.86ppm,23409.6,0,5.0,0.050,50
2026-06-25 03:46:48,31.91,67.57,1004.00,104.49,738,0.858,69400,31.0,44.0,52.0,YES,YES,UNKNOWN_ANALYSIS_IAQ104_VOC0.86ppm,23420.1,0,5.0,0.050,50
2026-06-25 03:46:58,31.84,67.62,1004.00,115.88,788,0.960,68900,30.0,44.0,52.0,YES,YES,UNKNOWN_ANALYSIS_IAQ116_VOC0.96ppm,23429.5,0,5.0,0.050,50
2026-06-25 03:47:08,31.84,67.62,1004.00,115.88,788,0.960,68900,31.0,44.0,52.0,YES,YES,UNKNOWN_ANALYSIS_IAQ116_VOC0.96ppm,23439.9,0,5.0,0.050,50
2026-06-25 03:47:18,31.84,67.62,1004.00,115.88,788,0.960,68900,33.0,46.0,54.0,YES,YES,UNKNOWN_ANALYSIS_IAQ116_VOC0.96ppm,23450.3,0,5.0,0.050,50
2026-06-25 03:47:28,31.84,67.62,1004.00,115.88,788,0.960,68900,32.0,44.0,52.0,YES,YES,UNKNOWN_ANALYSIS_IAQ116_VOC0.96ppm,23459.7,0,5.0,0.050,50
2026-06-25 03:47:38,31.84,67.62,1004.00,115.88,788,0.960,68900,32.0,44.0,52.0,YES,YES,UNKNOWN_ANALYSIS_IAQ116_VOC0.96ppm,23470.2,0,5.0,0.050,50
2026-06-25 03:47:48,31.84,67.62,1004.00,115.88,788,0.960,68900,31.0,43.0,52.0,YES,YES,UNKNOWN_ANALYSIS_IAQ116_VOC0.96ppm,23479.6,0,5.0,0.050,50
2026-06-25 03:47:58,31.84,67.62,1004.00,115.88,788,0.960,68900,32.0,44.0,55.0,YES,YES,UNKNOWN_ANALYSIS_IAQ116_VOC0.96ppm,23490.0,0,5.0,0.050,50
2026-06-25 03:48:09,31.84,67.62,1004.00,115.88,788,0.960,68900,31.0,44.0,53.0,YES,YES,UNKNOWN_ANALYSIS_IAQ116_VOC0.96ppm,23500.5,0,5.0,0.050,50
2026-06-25 03:48:18,31.84,67.62,1004.00,115.88,788,0.960,68900,31.0,44.0,53.0,YES,YES,UNKNOWN_ANALYSIS_IAQ116_VOC0.96ppm,23509.9,0,5.0,0.050,50
2026-06-25 03:48:28,31.84,67.62,1004.00,115.88,788,0.960,68900,31.0,44.0,53.0,YES,YES,UNKNOWN_ANALYSIS_IAQ116_VOC0.96ppm,23520.3,0,5.0,0.050,50
2026-06-25 03:48:38,31.84,67.62,1004.00,115.88,788,0.960,68900,32.0,44.0,53.0,YES,YES,UNKNOWN_ANALYSIS_IAQ116_VOC0.96ppm,23529.7,0,5.0,0.050,50
2026-06-25 03:48:48,31.84,67.62,1004.00,115.88,788,0.960,68900,32.0,44.0,54.0,YES,YES,UNKNOWN_ANALYSIS_IAQ116_VOC0.96ppm,23540.1,0,5.0,0.050,50
2026-06-25 03:48:59,31.84,67.62,1004.00,115.88,788,0.960,68900,32.0,45.0,56.0,YES,YES,UNKNOWN_ANALYSIS_IAQ116_VOC0.96ppm,23550.6,0,5.0,0.050,50
2026-06-25 03:49:08,31.84,67.62,1004.00,115.88,788,0.960,68900,32.0,45.0,55.0,YES,YES,UNKNOWN_ANALYSIS_IAQ116_VOC0.96ppm,23560.0,0,5.0,0.050,50
2026-06-25 03:49:19,31.84,67.62,1004.00,115.88,788,0.960,68900,32.0,45.0,55.0,YES,YES,UNKNOWN_ANALYSIS_IAQ116_VOC0.96ppm,23570.4,0,5.0,0.050,50
2026-06-25 03:49:28,31.84,67.62,1004.00,115.88,788,0.960,68900,32.0,45.0,55.0,YES,YES,UNKNOWN_ANALYSIS_IAQ116_VOC0.96ppm,23579.8,0,5.0,0.050,50
2026-06-25 03:49:38,31.84,67.62,1004.00,115.88,788,0.960,68900,31.0,44.0,53.0,YES,YES,UNKNOWN_ANALYSIS_IAQ116_VOC0.96ppm,23590.3,0,5.0,0.050,50
2026-06-25 03:49:49,31.84,67.62,1004.00,115.88,788,0.960,68900,33.0,45.0,55.0,YES,YES,UNKNOWN_ANALYSIS_IAQ116_VOC0.96ppm,23600.7,0,5.0,0.050,50
2026-06-25 03:49:58,31.84,67.62,1004.00,115.88,788,0.960,68900,31.0,44.0,54.0,YES,YES,UNKNOWN_ANALYSIS_IAQ116_VOC0.96ppm,23610.1,0,5.0,0.050,50
2026-06-25 03:50:09,31.84,67.62,1004.00,115.88,788,0.960,68900,32.0,44.0,54.0,YES,YES,UNKNOWN_ANALYSIS_IAQ116_VOC0.96ppm,23620.5,0,5.0,0.050,50
2026-06-25 03:50:19,31.84,67.62,1004.00,115.88,788,0.960,68900,33.0,45.0,55.0,YES,YES,UNKNOWN_ANALYSIS_IAQ116_VOC0.96ppm,23631.0,0,5.0,0.050,50
2026-06-25 03:50:29,31.84,67.62,1004.00,115.88,788,0.960,68900,33.0,44.0,55.0,YES,YES,UNKNOWN_ANALYSIS_IAQ116_VOC0.96ppm,23640.4,0,5.0,0.050,50
2026-06-25 03:50:39,31.84,67.62,1004.00,115.88,788,0.960,68900,33.0,44.0,55.0,YES,YES,UNKNOWN_ANALYSIS_IAQ116_VOC0.96ppm,23650.8,0,5.0,0.050,50
2026-06-25 03:50:48,31.84,67.62,1004.00,115.88,788,0.960,68900,32.0,44.0,55.0,YES,YES,UNKNOWN_ANALYSIS_IAQ116_VOC0.96ppm,23660.2,0,5.0,0.050,50
2026-06-25 03:50:59,31.84,67.62,1004.00,115.88,788,0.960,68900,31.0,43.0,52.0,YES,YES,UNKNOWN_ANALYSIS_IAQ116_VOC0.96ppm,23670.7,0,5.0,0.050,50
2026-06-25 03:51:09,31.84,67.62,1004.00,115.88,788,0.960,68900,32.0,44.0,53.0,YES,YES,UNKNOWN_ANALYSIS_IAQ116_VOC0.96ppm,23681.1,0,5.0,0.050,50
2026-06-25 03:51:19,31.84,67.62,1004.00,115.88,788,0.960,68900,31.0,44.0,52.0,YES,YES,UNKNOWN_ANALYSIS_IAQ116_VOC0.96ppm,23690.5,0,5.0,0.050,50
2026-06-25 03:51:29,31.84,67.62,1004.00,115.88,788,0.960,68900,31.0,44.0,54.0,YES,YES,UNKNOWN_ANALYSIS_IAQ116_VOC0.96ppm,23700.9,0,5.0,0.050,50
2026-06-25 03:51:40,31.84,67.62,1004.00,115.88,788,0.960,68900,30.0,44.0,54.0,YES,YES,UNKNOWN_ANALYSIS_IAQ116_VOC0.96ppm,23711.4,0,5.0,0.050,50
2026-06-25 03:51:49,31.84,67.62,1004.00,115.88,788,0.960,68900,30.0,43.0,53.0,YES,YES,UNKNOWN_ANALYSIS_IAQ116_VOC0.96ppm,23720.8,0,5.0,0.050,50
2026-06-25 03:51:59,31.93,67.63,1004.00,124.19,824,1.043,68300,30.0,43.0,52.0,YES,YES,UNKNOWN_ANALYSIS_IAQ124_VOC1.04ppm,23731.2,0,5.0,0.050,50
2026-06-25 03:52:09,31.93,67.63,1004.00,124.19,824,1.043,68300,31.0,44.0,54.0,YES,YES,UNKNOWN_ANALYSIS_IAQ124_VOC1.04ppm,23740.6,0,5.0,0.050,50
2026-06-25 03:52:19,31.93,67.63,1004.00,124.19,824,1.043,68300,31.0,45.0,55.0,YES,YES,UNKNOWN_ANALYSIS_IAQ124_VOC1.04ppm,23751.1,0,5.0,0.050,50
2026-06-25 03:52:30,31.93,67.63,1004.00,124.19,824,1.043,68300,31.0,44.0,54.0,YES,YES,UNKNOWN_ANALYSIS_IAQ124_VOC1.04ppm,23761.5,0,5.0,0.050,50
2026-06-25 03:52:39,31.93,67.63,1004.00,124.19,824,1.043,68300,30.0,43.0,53.0,YES,YES,UNKNOWN_ANALYSIS_IAQ124_VOC1.04ppm,23770.9,0,5.0,0.050,50
2026-06-25 03:52:49,31.93,67.63,1004.00,124.19,824,1.043,68300,31.0,44.0,54.0,YES,YES,UNKNOWN_ANALYSIS_IAQ124_VOC1.04ppm,23781.3,0,5.0,0.050,50
2026-06-25 03:52:59,31.93,67.63,1004.00,124.19,824,1.043,68300,30.0,43.0,52.0,YES,YES,UNKNOWN_ANALYSIS_IAQ124_VOC1.04ppm,23790.7,0,5.0,0.050,50
2026-06-25 03:53:09,31.93,67.63,1004.00,124.19,824,1.043,68300,30.0,43.0,51.0,YES,YES,UNKNOWN_ANALYSIS_IAQ124_VOC1.04ppm,23801.2,0,5.0,0.050,50
2026-06-25 03:53:20,31.93,67.63,1004.00,124.19,824,1.043,68300,30.0,43.0,51.0,YES,YES,UNKNOWN_ANALYSIS_IAQ124_VOC1.04ppm,23811.6,0,5.0,0.050,50
2026-06-25 03:53:29,31.93,67.63,1004.00,124.19,824,1.043,68300,32.0,45.0,53.0,YES,YES,UNKNOWN_ANALYSIS_IAQ124_VOC1.04ppm,23821.0,0,5.0,0.050,50
2026-06-25 03:53:40,31.93,67.63,1004.00,124.19,824,1.043,68300,30.0,43.0,54.0,YES,YES,UNKNOWN_ANALYSIS_IAQ124_VOC1.04ppm,23831.5,0,5.0,0.050,50
2026-06-25 03:53:49,31.93,67.63,1004.00,124.19,824,1.043,68300,30.0,43.0,55.0,YES,YES,UNKNOWN_ANALYSIS_IAQ124_VOC1.04ppm,23840.9,0,5.0,0.050,50
2026-06-25 03:53:59,31.93,67.63,1004.00,124.19,824,1.043,68300,30.0,43.0,54.0,YES,YES,UNKNOWN_ANALYSIS_IAQ124_VOC1.04ppm,23851.3,0,5.0,0.050,50
2026-06-25 03:54:10,31.93,67.63,1004.00,124.19,824,1.043,68300,31.0,45.0,55.0,YES,YES,UNKNOWN_ANALYSIS_IAQ124_VOC1.04ppm,23861.8,0,5.0,0.050,50
2026-06-25 03:54:19,31.93,67.63,1004.00,124.19,824,1.043,68300,31.0,44.0,55.0,YES,YES,UNKNOWN_ANALYSIS_IAQ124_VOC1.04ppm,23871.1,0,5.0,0.050,50
2026-06-25 03:54:30,31.93,67.63,1004.00,124.19,824,1.043,68300,30.0,44.0,54.0,YES,YES,UNKNOWN_ANALYSIS_IAQ124_VOC1.04ppm,23881.6,0,5.0,0.050,50
2026-06-25 03:54:40,31.93,67.63,1004.00,124.19,824,1.043,68300,31.0,45.0,53.0,YES,YES,UNKNOWN_ANALYSIS_IAQ124_VOC1.04ppm,23892.0,0,5.0,0.050,50
2026-06-25 03:54:50,31.93,67.63,1004.00,124.19,824,1.043,68300,31.0,44.0,53.0,YES,YES,UNKNOWN_ANALYSIS_IAQ124_VOC1.04ppm,23901.4,0,5.0,0.050,50
2026-06-25 03:55:00,31.93,67.63,1004.00,124.19,824,1.043,68300,31.0,44.0,54.0,YES,YES,UNKNOWN_ANALYSIS_IAQ124_VOC1.04ppm,23911.9,0,5.0,0.050,50
2026-06-25 03:55:09,31.93,67.63,1004.00,124.19,824,1.043,68300,31.0,45.0,56.0,YES,YES,UNKNOWN_ANALYSIS_IAQ124_VOC1.04ppm,23921.2,0,5.0,0.050,50
2026-06-25 03:55:20,31.93,67.63,1004.00,124.19,824,1.043,68300,31.0,44.0,53.0,YES,YES,UNKNOWN_ANALYSIS_IAQ124_VOC1.04ppm,23931.7,0,5.0,0.050,50
2026-06-25 03:55:30,31.93,67.63,1004.00,124.19,824,1.043,68300,30.0,43.0,52.0,YES,YES,UNKNOWN_ANALYSIS_IAQ124_VOC1.04ppm,23942.1,0,5.0,0.050,50
2026-06-25 03:55:40,31.93,67.63,1004.00,124.19,824,1.043,68300,31.0,44.0,54.0,YES,YES,UNKNOWN_ANALYSIS_IAQ124_VOC1.04ppm,23951.5,0,5.0,0.050,50
2026-06-25 03:55:50,31.93,67.63,1004.00,124.19,824,1.043,68300,31.0,44.0,53.0,YES,YES,UNKNOWN_ANALYSIS_IAQ124_VOC1.04ppm,23962.0,0,5.0,0.050,50
2026-06-25 03:55:59,31.93,67.63,1004.00,124.19,824,1.043,68300,31.0,43.0,53.0,YES,YES,UNKNOWN_ANALYSIS_IAQ124_VOC1.04ppm,23971.4,0,5.0,0.050,50
2026-06-25 03:56:10,31.93,67.63,1004.00,124.19,824,1.043,68300,30.0,43.0,52.0,YES,YES,UNKNOWN_ANALYSIS_IAQ124_VOC1.04ppm,23981.8,0,5.0,0.050,50
2026-06-25 03:56:20,31.93,67.63,1004.00,124.19,824,1.043,68300,29.0,43.0,51.0,YES,YES,UNKNOWN_ANALYSIS_IAQ124_VOC1.04ppm,23992.3,0,5.0,0.050,50
2026-06-25 03:56:30,31.93,67.63,1004.00,124.19,824,1.043,68300,30.0,43.0,52.0,YES,YES,UNKNOWN_ANALYSIS_IAQ124_VOC1.04ppm,24001.7,0,5.0,0.050,50
2026-06-25 03:56:40,31.93,67.63,1004.00,124.19,824,1.043,68300,30.0,43.0,52.0,YES,YES,UNKNOWN_ANALYSIS_IAQ124_VOC1.04ppm,24012.1,0,5.0,0.050,50
2026-06-25 03:56:50,31.93,67.63,1004.00,124.19,824,1.043,68300,31.0,43.0,53.0,YES,YES,UNKNOWN_ANALYSIS_IAQ124_VOC1.04ppm,24021.5,0,5.0,0.050,50
2026-06-25 03:57:00,31.91,67.65,1004.00,134.23,868,1.152,67800,30.0,42.0,51.0,YES,YES,UNKNOWN_ANALYSIS_IAQ134_VOC1.15ppm,24031.9,0,5.0,0.050,50
2026-06-25 03:57:10,31.91,67.65,1004.00,134.23,868,1.152,67800,31.0,44.0,53.0,YES,YES,UNKNOWN_ANALYSIS_IAQ134_VOC1.15ppm,24042.4,0,5.0,0.050,50
2026-06-25 03:57:20,31.91,67.65,1004.00,134.23,868,1.152,67800,30.0,43.0,51.0,YES,YES,UNKNOWN_ANALYSIS_IAQ134_VOC1.15ppm,24051.8,0,5.0,0.050,50
2026-06-25 03:57:30,31.91,67.65,1004.00,134.23,868,1.152,67800,30.0,43.0,51.0,YES,YES,UNKNOWN_ANALYSIS_IAQ134_VOC1.15ppm,24062.2,0,5.0,0.050,50
2026-06-25 03:57:41,31.91,67.65,1004.00,134.23,868,1.152,67800,31.0,43.0,51.0,YES,YES,UNKNOWN_ANALYSIS_IAQ134_VOC1.15ppm,24072.6,0,5.0,0.050,50
2026-06-25 03:57:50,31.91,67.65,1004.00,134.23,868,1.152,67800,30.0,43.0,52.0,YES,YES,UNKNOWN_ANALYSIS_IAQ134_VOC1.15ppm,24082.0,0,5.0,0.050,50
2026-06-25 03:58:01,31.91,67.65,1004.00,134.23,868,1.152,67800,31.0,44.0,53.0,YES,YES,UNKNOWN_ANALYSIS_IAQ134_VOC1.15ppm,24092.5,0,5.0,0.050,50
2026-06-25 03:58:10,31.91,67.65,1004.00,134.23,868,1.152,67800,29.0,42.0,51.0,YES,YES,UNKNOWN_ANALYSIS_IAQ134_VOC1.15ppm,24101.9,0,5.0,0.050,50
2026-06-25 03:58:20,31.91,67.65,1004.00,134.23,868,1.152,67800,30.0,43.0,53.0,YES,YES,UNKNOWN_ANALYSIS_IAQ134_VOC1.15ppm,24112.3,0,5.0,0.050,50
2026-06-25 03:58:31,31.91,67.65,1004.00,134.23,868,1.152,67800,30.0,43.0,51.0,YES,YES,UNKNOWN_ANALYSIS_IAQ134_VOC1.15ppm,24122.7,0,5.0,0.050,50
2026-06-25 03:58:40,31.91,67.65,1004.00,134.23,868,1.152,67800,30.0,43.0,52.0,YES,YES,UNKNOWN_ANALYSIS_IAQ134_VOC1.15ppm,24132.1,0,5.0,0.050,50
2026-06-25 03:58:51,31.91,67.65,1004.00,134.23,868,1.152,67800,31.0,43.0,52.0,YES,YES,UNKNOWN_ANALYSIS_IAQ134_VOC1.15ppm,24142.6,0,5.0,0.050,50
2026-06-25 03:59:00,31.91,67.65,1004.00,134.23,868,1.152,67800,30.0,42.0,51.0,YES,YES,UNKNOWN_ANALYSIS_IAQ134_VOC1.15ppm,24152.0,0,5.0,0.050,50
2026-06-25 03:59:11,31.91,67.65,1004.00,134.23,868,1.152,67800,30.0,43.0,51.0,YES,YES,UNKNOWN_ANALYSIS_IAQ134_VOC1.15ppm,24162.4,0,5.0,0.050,50
2026-06-25 03:59:21,31.91,67.65,1004.00,134.23,868,1.152,67800,31.0,43.0,51.0,YES,YES,UNKNOWN_ANALYSIS_IAQ134_VOC1.15ppm,24172.8,0,5.0,0.050,50
2026-06-25 03:59:30,31.91,67.65,1004.00,134.23,868,1.152,67800,31.0,44.0,52.0,YES,YES,UNKNOWN_ANALYSIS_IAQ134_VOC1.15ppm,24182.2,0,5.0,0.050,50
2026-06-25 03:59:41,31.91,67.65,1004.00,134.23,868,1.152,67800,30.0,42.0,50.0,YES,YES,UNKNOWN_ANALYSIS_IAQ134_VOC1.15ppm,24192.7,0,5.0,0.050,50
2026-06-25 03:59:51,31.91,67.65,1004.00,134.23,868,1.152,67800,31.0,44.0,52.0,YES,YES,UNKNOWN_ANALYSIS_IAQ134_VOC1.15ppm,24203.1,0,5.0,0.050,50
2026-06-25 04:00:01,31.91,67.65,1004.00,134.23,868,1.152,67800,30.0,43.0,50.0,YES,YES,UNKNOWN_ANALYSIS_IAQ134_VOC1.15ppm,24212.5,0,5.0,0.050,50
2026-06-25 04:00:11,31.91,67.65,1004.00,134.23,868,1.152,67800,31.0,44.0,52.0,YES,YES,UNKNOWN_ANALYSIS_IAQ134_VOC1.15ppm,24223.0,0,5.0,0.050,50
2026-06-25 04:00:20,31.91,67.65,1004.00,134.23,868,1.152,67800,30.0,44.0,53.0,YES,YES,UNKNOWN_ANALYSIS_IAQ134_VOC1.15ppm,24232.4,0,5.0,0.050,50
2026-06-25 04:00:31,31.91,67.65,1004.00,134.23,868,1.152,67800,31.0,44.0,53.0,YES,YES,UNKNOWN_ANALYSIS_IAQ134_VOC1.15ppm,24242.8,0,5.0,0.050,50
2026-06-25 04:00:41,31.91,67.65,1004.00,134.23,868,1.152,67800,31.0,44.0,53.0,YES,YES,UNKNOWN_ANALYSIS_IAQ134_VOC1.15ppm,24253.2,0,5.0,0.050,50
2026-06-25 04:00:51,31.91,67.65,1004.00,134.23,868,1.152,67800,30.0,43.0,52.0,YES,YES,UNKNOWN_ANALYSIS_IAQ134_VOC1.15ppm,24262.6,0,5.0,0.050,50
2026-06-25 04:01:01,31.91,67.65,1004.00,134.23,868,1.152,67800,31.0,44.0,53.0,YES,YES,UNKNOWN_ANALYSIS_IAQ134_VOC1.15ppm,24273.1,0,5.0,0.050,50
2026-06-25 04:01:11,31.91,67.65,1004.00,134.23,868,1.152,67800,30.0,43.0,51.0,YES,YES,UNKNOWN_ANALYSIS_IAQ134_VOC1.15ppm,24282.5,0,5.0,0.050,50
2026-06-25 04:01:21,31.91,67.65,1004.00,134.23,868,1.152,67800,31.0,44.0,53.0,YES,YES,UNKNOWN_ANALYSIS_IAQ134_VOC1.15ppm,24292.9,0,5.0,0.050,50
2026-06-25 04:01:31,31.91,67.65,1004.00,134.23,868,1.152,67800,30.0,43.0,54.0,YES,YES,UNKNOWN_ANALYSIS_IAQ134_VOC1.15ppm,24303.4,0,5.0,0.050,50
2026-06-25 04:01:41,31.91,67.65,1004.00,134.23,868,1.152,67800,31.0,44.0,53.0,YES,YES,UNKNOWN_ANALYSIS_IAQ134_VOC1.15ppm,24312.7,0,5.0,0.050,50
2026-06-25 04:01:51,31.91,67.65,1004.00,134.23,868,1.152,67800,31.0,44.0,52.0,YES,YES,UNKNOWN_ANALYSIS_IAQ134_VOC1.15ppm,24323.2,0,5.0,0.050,50
PMS7003: Unknown error
2026-06-25 04:02:01,31.87,67.71,1004.00,140.75,896,1.228,67500,31.0,44.0,52.0,YES,YES,UNKNOWN_ANALYSIS_IAQ141_VOC1.23ppm,24332.6,0,5.0,0.050,50
2026-06-25 04:02:11,31.87,67.71,1004.00,140.75,896,1.228,67500,31.0,43.0,50.0,YES,YES,UNKNOWN_ANALYSIS_IAQ141_VOC1.23ppm,24343.0,0,5.0,0.050,50
2026-06-25 04:02:22,31.87,67.71,1004.00,140.75,896,1.228,67500,30.0,42.0,51.0,YES,YES,UNKNOWN_ANALYSIS_IAQ141_VOC1.23ppm,24353.5,0,5.0,0.050,50
2026-06-25 04:02:31,31.87,67.71,1004.00,140.75,896,1.228,67500,31.0,43.0,52.0,YES,YES,UNKNOWN_ANALYSIS_IAQ141_VOC1.23ppm,24362.9,0,5.0,0.050,50
2026-06-25 04:02:41,31.87,67.71,1004.00,140.75,896,1.228,67500,30.0,42.0,52.0,YES,YES,UNKNOWN_ANALYSIS_IAQ141_VOC1.23ppm,24373.3,0,5.0,0.050,50
2026-06-25 04:02:52,31.87,67.71,1004.00,140.75,896,1.228,67500,30.0,42.0,51.0,YES,YES,UNKNOWN_ANALYSIS_IAQ141_VOC1.23ppm,24383.7,0,5.0,0.050,50
2026-06-25 04:03:01,31.87,67.71,1004.00,140.75,896,1.228,67500,30.0,42.0,51.0,YES,YES,UNKNOWN_ANALYSIS_IAQ141_VOC1.23ppm,24393.1,0,5.0,0.050,50
2026-06-25 04:03:12,31.87,67.71,1004.00,140.75,896,1.228,67500,31.0,43.0,52.0,YES,YES,UNKNOWN_ANALYSIS_IAQ141_VOC1.23ppm,24403.6,0,5.0,0.050,50
2026-06-25 04:03:21,31.87,67.71,1004.00,140.75,896,1.228,67500,31.0,44.0,52.0,YES,YES,UNKNOWN_ANALYSIS_IAQ141_VOC1.23ppm,24413.0,0,5.0,0.050,50
2026-06-25 04:03:32,31.87,67.71,1004.00,140.75,896,1.228,67500,29.0,42.0,50.0,YES,YES,UNKNOWN_ANALYSIS_IAQ141_VOC1.23ppm,24423.4,0,5.0,0.050,50
2026-06-25 04:03:42,31.87,67.71,1004.00,140.75,896,1.228,67500,30.0,43.0,52.0,YES,YES,UNKNOWN_ANALYSIS_IAQ141_VOC1.23ppm,24433.8,0,5.0,0.050,50
2026-06-25 04:03:51,31.87,67.71,1004.00,140.75,896,1.228,67500,30.0,43.0,52.0,YES,YES,UNKNOWN_ANALYSIS_IAQ141_VOC1.23ppm,24443.3,0,5.0,0.050,50
2026-06-25 04:04:02,31.87,67.71,1004.00,140.75,896,1.228,67500,29.0,43.0,51.0,YES,YES,UNKNOWN_ANALYSIS_IAQ141_VOC1.23ppm,24453.7,0,5.0,0.050,50
2026-06-25 04:04:11,31.87,67.71,1004.00,140.75,896,1.228,67500,30.0,44.0,52.0,YES,YES,UNKNOWN_ANALYSIS_IAQ141_VOC1.23ppm,24463.1,0,5.0,0.050,50
2026-06-25 04:04:22,31.87,67.71,1004.00,140.75,896,1.228,67500,30.0,44.0,52.0,YES,YES,UNKNOWN_ANALYSIS_IAQ141_VOC1.23ppm,24473.5,0,5.0,0.050,50
2026-06-25 04:04:32,31.87,67.71,1004.00,140.75,896,1.228,67500,30.0,43.0,51.0,YES,YES,UNKNOWN_ANALYSIS_IAQ141_VOC1.23ppm,24484.0,0,5.0,0.050,50
2026-06-25 04:04:41,31.87,67.71,1004.00,140.75,896,1.228,67500,31.0,44.0,53.0,YES,YES,UNKNOWN_ANALYSIS_IAQ141_VOC1.23ppm,24493.4,0,5.0,0.050,50
2026-06-25 04:04:52,31.87,67.71,1004.00,140.75,896,1.228,67500,30.0,43.0,52.0,YES,YES,UNKNOWN_ANALYSIS_IAQ141_VOC1.23ppm,24503.8,0,5.0,0.050,50
2026-06-25 04:05:01,31.87,67.71,1004.00,140.75,896,1.228,67500,29.0,43.0,52.0,YES,YES,UNKNOWN_ANALYSIS_IAQ141_VOC1.23ppm,24513.2,0,5.0,0.050,50
2026-06-25 04:05:12,31.87,67.71,1004.00,140.75,896,1.228,67500,29.0,43.0,51.0,YES,YES,UNKNOWN_ANALYSIS_IAQ141_VOC1.23ppm,24523.6,0,5.0,0.050,50
2026-06-25 04:05:22,31.87,67.71,1004.00,140.75,896,1.228,67500,30.0,44.0,52.0,YES,YES,UNKNOWN_ANALYSIS_IAQ141_VOC1.23ppm,24534.1,0,5.0,0.050,50
2026-06-25 04:05:32,31.87,67.71,1004.00,140.75,896,1.228,67500,30.0,43.0,51.0,YES,YES,UNKNOWN_ANALYSIS_IAQ141_VOC1.23ppm,24543.5,0,5.0,0.050,50
2026-06-25 04:05:42,31.87,67.71,1004.00,140.75,896,1.228,67500,30.0,43.0,51.0,YES,YES,UNKNOWN_ANALYSIS_IAQ141_VOC1.23ppm,24553.9,0,5.0,0.050,50
2026-06-25 04:05:51,31.87,67.71,1004.00,140.75,896,1.228,67500,30.0,43.0,52.0,YES,YES,UNKNOWN_ANALYSIS_IAQ141_VOC1.23ppm,24563.3,0,5.0,0.050,50
2026-06-25 04:06:02,31.87,67.71,1004.00,140.75,896,1.228,67500,29.0,43.0,51.0,YES,YES,UNKNOWN_ANALYSIS_IAQ141_VOC1.23ppm,24573.7,0,5.0,0.050,50
2026-06-25 04:06:12,31.87,67.71,1004.00,140.75,896,1.228,67500,30.0,44.0,52.0,YES,YES,UNKNOWN_ANALYSIS_IAQ141_VOC1.23ppm,24584.2,0,5.0,0.050,50
2026-06-25 04:06:22,31.87,67.71,1004.00,140.75,896,1.228,67500,29.0,43.0,51.0,YES,YES,UNKNOWN_ANALYSIS_IAQ141_VOC1.23ppm,24593.6,0,5.0,0.050,50
2026-06-25 04:06:32,31.87,67.71,1004.00,140.75,896,1.228,67500,31.0,44.0,52.0,YES,YES,UNKNOWN_ANALYSIS_IAQ141_VOC1.23ppm,24604.0,0,5.0,0.050,50
2026-06-25 04:06:43,31.87,67.71,1004.00,140.75,896,1.228,67500,29.0,43.0,52.0,YES,YES,UNKNOWN_ANALYSIS_IAQ141_VOC1.23ppm,24614.5,0,5.0,0.050,50
2026-06-25 04:06:52,31.87,67.71,1004.00,140.75,896,1.228,67500,30.0,42.0,51.0,YES,YES,UNKNOWN_ANALYSIS_IAQ141_VOC1.23ppm,24623.9,0,5.0,0.050,50
2026-06-25 04:07:02,32.07,67.67,1004.00,149.95,937,1.346,66700,30.0,42.0,51.0,YES,YES,UNKNOWN_ANALYSIS_IAQ150_VOC1.35ppm,24634.3,0,5.0,0.050,50
2026-06-25 04:07:12,32.07,67.67,1004.00,149.95,937,1.346,66700,30.0,42.0,51.0,YES,YES,UNKNOWN_ANALYSIS_IAQ150_VOC1.35ppm,24643.7,0,5.0,0.050,50
2026-06-25 04:07:22,32.07,67.67,1004.00,149.95,937,1.346,66700,31.0,43.0,51.0,YES,YES,UNKNOWN_ANALYSIS_IAQ150_VOC1.35ppm,24654.1,0,5.0,0.050,50
2026-06-25 04:07:33,32.07,67.67,1004.00,149.95,937,1.346,66700,31.0,43.0,51.0,YES,YES,UNKNOWN_ANALYSIS_IAQ150_VOC1.35ppm,24664.6,0,5.0,0.050,50
2026-06-25 04:07:42,32.07,67.67,1004.00,149.95,937,1.346,66700,30.0,42.0,51.0,YES,YES,UNKNOWN_ANALYSIS_IAQ150_VOC1.35ppm,24674.0,0,5.0,0.050,50
2026-06-25 04:07:53,32.07,67.67,1004.00,149.95,937,1.346,66700,31.0,43.0,52.0,YES,YES,UNKNOWN_ANALYSIS_IAQ150_VOC1.35ppm,24684.4,0,5.0,0.050,50
2026-06-25 04:08:02,32.07,67.67,1004.00,149.95,937,1.346,66700,30.0,42.0,51.0,YES,YES,UNKNOWN_ANALYSIS_IAQ150_VOC1.35ppm,24693.8,0,5.0,0.050,50
2026-06-25 04:08:12,32.07,67.67,1004.00,149.95,937,1.346,66700,30.0,42.0,51.0,YES,YES,UNKNOWN_ANALYSIS_IAQ150_VOC1.35ppm,24704.2,0,5.0,0.050,50
2026-06-25 04:08:23,32.07,67.67,1004.00,149.95,937,1.346,66700,30.0,41.0,50.0,YES,YES,UNKNOWN_ANALYSIS_IAQ150_VOC1.35ppm,24714.7,0,5.0,0.050,50
2026-06-25 04:08:32,32.07,67.67,1004.00,149.95,937,1.346,66700,29.0,41.0,49.0,YES,YES,UNKNOWN_ANALYSIS_IAQ150_VOC1.35ppm,24724.1,0,5.0,0.050,50
2026-06-25 04:08:43,32.07,67.67,1004.00,149.95,937,1.346,66700,29.0,41.0,48.0,YES,YES,UNKNOWN_ANALYSIS_IAQ150_VOC1.35ppm,24734.5,0,5.0,0.050,50
2026-06-25 04:08:52,32.07,67.67,1004.00,149.95,937,1.346,66700,29.0,41.0,49.0,YES,YES,UNKNOWN_ANALYSIS_IAQ150_VOC1.35ppm,24743.9,0,5.0,0.050,50
2026-06-25 04:09:02,32.07,67.67,1004.00,149.95,937,1.346,66700,29.0,41.0,49.0,YES,YES,UNKNOWN_ANALYSIS_IAQ150_VOC1.35ppm,24754.3,0,5.0,0.050,50
2026-06-25 04:09:13,32.07,67.67,1004.00,149.95,937,1.346,66700,29.0,41.0,50.0,YES,YES,UNKNOWN_ANALYSIS_IAQ150_VOC1.35ppm,24764.8,0,5.0,0.050,50
2026-06-25 04:09:22,32.07,67.67,1004.00,149.95,937,1.346,66700,30.0,42.0,51.0,YES,YES,UNKNOWN_ANALYSIS_IAQ150_VOC1.35ppm,24774.2,0,5.0,0.050,50
2026-06-25 04:09:33,32.07,67.67,1004.00,149.95,937,1.346,66700,31.0,42.0,52.0,YES,YES,UNKNOWN_ANALYSIS_IAQ150_VOC1.35ppm,24784.6,0,5.0,0.050,50
2026-06-25 04:09:42,32.07,67.67,1004.00,149.95,937,1.346,66700,30.0,42.0,52.0,YES,YES,UNKNOWN_ANALYSIS_IAQ150_VOC1.35ppm,24794.0,0,5.0,0.050,50
2026-06-25 04:09:53,32.07,67.67,1004.00,149.95,937,1.346,66700,30.0,42.0,51.0,YES,YES,UNKNOWN_ANALYSIS_IAQ150_VOC1.35ppm,24804.5,0,5.0,0.050,50
2026-06-25 04:10:03,32.07,67.67,1004.00,149.95,937,1.346,66700,29.0,42.0,51.0,YES,YES,UNKNOWN_ANALYSIS_IAQ150_VOC1.35ppm,24814.9,0,5.0,0.050,50
2026-06-25 04:10:12,32.07,67.67,1004.00,149.95,937,1.346,66700,29.0,41.0,51.0,YES,YES,UNKNOWN_ANALYSIS_IAQ150_VOC1.35ppm,24824.3,0,5.0,0.050,50
2026-06-25 04:10:23,32.07,67.67,1004.00,149.95,937,1.346,66700,30.0,42.0,52.0,YES,YES,UNKNOWN_ANALYSIS_IAQ150_VOC1.35ppm,24834.8,0,5.0,0.050,50
2026-06-25 04:10:32,32.07,67.67,1004.00,149.95,937,1.346,66700,30.0,43.0,52.0,YES,YES,UNKNOWN_ANALYSIS_IAQ150_VOC1.35ppm,24844.2,0,5.0,0.050,50
2026-06-25 04:10:43,32.07,67.67,1004.00,149.95,937,1.346,66700,30.0,43.0,52.0,YES,YES,UNKNOWN_ANALYSIS_IAQ150_VOC1.35ppm,24854.6,0,5.0,0.050,50
2026-06-25 04:10:53,32.07,67.67,1004.00,149.95,937,1.346,66700,30.0,43.0,52.0,YES,YES,UNKNOWN_ANALYSIS_IAQ150_VOC1.35ppm,24865.0,0,5.0,0.050,50
2026-06-25 04:11:03,32.07,67.67,1004.00,149.95,937,1.346,66700,30.0,43.0,52.0,YES,YES,UNKNOWN_ANALYSIS_IAQ150_VOC1.35ppm,24874.5,0,5.0,0.050,50
2026-06-25 04:11:13,32.07,67.67,1004.00,149.95,937,1.346,66700,30.0,42.0,50.0,YES,YES,UNKNOWN_ANALYSIS_IAQ150_VOC1.35ppm,24884.9,0,5.0,0.050,50
2026-06-25 04:11:22,32.07,67.67,1004.00,149.95,937,1.346,66700,29.0,41.0,49.0,YES,YES,UNKNOWN_ANALYSIS_IAQ150_VOC1.35ppm,24894.3,0,5.0,0.050,50
2026-06-25 04:11:33,32.07,67.67,1004.00,149.95,937,1.346,66700,30.0,43.0,51.0,YES,YES,UNKNOWN_ANALYSIS_IAQ150_VOC1.35ppm,24904.7,0,5.0,0.050,50
2026-06-25 04:11:43,32.07,67.67,1004.00,149.95,937,1.346,66700,31.0,44.0,52.0,YES,YES,UNKNOWN_ANALYSIS_IAQ150_VOC1.35ppm,24915.2,0,5.0,0.050,50
2026-06-25 04:11:53,32.07,67.67,1004.00,149.95,937,1.346,66700,31.0,44.0,52.0,YES,YES,UNKNOWN_ANALYSIS_IAQ150_VOC1.35ppm,24924.6,0,5.0,0.050,50
2026-06-25 04:12:03,32.00,67.55,1004.00,98.05,710,0.805,69500,29.0,43.0,51.0,YES,YES,UNKNOWN_ANALYSIS_IAQ98_VOC0.80ppm,24935.0,0,5.0,0.050,50
2026-06-25 04:12:14,32.00,67.55,1004.00,98.05,710,0.805,69500,30.0,44.0,52.0,YES,YES,UNKNOWN_ANALYSIS_IAQ98_VOC0.80ppm,24945.4,0,5.0,0.050,50
2026-06-25 04:12:23,32.00,67.55,1004.00,98.05,710,0.805,69500,29.0,43.0,52.0,YES,YES,UNKNOWN_ANALYSIS_IAQ98_VOC0.80ppm,24954.8,0,5.0,0.050,50
2026-06-25 04:12:33,32.00,67.55,1004.00,98.05,710,0.805,69500,30.0,42.0,50.0,YES,YES,UNKNOWN_ANALYSIS_IAQ98_VOC0.80ppm,24965.3,0,5.0,0.050,50
2026-06-25 04:12:43,32.00,67.55,1004.00,98.05,710,0.805,69500,30.0,42.0,49.0,YES,YES,UNKNOWN_ANALYSIS_IAQ98_VOC0.80ppm,24974.7,0,5.0,0.050,50
2026-06-25 04:12:53,32.00,67.55,1004.00,98.05,710,0.805,69500,30.0,42.0,50.0,YES,YES,UNKNOWN_ANALYSIS_IAQ98_VOC0.80ppm,24985.1,0,5.0,0.050,50
2026-06-25 04:13:04,32.00,67.55,1004.00,98.05,710,0.805,69500,28.0,41.0,50.0,YES,YES,UNKNOWN_ANALYSIS_IAQ98_VOC0.80ppm,24995.5,0,5.0,0.050,50
2026-06-25 04:13:13,32.00,67.55,1004.00,98.05,710,0.805,69500,30.0,42.0,50.0,YES,YES,UNKNOWN_ANALYSIS_IAQ98_VOC0.80ppm,25004.9,0,5.0,0.050,50
2026-06-25 04:13:23,32.00,67.55,1004.00,98.05,710,0.805,69500,29.0,42.0,49.0,YES,YES,UNKNOWN_ANALYSIS_IAQ98_VOC0.80ppm,25015.4,0,5.0,0.050,50
2026-06-25 04:13:33,32.00,67.55,1004.00,98.05,710,0.805,69500,29.0,42.0,49.0,YES,YES,UNKNOWN_ANALYSIS_IAQ98_VOC0.80ppm,25024.8,0,5.0,0.050,50
2026-06-25 04:13:43,32.00,67.55,1004.00,98.05,710,0.805,69500,30.0,43.0,50.0,YES,YES,UNKNOWN_ANALYSIS_IAQ98_VOC0.80ppm,25035.2,0,5.0,0.050,50
2026-06-25 04:13:54,32.00,67.55,1004.00,98.05,710,0.805,69500,29.0,42.0,49.0,YES,YES,UNKNOWN_ANALYSIS_IAQ98_VOC0.80ppm,25045.6,0,5.0,0.050,50
2026-06-25 04:14:03,32.00,67.55,1004.00,98.05,710,0.805,69500,28.0,40.0,47.0,YES,YES,UNKNOWN_ANALYSIS_IAQ98_VOC0.80ppm,25055.0,0,5.0,0.050,50
2026-06-25 04:14:14,32.00,67.55,1004.00,98.05,710,0.805,69500,28.0,41.0,49.0,YES,YES,UNKNOWN_ANALYSIS_IAQ98_VOC0.80ppm,25065.5,0,5.0,0.050,50
2026-06-25 04:14:24,32.00,67.55,1004.00,98.05,710,0.805,69500,29.0,42.0,50.0,YES,YES,UNKNOWN_ANALYSIS_IAQ98_VOC0.80ppm,25075.9,0,5.0,0.050,50
2026-06-25 04:14:33,32.00,67.55,1004.00,98.05,710,0.805,69500,28.0,41.0,49.0,YES,YES,UNKNOWN_ANALYSIS_IAQ98_VOC0.80ppm,25085.3,0,5.0,0.050,50
2026-06-25 04:14:44,32.00,67.55,1004.00,98.05,710,0.805,69500,29.0,42.0,50.0,YES,YES,UNKNOWN_ANALYSIS_IAQ98_VOC0.80ppm,25095.7,0,5.0,0.050,50
2026-06-25 04:14:53,32.00,67.55,1004.00,98.05,710,0.805,69500,29.0,42.0,49.0,YES,YES,UNKNOWN_ANALYSIS_IAQ98_VOC0.80ppm,25105.1,0,5.0,0.050,50
2026-06-25 04:15:04,32.00,67.55,1004.00,98.05,710,0.805,69500,28.0,41.0,48.0,YES,YES,UNKNOWN_ANALYSIS_IAQ98_VOC0.80ppm,25115.6,0,5.0,0.050,50
2026-06-25 04:15:14,32.00,67.55,1004.00,98.05,710,0.805,69500,28.0,41.0,48.0,YES,YES,UNKNOWN_ANALYSIS_IAQ98_VOC0.80ppm,25126.0,0,5.0,0.050,50
2026-06-25 04:15:24,32.00,67.55,1004.00,98.05,710,0.805,69500,30.0,42.0,50.0,YES,YES,UNKNOWN_ANALYSIS_IAQ98_VOC0.80ppm,25135.4,0,5.0,0.050,50
2026-06-25 04:15:34,32.00,67.55,1004.00,98.05,710,0.805,69500,28.0,40.0,49.0,YES,YES,UNKNOWN_ANALYSIS_IAQ98_VOC0.80ppm,25145.9,0,5.0,0.050,50
💾 Baseline state saved to EEPROM
💾 SAVED - IAQ: 5.0, VOC: 0.050 ppm, CO2: 50 ppm

=== SPIKE HISTORY ===
2026-06-25 04:15:43,32.00,67.55,1004.00,98.05,710,0.805,69500,30.0,42.0,50.0,YES,YES,UNKNOWN_ANALYSIS_IAQ98_VOC0.80ppm,25155.2,0,5.0,0.050,50
2026-06-25 04:15:54,32.00,67.55,1004.00,98.05,710,0.805,69500,30.0,42.0,50.0,YES,YES,UNKNOWN_ANALYSIS_IAQ98_VOC0.80ppm,25165.7,0,5.0,0.050,50
2026-06-25 04:16:04,32.00,67.55,1004.00,98.05,710,0.805,69500,29.0,41.0,50.0,YES,YES,UNKNOWN_ANALYSIS_IAQ98_VOC0.80ppm,25176.1,0,5.0,0.050,50
2026-06-25 04:16:14,32.00,67.55,1004.00,98.05,710,0.805,69500,28.0,41.0,49.0,YES,YES,UNKNOWN_ANALYSIS_IAQ98_VOC0.80ppm,25185.5,0,5.0,0.050,50
2026-06-25 04:16:24,32.00,67.55,1004.00,98.05,710,0.805,69500,29.0,42.0,50.0,YES,YES,UNKNOWN_ANALYSIS_IAQ98_VOC0.80ppm,25196.0,0,5.0,0.050,50
2026-06-25 04:16:35,32.00,67.55,1004.00,98.05,710,0.805,69500,29.0,42.0,50.0,YES,YES,UNKNOWN_ANALYSIS_IAQ98_VOC0.80ppm,25206.4,0,5.0,0.050,50
2026-06-25 04:16:44,32.00,67.55,1004.00,98.05,710,0.805,69500,29.0,42.0,50.0,YES,YES,UNKNOWN_ANALYSIS_IAQ98_VOC0.80ppm,25215.8,0,5.0,0.050,50
2026-06-25 04:16:54,32.00,67.55,1004.00,98.05,710,0.805,69500,29.0,42.0,50.0,YES,YES,UNKNOWN_ANALYSIS_IAQ98_VOC0.80ppm,25226.2,0,5.0,0.050,50
2026-06-25 04:17:04,31.87,67.68,1004.00,124.39,825,1.045,68300,28.0,41.0,49.0,YES,YES,UNKNOWN_ANALYSIS_IAQ124_VOC1.04ppm,25235.6,0,5.0,0.050,50
2026-06-25 04:17:14,31.87,67.68,1004.00,124.39,825,1.045,68300,28.0,40.0,49.0,YES,YES,UNKNOWN_ANALYSIS_IAQ124_VOC1.04ppm,25246.1,0,5.0,0.050,50
2026-06-25 04:17:25,31.87,67.68,1004.00,124.39,825,1.045,68300,30.0,41.0,50.0,YES,YES,UNKNOWN_ANALYSIS_IAQ124_VOC1.04ppm,25256.5,0,5.0,0.050,50
2026-06-25 04:17:34,31.87,67.68,1004.00,124.39,825,1.045,68300,30.0,41.0,49.0,YES,YES,UNKNOWN_ANALYSIS_IAQ124_VOC1.04ppm,25265.9,0,5.0,0.050,50
2026-06-25 04:17:44,31.87,67.68,1004.00,124.39,825,1.045,68300,28.0,41.0,49.0,YES,YES,UNKNOWN_ANALYSIS_IAQ124_VOC1.04ppm,25276.4,0,5.0,0.050,50
2026-06-25 04:17:54,31.87,67.68,1004.00,124.39,825,1.045,68300,30.0,42.0,50.0,YES,YES,UNKNOWN_ANALYSIS_IAQ124_VOC1.04ppm,25285.8,0,5.0,0.050,50
2026-06-25 04:18:04,31.87,67.68,1004.00,124.39,825,1.045,68300,30.0,43.0,50.0,YES,YES,UNKNOWN_ANALYSIS_IAQ124_VOC1.04ppm,25296.2,0,5.0,0.050,50
2026-06-25 04:18:15,31.87,67.68,1004.00,124.39,825,1.045,68300,29.0,42.0,51.0,YES,YES,UNKNOWN_ANALYSIS_IAQ124_VOC1.04ppm,25306.6,0,5.0,0.050,50
2026-06-25 04:18:24,31.87,67.68,1004.00,124.39,825,1.045,68300,29.0,42.0,50.0,YES,YES,UNKNOWN_ANALYSIS_IAQ124_VOC1.04ppm,25316.0,0,5.0,0.050,50
2026-06-25 04:18:35,31.87,67.68,1004.00,124.39,825,1.045,68300,29.0,42.0,51.0,YES,YES,UNKNOWN_ANALYSIS_IAQ124_VOC1.04ppm,25326.5,0,5.0,0.050,50
2026-06-25 04:18:44,31.87,67.68,1004.00,124.39,825,1.045,68300,29.0,41.0,50.0,YES,YES,UNKNOWN_ANALYSIS_IAQ124_VOC1.04ppm,25335.9,0,5.0,0.050,50
2026-06-25 04:18:54,31.87,67.68,1004.00,124.39,825,1.045,68300,29.0,42.0,50.0,YES,YES,UNKNOWN_ANALYSIS_IAQ124_VOC1.04ppm,25346.3,0,5.0,0.050,50
2026-06-25 04:19:05,31.87,67.68,1004.00,124.39,825,1.045,68300,29.0,41.0,49.0,YES,YES,UNKNOWN_ANALYSIS_IAQ124_VOC1.04ppm,25356.7,0,5.0,0.050,50
2026-06-25 04:19:14,31.87,67.68,1004.00,124.39,825,1.045,68300,28.0,41.0,48.0,YES,YES,UNKNOWN_ANALYSIS_IAQ124_VOC1.04ppm,25366.2,0,5.0,0.050,50
2026-06-25 04:19:25,31.87,67.68,1004.00,124.39,825,1.045,68300,29.0,42.0,49.0,YES,YES,UNKNOWN_ANALYSIS_IAQ124_VOC1.04ppm,25376.6,0,5.0,0.050,50
2026-06-25 04:19:35,31.87,67.68,1004.00,124.39,825,1.045,68300,29.0,41.0,49.0,YES,YES,UNKNOWN_ANALYSIS_IAQ124_VOC1.04ppm,25387.0,0,5.0,0.050,50
2026-06-25 04:19:45,31.87,67.68,1004.00,124.39,825,1.045,68300,29.0,42.0,51.0,YES,YES,UNKNOWN_ANALYSIS_IAQ124_VOC1.04ppm,25396.4,0,5.0,0.050,50
2026-06-25 04:19:55,31.87,67.68,1004.00,124.39,825,1.045,68300,29.0,42.0,51.0,YES,YES,UNKNOWN_ANALYSIS_IAQ124_VOC1.04ppm,25406.9,0,5.0,0.050,50
2026-06-25 04:20:04,31.87,67.68,1004.00,124.39,825,1.045,68300,30.0,43.0,52.0,YES,YES,UNKNOWN_ANALYSIS_IAQ124_VOC1.04ppm,25416.3,0,5.0,0.050,50
2026-06-25 04:20:15,31.87,67.68,1004.00,124.39,825,1.045,68300,29.0,42.0,51.0,YES,YES,UNKNOWN_ANALYSIS_IAQ124_VOC1.04ppm,25426.7,0,5.0,0.050,50
2026-06-25 04:20:25,31.87,67.68,1004.00,124.39,825,1.045,68300,29.0,41.0,51.0,YES,YES,UNKNOWN_ANALYSIS_IAQ124_VOC1.04ppm,25437.2,0,5.0,0.050,50
2026-06-25 04:20:35,31.87,67.68,1004.00,124.39,825,1.045,68300,27.0,39.0,49.0,YES,YES,UNKNOWN_ANALYSIS_IAQ124_VOC1.04ppm,25446.6,0,5.0,0.050,50
2026-06-25 04:20:45,31.87,67.68,1004.00,124.39,825,1.045,68300,27.0,40.0,48.0,YES,YES,UNKNOWN_ANALYSIS_IAQ124_VOC1.04ppm,25457.0,0,5.0,0.050,50
2026-06-25 04:20:55,31.87,67.68,1004.00,124.39,825,1.045,68300,29.0,41.0,50.0,YES,YES,UNKNOWN_ANALYSIS_IAQ124_VOC1.04ppm,25466.4,0,5.0,0.050,50
2026-06-25 04:21:05,31.87,67.68,1004.00,124.39,825,1.045,68300,27.0,40.0,49.0,YES,YES,UNKNOWN_ANALYSIS_IAQ124_VOC1.04ppm,25476.8,0,5.0,0.050,50
2026-06-25 04:21:15,31.87,67.68,1004.00,124.39,825,1.045,68300,27.0,39.0,46.0,YES,YES,UNKNOWN_ANALYSIS_IAQ124_VOC1.04ppm,25487.3,0,5.0,0.050,50
2026-06-25 04:21:25,31.87,67.68,1004.00,124.39,825,1.045,68300,28.0,41.0,48.0,YES,YES,UNKNOWN_ANALYSIS_IAQ124_VOC1.04ppm,25496.7,0,5.0,0.050,50
2026-06-25 04:21:35,31.87,67.68,1004.00,124.39,825,1.045,68300,28.0,40.0,49.0,YES,YES,UNKNOWN_ANALYSIS_IAQ124_VOC1.04ppm,25507.1,0,5.0,0.050,50
2026-06-25 04:21:45,31.87,67.68,1004.00,124.39,825,1.045,68300,29.0,41.0,50.0,YES,YES,UNKNOWN_ANALYSIS_IAQ124_VOC1.04ppm,25516.5,0,5.0,0.050,50
2026-06-25 04:21:55,31.87,67.68,1004.00,124.39,825,1.045,68300,29.0,41.0,50.0,YES,YES,UNKNOWN_ANALYSIS_IAQ124_VOC1.04ppm,25527.0,0,5.0,0.050,50
2026-06-25 04:22:06,31.92,67.72,1004.00,145.84,919,1.292,67100,29.0,42.0,51.0,YES,YES,UNKNOWN_ANALYSIS_IAQ146_VOC1.29ppm,25537.4,0,5.0,0.050,50
2026-06-25 04:22:15,31.92,67.72,1004.00,145.84,919,1.292,67100,28.0,41.0,49.0,YES,YES,UNKNOWN_ANALYSIS_IAQ146_VOC1.29ppm,25546.8,0,5.0,0.050,50
2026-06-25 04:22:25,31.92,67.72,1004.00,145.84,919,1.292,67100,30.0,42.0,51.0,YES,YES,UNKNOWN_ANALYSIS_IAQ146_VOC1.29ppm,25557.2,0,5.0,0.050,50
2026-06-25 04:22:36,31.92,67.72,1004.00,145.84,919,1.292,67100,28.0,42.0,50.0,YES,YES,UNKNOWN_ANALYSIS_IAQ146_VOC1.29ppm,25567.7,0,5.0,0.050,50
2026-06-25 04:22:45,31.92,67.72,1004.00,145.84,919,1.292,67100,27.0,41.0,49.0,YES,YES,UNKNOWN_ANALYSIS_IAQ146_VOC1.29ppm,25577.1,0,5.0,0.050,50
2026-06-25 04:22:56,31.92,67.72,1004.00,145.84,919,1.292,67100,28.0,43.0,50.0,YES,YES,UNKNOWN_ANALYSIS_IAQ146_VOC1.29ppm,25587.5,0,5.0,0.050,50
2026-06-25 04:23:05,31.92,67.72,1004.00,145.84,919,1.292,67100,29.0,43.0,50.0,YES,YES,UNKNOWN_ANALYSIS_IAQ146_VOC1.29ppm,25596.9,0,5.0,0.050,50
2026-06-25 04:23:15,31.92,67.72,1004.00,145.84,919,1.292,67100,29.0,42.0,49.0,YES,YES,UNKNOWN_ANALYSIS_IAQ146_VOC1.29ppm,25607.3,0,5.0,0.050,50
2026-06-25 04:23:26,31.92,67.72,1004.00,145.84,919,1.292,67100,29.0,42.0,50.0,YES,YES,UNKNOWN_ANALYSIS_IAQ146_VOC1.29ppm,25617.8,0,5.0,0.050,50
2026-06-25 04:23:35,31.92,67.72,1004.00,145.84,919,1.292,67100,30.0,44.0,52.0,YES,YES,UNKNOWN_ANALYSIS_IAQ146_VOC1.29ppm,25627.2,0,5.0,0.050,50
2026-06-25 04:23:46,31.92,67.72,1004.00,145.84,919,1.292,67100,30.0,43.0,50.0,YES,YES,UNKNOWN_ANALYSIS_IAQ146_VOC1.29ppm,25637.6,0,5.0,0.050,50
2026-06-25 04:23:55,31.92,67.72,1004.00,145.84,919,1.292,67100,30.0,42.0,50.0,YES,YES,UNKNOWN_ANALYSIS_IAQ146_VOC1.29ppm,25647.0,0,5.0,0.050,50
2026-06-25 04:24:06,31.92,67.72,1004.00,145.84,919,1.292,67100,28.0,40.0,48.0,YES,YES,UNKNOWN_ANALYSIS_IAQ146_VOC1.29ppm,25657.5,0,5.0,0.050,50
2026-06-25 04:24:16,31.92,67.72,1004.00,145.84,919,1.292,67100,28.0,41.0,48.0,YES,YES,UNKNOWN_ANALYSIS_IAQ146_VOC1.29ppm,25667.9,0,5.0,0.050,50
2026-06-25 04:24:25,31.92,67.72,1004.00,145.84,919,1.292,67100,29.0,42.0,50.0,YES,YES,UNKNOWN_ANALYSIS_IAQ146_VOC1.29ppm,25677.3,0,5.0,0.050,50
2026-06-25 04:24:36,31.92,67.72,1004.00,145.84,919,1.292,67100,28.0,40.0,49.0,YES,YES,UNKNOWN_ANALYSIS_IAQ146_VOC1.29ppm,25687.7,0,5.0,0.050,50
2026-06-25 04:24:46,31.92,67.72,1004.00,145.84,919,1.292,67100,29.0,41.0,50.0,YES,YES,UNKNOWN_ANALYSIS_IAQ146_VOC1.29ppm,25698.2,0,5.0,0.050,50
2026-06-25 04:24:56,31.92,67.72,1004.00,145.84,919,1.292,67100,29.0,41.0,50.0,YES,YES,UNKNOWN_ANALYSIS_IAQ146_VOC1.29ppm,25707.6,0,5.0,0.050,50
2026-06-25 04:25:06,31.92,67.72,1004.00,145.84,919,1.292,67100,29.0,41.0,51.0,YES,YES,UNKNOWN_ANALYSIS_IAQ146_VOC1.29ppm,25718.0,0,5.0,0.050,50
2026-06-25 04:25:16,31.92,67.72,1004.00,145.84,919,1.292,67100,28.0,40.0,51.0,YES,YES,UNKNOWN_ANALYSIS_IAQ146_VOC1.29ppm,25727.4,0,5.0,0.050,50
2026-06-25 04:25:26,31.92,67.72,1004.00,145.84,919,1.292,67100,27.0,39.0,51.0,YES,YES,UNKNOWN_ANALYSIS_IAQ146_VOC1.29ppm,25737.8,0,5.0,0.050,50
2026-06-25 04:25:36,31.92,67.72,1004.00,145.84,919,1.292,67100,28.0,40.0,50.0,YES,YES,UNKNOWN_ANALYSIS_IAQ146_VOC1.29ppm,25748.3,0,5.0,0.050,50
2026-06-25 04:25:46,31.92,67.72,1004.00,145.84,919,1.292,67100,28.0,41.0,49.0,YES,YES,UNKNOWN_ANALYSIS_IAQ146_VOC1.29ppm,25757.7,0,5.0,0.050,50
2026-06-25 04:25:56,31.92,67.72,1004.00,145.84,919,1.292,67100,28.0,41.0,49.0,YES,YES,UNKNOWN_ANALYSIS_IAQ146_VOC1.29ppm,25768.1,0,5.0,0.050,50
2026-06-25 04:26:06,31.92,67.72,1004.00,145.84,919,1.292,67100,28.0,41.0,49.0,YES,YES,UNKNOWN_ANALYSIS_IAQ146_VOC1.29ppm,25777.5,0,5.0,0.050,50
2026-06-25 04:26:16,31.92,67.72,1004.00,145.84,919,1.292,67100,28.0,41.0,49.0,YES,YES,UNKNOWN_ANALYSIS_IAQ146_VOC1.29ppm,25788.0,0,5.0,0.050,50
2026-06-25 04:26:27,31.92,67.72,1004.00,145.84,919,1.292,67100,27.0,40.0,47.0,YES,YES,UNKNOWN_ANALYSIS_IAQ146_VOC1.29ppm,25798.4,0,5.0,0.050,50
2026-06-25 04:26:36,31.92,67.72,1004.00,145.84,919,1.292,67100,27.0,40.0,47.0,YES,YES,UNKNOWN_ANALYSIS_IAQ146_VOC1.29ppm,25807.8,0,5.0,0.050,50
2026-06-25 04:26:46,31.92,67.72,1004.00,145.84,919,1.292,67100,27.0,39.0,46.0,YES,YES,UNKNOWN_ANALYSIS_IAQ146_VOC1.29ppm,25818.2,0,5.0,0.050,50
2026-06-25 04:26:57,31.92,67.72,1004.00,145.84,919,1.292,67100,27.0,39.0,47.0,YES,YES,UNKNOWN_ANALYSIS_IAQ146_VOC1.29ppm,25828.7,0,5.0,0.050,50
2026-06-25 04:27:06,31.89,67.75,1004.00,152.17,946,1.375,66800,27.0,38.0,46.0,YES,YES,UNKNOWN_ANALYSIS_IAQ152_VOC1.38ppm,25838.1,0,5.0,0.050,50
2026-06-25 04:27:17,31.89,67.75,1004.00,152.17,946,1.375,66800,28.0,39.0,46.0,YES,YES,UNKNOWN_ANALYSIS_IAQ152_VOC1.38ppm,25848.5,0,5.0,0.050,50
2026-06-25 04:27:26,31.89,67.75,1004.00,152.17,946,1.375,66800,28.0,39.0,48.0,YES,YES,UNKNOWN_ANALYSIS_IAQ152_VOC1.38ppm,25857.9,0,5.0,0.050,50
2026-06-25 04:27:36,31.89,67.75,1004.00,152.17,946,1.375,66800,27.0,39.0,47.0,YES,YES,UNKNOWN_ANALYSIS_IAQ152_VOC1.38ppm,25868.3,0,5.0,0.050,50
2026-06-25 04:27:47,31.89,67.75,1004.00,152.17,946,1.375,66800,27.0,38.0,46.0,YES,YES,UNKNOWN_ANALYSIS_IAQ152_VOC1.38ppm,25878.8,0,5.0,0.050,50
2026-06-25 04:27:56,31.89,67.75,1004.00,152.17,946,1.375,66800,28.0,40.0,48.0,YES,YES,UNKNOWN_ANALYSIS_IAQ152_VOC1.38ppm,25888.2,0,5.0,0.050,50
2026-06-25 04:28:07,31.89,67.75,1004.00,152.17,946,1.375,66800,28.0,40.0,48.0,YES,YES,UNKNOWN_ANALYSIS_IAQ152_VOC1.38ppm,25898.6,0,5.0,0.050,50
2026-06-25 04:28:16,31.89,67.75,1004.00,152.17,946,1.375,66800,29.0,41.0,49.0,YES,YES,UNKNOWN_ANALYSIS_IAQ152_VOC1.38ppm,25908.0,0,5.0,0.050,50
2026-06-25 04:28:27,31.89,67.75,1004.00,152.17,946,1.375,66800,28.0,40.0,46.0,YES,YES,UNKNOWN_ANALYSIS_IAQ152_VOC1.38ppm,25918.4,0,5.0,0.050,50
2026-06-25 04:28:37,31.89,67.75,1004.00,152.17,946,1.375,66800,27.0,39.0,47.0,YES,YES,UNKNOWN_ANALYSIS_IAQ152_VOC1.38ppm,25928.9,0,5.0,0.050,50
2026-06-25 04:28:46,31.89,67.75,1004.00,152.17,946,1.375,66800,28.0,39.0,47.0,YES,YES,UNKNOWN_ANALYSIS_IAQ152_VOC1.38ppm,25938.3,0,5.0,0.050,50
2026-06-25 04:28:57,31.89,67.75,1004.00,152.17,946,1.375,66800,28.0,39.0,45.0,YES,YES,UNKNOWN_ANALYSIS_IAQ152_VOC1.38ppm,25948.7,0,5.0,0.050,50
2026-06-25 04:29:07,31.89,67.75,1004.00,152.17,946,1.375,66800,28.0,40.0,47.0,YES,YES,UNKNOWN_ANALYSIS_IAQ152_VOC1.38ppm,25959.1,0,5.0,0.050,50
2026-06-25 04:29:17,31.89,67.75,1004.00,152.17,946,1.375,66800,28.0,41.0,49.0,YES,YES,UNKNOWN_ANALYSIS_IAQ152_VOC1.38ppm,25968.5,0,5.0,0.050,50
2026-06-25 04:29:27,31.89,67.75,1004.00,152.17,946,1.375,66800,28.0,40.0,49.0,YES,YES,UNKNOWN_ANALYSIS_IAQ152_VOC1.38ppm,25979.0,0,5.0,0.050,50
2026-06-25 04:29:36,31.89,67.75,1004.00,152.17,946,1.375,66800,28.0,40.0,49.0,YES,YES,UNKNOWN_ANALYSIS_IAQ152_VOC1.38ppm,25988.4,0,5.0,0.050,50
2026-06-25 04:29:47,31.89,67.75,1004.00,152.17,946,1.375,66800,28.0,40.0,49.0,YES,YES,UNKNOWN_ANALYSIS_IAQ152_VOC1.38ppm,25998.8,0,5.0,0.050,50
2026-06-25 04:29:57,31.89,67.75,1004.00,152.17,946,1.375,66800,28.0,40.0,48.0,YES,YES,UNKNOWN_ANALYSIS_IAQ152_VOC1.38ppm,26009.3,0,5.0,0.050,50
2026-06-25 04:30:07,31.89,67.75,1004.00,152.17,946,1.375,66800,27.0,40.0,48.0,YES,YES,UNKNOWN_ANALYSIS_IAQ152_VOC1.38ppm,26018.7,0,5.0,0.050,50
2026-06-25 04:30:17,31.89,67.75,1004.00,152.17,946,1.375,66800,28.0,40.0,49.0,YES,YES,UNKNOWN_ANALYSIS_IAQ152_VOC1.38ppm,26029.1,0,5.0,0.050,50
2026-06-25 04:30:27,31.89,67.75,1004.00,152.17,946,1.375,66800,28.0,39.0,48.0,YES,YES,UNKNOWN_ANALYSIS_IAQ152_VOC1.38ppm,26038.5,0,5.0,0.050,50
2026-06-25 04:30:37,31.89,67.75,1004.00,152.17,946,1.375,66800,27.0,39.0,48.0,YES,YES,UNKNOWN_ANALYSIS_IAQ152_VOC1.38ppm,26048.9,0,5.0,0.050,50
2026-06-25 04:30:48,31.89,67.75,1004.00,152.17,946,1.375,66800,28.0,40.0,49.0,YES,YES,UNKNOWN_ANALYSIS_IAQ152_VOC1.38ppm,26059.4,0,5.0,0.050,50
2026-06-25 04:30:57,31.89,67.75,1004.00,152.17,946,1.375,66800,28.0,40.0,49.0,YES,YES,UNKNOWN_ANALYSIS_IAQ152_VOC1.38ppm,26068.8,0,5.0,0.050,50
2026-06-25 04:31:07,31.89,67.75,1004.00,152.17,946,1.375,66800,27.0,40.0,48.0,YES,YES,UNKNOWN_ANALYSIS_IAQ152_VOC1.38ppm,26079.2,0,5.0,0.050,50
2026-06-25 04:31:18,31.89,67.75,1004.00,152.17,946,1.375,66800,28.0,40.0,48.0,YES,YES,UNKNOWN_ANALYSIS_IAQ152_VOC1.38ppm,26089.6,0,5.0,0.050,50
2026-06-25 04:31:27,31.89,67.75,1004.00,152.17,946,1.375,66800,28.0,40.0,48.0,YES,YES,UNKNOWN_ANALYSIS_IAQ152_VOC1.38ppm,26099.0,0,5.0,0.050,50
2026-06-25 04:31:38,31.89,67.75,1004.00,152.17,946,1.375,66800,27.0,41.0,48.0,YES,YES,UNKNOWN_ANALYSIS_IAQ152_VOC1.38ppm,26109.5,0,5.0,0.050,50
2026-06-25 04:31:47,31.89,67.75,1004.00,152.17,946,1.375,66800,27.0,41.0,48.0,YES,YES,UNKNOWN_ANALYSIS_IAQ152_VOC1.38ppm,26118.9,0,5.0,0.050,50
2026-06-25 04:31:57,31.89,67.75,1004.00,152.17,946,1.375,66800,28.0,41.0,49.0,YES,YES,UNKNOWN_ANALYSIS_IAQ152_VOC1.38ppm,26129.3,0,5.0,0.050,50
2026-06-25 04:32:08,31.91,67.70,1004.00,143.61,909,1.264,67200,28.0,40.0,48.0,YES,YES,UNKNOWN_ANALYSIS_IAQ144_VOC1.26ppm,26139.8,0,5.0,0.050,50
2026-06-25 04:32:17,31.91,67.70,1004.00,143.61,909,1.264,67200,28.0,39.0,49.0,YES,YES,UNKNOWN_ANALYSIS_IAQ144_VOC1.26ppm,26149.1,0,5.0,0.050,50
2026-06-25 04:32:28,31.91,67.70,1004.00,143.61,909,1.264,67200,28.0,39.0,50.0,YES,YES,UNKNOWN_ANALYSIS_IAQ144_VOC1.26ppm,26159.6,0,5.0,0.050,50
2026-06-25 04:32:37,31.91,67.70,1004.00,143.61,909,1.264,67200,27.0,39.0,50.0,YES,YES,UNKNOWN_ANALYSIS_IAQ144_VOC1.26ppm,26169.0,0,5.0,0.050,50
2026-06-25 04:32:48,31.91,67.70,1004.00,143.61,909,1.264,67200,28.0,39.0,49.0,YES,YES,UNKNOWN_ANALYSIS_IAQ144_VOC1.26ppm,26179.4,0,5.0,0.050,50
2026-06-25 04:32:58,31.91,67.70,1004.00,143.61,909,1.264,67200,28.0,39.0,48.0,YES,YES,UNKNOWN_ANALYSIS_IAQ144_VOC1.26ppm,26189.9,0,5.0,0.050,50
2026-06-25 04:33:07,31.91,67.70,1004.00,143.61,909,1.264,67200,28.0,39.0,48.0,YES,YES,UNKNOWN_ANALYSIS_IAQ144_VOC1.26ppm,26199.3,0,5.0,0.050,50
2026-06-25 04:33:18,31.91,67.70,1004.00,143.61,909,1.264,67200,28.0,39.0,48.0,YES,YES,UNKNOWN_ANALYSIS_IAQ144_VOC1.26ppm,26209.7,0,5.0,0.050,50
2026-06-25 04:33:27,31.91,67.70,1004.00,143.61,909,1.264,67200,29.0,40.0,49.0,YES,YES,UNKNOWN_ANALYSIS_IAQ144_VOC1.26ppm,26219.1,0,5.0,0.050,50
2026-06-25 04:33:38,31.91,67.70,1004.00,143.61,909,1.264,67200,28.0,39.0,48.0,YES,YES,UNKNOWN_ANALYSIS_IAQ144_VOC1.26ppm,26229.5,0,5.0,0.050,50
2026-06-25 04:33:48,31.91,67.70,1004.00,143.61,909,1.264,67200,28.0,41.0,50.0,YES,YES,UNKNOWN_ANALYSIS_IAQ144_VOC1.26ppm,26240.0,0,5.0,0.050,50
2026-06-25 04:33:58,31.91,67.70,1004.00,143.61,909,1.264,67200,27.0,39.0,47.0,YES,YES,UNKNOWN_ANALYSIS_IAQ144_VOC1.26ppm,26249.4,0,5.0,0.050,50
2026-06-25 04:34:08,31.91,67.70,1004.00,143.61,909,1.264,67200,27.0,38.0,46.0,YES,YES,UNKNOWN_ANALYSIS_IAQ144_VOC1.26ppm,26259.8,0,5.0,0.050,50
2026-06-25 04:34:18,31.91,67.70,1004.00,143.61,909,1.264,67200,28.0,39.0,46.0,YES,YES,UNKNOWN_ANALYSIS_IAQ144_VOC1.26ppm,26270.2,0,5.0,0.050,50
2026-06-25 04:34:28,31.91,67.70,1004.00,143.61,909,1.264,67200,29.0,40.0,47.0,YES,YES,UNKNOWN_ANALYSIS_IAQ144_VOC1.26ppm,26279.6,0,5.0,0.050,50
2026-06-25 04:34:38,31.91,67.70,1004.00,143.61,909,1.264,67200,29.0,40.0,47.0,YES,YES,UNKNOWN_ANALYSIS_IAQ144_VOC1.26ppm,26290.1,0,5.0,0.050,50
2026-06-25 04:34:48,31.91,67.70,1004.00,143.61,909,1.264,67200,29.0,41.0,49.0,YES,YES,UNKNOWN_ANALYSIS_IAQ144_VOC1.26ppm,26299.5,0,5.0,0.050,50
2026-06-25 04:34:58,31.91,67.70,1004.00,143.61,909,1.264,67200,27.0,39.0,48.0,YES,YES,UNKNOWN_ANALYSIS_IAQ144_VOC1.26ppm,26309.9,0,5.0,0.050,50
2026-06-25 04:35:08,31.91,67.70,1004.00,143.61,909,1.264,67200,27.0,40.0,48.0,YES,YES,UNKNOWN_ANALYSIS_IAQ144_VOC1.26ppm,26320.3,0,5.0,0.050,50
2026-06-25 04:35:18,31.91,67.70,1004.00,143.61,909,1.264,67200,28.0,41.0,48.0,YES,YES,UNKNOWN_ANALYSIS_IAQ144_VOC1.26ppm,26329.7,0,5.0,0.050,50
2026-06-25 04:35:28,31.91,67.70,1004.00,143.61,909,1.264,67200,28.0,41.0,49.0,YES,YES,UNKNOWN_ANALYSIS_IAQ144_VOC1.26ppm,26340.2,0,5.0,0.050,50
2026-06-25 04:35:38,31.91,67.70,1004.00,143.61,909,1.264,67200,27.0,39.0,47.0,YES,YES,UNKNOWN_ANALYSIS_IAQ144_VOC1.26ppm,26349.6,0,5.0,0.050,50
2026-06-25 04:35:48,31.91,67.70,1004.00,143.61,909,1.264,67200,28.0,39.0,49.0,YES,YES,UNKNOWN_ANALYSIS_IAQ144_VOC1.26ppm,26360.0,0,5.0,0.050,50
2026-06-25 04:35:59,31.91,67.70,1004.00,143.61,909,1.264,67200,28.0,40.0,49.0,YES,YES,UNKNOWN_ANALYSIS_IAQ144_VOC1.26ppm,26370.5,0,5.0,0.050,50
2026-06-25 04:36:08,31.91,67.70,1004.00,143.61,909,1.264,67200,28.0,39.0,49.0,YES,YES,UNKNOWN_ANALYSIS_IAQ144_VOC1.26ppm,26379.8,0,5.0,0.050,50
2026-06-25 04:36:18,31.91,67.70,1004.00,143.61,909,1.264,67200,28.0,40.0,48.0,YES,YES,UNKNOWN_ANALYSIS_IAQ144_VOC1.26ppm,26390.3,0,5.0,0.050,50
2026-06-25 04:36:29,31.91,67.70,1004.00,143.61,909,1.264,67200,28.0,40.0,48.0,YES,YES,UNKNOWN_ANALYSIS_IAQ144_VOC1.26ppm,26400.7,0,5.0,0.050,50
2026-06-25 04:36:38,31.91,67.70,1004.00,143.61,909,1.264,67200,27.0,39.0,47.0,YES,YES,UNKNOWN_ANALYSIS_IAQ144_VOC1.26ppm,26410.1,0,5.0,0.050,50
2026-06-25 04:36:49,31.91,67.70,1004.00,143.61,909,1.264,67200,27.0,39.0,48.0,YES,YES,UNKNOWN_ANALYSIS_IAQ144_VOC1.26ppm,26420.6,0,5.0,0.050,50
2026-06-25 04:36:58,31.91,67.70,1004.00,143.61,909,1.264,67200,28.0,41.0,49.0,YES,YES,UNKNOWN_ANALYSIS_IAQ144_VOC1.26ppm,26430.0,0,5.0,0.050,50
2026-06-25 04:37:09,31.90,67.74,1004.00,149.25,934,1.336,66900,27.0,40.0,47.0,YES,YES,UNKNOWN_ANALYSIS_IAQ149_VOC1.34ppm,26440.4,0,5.0,0.050,50
2026-06-25 04:37:19,31.90,67.74,1004.00,149.25,934,1.336,66900,28.0,41.0,48.0,YES,YES,UNKNOWN_ANALYSIS_IAQ149_VOC1.34ppm,26450.8,0,5.0,0.050,50
2026-06-25 04:37:28,31.90,67.74,1004.00,149.25,934,1.336,66900,27.0,40.0,47.0,YES,YES,UNKNOWN_ANALYSIS_IAQ149_VOC1.34ppm,26460.2,0,5.0,0.050,50
2026-06-25 04:37:39,31.90,67.74,1004.00,149.25,934,1.336,66900,28.0,40.0,47.0,YES,YES,UNKNOWN_ANALYSIS_IAQ149_VOC1.34ppm,26470.7,0,5.0,0.050,50
2026-06-25 04:37:48,31.90,67.74,1004.00,149.25,934,1.336,66900,28.0,39.0,47.0,YES,YES,UNKNOWN_ANALYSIS_IAQ149_VOC1.34ppm,26480.1,0,5.0,0.050,50
2026-06-25 04:37:59,31.90,67.74,1004.00,149.25,934,1.336,66900,28.0,39.0,47.0,YES,YES,UNKNOWN_ANALYSIS_IAQ149_VOC1.34ppm,26490.5,0,5.0,0.050,50
2026-06-25 04:38:09,31.90,67.74,1004.00,149.25,934,1.336,66900,28.0,39.0,46.0,YES,YES,UNKNOWN_ANALYSIS_IAQ149_VOC1.34ppm,26501.0,0,5.0,0.050,50
2026-06-25 04:38:18,31.90,67.74,1004.00,149.25,934,1.336,66900,27.0,38.0,46.0,YES,YES,UNKNOWN_ANALYSIS_IAQ149_VOC1.34ppm,26510.3,0,5.0,0.050,50
2026-06-25 04:38:29,31.90,67.74,1004.00,149.25,934,1.336,66900,27.0,39.0,46.0,YES,YES,UNKNOWN_ANALYSIS_IAQ149_VOC1.34ppm,26520.8,0,5.0,0.050,50
2026-06-25 04:38:38,31.90,67.74,1004.00,149.25,934,1.336,66900,27.0,38.0,46.0,YES,YES,UNKNOWN_ANALYSIS_IAQ149_VOC1.34ppm,26530.2,0,5.0,0.050,50
2026-06-25 04:38:49,31.90,67.74,1004.00,149.25,934,1.336,66900,28.0,40.0,48.0,YES,YES,UNKNOWN_ANALYSIS_IAQ149_VOC1.34ppm,26540.6,0,5.0,0.050,50
2026-06-25 04:38:59,31.90,67.74,1004.00,149.25,934,1.336,66900,28.0,39.0,47.0,YES,YES,UNKNOWN_ANALYSIS_IAQ149_VOC1.34ppm,26551.1,0,5.0,0.050,50
2026-06-25 04:39:09,31.90,67.74,1004.00,149.25,934,1.336,66900,27.0,38.0,46.0,YES,YES,UNKNOWN_ANALYSIS_IAQ149_VOC1.34ppm,26560.5,0,5.0,0.050,50
2026-06-25 04:39:19,31.90,67.74,1004.00,149.25,934,1.336,66900,28.0,39.0,47.0,YES,YES,UNKNOWN_ANALYSIS_IAQ149_VOC1.34ppm,26570.9,0,5.0,0.050,50
2026-06-25 04:39:29,31.90,67.74,1004.00,149.25,934,1.336,66900,28.0,39.0,45.0,YES,YES,UNKNOWN_ANALYSIS_IAQ149_VOC1.34ppm,26581.3,0,5.0,0.050,50
2026-06-25 04:39:39,31.90,67.74,1004.00,149.25,934,1.336,66900,28.0,39.0,46.0,YES,YES,UNKNOWN_ANALYSIS_IAQ149_VOC1.34ppm,26590.7,0,5.0,0.050,50
2026-06-25 04:39:49,31.90,67.74,1004.00,149.25,934,1.336,66900,27.0,38.0,46.0,YES,YES,UNKNOWN_ANALYSIS_IAQ149_VOC1.34ppm,26601.2,0,5.0,0.050,50
2026-06-25 04:39:59,31.90,67.74,1004.00,149.25,934,1.336,66900,28.0,39.0,47.0,YES,YES,UNKNOWN_ANALYSIS_IAQ149_VOC1.34ppm,26610.6,0,5.0,0.050,50
2026-06-25 04:40:09,31.90,67.74,1004.00,149.25,934,1.336,66900,28.0,39.0,47.0,YES,YES,UNKNOWN_ANALYSIS_IAQ149_VOC1.34ppm,26621.0,0,5.0,0.050,50
2026-06-25 04:40:20,31.90,67.74,1004.00,149.25,934,1.336,66900,27.0,38.0,46.0,YES,YES,UNKNOWN_ANALYSIS_IAQ149_VOC1.34ppm,26631.4,0,5.0,0.050,50
2026-06-25 04:40:29,31.90,67.74,1004.00,149.25,934,1.336,66900,28.0,39.0,47.0,YES,YES,UNKNOWN_ANALYSIS_IAQ149_VOC1.34ppm,26640.8,0,5.0,0.050,50
2026-06-25 04:40:39,31.90,67.74,1004.00,149.25,934,1.336,66900,27.0,38.0,46.0,YES,YES,UNKNOWN_ANALYSIS_IAQ149_VOC1.34ppm,26651.3,0,5.0,0.050,50
2026-06-25 04:40:49,31.90,67.74,1004.00,149.25,934,1.336,66900,28.0,40.0,49.0,YES,YES,UNKNOWN_ANALYSIS_IAQ149_VOC1.34ppm,26660.7,0,5.0,0.050,50
2026-06-25 04:40:59,31.90,67.74,1004.00,149.25,934,1.336,66900,29.0,41.0,50.0,YES,YES,UNKNOWN_ANALYSIS_IAQ149_VOC1.34ppm,26671.1,0,5.0,0.050,50
2026-06-25 04:41:10,31.90,67.74,1004.00,149.25,934,1.336,66900,28.0,39.0,48.0,YES,YES,UNKNOWN_ANALYSIS_IAQ149_VOC1.34ppm,26681.5,0,5.0,0.050,50
2026-06-25 04:41:19,31.90,67.74,1004.00,149.25,934,1.336,66900,27.0,39.0,48.0,YES,YES,UNKNOWN_ANALYSIS_IAQ149_VOC1.34ppm,26690.9,0,5.0,0.050,50
2026-06-25 04:41:30,31.90,67.74,1004.00,149.25,934,1.336,66900,28.0,40.0,48.0,YES,YES,UNKNOWN_ANALYSIS_IAQ149_VOC1.34ppm,26701.4,0,5.0,0.050,50
PMS7003: Unknown error
2026-06-25 04:41:39,31.90,67.74,1004.00,149.25,934,1.336,66900,28.0,40.0,48.0,YES,YES,UNKNOWN_ANALYSIS_IAQ149_VOC1.34ppm,26710.8,0,5.0,0.050,50
2026-06-25 04:41:49,31.90,67.74,1004.00,149.25,934,1.336,66900,28.0,41.0,47.0,YES,YES,UNKNOWN_ANALYSIS_IAQ149_VOC1.34ppm,26721.2,0,5.0,0.050,50
2026-06-25 04:42:00,31.90,67.74,1004.00,149.25,934,1.336,66900,28.0,40.0,47.0,YES,YES,UNKNOWN_ANALYSIS_IAQ149_VOC1.34ppm,26731.7,0,5.0,0.050,50
2026-06-25 04:42:09,31.87,67.77,1004.00,161.75,988,1.512,66300,28.0,40.0,49.0,YES,YES,UNKNOWN_ANALYSIS_IAQ162_VOC1.51ppm,26741.1,0,5.0,0.050,50
2026-06-25 04:42:20,31.87,67.77,1004.00,161.75,988,1.512,66300,28.0,41.0,49.0,YES,YES,UNKNOWN_ANALYSIS_IAQ162_VOC1.51ppm,26751.5,0,5.0,0.050,50
2026-06-25 04:42:30,31.87,67.77,1004.00,161.75,988,1.512,66300,28.0,41.0,49.0,YES,YES,UNKNOWN_ANALYSIS_IAQ162_VOC1.51ppm,26761.9,0,5.0,0.050,50
2026-06-25 04:42:39,31.87,67.77,1004.00,161.75,988,1.512,66300,27.0,40.0,49.0,YES,YES,UNKNOWN_ANALYSIS_IAQ162_VOC1.51ppm,26771.3,0,5.0,0.050,50
2026-06-25 04:42:50,31.87,67.77,1004.00,161.75,988,1.512,66300,29.0,40.0,49.0,YES,YES,UNKNOWN_ANALYSIS_IAQ162_VOC1.51ppm,26781.8,0,5.0,0.050,50
2026-06-25 04:42:59,31.87,67.77,1004.00,161.75,988,1.512,66300,27.0,39.0,47.0,YES,YES,UNKNOWN_ANALYSIS_IAQ162_VOC1.51ppm,26791.2,0,5.0,0.050,50
2026-06-25 04:43:10,31.87,67.77,1004.00,161.75,988,1.512,66300,28.0,40.0,48.0,YES,YES,UNKNOWN_ANALYSIS_IAQ162_VOC1.51ppm,26801.6,0,5.0,0.050,50
2026-06-25 04:43:20,31.87,67.77,1004.00,161.75,988,1.512,66300,28.0,40.0,49.0,YES,YES,UNKNOWN_ANALYSIS_IAQ162_VOC1.51ppm,26812.0,0,5.0,0.050,50
2026-06-25 04:43:30,31.87,67.77,1004.00,161.75,988,1.512,66300,28.0,40.0,48.0,YES,YES,UNKNOWN_ANALYSIS_IAQ162_VOC1.51ppm,26821.4,0,5.0,0.050,50
2026-06-25 04:43:40,31.87,67.77,1004.00,161.75,988,1.512,66300,27.0,39.0,46.0,YES,YES,UNKNOWN_ANALYSIS_IAQ162_VOC1.51ppm,26831.9,0,5.0,0.050,50
2026-06-25 04:43:49,31.87,67.77,1004.00,161.75,988,1.512,66300,28.0,40.0,47.0,YES,YES,UNKNOWN_ANALYSIS_IAQ162_VOC1.51ppm,26841.3,0,5.0,0.050,50
2026-06-25 04:44:00,31.87,67.77,1004.00,161.75,988,1.512,66300,28.0,40.0,48.0,YES,YES,UNKNOWN_ANALYSIS_IAQ162_VOC1.51ppm,26851.7,0,5.0,0.050,50
2026-06-25 04:44:10,31.87,67.77,1004.00,161.75,988,1.512,66300,28.0,40.0,48.0,YES,YES,UNKNOWN_ANALYSIS_IAQ162_VOC1.51ppm,26862.1,0,5.0,0.050,50
2026-06-25 04:44:20,31.87,67.77,1004.00,161.75,988,1.512,66300,28.0,39.0,48.0,YES,YES,UNKNOWN_ANALYSIS_IAQ162_VOC1.51ppm,26871.5,0,5.0,0.050,50
2026-06-25 04:44:30,31.87,67.77,1004.00,161.75,988,1.512,66300,27.0,39.0,47.0,YES,YES,UNKNOWN_ANALYSIS_IAQ162_VOC1.51ppm,26882.0,0,5.0,0.050,50
2026-06-25 04:44:40,31.87,67.77,1004.00,161.75,988,1.512,66300,27.0,39.0,47.0,YES,YES,UNKNOWN_ANALYSIS_IAQ162_VOC1.51ppm,26891.4,0,5.0,0.050,50
2026-06-25 04:44:50,31.87,67.77,1004.00,161.75,988,1.512,66300,27.0,40.0,47.0,YES,YES,UNKNOWN_ANALYSIS_IAQ162_VOC1.51ppm,26901.8,0,5.0,0.050,50
2026-06-25 04:45:00,31.87,67.77,1004.00,161.75,988,1.512,66300,27.0,39.0,46.0,YES,YES,UNKNOWN_ANALYSIS_IAQ162_VOC1.51ppm,26912.3,0,5.0,0.050,50
2026-06-25 04:45:10,31.87,67.77,1004.00,161.75,988,1.512,66300,27.0,39.0,47.0,YES,YES,UNKNOWN_ANALYSIS_IAQ162_VOC1.51ppm,26921.7,0,5.0,0.050,50
2026-06-25 04:45:20,31.87,67.77,1004.00,161.75,988,1.512,66300,28.0,40.0,48.0,YES,YES,UNKNOWN_ANALYSIS_IAQ162_VOC1.51ppm,26932.1,0,5.0,0.050,50
2026-06-25 04:45:30,31.87,67.77,1004.00,161.75,988,1.512,66300,29.0,40.0,49.0,YES,YES,UNKNOWN_ANALYSIS_IAQ162_VOC1.51ppm,26941.5,0,5.0,0.050,50
2026-06-25 04:45:40,31.87,67.77,1004.00,161.75,988,1.512,66300,28.0,40.0,48.0,YES,YES,UNKNOWN_ANALYSIS_IAQ162_VOC1.51ppm,26951.9,0,5.0,0.050,50
2026-06-25 04:45:51,31.87,67.77,1004.00,161.75,988,1.512,66300,28.0,40.0,48.0,YES,YES,UNKNOWN_ANALYSIS_IAQ162_VOC1.51ppm,26962.4,0,5.0,0.050,50
2026-06-25 04:46:00,31.87,67.77,1004.00,161.75,988,1.512,66300,28.0,39.0,47.0,YES,YES,UNKNOWN_ANALYSIS_IAQ162_VOC1.51ppm,26971.8,0,5.0,0.050,50
2026-06-25 04:46:10,31.87,67.77,1004.00,161.75,988,1.512,66300,29.0,40.0,49.0,YES,YES,UNKNOWN_ANALYSIS_IAQ162_VOC1.51ppm,26982.2,0,5.0,0.050,50
2026-06-25 04:46:20,31.87,67.77,1004.00,161.75,988,1.512,66300,28.0,40.0,48.0,YES,YES,UNKNOWN_ANALYSIS_IAQ162_VOC1.51ppm,26991.6,0,5.0,0.050,50
2026-06-25 04:46:30,31.87,67.77,1004.00,161.75,988,1.512,66300,28.0,41.0,49.0,YES,YES,UNKNOWN_ANALYSIS_IAQ162_VOC1.51ppm,27002.0,0,5.0,0.050,50
2026-06-25 04:46:41,31.87,67.77,1004.00,161.75,988,1.512,66300,27.0,40.0,48.0,YES,YES,UNKNOWN_ANALYSIS_IAQ162_VOC1.51ppm,27012.5,0,5.0,0.050,50
2026-06-25 04:46:50,31.87,67.77,1004.00,161.75,988,1.512,66300,29.0,41.0,49.0,YES,YES,UNKNOWN_ANALYSIS_IAQ162_VOC1.51ppm,27021.9,0,5.0,0.050,50
2026-06-25 04:47:00,31.87,67.77,1004.00,161.75,988,1.512,66300,29.0,41.0,49.0,YES,YES,UNKNOWN_ANALYSIS_IAQ162_VOC1.51ppm,27032.3,0,5.0,0.050,50
2026-06-25 04:47:11,31.88,67.85,1004.00,182.65,1079,1.860,65200,27.0,40.0,47.0,YES,YES,UNKNOWN_ANALYSIS_IAQ183_VOC1.86ppm,27042.7,0,5.0,0.050,50
2026-06-25 04:47:20,31.88,67.85,1004.00,182.65,1079,1.860,65200,27.0,39.0,47.0,YES,YES,UNKNOWN_ANALYSIS_IAQ183_VOC1.86ppm,27052.2,0,5.0,0.050,50
2026-06-25 04:47:31,31.88,67.85,1004.00,182.65,1079,1.860,65200,28.0,40.0,48.0,YES,YES,UNKNOWN_ANALYSIS_IAQ183_VOC1.86ppm,27062.6,0,5.0,0.050,50
2026-06-25 04:47:40,31.88,67.85,1004.00,182.65,1079,1.860,65200,28.0,40.0,47.0,YES,YES,UNKNOWN_ANALYSIS_IAQ183_VOC1.86ppm,27072.0,0,5.0,0.050,50
2026-06-25 04:47:51,31.88,67.85,1004.00,182.65,1079,1.860,65200,29.0,39.0,47.0,YES,YES,UNKNOWN_ANALYSIS_IAQ183_VOC1.86ppm,27082.4,0,5.0,0.050,50
2026-06-25 04:48:01,31.88,67.85,1004.00,182.65,1079,1.860,65200,28.0,39.0,47.0,YES,YES,UNKNOWN_ANALYSIS_IAQ183_VOC1.86ppm,27092.9,0,5.0,0.050,50
2026-06-25 04:48:10,31.88,67.85,1004.00,182.65,1079,1.860,65200,28.0,39.0,46.0,YES,YES,UNKNOWN_ANALYSIS_IAQ183_VOC1.86ppm,27102.3,0,5.0,0.050,50
2026-06-25 04:48:21,31.88,67.85,1004.00,182.65,1079,1.860,65200,29.0,41.0,48.0,YES,YES,UNKNOWN_ANALYSIS_IAQ183_VOC1.86ppm,27112.7,0,5.0,0.050,50
2026-06-25 04:48:30,31.88,67.85,1004.00,182.65,1079,1.860,65200,29.0,41.0,49.0,YES,YES,UNKNOWN_ANALYSIS_IAQ183_VOC1.86ppm,27122.1,0,5.0,0.050,50
2026-06-25 04:48:41,31.88,67.85,1004.00,182.65,1079,1.860,65200,28.0,41.0,48.0,YES,YES,UNKNOWN_ANALYSIS_IAQ183_VOC1.86ppm,27132.5,0,5.0,0.050,50
2026-06-25 04:48:51,31.88,67.85,1004.00,182.65,1079,1.860,65200,28.0,41.0,49.0,YES,YES,UNKNOWN_ANALYSIS_IAQ183_VOC1.86ppm,27143.0,0,5.0,0.050,50
2026-06-25 04:49:00,31.88,67.85,1004.00,182.65,1079,1.860,65200,27.0,39.0,47.0,YES,YES,UNKNOWN_ANALYSIS_IAQ183_VOC1.86ppm,27152.4,0,5.0,0.050,50
2026-06-25 04:49:11,31.88,67.85,1004.00,182.65,1079,1.860,65200,28.0,40.0,47.0,YES,YES,UNKNOWN_ANALYSIS_IAQ183_VOC1.86ppm,27162.8,0,5.0,0.050,50
2026-06-25 04:49:20,31.88,67.85,1004.00,182.65,1079,1.860,65200,28.0,40.0,47.0,YES,YES,UNKNOWN_ANALYSIS_IAQ183_VOC1.86ppm,27172.2,0,5.0,0.050,50
2026-06-25 04:49:31,31.88,67.85,1004.00,182.65,1079,1.860,65200,28.0,40.0,48.0,YES,YES,UNKNOWN_ANALYSIS_IAQ183_VOC1.86ppm,27182.6,0,5.0,0.050,50
2026-06-25 04:49:41,31.88,67.85,1004.00,182.65,1079,1.860,65200,29.0,41.0,49.0,YES,YES,UNKNOWN_ANALYSIS_IAQ183_VOC1.86ppm,27193.1,0,5.0,0.050,50
2026-06-25 04:49:51,31.88,67.85,1004.00,182.65,1079,1.860,65200,28.0,39.0,47.0,YES,YES,UNKNOWN_ANALYSIS_IAQ183_VOC1.86ppm,27202.5,0,5.0,0.050,50
2026-06-25 04:50:01,31.88,67.85,1004.00,182.65,1079,1.860,65200,29.0,41.0,49.0,YES,YES,UNKNOWN_ANALYSIS_IAQ183_VOC1.86ppm,27212.9,0,5.0,0.050,50
2026-06-25 04:50:11,31.88,67.85,1004.00,182.65,1079,1.860,65200,28.0,39.0,48.0,YES,YES,UNKNOWN_ANALYSIS_IAQ183_VOC1.86ppm,27223.4,0,5.0,0.050,50
2026-06-25 04:50:21,31.88,67.85,1004.00,182.65,1079,1.860,65200,28.0,40.0,48.0,YES,YES,UNKNOWN_ANALYSIS_IAQ183_VOC1.86ppm,27232.8,0,5.0,0.050,50
2026-06-25 04:50:31,31.88,67.85,1004.00,182.65,1079,1.860,65200,28.0,39.0,46.0,YES,YES,UNKNOWN_ANALYSIS_IAQ183_VOC1.86ppm,27243.2,0,5.0,0.050,50
2026-06-25 04:50:41,31.88,67.85,1004.00,182.65,1079,1.860,65200,29.0,40.0,48.0,YES,YES,UNKNOWN_ANALYSIS_IAQ183_VOC1.86ppm,27252.6,0,5.0,0.050,50
2026-06-25 04:50:51,31.88,67.85,1004.00,182.65,1079,1.860,65200,28.0,39.0,48.0,YES,YES,UNKNOWN_ANALYSIS_IAQ183_VOC1.86ppm,27263.0,0,5.0,0.050,50
2026-06-25 04:51:02,31.88,67.85,1004.00,182.65,1079,1.860,65200,28.0,39.0,48.0,YES,YES,UNKNOWN_ANALYSIS_IAQ183_VOC1.86ppm,27273.5,0,5.0,0.050,50
2026-06-25 04:51:11,31.88,67.85,1004.00,182.65,1079,1.860,65200,28.0,40.0,48.0,YES,YES,UNKNOWN_ANALYSIS_IAQ183_VOC1.86ppm,27282.9,0,5.0,0.050,50
2026-06-25 04:51:21,31.88,67.85,1004.00,182.65,1079,1.860,65200,28.0,40.0,47.0,YES,YES,UNKNOWN_ANALYSIS_IAQ183_VOC1.86ppm,27293.3,0,5.0,0.050,50
2026-06-25 04:51:31,31.88,67.85,1004.00,182.65,1079,1.860,65200,29.0,41.0,49.0,YES,YES,UNKNOWN_ANALYSIS_IAQ183_VOC1.86ppm,27302.7,0,5.0,0.050,50
2026-06-25 04:51:41,31.88,67.85,1004.00,182.65,1079,1.860,65200,28.0,41.0,49.0,YES,YES,UNKNOWN_ANALYSIS_IAQ183_VOC1.86ppm,27313.2,0,5.0,0.050,50
2026-06-25 04:51:52,31.88,67.85,1004.00,182.65,1079,1.860,65200,28.0,41.0,50.0,YES,YES,UNKNOWN_ANALYSIS_IAQ183_VOC1.86ppm,27323.6,0,5.0,0.050,50
2026-06-25 04:52:01,31.88,67.85,1004.00,182.65,1079,1.860,65200,27.0,40.0,50.0,YES,YES,UNKNOWN_ANALYSIS_IAQ183_VOC1.86ppm,27333.0,0,5.0,0.050,50
2026-06-25 04:52:12,31.83,67.94,1004.00,191.35,1117,2.028,64800,28.0,41.0,50.0,YES,YES,UNKNOWN_ANALYSIS_IAQ191_VOC2.03ppm,27343.4,0,5.0,0.050,50
2026-06-25 04:52:21,31.83,67.94,1004.00,191.35,1117,2.028,64800,29.0,41.0,49.0,YES,YES,UNKNOWN_ANALYSIS_IAQ191_VOC2.03ppm,27352.8,0,5.0,0.050,50
2026-06-25 04:52:31,31.83,67.94,1004.00,191.35,1117,2.028,64800,29.0,42.0,49.0,YES,YES,UNKNOWN_ANALYSIS_IAQ191_VOC2.03ppm,27363.3,0,5.0,0.050,50
2026-06-25 04:52:42,31.83,67.94,1004.00,191.35,1117,2.028,64800,29.0,41.0,48.0,YES,YES,UNKNOWN_ANALYSIS_IAQ191_VOC2.03ppm,27373.7,0,5.0,0.050,50
2026-06-25 04:52:51,31.83,67.94,1004.00,191.35,1117,2.028,64800,29.0,41.0,48.0,YES,YES,UNKNOWN_ANALYSIS_IAQ191_VOC2.03ppm,27383.1,0,5.0,0.050,50
2026-06-25 04:53:02,31.83,67.94,1004.00,191.35,1117,2.028,64800,29.0,41.0,47.0,YES,YES,UNKNOWN_ANALYSIS_IAQ191_VOC2.03ppm,27393.6,0,5.0,0.050,50
2026-06-25 04:53:11,31.83,67.94,1004.00,191.35,1117,2.028,64800,28.0,40.0,46.0,YES,YES,UNKNOWN_ANALYSIS_IAQ191_VOC2.03ppm,27403.0,0,5.0,0.050,50
2026-06-25 04:53:22,31.83,67.94,1004.00,191.35,1117,2.028,64800,27.0,40.0,48.0,YES,YES,UNKNOWN_ANALYSIS_IAQ191_VOC2.03ppm,27413.4,0,5.0,0.050,50
2026-06-25 04:53:32,31.83,67.94,1004.00,191.35,1117,2.028,64800,28.0,41.0,47.0,YES,YES,UNKNOWN_ANALYSIS_IAQ191_VOC2.03ppm,27423.9,0,5.0,0.050,50
2026-06-25 04:53:41,31.83,67.94,1004.00,191.35,1117,2.028,64800,28.0,40.0,47.0,YES,YES,UNKNOWN_ANALYSIS_IAQ191_VOC2.03ppm,27433.3,0,5.0,0.050,50
2026-06-25 04:53:52,31.83,67.94,1004.00,191.35,1117,2.028,64800,28.0,41.0,47.0,YES,YES,UNKNOWN_ANALYSIS_IAQ191_VOC2.03ppm,27443.7,0,5.0,0.050,50
2026-06-25 04:54:01,31.83,67.94,1004.00,191.35,1117,2.028,64800,27.0,40.0,47.0,YES,YES,UNKNOWN_ANALYSIS_IAQ191_VOC2.03ppm,27453.1,0,5.0,0.050,50
2026-06-25 04:54:12,31.83,67.94,1004.00,191.35,1117,2.028,64800,28.0,41.0,48.0,YES,YES,UNKNOWN_ANALYSIS_IAQ191_VOC2.03ppm,27463.5,0,5.0,0.050,50
2026-06-25 04:54:22,31.83,67.94,1004.00,191.35,1117,2.028,64800,27.0,40.0,47.0,YES,YES,UNKNOWN_ANALYSIS_IAQ191_VOC2.03ppm,27474.0,0,5.0,0.050,50
2026-06-25 04:54:32,31.83,67.94,1004.00,191.35,1117,2.028,64800,28.0,41.0,49.0,YES,YES,UNKNOWN_ANALYSIS_IAQ191_VOC2.03ppm,27483.4,0,5.0,0.050,50
2026-06-25 04:54:42,31.83,67.94,1004.00,191.35,1117,2.028,64800,27.0,40.0,48.0,YES,YES,UNKNOWN_ANALYSIS_IAQ191_VOC2.03ppm,27493.8,0,5.0,0.050,50
2026-06-25 04:54:52,31.83,67.94,1004.00,191.35,1117,2.028,64800,27.0,39.0,46.0,YES,YES,UNKNOWN_ANALYSIS_IAQ191_VOC2.03ppm,27504.3,0,5.0,0.050,50
2026-06-25 04:55:02,31.83,67.94,1004.00,191.35,1117,2.028,64800,27.0,38.0,46.0,YES,YES,UNKNOWN_ANALYSIS_IAQ191_VOC2.03ppm,27513.7,0,5.0,0.050,50
2026-06-25 04:55:12,31.83,67.94,1004.00,191.35,1117,2.028,64800,28.0,39.0,47.0,YES,YES,UNKNOWN_ANALYSIS_IAQ191_VOC2.03ppm,27524.1,0,5.0,0.050,50
2026-06-25 04:55:22,31.83,67.94,1004.00,191.35,1117,2.028,64800,28.0,40.0,48.0,YES,YES,UNKNOWN_ANALYSIS_IAQ191_VOC2.03ppm,27533.5,0,5.0,0.050,50
2026-06-25 04:55:32,31.83,67.94,1004.00,191.35,1117,2.028,64800,28.0,40.0,49.0,YES,YES,UNKNOWN_ANALYSIS_IAQ191_VOC2.03ppm,27544.0,0,5.0,0.050,50
2026-06-25 04:55:43,31.83,67.94,1004.00,191.35,1117,2.028,64800,28.0,39.0,48.0,YES,YES,UNKNOWN_ANALYSIS_IAQ191_VOC2.03ppm,27554.4,0,5.0,0.050,50
2026-06-25 04:55:52,31.83,67.94,1004.00,191.35,1117,2.028,64800,28.0,39.0,47.0,YES,YES,UNKNOWN_ANALYSIS_IAQ191_VOC2.03ppm,27563.8,0,5.0,0.050,50
2026-06-25 04:56:02,31.83,67.94,1004.00,191.35,1117,2.028,64800,27.0,39.0,46.0,YES,YES,UNKNOWN_ANALYSIS_IAQ191_VOC2.03ppm,27574.2,0,5.0,0.050,50
2026-06-25 04:56:12,31.83,67.94,1004.00,191.35,1117,2.028,64800,28.0,40.0,47.0,YES,YES,UNKNOWN_ANALYSIS_IAQ191_VOC2.03ppm,27583.6,0,5.0,0.050,50
2026-06-25 04:56:22,31.83,67.94,1004.00,191.35,1117,2.028,64800,28.0,40.0,48.0,YES,YES,UNKNOWN_ANALYSIS_IAQ191_VOC2.03ppm,27594.1,0,5.0,0.050,50
2026-06-25 04:56:33,31.83,67.94,1004.00,191.35,1117,2.028,64800,27.0,39.0,47.0,YES,YES,UNKNOWN_ANALYSIS_IAQ191_VOC2.03ppm,27604.5,0,5.0,0.050,50
2026-06-25 04:56:42,31.83,67.94,1004.00,191.35,1117,2.028,64800,27.0,39.0,47.0,YES,YES,UNKNOWN_ANALYSIS_IAQ191_VOC2.03ppm,27613.9,0,5.0,0.050,50
2026-06-25 04:56:52,31.83,67.94,1004.00,191.35,1117,2.028,64800,28.0,40.0,48.0,YES,YES,UNKNOWN_ANALYSIS_IAQ191_VOC2.03ppm,27624.4,0,5.0,0.050,50
2026-06-25 04:57:02,31.83,67.94,1004.00,191.35,1117,2.028,64800,28.0,40.0,48.0,YES,YES,UNKNOWN_ANALYSIS_IAQ191_VOC2.03ppm,27633.8,0,5.0,0.050,50
2026-06-25 04:57:12,31.86,67.93,1004.00,191.96,1120,2.040,64700,28.0,40.0,48.0,YES,YES,UNKNOWN_ANALYSIS_IAQ192_VOC2.04ppm,27644.2,0,5.0,0.050,50
2026-06-25 04:57:23,31.86,67.93,1004.00,191.96,1120,2.040,64700,30.0,41.0,50.0,YES,YES,UNKNOWN_ANALYSIS_IAQ192_VOC2.04ppm,27654.7,0,5.0,0.050,50
2026-06-25 04:57:32,31.86,67.93,1004.00,191.96,1120,2.040,64700,28.0,40.0,48.0,YES,YES,UNKNOWN_ANALYSIS_IAQ192_VOC2.04ppm,27664.1,0,5.0,0.050,50
2026-06-25 04:57:43,31.86,67.93,1004.00,191.96,1120,2.040,64700,28.0,39.0,47.0,YES,YES,UNKNOWN_ANALYSIS_IAQ192_VOC2.04ppm,27674.5,0,5.0,0.050,50
2026-06-25 04:57:53,31.86,67.93,1004.00,191.96,1120,2.040,64700,28.0,39.0,46.0,YES,YES,UNKNOWN_ANALYSIS_IAQ192_VOC2.04ppm,27684.9,0,5.0,0.050,50
2026-06-25 04:58:02,31.86,67.93,1004.00,191.96,1120,2.040,64700,28.0,39.0,48.0,YES,YES,UNKNOWN_ANALYSIS_IAQ192_VOC2.04ppm,27694.3,0,5.0,0.050,50
2026-06-25 04:58:13,31.86,67.93,1004.00,191.96,1120,2.040,64700,28.0,40.0,48.0,YES,YES,UNKNOWN_ANALYSIS_IAQ192_VOC2.04ppm,27704.8,0,5.0,0.050,50
2026-06-25 04:58:22,31.86,67.93,1004.00,191.96,1120,2.040,64700,28.0,39.0,46.0,YES,YES,UNKNOWN_ANALYSIS_IAQ192_VOC2.04ppm,27714.2,0,5.0,0.050,50
2026-06-25 04:58:33,31.86,67.93,1004.00,191.96,1120,2.040,64700,28.0,39.0,46.0,YES,YES,UNKNOWN_ANALYSIS_IAQ192_VOC2.04ppm,27724.6,0,5.0,0.050,50
2026-06-25 04:58:43,31.86,67.93,1004.00,191.96,1120,2.040,64700,28.0,40.0,47.0,YES,YES,UNKNOWN_ANALYSIS_IAQ192_VOC2.04ppm,27735.1,0,5.0,0.050,50
2026-06-25 04:58:53,31.86,67.93,1004.00,191.96,1120,2.040,64700,27.0,40.0,47.0,YES,YES,UNKNOWN_ANALYSIS_IAQ192_VOC2.04ppm,27744.5,0,5.0,0.050,50
2026-06-25 04:59:03,31.86,67.93,1004.00,191.96,1120,2.040,64700,27.0,39.0,47.0,YES,YES,UNKNOWN_ANALYSIS_IAQ192_VOC2.04ppm,27754.9,0,5.0,0.050,50
2026-06-25 04:59:12,31.86,67.93,1004.00,191.96,1120,2.040,64700,28.0,41.0,48.0,YES,YES,UNKNOWN_ANALYSIS_IAQ192_VOC2.04ppm,27764.3,0,5.0,0.050,50
2026-06-25 04:59:23,31.86,67.93,1004.00,191.96,1120,2.040,64700,27.0,38.0,46.0,YES,YES,UNKNOWN_ANALYSIS_IAQ192_VOC2.04ppm,27774.8,0,5.0,0.050,50
2026-06-25 04:59:33,31.86,67.93,1004.00,191.96,1120,2.040,64700,27.0,38.0,44.0,YES,YES,UNKNOWN_ANALYSIS_IAQ192_VOC2.04ppm,27785.2,0,5.0,0.050,50
2026-06-25 04:59:43,31.86,67.93,1004.00,191.96,1120,2.040,64700,28.0,40.0,47.0,YES,YES,UNKNOWN_ANALYSIS_IAQ192_VOC2.04ppm,27794.6,0,5.0,0.050,50
2026-06-25 04:59:53,31.86,67.93,1004.00,191.96,1120,2.040,64700,27.0,40.0,47.0,YES,YES,UNKNOWN_ANALYSIS_IAQ192_VOC2.04ppm,27805.0,0,5.0,0.050,50
2026-06-25 05:00:03,31.86,67.93,1004.00,191.96,1120,2.040,64700,28.0,41.0,48.0,YES,YES,UNKNOWN_ANALYSIS_IAQ192_VOC2.04ppm,27814.4,0,5.0,0.050,50
2026-06-25 05:00:13,31.86,67.93,1004.00,191.96,1120,2.040,64700,28.0,41.0,47.0,YES,YES,UNKNOWN_ANALYSIS_IAQ192_VOC2.04ppm,27824.9,0,5.0,0.050,50
2026-06-25 05:00:23,31.86,67.93,1004.00,191.96,1120,2.040,64700,28.0,40.0,47.0,YES,YES,UNKNOWN_ANALYSIS_IAQ192_VOC2.04ppm,27835.3,0,5.0,0.050,50
2026-06-25 05:00:33,31.86,67.93,1004.00,191.96,1120,2.040,64700,28.0,40.0,47.0,YES,YES,UNKNOWN_ANALYSIS_IAQ192_VOC2.04ppm,27844.7,0,5.0,0.050,50
2026-06-25 05:00:43,31.86,67.93,1004.00,191.96,1120,2.040,64700,28.0,39.0,47.0,YES,YES,UNKNOWN_ANALYSIS_IAQ192_VOC2.04ppm,27855.1,0,5.0,0.050,50
2026-06-25 05:00:54,31.86,67.93,1004.00,191.96,1120,2.040,64700,28.0,40.0,48.0,YES,YES,UNKNOWN_ANALYSIS_IAQ192_VOC2.04ppm,27865.6,0,5.0,0.050,50
2026-06-25 05:01:03,31.86,67.93,1004.00,191.96,1120,2.040,64700,28.0,40.0,47.0,YES,YES,UNKNOWN_ANALYSIS_IAQ192_VOC2.04ppm,27875.0,0,5.0,0.050,50
2026-06-25 05:01:14,31.86,67.93,1004.00,191.96,1120,2.040,64700,29.0,41.0,49.0,YES,YES,UNKNOWN_ANALYSIS_IAQ192_VOC2.04ppm,27885.4,0,5.0,0.050,50
2026-06-25 05:01:23,31.86,67.93,1004.00,191.96,1120,2.040,64700,28.0,41.0,50.0,YES,YES,UNKNOWN_ANALYSIS_IAQ192_VOC2.04ppm,27894.8,0,5.0,0.050,50
2026-06-25 05:01:33,31.86,67.93,1004.00,191.96,1120,2.040,64700,27.0,39.0,48.0,YES,YES,UNKNOWN_ANALYSIS_IAQ192_VOC2.04ppm,27905.3,0,5.0,0.050,50
2026-06-25 05:01:44,31.86,67.93,1004.00,191.96,1120,2.040,64700,28.0,39.0,47.0,YES,YES,UNKNOWN_ANALYSIS_IAQ192_VOC2.04ppm,27915.7,0,5.0,0.050,50
2026-06-25 05:01:53,31.86,67.93,1004.00,191.96,1120,2.040,64700,27.0,39.0,46.0,YES,YES,UNKNOWN_ANALYSIS_IAQ192_VOC2.04ppm,27925.1,0,5.0,0.050,50
2026-06-25 05:02:04,31.86,67.93,1004.00,191.96,1120,2.040,64700,27.0,39.0,46.0,YES,YES,UNKNOWN_ANALYSIS_IAQ192_VOC2.04ppm,27935.5,0,5.0,0.050,50
2026-06-25 05:02:13,31.84,67.96,1004.00,200.00,1156,2.214,64300,27.0,39.0,46.0,YES,YES,UNKNOWN_ANALYSIS_IAQ200_VOC2.21ppm,27944.9,0,5.0,0.050,50
2026-06-25 05:02:23,31.84,67.96,1004.00,200.00,1156,2.214,64300,28.0,40.0,46.0,YES,YES,UNKNOWN_ANALYSIS_IAQ200_VOC2.21ppm,27955.4,0,5.0,0.050,50
2026-06-25 05:02:34,31.84,67.96,1004.00,200.00,1156,2.214,64300,28.0,40.0,47.0,YES,YES,UNKNOWN_ANALYSIS_IAQ200_VOC2.21ppm,27965.8,0,5.0,0.050,50
2026-06-25 05:02:43,31.84,67.96,1004.00,200.00,1156,2.214,64300,27.0,39.0,47.0,YES,YES,UNKNOWN_ANALYSIS_IAQ200_VOC2.21ppm,27975.2,0,5.0,0.050,50
2026-06-25 05:02:54,31.84,67.96,1004.00,200.00,1156,2.214,64300,28.0,40.0,47.0,YES,YES,UNKNOWN_ANALYSIS_IAQ200_VOC2.21ppm,27985.6,0,5.0,0.050,50
2026-06-25 05:03:03,31.84,67.96,1004.00,200.00,1156,2.214,64300,28.0,40.0,48.0,YES,YES,UNKNOWN_ANALYSIS_IAQ200_VOC2.21ppm,27995.1,0,5.0,0.050,50
2026-06-25 05:03:14,31.84,67.96,1004.00,200.00,1156,2.214,64300,28.0,40.0,49.0,YES,YES,UNKNOWN_ANALYSIS_IAQ200_VOC2.21ppm,28005.5,0,5.0,0.050,50
2026-06-25 05:03:24,31.84,67.96,1004.00,200.00,1156,2.214,64300,28.0,41.0,49.0,YES,YES,UNKNOWN_ANALYSIS_IAQ200_VOC2.21ppm,28015.9,0,5.0,0.050,50
2026-06-25 05:03:33,31.84,67.96,1004.00,200.00,1156,2.214,64300,27.0,39.0,46.0,YES,YES,UNKNOWN_ANALYSIS_IAQ200_VOC2.21ppm,28025.3,0,5.0,0.050,50
2026-06-25 05:03:44,31.84,67.96,1004.00,200.00,1156,2.214,64300,27.0,39.0,46.0,YES,YES,UNKNOWN_ANALYSIS_IAQ200_VOC2.21ppm,28035.8,0,5.0,0.050,50
2026-06-25 05:03:53,31.84,67.96,1004.00,200.00,1156,2.214,64300,28.0,40.0,47.0,YES,YES,UNKNOWN_ANALYSIS_IAQ200_VOC2.21ppm,28045.2,0,5.0,0.050,50
2026-06-25 05:04:04,31.84,67.96,1004.00,200.00,1156,2.214,64300,29.0,41.0,49.0,YES,YES,UNKNOWN_ANALYSIS_IAQ200_VOC2.21ppm,28055.6,0,5.0,0.050,50
2026-06-25 05:04:14,31.84,67.96,1004.00,200.00,1156,2.214,64300,29.0,42.0,49.0,YES,YES,UNKNOWN_ANALYSIS_IAQ200_VOC2.21ppm,28066.0,0,5.0,0.050,50
2026-06-25 05:04:24,31.84,67.96,1004.00,200.00,1156,2.214,64300,28.0,41.0,48.0,YES,YES,UNKNOWN_ANALYSIS_IAQ200_VOC2.21ppm,28075.4,0,5.0,0.050,50
2026-06-25 05:04:34,31.84,67.96,1004.00,200.00,1156,2.214,64300,28.0,41.0,49.0,YES,YES,UNKNOWN_ANALYSIS_IAQ200_VOC2.21ppm,28085.9,0,5.0,0.050,50
2026-06-25 05:04:44,31.84,67.96,1004.00,200.00,1156,2.214,64300,28.0,41.0,50.0,YES,YES,UNKNOWN_ANALYSIS_IAQ200_VOC2.21ppm,28096.3,0,5.0,0.050,50
2026-06-25 05:04:54,31.84,67.96,1004.00,200.00,1156,2.214,64300,28.0,42.0,50.0,YES,YES,UNKNOWN_ANALYSIS_IAQ200_VOC2.21ppm,28105.7,0,5.0,0.050,50
2026-06-25 05:05:04,31.84,67.96,1004.00,200.00,1156,2.214,64300,28.0,41.0,50.0,YES,YES,UNKNOWN_ANALYSIS_IAQ200_VOC2.21ppm,28116.2,0,5.0,0.050,50
2026-06-25 05:05:14,31.84,67.96,1004.00,200.00,1156,2.214,64300,29.0,41.0,50.0,YES,YES,UNKNOWN_ANALYSIS_IAQ200_VOC2.21ppm,28125.6,0,5.0,0.050,50
2026-06-25 05:05:24,31.84,67.96,1004.00,200.00,1156,2.214,64300,29.0,40.0,50.0,YES,YES,UNKNOWN_ANALYSIS_IAQ200_VOC2.21ppm,28136.0,0,5.0,0.050,50
2026-06-25 05:05:35,31.84,67.96,1004.00,200.00,1156,2.214,64300,28.0,41.0,50.0,YES,YES,UNKNOWN_ANALYSIS_IAQ200_VOC2.21ppm,28146.5,0,5.0,0.050,50
2026-06-25 05:05:44,31.84,67.96,1004.00,200.00,1156,2.214,64300,27.0,41.0,50.0,YES,YES,UNKNOWN_ANALYSIS_IAQ200_VOC2.21ppm,28155.9,0,5.0,0.050,50
2026-06-25 05:05:54,31.84,67.96,1004.00,200.00,1156,2.214,64300,28.0,40.0,49.0,YES,YES,UNKNOWN_ANALYSIS_IAQ200_VOC2.21ppm,28166.3,0,5.0,0.050,50
2026-06-25 05:06:04,31.84,67.96,1004.00,200.00,1156,2.214,64300,27.0,41.0,49.0,YES,YES,UNKNOWN_ANALYSIS_IAQ200_VOC2.21ppm,28175.7,0,5.0,0.050,50
2026-06-25 05:06:14,31.84,67.96,1004.00,200.00,1156,2.214,64300,28.0,42.0,50.0,YES,YES,UNKNOWN_ANALYSIS_IAQ200_VOC2.21ppm,28186.1,0,5.0,0.050,50
2026-06-25 05:06:25,31.84,67.96,1004.00,200.00,1156,2.214,64300,28.0,41.0,48.0,YES,YES,UNKNOWN_ANALYSIS_IAQ200_VOC2.21ppm,28196.6,0,5.0,0.050,50
2026-06-25 05:06:34,31.84,67.96,1004.00,200.00,1156,2.214,64300,27.0,40.0,48.0,YES,YES,UNKNOWN_ANALYSIS_IAQ200_VOC2.21ppm,28206.0,0,5.0,0.050,50
2026-06-25 05:06:45,31.84,67.96,1004.00,200.00,1156,2.214,64300,28.0,41.0,50.0,YES,YES,UNKNOWN_ANALYSIS_IAQ200_VOC2.21ppm,28216.4,0,5.0,0.050,50
2026-06-25 05:06:54,31.84,67.96,1004.00,200.00,1156,2.214,64300,27.0,40.0,48.0,YES,YES,UNKNOWN_ANALYSIS_IAQ200_VOC2.21ppm,28225.8,0,5.0,0.050,50
2026-06-25 05:07:04,31.79,67.97,1004.00,200.00,1217,2.542,63700,28.0,40.0,48.0,YES,YES,UNKNOWN_ANALYSIS_IAQ200_VOC2.54ppm,28236.3,0,5.0,0.050,50
2026-06-25 05:07:15,31.79,67.97,1004.00,200.00,1217,2.542,63700,28.0,40.0,47.0,YES,YES,UNKNOWN_ANALYSIS_IAQ200_VOC2.54ppm,28246.7,0,5.0,0.050,50
2026-06-25 05:07:24,31.79,67.97,1004.00,200.00,1217,2.542,63700,28.0,40.0,48.0,YES,YES,UNKNOWN_ANALYSIS_IAQ200_VOC2.54ppm,28256.1,0,5.0,0.050,50
2026-06-25 05:07:35,31.79,67.97,1004.00,200.00,1217,2.542,63700,28.0,40.0,47.0,YES,YES,UNKNOWN_ANALYSIS_IAQ200_VOC2.54ppm,28266.5,0,5.0,0.050,50
2026-06-25 05:07:45,31.79,67.97,1004.00,200.00,1217,2.542,63700,28.0,40.0,48.0,YES,YES,UNKNOWN_ANALYSIS_IAQ200_VOC2.54ppm,28277.0,0,5.0,0.050,50
2026-06-25 05:07:55,31.79,67.97,1004.00,200.00,1217,2.542,63700,29.0,41.0,49.0,YES,YES,UNKNOWN_ANALYSIS_IAQ200_VOC2.54ppm,28286.4,0,5.0,0.050,50
2026-06-25 05:08:05,31.79,67.97,1004.00,200.00,1217,2.542,63700,28.0,40.0,49.0,YES,YES,UNKNOWN_ANALYSIS_IAQ200_VOC2.54ppm,28296.8,0,5.0,0.050,50
2026-06-25 05:08:14,31.79,67.97,1004.00,200.00,1217,2.542,63700,29.0,42.0,50.0,YES,YES,UNKNOWN_ANALYSIS_IAQ200_VOC2.54ppm,28306.2,0,5.0,0.050,50
2026-06-25 05:08:25,31.79,67.97,1004.00,200.00,1217,2.542,63700,28.0,41.0,49.0,YES,YES,UNKNOWN_ANALYSIS_IAQ200_VOC2.54ppm,28316.7,0,5.0,0.050,50
2026-06-25 05:08:35,31.79,67.97,1004.00,200.00,1217,2.542,63700,28.0,40.0,49.0,YES,YES,UNKNOWN_ANALYSIS_IAQ200_VOC2.54ppm,28327.1,0,5.0,0.050,50
2026-06-25 05:08:45,31.79,67.97,1004.00,200.00,1217,2.542,63700,27.0,40.0,49.0,YES,YES,UNKNOWN_ANALYSIS_IAQ200_VOC2.54ppm,28336.5,0,5.0,0.050,50
2026-06-25 05:08:55,31.79,67.97,1004.00,200.00,1217,2.542,63700,28.0,41.0,50.0,YES,YES,UNKNOWN_ANALYSIS_IAQ200_VOC2.54ppm,28347.0,0,5.0,0.050,50
2026-06-25 05:09:04,31.79,67.97,1004.00,200.00,1217,2.542,63700,28.0,42.0,50.0,YES,YES,UNKNOWN_ANALYSIS_IAQ200_VOC2.54ppm,28356.4,0,5.0,0.050,50
2026-06-25 05:09:15,31.79,67.97,1004.00,200.00,1217,2.542,63700,29.0,42.0,51.0,YES,YES,UNKNOWN_ANALYSIS_IAQ200_VOC2.54ppm,28366.8,0,5.0,0.050,50
2026-06-25 05:09:25,31.79,67.97,1004.00,200.00,1217,2.542,63700,29.0,43.0,52.0,YES,YES,UNKNOWN_ANALYSIS_IAQ200_VOC2.54ppm,28377.2,0,5.0,0.050,50
2026-06-25 05:09:35,31.79,67.97,1004.00,200.00,1217,2.542,63700,29.0,43.0,50.0,YES,YES,UNKNOWN_ANALYSIS_IAQ200_VOC2.54ppm,28386.6,0,5.0,0.050,50
2026-06-25 05:09:45,31.79,67.97,1004.00,200.00,1217,2.542,63700,29.0,42.0,50.0,YES,YES,UNKNOWN_ANALYSIS_IAQ200_VOC2.54ppm,28397.1,0,5.0,0.050,50
2026-06-25 05:09:55,31.79,67.97,1004.00,200.00,1217,2.542,63700,29.0,42.0,50.0,YES,YES,UNKNOWN_ANALYSIS_IAQ200_VOC2.54ppm,28406.5,0,5.0,0.050,50
2026-06-25 05:10:05,31.79,67.97,1004.00,200.00,1217,2.542,63700,29.0,41.0,48.0,YES,YES,UNKNOWN_ANALYSIS_IAQ200_VOC2.54ppm,28416.9,0,5.0,0.050,50
2026-06-25 05:10:15,31.79,67.97,1004.00,200.00,1217,2.542,63700,28.0,40.0,48.0,YES,YES,UNKNOWN_ANALYSIS_IAQ200_VOC2.54ppm,28427.4,0,5.0,0.050,50
2026-06-25 05:10:25,31.79,67.97,1004.00,200.00,1217,2.542,63700,29.0,41.0,49.0,YES,YES,UNKNOWN_ANALYSIS_IAQ200_VOC2.54ppm,28436.8,0,5.0,0.050,50
2026-06-25 05:10:35,31.79,67.97,1004.00,200.00,1217,2.542,63700,29.0,41.0,51.0,YES,YES,UNKNOWN_ANALYSIS_IAQ200_VOC2.54ppm,28447.2,0,5.0,0.050,50
2026-06-25 05:10:45,31.79,67.97,1004.00,200.00,1217,2.542,63700,29.0,41.0,50.0,YES,YES,UNKNOWN_ANALYSIS_IAQ200_VOC2.54ppm,28456.6,0,5.0,0.050,50
2026-06-25 05:10:55,31.79,67.97,1004.00,200.00,1217,2.542,63700,29.0,41.0,50.0,YES,YES,UNKNOWN_ANALYSIS_IAQ200_VOC2.54ppm,28467.0,0,5.0,0.050,50
2026-06-25 05:11:06,31.79,67.97,1004.00,200.00,1217,2.542,63700,28.0,40.0,50.0,YES,YES,UNKNOWN_ANALYSIS_IAQ200_VOC2.54ppm,28477.5,0,5.0,0.050,50
2026-06-25 05:11:15,31.79,67.97,1004.00,200.00,1217,2.542,63700,30.0,42.0,52.0,YES,YES,UNKNOWN_ANALYSIS_IAQ200_VOC2.54ppm,28486.9,0,5.0,0.050,50
2026-06-25 05:11:25,31.79,67.97,1004.00,200.00,1217,2.542,63700,28.0,40.0,50.0,YES,YES,UNKNOWN_ANALYSIS_IAQ200_VOC2.54ppm,28497.3,0,5.0,0.050,50
2026-06-25 05:11:36,31.79,67.97,1004.00,200.00,1217,2.542,63700,29.0,41.0,50.0,YES,YES,UNKNOWN_ANALYSIS_IAQ200_VOC2.54ppm,28507.7,0,5.0,0.050,50
2026-06-25 05:11:45,31.79,67.97,1004.00,200.00,1217,2.542,63700,28.0,39.0,49.0,YES,YES,UNKNOWN_ANALYSIS_IAQ200_VOC2.54ppm,28517.1,0,5.0,0.050,50
2026-06-25 05:11:56,31.79,67.97,1004.00,200.00,1217,2.542,63700,29.0,41.0,51.0,YES,YES,UNKNOWN_ANALYSIS_IAQ200_VOC2.54ppm,28527.6,0,5.0,0.050,50
2026-06-25 05:12:05,31.82,68.01,1004.00,200.00,1292,3.011,62800,28.0,41.0,50.0,YES,YES,UNKNOWN_ANALYSIS_IAQ200_VOC3.01ppm,28537.0,0,5.0,0.050,50
2026-06-25 05:12:16,31.82,68.01,1004.00,200.00,1292,3.011,62800,28.0,41.0,50.0,YES,YES,UNKNOWN_ANALYSIS_IAQ200_VOC3.01ppm,28547.4,0,5.0,0.050,50
2026-06-25 05:12:26,31.82,68.01,1004.00,200.00,1292,3.011,62800,28.0,41.0,49.0,YES,YES,UNKNOWN_ANALYSIS_IAQ200_VOC3.01ppm,28557.9,0,5.0,0.050,50
2026-06-25 05:12:35,31.82,68.01,1004.00,200.00,1292,3.011,62800,28.0,41.0,50.0,YES,YES,UNKNOWN_ANALYSIS_IAQ200_VOC3.01ppm,28567.3,0,5.0,0.050,50
2026-06-25 05:12:46,31.82,68.01,1004.00,200.00,1292,3.011,62800,28.0,41.0,49.0,YES,YES,UNKNOWN_ANALYSIS_IAQ200_VOC3.01ppm,28577.7,0,5.0,0.050,50
2026-06-25 05:12:55,31.82,68.01,1004.00,200.00,1292,3.011,62800,28.0,42.0,50.0,YES,YES,UNKNOWN_ANALYSIS_IAQ200_VOC3.01ppm,28587.1,0,5.0,0.050,50
2026-06-25 05:13:06,31.82,68.01,1004.00,200.00,1292,3.011,62800,28.0,40.0,49.0,YES,YES,UNKNOWN_ANALYSIS_IAQ200_VOC3.01ppm,28597.5,0,5.0,0.050,50
2026-06-25 05:13:16,31.82,68.01,1004.00,200.00,1292,3.011,62800,28.0,41.0,49.0,YES,YES,UNKNOWN_ANALYSIS_IAQ200_VOC3.01ppm,28608.0,0,5.0,0.050,50
2026-06-25 05:13:25,31.82,68.01,1004.00,200.00,1292,3.011,62800,29.0,41.0,50.0,YES,YES,UNKNOWN_ANALYSIS_IAQ200_VOC3.01ppm,28617.4,0,5.0,0.050,50
2026-06-25 05:13:36,31.82,68.01,1004.00,200.00,1292,3.011,62800,27.0,40.0,48.0,YES,YES,UNKNOWN_ANALYSIS_IAQ200_VOC3.01ppm,28627.8,0,5.0,0.050,50
2026-06-25 05:13:46,31.82,68.01,1004.00,200.00,1292,3.011,62800,28.0,40.0,48.0,YES,YES,UNKNOWN_ANALYSIS_IAQ200_VOC3.01ppm,28638.2,0,5.0,0.050,50
2026-06-25 05:13:56,31.82,68.01,1004.00,200.00,1292,3.011,62800,28.0,41.0,48.0,YES,YES,UNKNOWN_ANALYSIS_IAQ200_VOC3.01ppm,28647.7,0,5.0,0.050,50
2026-06-25 05:14:06,31.82,68.01,1004.00,200.00,1292,3.011,62800,27.0,40.0,46.0,YES,YES,UNKNOWN_ANALYSIS_IAQ200_VOC3.01ppm,28658.1,0,5.0,0.050,50
2026-06-25 05:14:16,31.82,68.01,1004.00,200.00,1292,3.011,62800,28.0,41.0,48.0,YES,YES,UNKNOWN_ANALYSIS_IAQ200_VOC3.01ppm,28667.5,0,5.0,0.050,50
2026-06-25 05:14:26,31.82,68.01,1004.00,200.00,1292,3.011,62800,28.0,39.0,48.0,YES,YES,UNKNOWN_ANALYSIS_IAQ200_VOC3.01ppm,28677.9,0,5.0,0.050,50
2026-06-25 05:14:37,31.82,68.01,1004.00,200.00,1292,3.011,62800,28.0,40.0,49.0,YES,YES,UNKNOWN_ANALYSIS_IAQ200_VOC3.01ppm,28688.4,0,5.0,0.050,50
2026-06-25 05:14:46,31.82,68.01,1004.00,200.00,1292,3.011,62800,27.0,40.0,48.0,YES,YES,UNKNOWN_ANALYSIS_IAQ200_VOC3.01ppm,28697.8,0,5.0,0.050,50
2026-06-25 05:14:56,31.82,68.01,1004.00,200.00,1292,3.011,62800,27.0,39.0,46.0,YES,YES,UNKNOWN_ANALYSIS_IAQ200_VOC3.01ppm,28708.2,0,5.0,0.050,50
2026-06-25 05:15:06,31.82,68.01,1004.00,200.00,1292,3.011,62800,27.0,39.0,46.0,YES,YES,UNKNOWN_ANALYSIS_IAQ200_VOC3.01ppm,28717.6,0,5.0,0.050,50
2026-06-25 05:15:16,31.82,68.01,1004.00,200.00,1292,3.011,62800,27.0,39.0,47.0,YES,YES,UNKNOWN_ANALYSIS_IAQ200_VOC3.01ppm,28728.0,0,5.0,0.050,50
2026-06-25 05:15:27,31.82,68.01,1004.00,200.00,1292,3.011,62800,28.0,40.0,49.0,YES,YES,UNKNOWN_ANALYSIS_IAQ200_VOC3.01ppm,28738.5,0,5.0,0.050,50
2026-06-25 05:15:36,31.82,68.01,1004.00,200.00,1292,3.011,62800,28.0,40.0,48.0,YES,YES,UNKNOWN_ANALYSIS_IAQ200_VOC3.01ppm,28747.9,0,5.0,0.050,50
💾 Baseline state saved to EEPROM
💾 SAVED - IAQ: 5.0, VOC: 0.050 ppm, CO2: 50 ppm

=== SPIKE HISTORY ===
2026-06-25 05:15:46,31.82,68.01,1004.00,200.00,1292,3.011,62800,27.0,39.0,48.0,YES,YES,UNKNOWN_ANALYSIS_IAQ200_VOC3.01ppm,28758.3,0,5.0,0.050,50
2026-06-25 05:15:57,31.82,68.01,1004.00,200.00,1292,3.011,62800,27.0,40.0,48.0,YES,YES,UNKNOWN_ANALYSIS_IAQ200_VOC3.01ppm,28768.8,0,5.0,0.050,50
2026-06-25 05:16:06,31.82,68.01,1004.00,200.00,1292,3.011,62800,28.0,41.0,49.0,YES,YES,UNKNOWN_ANALYSIS_IAQ200_VOC3.01ppm,28778.2,0,5.0,0.050,50
2026-06-25 05:16:17,31.82,68.01,1004.00,200.00,1292,3.011,62800,28.0,41.0,49.0,YES,YES,UNKNOWN_ANALYSIS_IAQ200_VOC3.01ppm,28788.6,0,5.0,0.050,50
2026-06-25 05:16:26,31.82,68.01,1004.00,200.00,1292,3.011,62800,27.0,40.0,49.0,YES,YES,UNKNOWN_ANALYSIS_IAQ200_VOC3.01ppm,28798.0,0,5.0,0.050,50
2026-06-25 05:16:37,31.82,68.01,1004.00,200.00,1292,3.011,62800,27.0,40.0,48.0,YES,YES,UNKNOWN_ANALYSIS_IAQ200_VOC3.01ppm,28808.4,0,5.0,0.050,50
2026-06-25 05:16:47,31.82,68.01,1004.00,200.00,1292,3.011,62800,28.0,41.0,50.0,YES,YES,UNKNOWN_ANALYSIS_IAQ200_VOC3.01ppm,28818.9,0,5.0,0.050,50
2026-06-25 05:16:56,31.82,68.01,1004.00,200.00,1292,3.011,62800,28.0,39.0,49.0,YES,YES,UNKNOWN_ANALYSIS_IAQ200_VOC3.01ppm,28828.3,0,5.0,0.050,50
2026-06-25 05:17:07,31.86,68.02,1004.00,200.00,1302,3.079,62600,27.0,38.0,48.0,YES,YES,UNKNOWN_ANALYSIS_IAQ200_VOC3.08ppm,28838.7,0,5.0,0.050,50
2026-06-25 05:17:16,31.86,68.02,1004.00,200.00,1302,3.079,62600,28.0,39.0,47.0,YES,YES,UNKNOWN_ANALYSIS_IAQ200_VOC3.08ppm,28848.1,0,5.0,0.050,50
2026-06-25 05:17:27,31.86,68.02,1004.00,200.00,1302,3.079,62600,28.0,40.0,48.0,YES,YES,UNKNOWN_ANALYSIS_IAQ200_VOC3.08ppm,28858.5,0,5.0,0.050,50
2026-06-25 05:17:37,31.86,68.02,1004.00,200.00,1302,3.079,62600,27.0,39.0,48.0,YES,YES,UNKNOWN_ANALYSIS_IAQ200_VOC3.08ppm,28869.0,0,5.0,0.050,50
2026-06-25 05:17:47,31.86,68.02,1004.00,200.00,1302,3.079,62600,27.0,41.0,49.0,YES,YES,UNKNOWN_ANALYSIS_IAQ200_VOC3.08ppm,28878.4,0,5.0,0.050,50
2026-06-25 05:17:57,31.86,68.02,1004.00,200.00,1302,3.079,62600,28.0,42.0,49.0,YES,YES,UNKNOWN_ANALYSIS_IAQ200_VOC3.08ppm,28888.8,0,5.0,0.050,50
2026-06-25 05:18:06,31.86,68.02,1004.00,200.00,1302,3.079,62600,28.0,41.0,49.0,YES,YES,UNKNOWN_ANALYSIS_IAQ200_VOC3.08ppm,28898.2,0,5.0,0.050,50
2026-06-25 05:18:17,31.86,68.02,1004.00,200.00,1302,3.079,62600,28.0,41.0,49.0,YES,YES,UNKNOWN_ANALYSIS_IAQ200_VOC3.08ppm,28908.7,0,5.0,0.050,50
2026-06-25 05:18:27,31.86,68.02,1004.00,200.00,1302,3.079,62600,28.0,40.0,49.0,YES,YES,UNKNOWN_ANALYSIS_IAQ200_VOC3.08ppm,28919.1,0,5.0,0.050,50
2026-06-25 05:18:37,31.86,68.02,1004.00,200.00,1302,3.079,62600,27.0,39.0,47.0,YES,YES,UNKNOWN_ANALYSIS_IAQ200_VOC3.08ppm,28928.5,0,5.0,0.050,50
2026-06-25 05:18:47,31.86,68.02,1004.00,200.00,1302,3.079,62600,27.0,40.0,48.0,YES,YES,UNKNOWN_ANALYSIS_IAQ200_VOC3.08ppm,28938.9,0,5.0,0.050,50
2026-06-25 05:18:58,31.86,68.02,1004.00,200.00,1302,3.079,62600,28.0,40.0,48.0,YES,YES,UNKNOWN_ANALYSIS_IAQ200_VOC3.08ppm,28949.4,0,5.0,0.050,50
2026-06-25 05:19:07,31.86,68.02,1004.00,200.00,1302,3.079,62600,28.0,40.0,46.0,YES,YES,UNKNOWN_ANALYSIS_IAQ200_VOC3.08ppm,28958.8,0,5.0,0.050,50
2026-06-25 05:19:17,31.86,68.02,1004.00,200.00,1302,3.079,62600,27.0,39.0,47.0,YES,YES,UNKNOWN_ANALYSIS_IAQ200_VOC3.08ppm,28969.2,0,5.0,0.050,50
2026-06-25 05:19:27,31.86,68.02,1004.00,200.00,1302,3.079,62600,28.0,40.0,49.0,YES,YES,UNKNOWN_ANALYSIS_IAQ200_VOC3.08ppm,28978.6,0,5.0,0.050,50
2026-06-25 05:19:37,31.86,68.02,1004.00,200.00,1302,3.079,62600,27.0,39.0,48.0,YES,YES,UNKNOWN_ANALYSIS_IAQ200_VOC3.08ppm,28989.1,0,5.0,0.050,50
2026-06-25 05:19:48,31.86,68.02,1004.00,200.00,1302,3.079,62600,28.0,39.0,47.0,YES,YES,UNKNOWN_ANALYSIS_IAQ200_VOC3.08ppm,28999.5,0,5.0,0.050,50
2026-06-25 05:19:57,31.86,68.02,1004.00,200.00,1302,3.079,62600,28.0,39.0,48.0,YES,YES,UNKNOWN_ANALYSIS_IAQ200_VOC3.08ppm,29008.9,0,5.0,0.050,50
2026-06-25 05:20:07,31.86,68.02,1004.00,200.00,1302,3.079,62600,29.0,39.0,47.0,YES,YES,UNKNOWN_ANALYSIS_IAQ200_VOC3.08ppm,29019.3,0,5.0,0.050,50
2026-06-25 05:20:17,31.86,68.02,1004.00,200.00,1302,3.079,62600,29.0,39.0,47.0,YES,YES,UNKNOWN_ANALYSIS_IAQ200_VOC3.08ppm,29028.7,0,5.0,0.050,50
2026-06-25 05:20:27,31.86,68.02,1004.00,200.00,1302,3.079,62600,28.0,39.0,47.0,YES,YES,UNKNOWN_ANALYSIS_IAQ200_VOC3.08ppm,29039.2,0,5.0,0.050,50
2026-06-25 05:20:38,31.86,68.02,1004.00,200.00,1302,3.079,62600,28.0,39.0,46.0,YES,YES,UNKNOWN_ANALYSIS_IAQ200_VOC3.08ppm,29049.6,0,5.0,0.050,50
2026-06-25 05:20:47,31.86,68.02,1004.00,200.00,1302,3.079,62600,27.0,39.0,45.0,YES,YES,UNKNOWN_ANALYSIS_IAQ200_VOC3.08ppm,29059.0,0,5.0,0.050,50
2026-06-25 05:20:58,31.86,68.02,1004.00,200.00,1302,3.079,62600,28.0,40.0,47.0,YES,YES,UNKNOWN_ANALYSIS_IAQ200_VOC3.08ppm,29069.4,0,5.0,0.050,50
2026-06-25 05:21:07,31.86,68.02,1004.00,200.00,1302,3.079,62600,27.0,39.0,45.0,YES,YES,UNKNOWN_ANALYSIS_IAQ200_VOC3.08ppm,29078.8,0,5.0,0.050,50
2026-06-25 05:21:17,31.86,68.02,1004.00,200.00,1302,3.079,62600,28.0,39.0,45.0,YES,YES,UNKNOWN_ANALYSIS_IAQ200_VOC3.08ppm,29089.3,0,5.0,0.050,50
2026-06-25 05:21:28,31.86,68.02,1004.00,200.00,1302,3.079,62600,28.0,39.0,46.0,YES,YES,UNKNOWN_ANALYSIS_IAQ200_VOC3.08ppm,29099.7,0,5.0,0.050,50
2026-06-25 05:21:37,31.86,68.02,1004.00,200.00,1302,3.079,62600,27.0,39.0,46.0,YES,YES,UNKNOWN_ANALYSIS_IAQ200_VOC3.08ppm,29109.1,0,5.0,0.050,50
2026-06-25 05:21:48,31.86,68.02,1004.00,200.00,1302,3.079,62600,26.0,39.0,46.0,YES,YES,UNKNOWN_ANALYSIS_IAQ200_VOC3.08ppm,29119.5,0,5.0,0.050,50
2026-06-25 05:21:57,31.86,68.02,1004.00,200.00,1302,3.079,62600,28.0,40.0,48.0,YES,YES,UNKNOWN_ANALYSIS_IAQ200_VOC3.08ppm,29128.9,0,5.0,0.050,50
2026-06-25 05:22:08,31.89,67.95,1004.00,187.47,1232,2.630,63300,27.0,39.0,46.0,YES,YES,UNKNOWN_ANALYSIS_IAQ187_VOC2.63ppm,29139.4,0,5.0,0.050,50
2026-06-25 05:22:18,31.89,67.95,1004.00,187.47,1232,2.630,63300,28.0,40.0,47.0,YES,YES,UNKNOWN_ANALYSIS_IAQ187_VOC2.63ppm,29149.8,0,5.0,0.050,50
2026-06-25 05:22:27,31.89,67.95,1004.00,187.47,1232,2.630,63300,27.0,39.0,46.0,YES,YES,UNKNOWN_ANALYSIS_IAQ187_VOC2.63ppm,29159.2,0,5.0,0.050,50
2026-06-25 05:22:38,31.89,67.95,1004.00,187.47,1232,2.630,63300,27.0,38.0,46.0,YES,YES,UNKNOWN_ANALYSIS_IAQ187_VOC2.63ppm,29169.7,0,5.0,0.050,50
2026-06-25 05:22:48,31.89,67.95,1004.00,187.47,1232,2.630,63300,28.0,39.0,46.0,YES,YES,UNKNOWN_ANALYSIS_IAQ187_VOC2.63ppm,29180.1,0,5.0,0.050,50
2026-06-25 05:22:58,31.89,67.95,1004.00,187.47,1232,2.630,63300,28.0,40.0,47.0,YES,YES,UNKNOWN_ANALYSIS_IAQ187_VOC2.63ppm,29189.5,0,5.0,0.050,50
2026-06-25 05:23:08,31.89,67.95,1004.00,187.47,1232,2.630,63300,27.0,39.0,47.0,YES,YES,UNKNOWN_ANALYSIS_IAQ187_VOC2.63ppm,29200.0,0,5.0,0.050,50
2026-06-25 05:23:17,31.89,67.95,1004.00,187.47,1232,2.630,63300,28.0,40.0,48.0,YES,YES,UNKNOWN_ANALYSIS_IAQ187_VOC2.63ppm,29209.3,0,5.0,0.050,50
2026-06-25 05:23:28,31.89,67.95,1004.00,187.47,1232,2.630,63300,27.0,39.0,47.0,YES,YES,UNKNOWN_ANALYSIS_IAQ187_VOC2.63ppm,29219.8,0,5.0,0.050,50
2026-06-25 05:23:38,31.89,67.95,1004.00,187.47,1232,2.630,63300,28.0,40.0,49.0,YES,YES,UNKNOWN_ANALYSIS_IAQ187_VOC2.63ppm,29230.2,0,5.0,0.050,50
2026-06-25 05:23:48,31.89,67.95,1004.00,187.47,1232,2.630,63300,28.0,40.0,47.0,YES,YES,UNKNOWN_ANALYSIS_IAQ187_VOC2.63ppm,29239.6,0,5.0,0.050,50
2026-06-25 05:23:58,31.89,67.95,1004.00,187.47,1232,2.630,63300,27.0,40.0,48.0,YES,YES,UNKNOWN_ANALYSIS_IAQ187_VOC2.63ppm,29250.1,0,5.0,0.050,50
2026-06-25 05:24:08,31.89,67.95,1004.00,187.47,1232,2.630,63300,28.0,40.0,48.0,YES,YES,UNKNOWN_ANALYSIS_IAQ187_VOC2.63ppm,29259.5,0,5.0,0.050,50
2026-06-25 05:24:18,31.89,67.95,1004.00,187.47,1232,2.630,63300,27.0,38.0,46.0,YES,YES,UNKNOWN_ANALYSIS_IAQ187_VOC2.63ppm,29269.9,0,5.0,0.050,50
2026-06-25 05:24:28,31.89,67.95,1004.00,187.47,1232,2.630,63300,28.0,39.0,47.0,YES,YES,UNKNOWN_ANALYSIS_IAQ187_VOC2.63ppm,29280.4,0,5.0,0.050,50
2026-06-25 05:24:38,31.89,67.95,1004.00,187.47,1232,2.630,63300,28.0,40.0,47.0,YES,YES,UNKNOWN_ANALYSIS_IAQ187_VOC2.63ppm,29289.8,0,5.0,0.050,50
2026-06-25 05:24:48,31.89,67.95,1004.00,187.47,1232,2.630,63300,27.0,39.0,46.0,YES,YES,UNKNOWN_ANALYSIS_IAQ187_VOC2.63ppm,29300.2,0,5.0,0.050,50
2026-06-25 05:24:58,31.89,67.95,1004.00,187.47,1232,2.630,63300,27.0,39.0,46.0,YES,YES,UNKNOWN_ANALYSIS_IAQ187_VOC2.63ppm,29309.6,0,5.0,0.050,50
2026-06-25 05:25:08,31.89,67.95,1004.00,187.47,1232,2.630,63300,28.0,40.0,47.0,YES,YES,UNKNOWN_ANALYSIS_IAQ187_VOC2.63ppm,29320.0,0,5.0,0.050,50
2026-06-25 05:25:19,31.89,67.95,1004.00,187.47,1232,2.630,63300,28.0,40.0,47.0,YES,YES,UNKNOWN_ANALYSIS_IAQ187_VOC2.63ppm,29330.5,0,5.0,0.050,50
2026-06-25 05:25:28,31.89,67.95,1004.00,187.47,1232,2.630,63300,28.0,40.0,49.0,YES,YES,UNKNOWN_ANALYSIS_IAQ187_VOC2.63ppm,29339.9,0,5.0,0.050,50
2026-06-25 05:25:38,31.89,67.95,1004.00,187.47,1232,2.630,63300,28.0,39.0,48.0,YES,YES,UNKNOWN_ANALYSIS_IAQ187_VOC2.63ppm,29350.3,0,5.0,0.050,50
2026-06-25 05:25:48,31.89,67.95,1004.00,187.47,1232,2.630,63300,29.0,40.0,49.0,YES,YES,UNKNOWN_ANALYSIS_IAQ187_VOC2.63ppm,29359.7,0,5.0,0.050,50
2026-06-25 05:25:58,31.89,67.95,1004.00,187.47,1232,2.630,63300,28.0,39.0,47.0,YES,YES,UNKNOWN_ANALYSIS_IAQ187_VOC2.63ppm,29370.2,0,5.0,0.050,50
2026-06-25 05:26:09,31.89,67.95,1004.00,187.47,1232,2.630,63300,27.0,38.0,46.0,YES,YES,UNKNOWN_ANALYSIS_IAQ187_VOC2.63ppm,29380.6,0,5.0,0.050,50
2026-06-25 05:26:18,31.89,67.95,1004.00,187.47,1232,2.630,63300,27.0,38.0,46.0,YES,YES,UNKNOWN_ANALYSIS_IAQ187_VOC2.63ppm,29390.0,0,5.0,0.050,50
2026-06-25 05:26:29,31.89,67.95,1004.00,187.47,1232,2.630,63300,28.0,39.0,47.0,YES,YES,UNKNOWN_ANALYSIS_IAQ187_VOC2.63ppm,29400.4,0,5.0,0.050,50
2026-06-25 05:26:39,31.89,67.95,1004.00,187.47,1232,2.630,63300,26.0,38.0,46.0,YES,YES,UNKNOWN_ANALYSIS_IAQ187_VOC2.63ppm,29410.9,0,5.0,0.050,50
2026-06-25 05:26:48,31.89,67.95,1004.00,187.47,1232,2.630,63300,28.0,40.0,48.0,YES,YES,UNKNOWN_ANALYSIS_IAQ187_VOC2.63ppm,29420.3,0,5.0,0.050,50
2026-06-25 05:26:59,31.89,67.95,1004.00,187.47,1232,2.630,63300,28.0,40.0,48.0,YES,YES,UNKNOWN_ANALYSIS_IAQ187_VOC2.63ppm,29430.7,0,5.0,0.050,50
2026-06-25 05:27:08,31.79,68.01,1004.00,188.08,1233,2.634,63400,28.0,40.0,49.0,YES,YES,UNKNOWN_ANALYSIS_IAQ188_VOC2.63ppm,29440.1,0,5.0,0.050,50
2026-06-25 05:27:19,31.79,68.01,1004.00,188.08,1233,2.634,63400,27.0,40.0,48.0,YES,YES,UNKNOWN_ANALYSIS_IAQ188_VOC2.63ppm,29450.6,0,5.0,0.050,50
2026-06-25 05:27:29,31.79,68.01,1004.00,188.08,1233,2.634,63400,28.0,40.0,47.0,YES,YES,UNKNOWN_ANALYSIS_IAQ188_VOC2.63ppm,29461.0,0,5.0,0.050,50
2026-06-25 05:27:39,31.79,68.01,1004.00,188.08,1233,2.634,63400,28.0,40.0,47.0,YES,YES,UNKNOWN_ANALYSIS_IAQ188_VOC2.63ppm,29470.4,0,5.0,0.050,50
2026-06-25 05:27:49,31.79,68.01,1004.00,188.08,1233,2.634,63400,28.0,41.0,49.0,YES,YES,UNKNOWN_ANALYSIS_IAQ188_VOC2.63ppm,29480.8,0,5.0,0.050,50
2026-06-25 05:27:59,31.79,68.01,1004.00,188.08,1233,2.634,63400,27.0,38.0,47.0,YES,YES,UNKNOWN_ANALYSIS_IAQ188_VOC2.63ppm,29491.3,0,5.0,0.050,50
2026-06-25 05:28:09,31.79,68.01,1004.00,188.08,1233,2.634,63400,28.0,39.0,49.0,YES,YES,UNKNOWN_ANALYSIS_IAQ188_VOC2.63ppm,29500.7,0,5.0,0.050,50
2026-06-25 05:28:19,31.79,68.01,1004.00,188.08,1233,2.634,63400,28.0,39.0,48.0,YES,YES,UNKNOWN_ANALYSIS_IAQ188_VOC2.63ppm,29511.1,0,5.0,0.050,50
2026-06-25 05:28:29,31.79,68.01,1004.00,188.08,1233,2.634,63400,27.0,38.0,46.0,YES,YES,UNKNOWN_ANALYSIS_IAQ188_VOC2.63ppm,29520.5,0,5.0,0.050,50
2026-06-25 05:28:39,31.79,68.01,1004.00,188.08,1233,2.634,63400,27.0,38.0,46.0,YES,YES,UNKNOWN_ANALYSIS_IAQ188_VOC2.63ppm,29530.9,0,5.0,0.050,50
2026-06-25 05:28:50,31.79,68.01,1004.00,188.08,1233,2.634,63400,27.0,39.0,46.0,YES,YES,UNKNOWN_ANALYSIS_IAQ188_VOC2.63ppm,29541.4,0,5.0,0.050,50
2026-06-25 05:28:59,31.79,68.01,1004.00,188.08,1233,2.634,63400,28.0,40.0,47.0,YES,YES,UNKNOWN_ANALYSIS_IAQ188_VOC2.63ppm,29550.8,0,5.0,0.050,50
2026-06-25 05:29:09,31.79,68.01,1004.00,188.08,1233,2.634,63400,28.0,40.0,47.0,YES,YES,UNKNOWN_ANALYSIS_IAQ188_VOC2.63ppm,29561.2,0,5.0,0.050,50
2026-06-25 05:29:19,31.79,68.01,1004.00,188.08,1233,2.634,63400,27.0,39.0,47.0,YES,YES,UNKNOWN_ANALYSIS_IAQ188_VOC2.63ppm,29570.6,0,5.0,0.050,50
2026-06-25 05:29:29,31.79,68.01,1004.00,188.08,1233,2.634,63400,29.0,40.0,48.0,YES,YES,UNKNOWN_ANALYSIS_IAQ188_VOC2.63ppm,29581.0,0,5.0,0.050,50
2026-06-25 05:29:40,31.79,68.01,1004.00,188.08,1233,2.634,63400,29.0,40.0,48.0,YES,YES,UNKNOWN_ANALYSIS_IAQ188_VOC2.63ppm,29591.5,0,5.0,0.050,50
2026-06-25 05:29:49,31.79,68.01,1004.00,188.08,1233,2.634,63400,28.0,39.0,47.0,YES,YES,UNKNOWN_ANALYSIS_IAQ188_VOC2.63ppm,29600.9,0,5.0,0.050,50
2026-06-25 05:29:59,31.79,68.01,1004.00,188.08,1233,2.634,63400,28.0,39.0,47.0,YES,YES,UNKNOWN_ANALYSIS_IAQ188_VOC2.63ppm,29611.3,0,5.0,0.050,50
2026-06-25 05:30:09,31.79,68.01,1004.00,188.08,1233,2.634,63400,28.0,39.0,47.0,YES,YES,UNKNOWN_ANALYSIS_IAQ188_VOC2.63ppm,29620.7,0,5.0,0.050,50
2026-06-25 05:30:19,31.79,68.01,1004.00,188.08,1233,2.634,63400,27.0,38.0,46.0,YES,YES,UNKNOWN_ANALYSIS_IAQ188_VOC2.63ppm,29631.2,0,5.0,0.050,50
2026-06-25 05:30:30,31.79,68.01,1004.00,188.08,1233,2.634,63400,28.0,39.0,49.0,YES,YES,UNKNOWN_ANALYSIS_IAQ188_VOC2.63ppm,29641.6,0,5.0,0.050,50
2026-06-25 05:30:39,31.79,68.01,1004.00,188.08,1233,2.634,63400,28.0,39.0,47.0,YES,YES,UNKNOWN_ANALYSIS_IAQ188_VOC2.63ppm,29651.0,0,5.0,0.050,50
2026-06-25 05:30:50,31.79,68.01,1004.00,188.08,1233,2.634,63400,27.0,38.0,47.0,YES,YES,UNKNOWN_ANALYSIS_IAQ188_VOC2.63ppm,29661.5,0,5.0,0.050,50
2026-06-25 05:30:59,31.79,68.01,1004.00,188.08,1233,2.634,63400,27.0,38.0,46.0,YES,YES,UNKNOWN_ANALYSIS_IAQ188_VOC2.63ppm,29670.8,0,5.0,0.050,50
2026-06-25 05:31:09,31.79,68.01,1004.00,188.08,1233,2.634,63400,28.0,39.0,47.0,YES,YES,UNKNOWN_ANALYSIS_IAQ188_VOC2.63ppm,29681.3,0,5.0,0.050,50
2026-06-25 05:31:20,31.79,68.01,1004.00,188.08,1233,2.634,63400,27.0,38.0,46.0,YES,YES,UNKNOWN_ANALYSIS_IAQ188_VOC2.63ppm,29691.7,0,5.0,0.050,50
2026-06-25 05:31:29,31.79,68.01,1004.00,188.08,1233,2.634,63400,28.0,39.0,47.0,YES,YES,UNKNOWN_ANALYSIS_IAQ188_VOC2.63ppm,29701.1,0,5.0,0.050,50
2026-06-25 05:31:40,31.79,68.01,1004.00,188.08,1233,2.634,63400,27.0,39.0,48.0,YES,YES,UNKNOWN_ANALYSIS_IAQ188_VOC2.63ppm,29711.6,0,5.0,0.050,50
2026-06-25 05:31:49,31.79,68.01,1004.00,188.08,1233,2.634,63400,27.0,39.0,47.0,YES,YES,UNKNOWN_ANALYSIS_IAQ188_VOC2.63ppm,29721.0,0,5.0,0.050,50
2026-06-25 05:32:00,31.79,68.01,1004.00,188.08,1233,2.634,63400,28.0,40.0,48.0,YES,YES,UNKNOWN_ANALYSIS_IAQ188_VOC2.63ppm,29731.4,0,5.0,0.050,50
2026-06-25 05:32:10,31.80,68.05,1005.00,200.00,1311,3.143,62500,29.0,41.0,49.0,YES,YES,UNKNOWN_ANALYSIS_IAQ200_VOC3.14ppm,29741.9,0,5.0,0.050,50
2026-06-25 05:32:19,31.80,68.05,1005.00,200.00,1311,3.143,62500,27.0,40.0,48.0,YES,YES,UNKNOWN_ANALYSIS_IAQ200_VOC3.14ppm,29751.3,0,5.0,0.050,50
2026-06-25 05:32:30,31.80,68.05,1005.00,200.00,1311,3.143,62500,28.0,40.0,47.0,YES,YES,UNKNOWN_ANALYSIS_IAQ200_VOC3.14ppm,29761.7,0,5.0,0.050,50
2026-06-25 05:32:39,31.80,68.05,1005.00,200.00,1311,3.143,62500,28.0,40.0,48.0,YES,YES,UNKNOWN_ANALYSIS_IAQ200_VOC3.14ppm,29771.1,0,5.0,0.050,50
2026-06-25 05:32:50,31.80,68.05,1005.00,200.00,1311,3.143,62500,28.0,40.0,48.0,YES,YES,UNKNOWN_ANALYSIS_IAQ200_VOC3.14ppm,29781.6,0,5.0,0.050,50
2026-06-25 05:33:00,31.80,68.05,1005.00,200.00,1311,3.143,62500,28.0,41.0,49.0,YES,YES,UNKNOWN_ANALYSIS_IAQ200_VOC3.14ppm,29792.0,0,5.0,0.050,50
2026-06-25 05:33:10,31.80,68.05,1005.00,200.00,1311,3.143,62500,30.0,42.0,50.0,YES,YES,UNKNOWN_ANALYSIS_IAQ200_VOC3.14ppm,29801.4,0,5.0,0.050,50
2026-06-25 05:33:20,31.80,68.05,1005.00,200.00,1311,3.143,62500,30.0,41.0,50.0,YES,YES,UNKNOWN_ANALYSIS_IAQ200_VOC3.14ppm,29811.9,0,5.0,0.050,50
2026-06-25 05:33:29,31.80,68.05,1005.00,200.00,1311,3.143,62500,29.0,41.0,49.0,YES,YES,UNKNOWN_ANALYSIS_IAQ200_VOC3.14ppm,29821.3,0,5.0,0.050,50
2026-06-25 05:33:40,31.80,68.05,1005.00,200.00,1311,3.143,62500,27.0,39.0,46.0,YES,YES,UNKNOWN_ANALYSIS_IAQ200_VOC3.14ppm,29831.7,0,5.0,0.050,50
2026-06-25 05:33:50,31.80,68.05,1005.00,200.00,1311,3.143,62500,28.0,41.0,48.0,YES,YES,UNKNOWN_ANALYSIS_IAQ200_VOC3.14ppm,29842.1,0,5.0,0.050,50
2026-06-25 05:34:00,31.80,68.05,1005.00,200.00,1311,3.143,62500,29.0,41.0,49.0,YES,YES,UNKNOWN_ANALYSIS_IAQ200_VOC3.14ppm,29851.5,0,5.0,0.050,50
2026-06-25 05:34:10,31.80,68.05,1005.00,200.00,1311,3.143,62500,27.0,40.0,48.0,YES,YES,UNKNOWN_ANALYSIS_IAQ200_VOC3.14ppm,29862.0,0,5.0,0.050,50
2026-06-25 05:34:20,31.80,68.05,1005.00,200.00,1311,3.143,62500,27.0,39.0,47.0,YES,YES,UNKNOWN_ANALYSIS_IAQ200_VOC3.14ppm,29871.4,0,5.0,0.050,50
2026-06-25 05:34:30,31.80,68.05,1005.00,200.00,1311,3.143,62500,27.0,38.0,46.0,YES,YES,UNKNOWN_ANALYSIS_IAQ200_VOC3.14ppm,29881.8,0,5.0,0.050,50
2026-06-25 05:34:40,31.80,68.05,1005.00,200.00,1311,3.143,62500,28.0,40.0,47.0,YES,YES,UNKNOWN_ANALYSIS_IAQ200_VOC3.14ppm,29892.3,0,5.0,0.050,50
2026-06-25 05:34:50,31.80,68.05,1005.00,200.00,1311,3.143,62500,27.0,39.0,46.0,YES,YES,UNKNOWN_ANALYSIS_IAQ200_VOC3.14ppm,29901.7,0,5.0,0.050,50
2026-06-25 05:35:00,31.80,68.05,1005.00,200.00,1311,3.143,62500,27.0,39.0,46.0,YES,YES,UNKNOWN_ANALYSIS_IAQ200_VOC3.14ppm,29912.1,0,5.0,0.050,50
2026-06-25 05:35:11,31.80,68.05,1005.00,200.00,1311,3.143,62500,27.0,39.0,47.0,YES,YES,UNKNOWN_ANALYSIS_IAQ200_VOC3.14ppm,29922.6,0,5.0,0.050,50
2026-06-25 05:35:20,31.80,68.05,1005.00,200.00,1311,3.143,62500,28.0,40.0,48.0,YES,YES,UNKNOWN_ANALYSIS_IAQ200_VOC3.14ppm,29932.0,0,5.0,0.050,50
2026-06-25 05:35:31,31.80,68.05,1005.00,200.00,1311,3.143,62500,28.0,40.0,48.0,YES,YES,UNKNOWN_ANALYSIS_IAQ200_VOC3.14ppm,29942.4,0,5.0,0.050,50
2026-06-25 05:35:40,31.80,68.05,1005.00,200.00,1311,3.143,62500,28.0,40.0,47.0,YES,YES,UNKNOWN_ANALYSIS_IAQ200_VOC3.14ppm,29951.8,0,5.0,0.050,50
2026-06-25 05:35:50,31.80,68.05,1005.00,200.00,1311,3.143,62500,28.0,39.0,47.0,YES,YES,UNKNOWN_ANALYSIS_IAQ200_VOC3.14ppm,29962.2,0,5.0,0.050,50
2026-06-25 05:36:01,31.80,68.05,1005.00,200.00,1311,3.143,62500,27.0,39.0,46.0,YES,YES,UNKNOWN_ANALYSIS_IAQ200_VOC3.14ppm,29972.7,0,5.0,0.050,50
2026-06-25 05:36:10,31.80,68.05,1005.00,200.00,1311,3.143,62500,27.0,38.0,46.0,YES,YES,UNKNOWN_ANALYSIS_IAQ200_VOC3.14ppm,29982.1,0,5.0,0.050,50
2026-06-25 05:36:21,31.80,68.05,1005.00,200.00,1311,3.143,62500,27.0,39.0,46.0,YES,YES,UNKNOWN_ANALYSIS_IAQ200_VOC3.14ppm,29992.5,0,5.0,0.050,50
2026-06-25 05:36:30,31.80,68.05,1005.00,200.00,1311,3.143,62500,28.0,40.0,47.0,YES,YES,UNKNOWN_ANALYSIS_IAQ200_VOC3.14ppm,30001.9,0,5.0,0.050,50
2026-06-25 05:36:40,31.80,68.05,1005.00,200.00,1311,3.143,62500,27.0,38.0,47.0,YES,YES,UNKNOWN_ANALYSIS_IAQ200_VOC3.14ppm,30012.4,0,5.0,0.050,50
2026-06-25 05:36:51,31.80,68.05,1005.00,200.00,1311,3.143,62500,27.0,38.0,48.0,YES,YES,UNKNOWN_ANALYSIS_IAQ200_VOC3.14ppm,30022.8,0,5.0,0.050,50
2026-06-25 05:37:00,31.80,68.05,1005.00,200.00,1311,3.143,62500,27.0,38.0,46.0,YES,YES,UNKNOWN_ANALYSIS_IAQ200_VOC3.14ppm,30032.2,0,5.0,0.050,50
2026-06-25 05:37:11,31.73,68.10,1005.00,200.00,1357,3.493,62000,27.0,39.0,46.0,YES,YES,UNKNOWN_ANALYSIS_IAQ200_VOC3.49ppm,30042.6,0,5.0,0.050,50
2026-06-25 05:37:20,31.73,68.10,1005.00,200.00,1357,3.493,62000,28.0,40.0,49.0,YES,YES,UNKNOWN_ANALYSIS_IAQ200_VOC3.49ppm,30052.0,0,5.0,0.050,50
2026-06-25 05:37:31,31.73,68.10,1005.00,200.00,1357,3.493,62000,28.0,41.0,50.0,YES,YES,UNKNOWN_ANALYSIS_IAQ200_VOC3.49ppm,30062.5,0,5.0,0.050,50
2026-06-25 05:37:41,31.73,68.10,1005.00,200.00,1357,3.493,62000,28.0,41.0,50.0,YES,YES,UNKNOWN_ANALYSIS_IAQ200_VOC3.49ppm,30072.9,0,5.0,0.050,50
2026-06-25 05:37:50,31.73,68.10,1005.00,200.00,1357,3.493,62000,28.0,41.0,50.0,YES,YES,UNKNOWN_ANALYSIS_IAQ200_VOC3.49ppm,30082.3,0,5.0,0.050,50
2026-06-25 05:38:01,31.73,68.10,1005.00,200.00,1357,3.493,62000,27.0,39.0,47.0,YES,YES,UNKNOWN_ANALYSIS_IAQ200_VOC3.49ppm,30092.7,0,5.0,0.050,50
2026-06-25 05:38:11,31.73,68.10,1005.00,200.00,1357,3.493,62000,28.0,40.0,47.0,YES,YES,UNKNOWN_ANALYSIS_IAQ200_VOC3.49ppm,30103.2,0,5.0,0.050,50
2026-06-25 05:38:21,31.73,68.10,1005.00,200.00,1357,3.493,62000,27.0,39.0,48.0,YES,YES,UNKNOWN_ANALYSIS_IAQ200_VOC3.49ppm,30112.6,0,5.0,0.050,50
2026-06-25 05:38:31,31.73,68.10,1005.00,200.00,1357,3.493,62000,27.0,40.0,49.0,YES,YES,UNKNOWN_ANALYSIS_IAQ200_VOC3.49ppm,30123.0,0,5.0,0.050,50
2026-06-25 05:38:41,31.73,68.10,1005.00,200.00,1357,3.493,62000,27.0,40.0,48.0,YES,YES,UNKNOWN_ANALYSIS_IAQ200_VOC3.49ppm,30132.4,0,5.0,0.050,50
2026-06-25 05:38:51,31.73,68.10,1005.00,200.00,1357,3.493,62000,29.0,41.0,49.0,YES,YES,UNKNOWN_ANALYSIS_IAQ200_VOC3.49ppm,30142.8,0,5.0,0.050,50
2026-06-25 05:39:01,31.73,68.10,1005.00,200.00,1357,3.493,62000,29.0,42.0,49.0,YES,YES,UNKNOWN_ANALYSIS_IAQ200_VOC3.49ppm,30153.3,0,5.0,0.050,50
2026-06-25 05:39:11,31.73,68.10,1005.00,200.00,1357,3.493,62000,27.0,40.0,48.0,YES,YES,UNKNOWN_ANALYSIS_IAQ200_VOC3.49ppm,30162.7,0,5.0,0.050,50
2026-06-25 05:39:21,31.73,68.10,1005.00,200.00,1357,3.493,62000,27.0,39.0,47.0,YES,YES,UNKNOWN_ANALYSIS_IAQ200_VOC3.49ppm,30173.1,0,5.0,0.050,50
2026-06-25 05:39:31,31.73,68.10,1005.00,200.00,1357,3.493,62000,27.0,39.0,46.0,YES,YES,UNKNOWN_ANALYSIS_IAQ200_VOC3.49ppm,30182.5,0,5.0,0.050,50
2026-06-25 05:39:41,31.73,68.10,1005.00,200.00,1357,3.493,62000,28.0,39.0,47.0,YES,YES,UNKNOWN_ANALYSIS_IAQ200_VOC3.49ppm,30192.9,0,5.0,0.050,50
2026-06-25 05:39:52,31.73,68.10,1005.00,200.00,1357,3.493,62000,28.0,39.0,47.0,YES,YES,UNKNOWN_ANALYSIS_IAQ200_VOC3.49ppm,30203.4,0,5.0,0.050,50
2026-06-25 05:40:01,31.73,68.10,1005.00,200.00,1357,3.493,62000,28.0,40.0,48.0,YES,YES,UNKNOWN_ANALYSIS_IAQ200_VOC3.49ppm,30212.8,0,5.0,0.050,50
2026-06-25 05:40:11,31.73,68.10,1005.00,200.00,1357,3.493,62000,27.0,40.0,49.0,YES,YES,UNKNOWN_ANALYSIS_IAQ200_VOC3.49ppm,30223.2,0,5.0,0.050,50
2026-06-25 05:40:21,31.73,68.10,1005.00,200.00,1357,3.493,62000,28.0,40.0,49.0,YES,YES,UNKNOWN_ANALYSIS_IAQ200_VOC3.49ppm,30232.6,0,5.0,0.050,50
2026-06-25 05:40:31,31.73,68.10,1005.00,200.00,1357,3.493,62000,27.0,38.0,47.0,YES,YES,UNKNOWN_ANALYSIS_IAQ200_VOC3.49ppm,30243.1,0,5.0,0.050,50
2026-06-25 05:40:42,31.73,68.10,1005.00,200.00,1357,3.493,62000,27.0,38.0,47.0,YES,YES,UNKNOWN_ANALYSIS_IAQ200_VOC3.49ppm,30253.5,0,5.0,0.050,50
2026-06-25 05:40:51,31.73,68.10,1005.00,200.00,1357,3.493,62000,27.0,38.0,47.0,YES,YES,UNKNOWN_ANALYSIS_IAQ200_VOC3.49ppm,30262.9,0,5.0,0.050,50
2026-06-25 05:41:01,31.73,68.10,1005.00,200.00,1357,3.493,62000,26.0,38.0,46.0,YES,YES,UNKNOWN_ANALYSIS_IAQ200_VOC3.49ppm,30273.3,0,5.0,0.050,50
2026-06-25 05:41:12,31.73,68.10,1005.00,200.00,1357,3.493,62000,26.0,38.0,45.0,YES,YES,UNKNOWN_ANALYSIS_IAQ200_VOC3.49ppm,30283.8,0,5.0,0.050,50
2026-06-25 05:41:21,31.73,68.10,1005.00,200.00,1357,3.493,62000,26.0,38.0,44.0,YES,YES,UNKNOWN_ANALYSIS_IAQ200_VOC3.49ppm,30293.2,0,5.0,0.050,50
2026-06-25 05:41:32,31.73,68.10,1005.00,200.00,1357,3.493,62000,27.0,39.0,48.0,YES,YES,UNKNOWN_ANALYSIS_IAQ200_VOC3.49ppm,30303.6,0,5.0,0.050,50
2026-06-25 05:41:41,31.73,68.10,1005.00,200.00,1357,3.493,62000,26.0,39.0,48.0,YES,YES,UNKNOWN_ANALYSIS_IAQ200_VOC3.49ppm,30313.0,0,5.0,0.050,50
2026-06-25 05:41:52,31.73,68.10,1005.00,200.00,1357,3.493,62000,27.0,40.0,49.0,YES,YES,UNKNOWN_ANALYSIS_IAQ200_VOC3.49ppm,30323.5,0,5.0,0.050,50
2026-06-25 05:42:02,31.73,68.10,1005.00,200.00,1357,3.493,62000,28.0,40.0,49.0,YES,YES,UNKNOWN_ANALYSIS_IAQ200_VOC3.49ppm,30333.9,0,5.0,0.050,50
2026-06-25 05:42:11,31.66,68.25,1005.00,200.00,1572,5.686,59700,28.0,40.0,49.0,YES,YES,UNKNOWN_ANALYSIS_IAQ200_VOC5.69ppm,30343.3,0,5.0,0.050,50
2026-06-25 05:42:22,31.66,68.25,1005.00,200.00,1572,5.686,59700,27.0,39.0,48.0,YES,YES,UNKNOWN_ANALYSIS_IAQ200_VOC5.69ppm,30353.7,0,5.0,0.050,50
2026-06-25 05:42:31,31.66,68.25,1005.00,200.00,1572,5.686,59700,27.0,40.0,48.0,YES,YES,UNKNOWN_ANALYSIS_IAQ200_VOC5.69ppm,30363.1,0,5.0,0.050,50
2026-06-25 05:42:42,31.66,68.25,1005.00,200.00,1572,5.686,59700,27.0,38.0,46.0,YES,YES,UNKNOWN_ANALYSIS_IAQ200_VOC5.69ppm,30373.6,0,5.0,0.050,50
2026-06-25 05:42:52,31.66,68.25,1005.00,200.00,1572,5.686,59700,27.0,39.0,47.0,YES,YES,UNKNOWN_ANALYSIS_IAQ200_VOC5.69ppm,30384.0,0,5.0,0.050,50
2026-06-25 05:43:02,31.66,68.25,1005.00,200.00,1572,5.686,59700,27.0,40.0,48.0,YES,YES,UNKNOWN_ANALYSIS_IAQ200_VOC5.69ppm,30393.4,0,5.0,0.050,50
2026-06-25 05:43:12,31.66,68.25,1005.00,200.00,1572,5.686,59700,28.0,41.0,49.0,YES,YES,UNKNOWN_ANALYSIS_IAQ200_VOC5.69ppm,30403.8,0,5.0,0.050,50
2026-06-25 05:43:22,31.66,68.25,1005.00,200.00,1572,5.686,59700,27.0,39.0,48.0,YES,YES,UNKNOWN_ANALYSIS_IAQ200_VOC5.69ppm,30414.3,0,5.0,0.050,50
2026-06-25 05:43:32,31.66,68.25,1005.00,200.00,1572,5.686,59700,27.0,38.0,46.0,YES,YES,UNKNOWN_ANALYSIS_IAQ200_VOC5.69ppm,30423.7,0,5.0,0.050,50
2026-06-25 05:43:42,31.66,68.25,1005.00,200.00,1572,5.686,59700,28.0,40.0,47.0,YES,YES,UNKNOWN_ANALYSIS_IAQ200_VOC5.69ppm,30434.1,0,5.0,0.050,50
2026-06-25 05:43:52,31.66,68.25,1005.00,200.00,1572,5.686,59700,28.0,40.0,49.0,YES,YES,UNKNOWN_ANALYSIS_IAQ200_VOC5.69ppm,30443.5,0,5.0,0.050,50
2026-06-25 05:44:02,31.66,68.25,1005.00,200.00,1572,5.686,59700,27.0,39.0,46.0,YES,YES,UNKNOWN_ANALYSIS_IAQ200_VOC5.69ppm,30453.9,0,5.0,0.050,50
2026-06-25 05:44:13,31.66,68.25,1005.00,200.00,1572,5.686,59700,28.0,40.0,46.0,YES,YES,UNKNOWN_ANALYSIS_IAQ200_VOC5.69ppm,30464.4,0,5.0,0.050,50
2026-06-25 05:44:22,31.66,68.25,1005.00,200.00,1572,5.686,59700,27.0,39.0,46.0,YES,YES,UNKNOWN_ANALYSIS_IAQ200_VOC5.69ppm,30473.8,0,5.0,0.050,50
2026-06-25 05:44:32,31.66,68.25,1005.00,200.00,1572,5.686,59700,27.0,38.0,48.0,YES,YES,UNKNOWN_ANALYSIS_IAQ200_VOC5.69ppm,30484.2,0,5.0,0.050,50
2026-06-25 05:44:42,31.66,68.25,1005.00,200.00,1572,5.686,59700,27.0,38.0,47.0,YES,YES,UNKNOWN_ANALYSIS_IAQ200_VOC5.69ppm,30493.6,0,5.0,0.050,50
2026-06-25 05:44:52,31.66,68.25,1005.00,200.00,1572,5.686,59700,28.0,39.0,48.0,YES,YES,UNKNOWN_ANALYSIS_IAQ200_VOC5.69ppm,30504.1,0,5.0,0.050,50
2026-06-25 05:45:03,31.66,68.25,1005.00,200.00,1572,5.686,59700,27.0,38.0,46.0,YES,YES,UNKNOWN_ANALYSIS_IAQ200_VOC5.69ppm,30514.5,0,5.0,0.050,50
2026-06-25 05:45:12,31.66,68.25,1005.00,200.00,1572,5.686,59700,27.0,37.0,44.0,YES,YES,UNKNOWN_ANALYSIS_IAQ200_VOC5.69ppm,30523.9,0,5.0,0.050,50
2026-06-25 05:45:22,31.66,68.25,1005.00,200.00,1572,5.686,59700,27.0,38.0,44.0,YES,YES,UNKNOWN_ANALYSIS_IAQ200_VOC5.69ppm,30534.3,0,5.0,0.050,50
2026-06-25 05:45:32,31.66,68.25,1005.00,200.00,1572,5.686,59700,27.0,38.0,46.0,YES,YES,UNKNOWN_ANALYSIS_IAQ200_VOC5.69ppm,30543.7,0,5.0,0.050,50
2026-06-25 05:45:42,31.66,68.25,1005.00,200.00,1572,5.686,59700,27.0,39.0,47.0,YES,YES,UNKNOWN_ANALYSIS_IAQ200_VOC5.69ppm,30554.2,0,5.0,0.050,50
2026-06-25 05:45:53,31.66,68.25,1005.00,200.00,1572,5.686,59700,27.0,39.0,47.0,YES,YES,UNKNOWN_ANALYSIS_IAQ200_VOC5.69ppm,30564.6,0,5.0,0.050,50
2026-06-25 05:46:02,31.66,68.25,1005.00,200.00,1572,5.686,59700,28.0,40.0,49.0,YES,YES,UNKNOWN_ANALYSIS_IAQ200_VOC5.69ppm,30574.0,0,5.0,0.050,50
2026-06-25 05:46:13,31.66,68.25,1005.00,200.00,1572,5.686,59700,27.0,39.0,46.0,YES,YES,UNKNOWN_ANALYSIS_IAQ200_VOC5.69ppm,30584.5,0,5.0,0.050,50
2026-06-25 05:46:23,31.66,68.25,1005.00,200.00,1572,5.686,59700,27.0,39.0,46.0,YES,YES,UNKNOWN_ANALYSIS_IAQ200_VOC5.69ppm,30594.9,0,5.0,0.050,50
2026-06-25 05:46:32,31.66,68.25,1005.00,200.00,1572,5.686,59700,28.0,40.0,46.0,YES,YES,UNKNOWN_ANALYSIS_IAQ200_VOC5.69ppm,30604.3,0,5.0,0.050,50
2026-06-25 05:46:43,31.66,68.25,1005.00,200.00,1572,5.686,59700,27.0,39.0,46.0,YES,YES,UNKNOWN_ANALYSIS_IAQ200_VOC5.69ppm,30614.7,0,5.0,0.050,50
2026-06-25 05:46:52,31.66,68.25,1005.00,200.00,1572,5.686,59700,28.0,39.0,47.0,YES,YES,UNKNOWN_ANALYSIS_IAQ200_VOC5.69ppm,30624.1,0,5.0,0.050,50
2026-06-25 05:47:03,31.66,68.25,1005.00,200.00,1572,5.686,59700,27.0,38.0,45.0,YES,YES,UNKNOWN_ANALYSIS_IAQ200_VOC5.69ppm,30634.6,0,5.0,0.050,50
2026-06-25 05:47:13,31.64,68.31,1005.00,200.00,1700,7.593,58300,26.0,38.0,46.0,YES,YES,UNKNOWN_ANALYSIS_IAQ200_VOC7.59ppm,30645.0,0,5.0,0.050,50
2026-06-25 05:47:23,31.64,68.31,1005.00,200.00,1700,7.593,58300,28.0,39.0,47.0,YES,YES,UNKNOWN_ANALYSIS_IAQ200_VOC7.59ppm,30654.4,0,5.0,0.050,50
2026-06-25 05:47:33,31.64,68.31,1005.00,200.00,1700,7.593,58300,27.0,38.0,46.0,YES,YES,UNKNOWN_ANALYSIS_IAQ200_VOC7.59ppm,30664.9,0,5.0,0.050,50
2026-06-25 05:47:42,31.64,68.31,1005.00,200.00,1700,7.593,58300,27.0,38.0,46.0,YES,YES,UNKNOWN_ANALYSIS_IAQ200_VOC7.59ppm,30674.3,0,5.0,0.050,50
2026-06-25 05:47:53,31.64,68.31,1005.00,200.00,1700,7.593,58300,28.0,39.0,47.0,YES,YES,UNKNOWN_ANALYSIS_IAQ200_VOC7.59ppm,30684.7,0,5.0,0.050,50
2026-06-25 05:48:03,31.64,68.31,1005.00,200.00,1700,7.593,58300,27.0,38.0,46.0,YES,YES,UNKNOWN_ANALYSIS_IAQ200_VOC7.59ppm,30695.1,0,5.0,0.050,50
2026-06-25 05:48:13,31.64,68.31,1005.00,200.00,1700,7.593,58300,26.0,38.0,46.0,YES,YES,UNKNOWN_ANALYSIS_IAQ200_VOC7.59ppm,30704.5,0,5.0,0.050,50
2026-06-25 05:48:23,31.64,68.31,1005.00,200.00,1700,7.593,58300,27.0,39.0,47.0,YES,YES,UNKNOWN_ANALYSIS_IAQ200_VOC7.59ppm,30715.0,0,5.0,0.050,50
2026-06-25 05:48:34,31.64,68.31,1005.00,200.00,1700,7.593,58300,26.0,38.0,46.0,YES,YES,UNKNOWN_ANALYSIS_IAQ200_VOC7.59ppm,30725.4,0,5.0,0.050,50
2026-06-25 05:48:43,31.64,68.31,1005.00,200.00,1700,7.593,58300,28.0,39.0,47.0,YES,YES,UNKNOWN_ANALYSIS_IAQ200_VOC7.59ppm,30734.8,0,5.0,0.050,50
2026-06-25 05:48:53,31.64,68.31,1005.00,200.00,1700,7.593,58300,28.0,41.0,48.0,YES,YES,UNKNOWN_ANALYSIS_IAQ200_VOC7.59ppm,30745.2,0,5.0,0.050,50
2026-06-25 05:49:03,31.64,68.31,1005.00,200.00,1700,7.593,58300,28.0,41.0,48.0,YES,YES,UNKNOWN_ANALYSIS_IAQ200_VOC7.59ppm,30754.6,0,5.0,0.050,50
2026-06-25 05:49:13,31.64,68.31,1005.00,200.00,1700,7.593,58300,26.0,39.0,46.0,YES,YES,UNKNOWN_ANALYSIS_IAQ200_VOC7.59ppm,30765.1,0,5.0,0.050,50
2026-06-25 05:49:24,31.64,68.31,1005.00,200.00,1700,7.593,58300,27.0,39.0,47.0,YES,YES,UNKNOWN_ANALYSIS_IAQ200_VOC7.59ppm,30775.5,0,5.0,0.050,50
2026-06-25 05:49:33,31.64,68.31,1005.00,200.00,1700,7.593,58300,27.0,39.0,46.0,YES,YES,UNKNOWN_ANALYSIS_IAQ200_VOC7.59ppm,30784.9,0,5.0,0.050,50
2026-06-25 05:49:43,31.64,68.31,1005.00,200.00,1700,7.593,58300,27.0,38.0,44.0,YES,YES,UNKNOWN_ANALYSIS_IAQ200_VOC7.59ppm,30795.4,0,5.0,0.050,50
2026-06-25 05:49:53,31.64,68.31,1005.00,200.00,1700,7.593,58300,28.0,39.0,46.0,YES,YES,UNKNOWN_ANALYSIS_IAQ200_VOC7.59ppm,30804.7,0,5.0,0.050,50
2026-06-25 05:50:03,31.64,68.31,1005.00,200.00,1700,7.593,58300,28.0,40.0,47.0,YES,YES,UNKNOWN_ANALYSIS_IAQ200_VOC7.59ppm,30815.2,0,5.0,0.050,50
2026-06-25 05:50:14,31.64,68.31,1005.00,200.00,1700,7.593,58300,28.0,39.0,46.0,YES,YES,UNKNOWN_ANALYSIS_IAQ200_VOC7.59ppm,30825.6,0,5.0,0.050,50
2026-06-25 05:50:23,31.64,68.31,1005.00,200.00,1700,7.593,58300,28.0,40.0,46.0,YES,YES,UNKNOWN_ANALYSIS_IAQ200_VOC7.59ppm,30835.0,0,5.0,0.050,50
2026-06-25 05:50:34,31.64,68.31,1005.00,200.00,1700,7.593,58300,27.0,39.0,47.0,YES,YES,UNKNOWN_ANALYSIS_IAQ200_VOC7.59ppm,30845.5,0,5.0,0.050,50
2026-06-25 05:50:44,31.64,68.31,1005.00,200.00,1700,7.593,58300,28.0,41.0,49.0,YES,YES,UNKNOWN_ANALYSIS_IAQ200_VOC7.59ppm,30855.9,0,5.0,0.050,50
2026-06-25 05:50:53,31.64,68.31,1005.00,200.00,1700,7.593,58300,27.0,40.0,48.0,YES,YES,UNKNOWN_ANALYSIS_IAQ200_VOC7.59ppm,30865.3,0,5.0,0.050,50
2026-06-25 05:51:04,31.64,68.31,1005.00,200.00,1700,7.593,58300,27.0,40.0,48.0,YES,YES,UNKNOWN_ANALYSIS_IAQ200_VOC7.59ppm,30875.7,0,5.0,0.050,50
2026-06-25 05:51:13,31.64,68.31,1005.00,200.00,1700,7.593,58300,28.0,40.0,47.0,YES,YES,UNKNOWN_ANALYSIS_IAQ200_VOC7.59ppm,30885.1,0,5.0,0.050,50
2026-06-25 05:51:24,31.64,68.31,1005.00,200.00,1700,7.593,58300,27.0,39.0,46.0,YES,YES,UNKNOWN_ANALYSIS_IAQ200_VOC7.59ppm,30895.6,0,5.0,0.050,50
2026-06-25 05:51:34,31.64,68.31,1005.00,200.00,1700,7.593,58300,28.0,39.0,47.0,YES,YES,UNKNOWN_ANALYSIS_IAQ200_VOC7.59ppm,30906.0,0,5.0,0.050,50
2026-06-25 05:51:44,31.64,68.31,1005.00,200.00,1700,7.593,58300,28.0,39.0,47.0,YES,YES,UNKNOWN_ANALYSIS_IAQ200_VOC7.59ppm,30915.4,0,5.0,0.050,50
2026-06-25 05:51:54,31.64,68.31,1005.00,200.00,1700,7.593,58300,27.0,38.0,46.0,YES,YES,UNKNOWN_ANALYSIS_IAQ200_VOC7.59ppm,30925.8,0,5.0,0.050,50
2026-06-25 05:52:03,31.64,68.31,1005.00,200.00,1700,7.593,58300,29.0,40.0,48.0,YES,YES,UNKNOWN_ANALYSIS_IAQ200_VOC7.59ppm,30935.2,0,5.0,0.050,50
2026-06-25 05:52:14,31.59,68.39,1005.00,200.00,1843,10.503,56800,27.0,39.0,47.0,YES,YES,UNKNOWN_ANALYSIS_IAQ200_VOC10.50ppm,30945.6,0,5.0,0.050,50
2026-06-25 05:52:24,31.59,68.39,1005.00,200.00,1843,10.503,56800,27.0,38.0,46.0,YES,YES,UNKNOWN_ANALYSIS_IAQ200_VOC10.50ppm,30956.1,0,5.0,0.050,50
2026-06-25 05:52:34,31.59,68.39,1005.00,200.00,1843,10.503,56800,27.0,39.0,46.0,YES,YES,UNKNOWN_ANALYSIS_IAQ200_VOC10.50ppm,30965.5,0,5.0,0.050,50
2026-06-25 05:52:44,31.59,68.39,1005.00,200.00,1843,10.503,56800,28.0,40.0,47.0,YES,YES,UNKNOWN_ANALYSIS_IAQ200_VOC10.50ppm,30975.9,0,5.0,0.050,50
2026-06-25 05:52:54,31.59,68.39,1005.00,200.00,1843,10.503,56800,27.0,39.0,46.0,YES,YES,UNKNOWN_ANALYSIS_IAQ200_VOC10.50ppm,30986.4,0,5.0,0.050,50
2026-06-25 05:53:04,31.59,68.39,1005.00,200.00,1843,10.503,56800,27.0,39.0,46.0,YES,YES,UNKNOWN_ANALYSIS_IAQ200_VOC10.50ppm,30995.7,0,5.0,0.050,50
2026-06-25 05:53:14,31.59,68.39,1005.00,200.00,1843,10.503,56800,27.0,39.0,46.0,YES,YES,UNKNOWN_ANALYSIS_IAQ200_VOC10.50ppm,31006.2,0,5.0,0.050,50
2026-06-25 05:53:24,31.59,68.39,1005.00,200.00,1843,10.503,56800,28.0,41.0,48.0,YES,YES,UNKNOWN_ANALYSIS_IAQ200_VOC10.50ppm,31015.6,0,5.0,0.050,50
2026-06-25 05:53:34,31.59,68.39,1005.00,200.00,1843,10.503,56800,27.0,40.0,47.0,YES,YES,UNKNOWN_ANALYSIS_IAQ200_VOC10.50ppm,31026.0,0,5.0,0.050,50
2026-06-25 05:53:45,31.59,68.39,1005.00,200.00,1843,10.503,56800,28.0,40.0,47.0,YES,YES,UNKNOWN_ANALYSIS_IAQ200_VOC10.50ppm,31036.4,0,5.0,0.050,50
2026-06-25 05:53:54,31.59,68.39,1005.00,200.00,1843,10.503,56800,27.0,40.0,49.0,YES,YES,UNKNOWN_ANALYSIS_IAQ200_VOC10.50ppm,31045.8,0,5.0,0.050,50
2026-06-25 05:54:04,31.59,68.39,1005.00,200.00,1843,10.503,56800,28.0,40.0,49.0,YES,YES,UNKNOWN_ANALYSIS_IAQ200_VOC10.50ppm,31056.3,0,5.0,0.050,50
PMS7003: Unknown error
2026-06-25 05:54:14,31.59,68.39,1005.00,200.00,1843,10.503,56800,28.0,40.0,49.0,YES,YES,UNKNOWN_ANALYSIS_IAQ200_VOC10.50ppm,31065.6,0,5.0,0.050,50
2026-06-25 05:54:24,31.59,68.39,1005.00,200.00,1843,10.503,56800,29.0,42.0,49.0,YES,YES,UNKNOWN_ANALYSIS_IAQ200_VOC10.50ppm,31076.1,0,5.0,0.050,50
2026-06-25 05:54:35,31.59,68.39,1005.00,200.00,1843,10.503,56800,28.0,40.0,49.0,YES,YES,UNKNOWN_ANALYSIS_IAQ200_VOC10.50ppm,31086.5,0,5.0,0.050,50
2026-06-25 05:54:44,31.59,68.39,1005.00,200.00,1843,10.503,56800,29.0,41.0,50.0,YES,YES,UNKNOWN_ANALYSIS_IAQ200_VOC10.50ppm,31095.9,0,5.0,0.050,50
2026-06-25 05:54:55,31.59,68.39,1005.00,200.00,1843,10.503,56800,29.0,41.0,51.0,YES,YES,UNKNOWN_ANALYSIS_IAQ200_VOC10.50ppm,31106.4,0,5.0,0.050,50
2026-06-25 05:55:05,31.59,68.39,1005.00,200.00,1843,10.503,56800,28.0,40.0,49.0,YES,YES,UNKNOWN_ANALYSIS_IAQ200_VOC10.50ppm,31116.8,0,5.0,0.050,50
2026-06-25 05:55:14,31.59,68.39,1005.00,200.00,1843,10.503,56800,28.0,41.0,50.0,YES,YES,UNKNOWN_ANALYSIS_IAQ200_VOC10.50ppm,31126.2,0,5.0,0.050,50
2026-06-25 05:55:25,31.59,68.39,1005.00,200.00,1843,10.503,56800,27.0,39.0,48.0,YES,YES,UNKNOWN_ANALYSIS_IAQ200_VOC10.50ppm,31136.6,0,5.0,0.050,50
2026-06-25 05:55:34,31.59,68.39,1005.00,200.00,1843,10.503,56800,29.0,40.0,50.0,YES,YES,UNKNOWN_ANALYSIS_IAQ200_VOC10.50ppm,31146.0,0,5.0,0.050,50
2026-06-25 05:55:45,31.59,68.39,1005.00,200.00,1843,10.503,56800,28.0,40.0,49.0,YES,YES,UNKNOWN_ANALYSIS_IAQ200_VOC10.50ppm,31156.5,0,5.0,0.050,50
2026-06-25 05:55:55,31.59,68.39,1005.00,200.00,1843,10.503,56800,29.0,41.0,48.0,YES,YES,UNKNOWN_ANALYSIS_IAQ200_VOC10.50ppm,31166.9,0,5.0,0.050,50
2026-06-25 05:56:04,31.59,68.39,1005.00,200.00,1843,10.503,56800,29.0,41.0,49.0,YES,YES,UNKNOWN_ANALYSIS_IAQ200_VOC10.50ppm,31176.3,0,5.0,0.050,50
2026-06-25 05:56:15,31.59,68.39,1005.00,200.00,1843,10.503,56800,29.0,41.0,50.0,YES,YES,UNKNOWN_ANALYSIS_IAQ200_VOC10.50ppm,31186.7,0,5.0,0.050,50
2026-06-25 05:56:24,31.59,68.39,1005.00,200.00,1843,10.503,56800,28.0,41.0,49.0,YES,YES,UNKNOWN_ANALYSIS_IAQ200_VOC10.50ppm,31196.1,0,5.0,0.050,50
2026-06-25 05:56:35,31.59,68.39,1005.00,200.00,1843,10.503,56800,27.0,40.0,48.0,YES,YES,UNKNOWN_ANALYSIS_IAQ200_VOC10.50ppm,31206.6,0,5.0,0.050,50
2026-06-25 05:56:45,31.59,68.39,1005.00,200.00,1843,10.503,56800,29.0,41.0,50.0,YES,YES,UNKNOWN_ANALYSIS_IAQ200_VOC10.50ppm,31217.0,0,5.0,0.050,50
2026-06-25 05:56:55,31.59,68.39,1005.00,200.00,1843,10.503,56800,29.0,41.0,50.0,YES,YES,UNKNOWN_ANALYSIS_IAQ200_VOC10.50ppm,31226.4,0,5.0,0.050,50
2026-06-25 05:57:05,31.59,68.39,1005.00,200.00,1843,10.503,56800,29.0,42.0,52.0,YES,YES,UNKNOWN_ANALYSIS_IAQ200_VOC10.50ppm,31236.8,0,5.0,0.050,50
2026-06-25 05:57:15,31.56,68.42,1005.00,200.00,1967,13.909,55500,29.0,41.0,50.0,YES,YES,UNKNOWN_ANALYSIS_IAQ200_VOC13.91ppm,31247.3,0,5.0,0.050,50
2026-06-25 05:57:25,31.56,68.42,1005.00,200.00,1967,13.909,55500,30.0,41.0,50.0,YES,YES,UNKNOWN_ANALYSIS_IAQ200_VOC13.91ppm,31256.7,0,5.0,0.050,50
2026-06-25 05:57:35,31.56,68.42,1005.00,200.00,1967,13.909,55500,29.0,41.0,49.0,YES,YES,UNKNOWN_ANALYSIS_IAQ200_VOC13.91ppm,31267.1,0,5.0,0.050,50
2026-06-25 05:57:45,31.56,68.42,1005.00,200.00,1967,13.909,55500,30.0,42.0,51.0,YES,YES,UNKNOWN_ANALYSIS_IAQ200_VOC13.91ppm,31276.5,0,5.0,0.050,50
2026-06-25 05:57:55,31.56,68.42,1005.00,200.00,1967,13.909,55500,29.0,42.0,51.0,YES,YES,UNKNOWN_ANALYSIS_IAQ200_VOC13.91ppm,31286.9,0,5.0,0.050,50
2026-06-25 05:58:06,31.56,68.42,1005.00,200.00,1967,13.909,55500,29.0,42.0,50.0,YES,YES,UNKNOWN_ANALYSIS_IAQ200_VOC13.91ppm,31297.4,0,5.0,0.050,50
2026-06-25 05:58:15,31.56,68.42,1005.00,200.00,1967,13.909,55500,29.0,42.0,50.0,YES,YES,UNKNOWN_ANALYSIS_IAQ200_VOC13.91ppm,31306.8,0,5.0,0.050,50
2026-06-25 05:58:25,31.56,68.42,1005.00,200.00,1967,13.909,55500,30.0,42.0,50.0,YES,YES,UNKNOWN_ANALYSIS_IAQ200_VOC13.91ppm,31317.2,0,5.0,0.050,50
2026-06-25 05:58:35,31.56,68.42,1005.00,200.00,1967,13.909,55500,29.0,41.0,50.0,YES,YES,UNKNOWN_ANALYSIS_IAQ200_VOC13.91ppm,31326.6,0,5.0,0.050,50
2026-06-25 05:58:45,31.56,68.42,1005.00,200.00,1967,13.909,55500,29.0,41.0,52.0,YES,YES,UNKNOWN_ANALYSIS_IAQ200_VOC13.91ppm,31337.0,0,5.0,0.050,50
2026-06-25 05:58:56,31.56,68.42,1005.00,200.00,1967,13.909,55500,29.0,42.0,53.0,YES,YES,UNKNOWN_ANALYSIS_IAQ200_VOC13.91ppm,31347.5,0,5.0,0.050,50
2026-06-25 05:59:05,31.56,68.42,1005.00,200.00,1967,13.909,55500,29.0,42.0,52.0,YES,YES,UNKNOWN_ANALYSIS_IAQ200_VOC13.91ppm,31356.9,0,5.0,0.050,50
2026-06-25 05:59:15,31.56,68.42,1005.00,200.00,1967,13.909,55500,29.0,42.0,51.0,YES,YES,UNKNOWN_ANALYSIS_IAQ200_VOC13.91ppm,31367.3,0,5.0,0.050,50
2026-06-25 05:59:26,31.56,68.42,1005.00,200.00,1967,13.909,55500,30.0,42.0,52.0,YES,YES,UNKNOWN_ANALYSIS_IAQ200_VOC13.91ppm,31377.7,0,5.0,0.050,50
2026-06-25 05:59:35,31.56,68.42,1005.00,200.00,1967,13.909,55500,29.0,42.0,51.0,YES,YES,UNKNOWN_ANALYSIS_IAQ200_VOC13.91ppm,31387.1,0,5.0,0.050,50
2026-06-25 05:59:46,31.56,68.42,1005.00,200.00,1967,13.909,55500,29.0,42.0,52.0,YES,YES,UNKNOWN_ANALYSIS_IAQ200_VOC13.91ppm,31397.6,0,5.0,0.050,50
2026-06-25 05:59:55,31.56,68.42,1005.00,200.00,1967,13.909,55500,28.0,40.0,50.0,YES,YES,UNKNOWN_ANALYSIS_IAQ200_VOC13.91ppm,31407.0,0,5.0,0.050,50
2026-06-25 06:00:06,31.56,68.42,1005.00,200.00,1967,13.909,55500,29.0,41.0,51.0,YES,YES,UNKNOWN_ANALYSIS_IAQ200_VOC13.91ppm,31417.4,0,5.0,0.050,50
2026-06-25 06:00:16,31.56,68.42,1005.00,200.00,1967,13.909,55500,28.0,42.0,50.0,YES,YES,UNKNOWN_ANALYSIS_IAQ200_VOC13.91ppm,31427.9,0,5.0,0.050,50
2026-06-25 06:00:25,31.56,68.42,1005.00,200.00,1967,13.909,55500,30.0,42.0,50.0,YES,YES,UNKNOWN_ANALYSIS_IAQ200_VOC13.91ppm,31437.2,0,5.0,0.050,50
2026-06-25 06:00:36,31.56,68.42,1005.00,200.00,1967,13.909,55500,28.0,40.0,49.0,YES,YES,UNKNOWN_ANALYSIS_IAQ200_VOC13.91ppm,31447.7,0,5.0,0.050,50
2026-06-25 06:00:45,31.56,68.42,1005.00,200.00,1967,13.909,55500,29.0,42.0,50.0,YES,YES,UNKNOWN_ANALYSIS_IAQ200_VOC13.91ppm,31457.1,0,5.0,0.050,50
2026-06-25 06:00:56,31.56,68.42,1005.00,200.00,1967,13.909,55500,29.0,41.0,49.0,YES,YES,UNKNOWN_ANALYSIS_IAQ200_VOC13.91ppm,31467.5,0,5.0,0.050,50
2026-06-25 06:01:06,31.56,68.42,1005.00,200.00,1967,13.909,55500,29.0,41.0,49.0,YES,YES,UNKNOWN_ANALYSIS_IAQ200_VOC13.91ppm,31478.0,0,5.0,0.050,50
2026-06-25 06:01:15,31.56,68.42,1005.00,200.00,1967,13.909,55500,29.0,40.0,49.0,YES,YES,UNKNOWN_ANALYSIS_IAQ200_VOC13.91ppm,31487.4,0,5.0,0.050,50
2026-06-25 06:01:26,31.56,68.42,1005.00,200.00,1967,13.909,55500,29.0,40.0,49.0,YES,YES,UNKNOWN_ANALYSIS_IAQ200_VOC13.91ppm,31497.8,0,5.0,0.050,50
2026-06-25 06:01:36,31.56,68.42,1005.00,200.00,1967,13.909,55500,29.0,41.0,51.0,YES,YES,UNKNOWN_ANALYSIS_IAQ200_VOC13.91ppm,31508.2,0,5.0,0.050,50
2026-06-25 06:01:46,31.56,68.42,1005.00,200.00,1967,13.909,55500,28.0,41.0,51.0,YES,YES,UNKNOWN_ANALYSIS_IAQ200_VOC13.91ppm,31517.6,0,5.0,0.050,50
2026-06-25 06:01:56,31.56,68.42,1005.00,200.00,1967,13.909,55500,29.0,42.0,51.0,YES,YES,UNKNOWN_ANALYSIS_IAQ200_VOC13.91ppm,31528.1,0,5.0,0.050,50
2026-06-25 06:02:06,31.56,68.42,1005.00,200.00,1967,13.909,55500,30.0,42.0,50.0,YES,YES,UNKNOWN_ANALYSIS_IAQ200_VOC13.91ppm,31537.5,0,5.0,0.050,50
2026-06-25 06:02:16,31.53,68.49,1005.00,200.00,2113,19.365,54000,29.0,42.0,50.0,YES,YES,UNKNOWN_ANALYSIS_IAQ200_VOC19.37ppm,31547.9,0,5.0,0.050,50
2026-06-25 06:02:26,31.53,68.49,1005.00,200.00,2113,19.365,54000,28.0,41.0,49.0,YES,YES,UNKNOWN_ANALYSIS_IAQ200_VOC19.37ppm,31558.3,0,5.0,0.050,50
2026-06-25 06:02:36,31.53,68.49,1005.00,200.00,2113,19.365,54000,28.0,41.0,49.0,YES,YES,UNKNOWN_ANALYSIS_IAQ200_VOC19.37ppm,31567.7,0,5.0,0.050,50
2026-06-25 06:02:46,31.53,68.49,1005.00,200.00,2113,19.365,54000,28.0,41.0,48.0,YES,YES,UNKNOWN_ANALYSIS_IAQ200_VOC19.37ppm,31578.2,0,5.0,0.050,50
2026-06-25 06:02:56,31.53,68.49,1005.00,200.00,2113,19.365,54000,28.0,40.0,47.0,YES,YES,UNKNOWN_ANALYSIS_IAQ200_VOC19.37ppm,31587.6,0,5.0,0.050,50
2026-06-25 06:03:06,31.53,68.49,1005.00,200.00,2113,19.365,54000,30.0,42.0,50.0,YES,YES,UNKNOWN_ANALYSIS_IAQ200_VOC19.37ppm,31598.0,0,5.0,0.050,50
2026-06-25 06:03:17,31.53,68.49,1005.00,200.00,2113,19.365,54000,28.0,42.0,49.0,YES,YES,UNKNOWN_ANALYSIS_IAQ200_VOC19.37ppm,31608.5,0,5.0,0.050,50
2026-06-25 06:03:26,31.53,68.49,1005.00,200.00,2113,19.365,54000,29.0,42.0,50.0,YES,YES,UNKNOWN_ANALYSIS_IAQ200_VOC19.37ppm,31617.9,0,5.0,0.050,50
2026-06-25 06:03:36,31.53,68.49,1005.00,200.00,2113,19.365,54000,29.0,41.0,49.0,YES,YES,UNKNOWN_ANALYSIS_IAQ200_VOC19.37ppm,31628.3,0,5.0,0.050,50
2026-06-25 06:03:46,31.53,68.49,1005.00,200.00,2113,19.365,54000,29.0,41.0,49.0,YES,YES,UNKNOWN_ANALYSIS_IAQ200_VOC19.37ppm,31637.7,0,5.0,0.050,50
2026-06-25 06:03:56,31.53,68.49,1005.00,200.00,2113,19.365,54000,29.0,41.0,49.0,YES,YES,UNKNOWN_ANALYSIS_IAQ200_VOC19.37ppm,31648.1,0,5.0,0.050,50
2026-06-25 06:04:07,31.53,68.49,1005.00,200.00,2113,19.365,54000,29.0,41.0,49.0,YES,YES,UNKNOWN_ANALYSIS_IAQ200_VOC19.37ppm,31658.6,0,5.0,0.050,50
2026-06-25 06:04:16,31.53,68.49,1005.00,200.00,2113,19.365,54000,28.0,40.0,49.0,YES,YES,UNKNOWN_ANALYSIS_IAQ200_VOC19.37ppm,31668.0,0,5.0,0.050,50
2026-06-25 06:04:27,31.53,68.49,1005.00,200.00,2113,19.365,54000,29.0,41.0,49.0,YES,YES,UNKNOWN_ANALYSIS_IAQ200_VOC19.37ppm,31678.4,0,5.0,0.050,50
PMS7003: Unknown error
2026-06-25 06:04:36,31.53,68.49,1005.00,200.00,2113,19.365,54000,29.0,41.0,49.0,YES,YES,UNKNOWN_ANALYSIS_IAQ200_VOC19.37ppm,31687.8,0,5.0,0.050,50
2026-06-25 06:04:46,31.53,68.49,1005.00,200.00,2113,19.365,54000,29.0,40.0,49.0,YES,YES,UNKNOWN_ANALYSIS_IAQ200_VOC19.37ppm,31698.3,0,5.0,0.050,50
2026-06-25 06:04:57,31.53,68.49,1005.00,200.00,2113,19.365,54000,29.0,41.0,49.0,YES,YES,UNKNOWN_ANALYSIS_IAQ200_VOC19.37ppm,31708.7,0,5.0,0.050,50
2026-06-25 06:05:06,31.53,68.49,1005.00,200.00,2113,19.365,54000,29.0,40.0,48.0,YES,YES,UNKNOWN_ANALYSIS_IAQ200_VOC19.37ppm,31718.1,0,5.0,0.050,50
2026-06-25 06:05:17,31.53,68.49,1005.00,200.00,2113,19.365,54000,29.0,41.0,49.0,YES,YES,UNKNOWN_ANALYSIS_IAQ200_VOC19.37ppm,31728.5,0,5.0,0.050,50
2026-06-25 06:05:26,31.53,68.49,1005.00,200.00,2113,19.365,54000,28.0,41.0,49.0,YES,YES,UNKNOWN_ANALYSIS_IAQ200_VOC19.37ppm,31737.9,0,5.0,0.050,50
2026-06-25 06:05:37,31.53,68.49,1005.00,200.00,2113,19.365,54000,29.0,42.0,50.0,YES,YES,UNKNOWN_ANALYSIS_IAQ200_VOC19.37ppm,31748.4,0,5.0,0.050,50
2026-06-25 06:05:47,31.53,68.49,1005.00,200.00,2113,19.365,54000,28.0,40.0,48.0,YES,YES,UNKNOWN_ANALYSIS_IAQ200_VOC19.37ppm,31758.8,0,5.0,0.050,50
2026-06-25 06:05:56,31.53,68.49,1005.00,200.00,2113,19.365,54000,27.0,40.0,48.0,YES,YES,UNKNOWN_ANALYSIS_IAQ200_VOC19.37ppm,31768.2,0,5.0,0.050,50
2026-06-25 06:06:07,31.53,68.49,1005.00,200.00,2113,19.365,54000,28.0,40.0,48.0,YES,YES,UNKNOWN_ANALYSIS_IAQ200_VOC19.37ppm,31778.7,0,5.0,0.050,50
2026-06-25 06:06:16,31.53,68.49,1005.00,200.00,2113,19.365,54000,27.0,39.0,48.0,YES,YES,UNKNOWN_ANALYSIS_IAQ200_VOC19.37ppm,31788.1,0,5.0,0.050,50
2026-06-25 06:06:27,31.53,68.49,1005.00,200.00,2113,19.365,54000,27.0,40.0,49.0,YES,YES,UNKNOWN_ANALYSIS_IAQ200_VOC19.37ppm,31798.5,0,5.0,0.050,50
2026-06-25 06:06:37,31.53,68.49,1005.00,200.00,2113,19.365,54000,28.0,41.0,49.0,YES,YES,UNKNOWN_ANALYSIS_IAQ200_VOC19.37ppm,31808.9,0,5.0,0.050,50
2026-06-25 06:06:46,31.53,68.49,1005.00,200.00,2113,19.365,54000,27.0,39.0,48.0,YES,YES,UNKNOWN_ANALYSIS_IAQ200_VOC19.37ppm,31818.3,0,5.0,0.050,50
2026-06-25 06:06:57,31.53,68.49,1005.00,200.00,2113,19.365,54000,29.0,42.0,51.0,YES,YES,UNKNOWN_ANALYSIS_IAQ200_VOC19.37ppm,31828.8,0,5.0,0.050,50
2026-06-25 06:07:07,31.53,68.49,1005.00,200.00,2113,19.365,54000,28.0,40.0,50.0,YES,YES,UNKNOWN_ANALYSIS_IAQ200_VOC19.37ppm,31839.2,0,5.0,0.050,50
2026-06-25 06:07:17,31.58,68.53,1005.00,200.00,2196,23.373,53000,28.0,40.0,50.0,YES,YES,UNKNOWN_ANALYSIS_IAQ200_VOC23.37ppm,31848.6,0,5.0,0.050,50
2026-06-25 06:07:27,31.58,68.53,1005.00,200.00,2196,23.373,53000,29.0,40.0,50.0,YES,YES,UNKNOWN_ANALYSIS_IAQ200_VOC23.37ppm,31859.0,0,5.0,0.050,50
2026-06-25 06:07:37,31.58,68.53,1005.00,200.00,2196,23.373,53000,29.0,40.0,50.0,YES,YES,UNKNOWN_ANALYSIS_IAQ200_VOC23.37ppm,31868.5,0,5.0,0.050,50
2026-06-25 06:07:47,31.58,68.53,1005.00,200.00,2196,23.373,53000,29.0,40.0,49.0,YES,YES,UNKNOWN_ANALYSIS_IAQ200_VOC23.37ppm,31878.9,0,5.0,0.050,50
2026-06-25 06:07:57,31.58,68.53,1005.00,200.00,2196,23.373,53000,29.0,40.0,50.0,YES,YES,UNKNOWN_ANALYSIS_IAQ200_VOC23.37ppm,31889.3,0,5.0,0.050,50
2026-06-25 06:08:07,31.58,68.53,1005.00,200.00,2196,23.373,53000,28.0,39.0,48.0,YES,YES,UNKNOWN_ANALYSIS_IAQ200_VOC23.37ppm,31898.7,0,5.0,0.050,50
2026-06-25 06:08:17,31.58,68.53,1005.00,200.00,2196,23.373,53000,29.0,40.0,49.0,YES,YES,UNKNOWN_ANALYSIS_IAQ200_VOC23.37ppm,31909.2,0,5.0,0.050,50
2026-06-25 06:08:27,31.58,68.53,1005.00,200.00,2196,23.373,53000,29.0,41.0,49.0,YES,YES,UNKNOWN_ANALYSIS_IAQ200_VOC23.37ppm,31918.6,0,5.0,0.050,50
2026-06-25 06:08:37,31.58,68.53,1005.00,200.00,2196,23.373,53000,28.0,39.0,48.0,YES,YES,UNKNOWN_ANALYSIS_IAQ200_VOC23.37ppm,31929.0,0,5.0,0.050,50
2026-06-25 06:08:48,31.58,68.53,1005.00,200.00,2196,23.373,53000,30.0,41.0,49.0,YES,YES,UNKNOWN_ANALYSIS_IAQ200_VOC23.37ppm,31939.4,0,5.0,0.050,50
2026-06-25 06:08:57,31.58,68.53,1005.00,200.00,2196,23.373,53000,29.0,40.0,48.0,YES,YES,UNKNOWN_ANALYSIS_IAQ200_VOC23.37ppm,31948.8,0,5.0,0.050,50
2026-06-25 06:09:07,31.58,68.53,1005.00,200.00,2196,23.373,53000,29.0,41.0,50.0,YES,YES,UNKNOWN_ANALYSIS_IAQ200_VOC23.37ppm,31959.3,0,5.0,0.050,50
2026-06-25 06:09:18,31.58,68.53,1005.00,200.00,2196,23.373,53000,30.0,41.0,49.0,YES,YES,UNKNOWN_ANALYSIS_IAQ200_VOC23.37ppm,31969.7,0,5.0,0.050,50
2026-06-25 06:09:27,31.58,68.53,1005.00,200.00,2196,23.373,53000,28.0,40.0,48.0,YES,YES,UNKNOWN_ANALYSIS_IAQ200_VOC23.37ppm,31979.1,0,5.0,0.050,50
2026-06-25 06:09:38,31.58,68.53,1005.00,200.00,2196,23.373,53000,29.0,42.0,49.0,YES,YES,UNKNOWN_ANALYSIS_IAQ200_VOC23.37ppm,31989.5,0,5.0,0.050,50
2026-06-25 06:09:47,31.58,68.53,1005.00,200.00,2196,23.373,53000,27.0,41.0,48.0,YES,YES,UNKNOWN_ANALYSIS_IAQ200_VOC23.37ppm,31998.9,0,5.0,0.050,50
2026-06-25 06:09:58,31.58,68.53,1005.00,200.00,2196,23.373,53000,27.0,41.0,49.0,YES,YES,UNKNOWN_ANALYSIS_IAQ200_VOC23.37ppm,32009.4,0,5.0,0.050,50
2026-06-25 06:10:08,31.58,68.53,1005.00,200.00,2196,23.373,53000,27.0,41.0,49.0,YES,YES,UNKNOWN_ANALYSIS_IAQ200_VOC23.37ppm,32019.8,0,5.0,0.050,50
2026-06-25 06:10:17,31.58,68.53,1005.00,200.00,2196,23.373,53000,28.0,41.0,49.0,YES,YES,UNKNOWN_ANALYSIS_IAQ200_VOC23.37ppm,32029.2,0,5.0,0.050,50
2026-06-25 06:10:28,31.58,68.53,1005.00,200.00,2196,23.373,53000,28.0,40.0,49.0,YES,YES,UNKNOWN_ANALYSIS_IAQ200_VOC23.37ppm,32039.6,0,5.0,0.050,50
2026-06-25 06:10:38,31.58,68.53,1005.00,200.00,2196,23.373,53000,29.0,42.0,50.0,YES,YES,UNKNOWN_ANALYSIS_IAQ200_VOC23.37ppm,32050.1,0,5.0,0.050,50
2026-06-25 06:10:48,31.58,68.53,1005.00,200.00,2196,23.373,53000,28.0,41.0,48.0,YES,YES,UNKNOWN_ANALYSIS_IAQ200_VOC23.37ppm,32059.5,0,5.0,0.050,50
2026-06-25 06:10:58,31.58,68.53,1005.00,200.00,2196,23.373,53000,30.0,42.0,49.0,YES,YES,UNKNOWN_ANALYSIS_IAQ200_VOC23.37ppm,32069.9,0,5.0,0.050,50
2026-06-25 06:11:07,31.58,68.53,1005.00,200.00,2196,23.373,53000,28.0,41.0,48.0,YES,YES,UNKNOWN_ANALYSIS_IAQ200_VOC23.37ppm,32079.3,0,5.0,0.050,50
2026-06-25 06:11:18,31.58,68.53,1005.00,200.00,2196,23.373,53000,29.0,42.0,49.0,YES,YES,UNKNOWN_ANALYSIS_IAQ200_VOC23.37ppm,32089.7,0,5.0,0.050,50
2026-06-25 06:11:28,31.58,68.53,1005.00,200.00,2196,23.373,53000,29.0,42.0,50.0,YES,YES,UNKNOWN_ANALYSIS_IAQ200_VOC23.37ppm,32100.2,0,5.0,0.050,50
2026-06-25 06:11:38,31.58,68.53,1005.00,200.00,2196,23.373,53000,30.0,42.0,50.0,YES,YES,UNKNOWN_ANALYSIS_IAQ200_VOC23.37ppm,32109.6,0,5.0,0.050,50
2026-06-25 06:11:48,31.58,68.53,1005.00,200.00,2196,23.373,53000,30.0,43.0,50.0,YES,YES,UNKNOWN_ANALYSIS_IAQ200_VOC23.37ppm,32120.0,0,5.0,0.050,50
2026-06-25 06:11:58,31.58,68.53,1005.00,200.00,2196,23.373,53000,29.0,42.0,49.0,YES,YES,UNKNOWN_ANALYSIS_IAQ200_VOC23.37ppm,32129.4,0,5.0,0.050,50
2026-06-25 06:12:08,31.58,68.53,1005.00,200.00,2196,23.373,53000,28.0,40.0,48.0,YES,YES,UNKNOWN_ANALYSIS_IAQ200_VOC23.37ppm,32139.8,0,5.0,0.050,50
2026-06-25 06:12:18,31.61,68.51,1005.00,200.00,2207,23.989,52700,29.0,41.0,49.0,YES,YES,UNKNOWN_ANALYSIS_IAQ200_VOC23.99ppm,32150.3,0,5.0,0.050,50
2026-06-25 06:12:28,31.61,68.51,1005.00,200.00,2207,23.989,52700,28.0,39.0,47.0,YES,YES,UNKNOWN_ANALYSIS_IAQ200_VOC23.99ppm,32159.7,0,5.0,0.050,50
2026-06-25 06:12:38,31.61,68.51,1005.00,200.00,2207,23.989,52700,27.0,39.0,46.0,YES,YES,UNKNOWN_ANALYSIS_IAQ200_VOC23.99ppm,32170.1,0,5.0,0.050,50
2026-06-25 06:12:49,31.61,68.51,1005.00,200.00,2207,23.989,52700,28.0,39.0,47.0,YES,YES,UNKNOWN_ANALYSIS_IAQ200_VOC23.99ppm,32180.5,0,5.0,0.050,50
2026-06-25 06:12:58,31.61,68.51,1005.00,200.00,2207,23.989,52700,27.0,38.0,46.0,YES,YES,UNKNOWN_ANALYSIS_IAQ200_VOC23.99ppm,32189.9,0,5.0,0.050,50
2026-06-25 06:13:08,31.61,68.51,1005.00,200.00,2207,23.989,52700,27.0,39.0,47.0,YES,YES,UNKNOWN_ANALYSIS_IAQ200_VOC23.99ppm,32200.4,0,5.0,0.050,50
2026-06-25 06:13:18,31.61,68.51,1005.00,200.00,2207,23.989,52700,28.0,41.0,48.0,YES,YES,UNKNOWN_ANALYSIS_IAQ200_VOC23.99ppm,32209.8,0,5.0,0.050,50
2026-06-25 06:13:28,31.61,68.51,1005.00,200.00,2207,23.989,52700,27.0,39.0,46.0,YES,YES,UNKNOWN_ANALYSIS_IAQ200_VOC23.99ppm,32220.2,0,5.0,0.050,50
2026-06-25 06:13:39,31.61,68.51,1005.00,200.00,2207,23.989,52700,27.0,39.0,48.0,YES,YES,UNKNOWN_ANALYSIS_IAQ200_VOC23.99ppm,32230.6,0,5.0,0.050,50
2026-06-25 06:13:48,31.61,68.51,1005.00,200.00,2207,23.989,52700,28.0,40.0,48.0,YES,YES,UNKNOWN_ANALYSIS_IAQ200_VOC23.99ppm,32240.0,0,5.0,0.050,50
2026-06-25 06:13:59,31.61,68.51,1005.00,200.00,2207,23.989,52700,27.0,39.0,46.0,YES,YES,UNKNOWN_ANALYSIS_IAQ200_VOC23.99ppm,32250.5,0,5.0,0.050,50
2026-06-25 06:14:08,31.61,68.51,1005.00,200.00,2207,23.989,52700,29.0,41.0,49.0,YES,YES,UNKNOWN_ANALYSIS_IAQ200_VOC23.99ppm,32259.9,0,5.0,0.050,50
2026-06-25 06:14:18,31.61,68.51,1005.00,200.00,2207,23.989,52700,29.0,41.0,50.0,YES,YES,UNKNOWN_ANALYSIS_IAQ200_VOC23.99ppm,32270.3,0,5.0,0.050,50
2026-06-25 06:14:29,31.61,68.51,1005.00,200.00,2207,23.989,52700,27.0,40.0,48.0,YES,YES,UNKNOWN_ANALYSIS_IAQ200_VOC23.99ppm,32280.7,0,5.0,0.050,50
2026-06-25 06:14:38,31.61,68.51,1005.00,200.00,2207,23.989,52700,28.0,41.0,49.0,YES,YES,UNKNOWN_ANALYSIS_IAQ200_VOC23.99ppm,32290.1,0,5.0,0.050,50
2026-06-25 06:14:49,31.61,68.51,1005.00,200.00,2207,23.989,52700,29.0,42.0,50.0,YES,YES,UNKNOWN_ANALYSIS_IAQ200_VOC23.99ppm,32300.6,0,5.0,0.050,50
2026-06-25 06:14:59,31.61,68.51,1005.00,200.00,2207,23.989,52700,28.0,41.0,49.0,YES,YES,UNKNOWN_ANALYSIS_IAQ200_VOC23.99ppm,32311.0,0,5.0,0.050,50
2026-06-25 06:15:09,31.61,68.51,1005.00,200.00,2207,23.989,52700,27.0,39.0,47.0,YES,YES,UNKNOWN_ANALYSIS_IAQ200_VOC23.99ppm,32320.4,0,5.0,0.050,50
2026-06-25 06:15:19,31.61,68.51,1005.00,200.00,2207,23.989,52700,28.0,41.0,48.0,YES,YES,UNKNOWN_ANALYSIS_IAQ200_VOC23.99ppm,32330.8,0,5.0,0.050,50
2026-06-25 06:15:28,31.61,68.51,1005.00,200.00,2207,23.989,52700,27.0,39.0,47.0,YES,YES,UNKNOWN_ANALYSIS_IAQ200_VOC23.99ppm,32340.2,0,5.0,0.050,50
2026-06-25 06:15:39,31.61,68.51,1005.00,200.00,2207,23.989,52700,28.0,40.0,47.0,YES,YES,UNKNOWN_ANALYSIS_IAQ200_VOC23.99ppm,32350.7,0,5.0,0.050,50
💾 Baseline state saved to EEPROM
💾 SAVED - IAQ: 5.0, VOC: 0.050 ppm, CO2: 50 ppm

=== SPIKE HISTORY ===
2026-06-25 06:15:49,31.61,68.51,1005.00,200.00,2207,23.989,52700,28.0,39.0,49.0,YES,YES,UNKNOWN_ANALYSIS_IAQ200_VOC23.99ppm,32361.1,0,5.0,0.050,50
2026-06-25 06:15:59,31.61,68.51,1005.00,200.00,2207,23.989,52700,29.0,40.0,50.0,YES,YES,UNKNOWN_ANALYSIS_IAQ200_VOC23.99ppm,32370.5,0,5.0,0.050,50
2026-06-25 06:16:09,31.61,68.51,1005.00,200.00,2207,23.989,52700,29.0,40.0,49.0,YES,YES,UNKNOWN_ANALYSIS_IAQ200_VOC23.99ppm,32381.0,0,5.0,0.050,50
2026-06-25 06:16:18,31.61,68.51,1005.00,200.00,2207,23.989,52700,28.0,41.0,49.0,YES,YES,UNKNOWN_ANALYSIS_IAQ200_VOC23.99ppm,32390.3,0,5.0,0.050,50
2026-06-25 06:16:29,31.61,68.51,1005.00,200.00,2207,23.989,52700,29.0,41.0,49.0,YES,YES,UNKNOWN_ANALYSIS_IAQ200_VOC23.99ppm,32400.8,0,5.0,0.050,50
2026-06-25 06:16:39,31.61,68.51,1005.00,200.00,2207,23.989,52700,28.0,40.0,49.0,YES,YES,UNKNOWN_ANALYSIS_IAQ200_VOC23.99ppm,32411.2,0,5.0,0.050,50
2026-06-25 06:16:49,31.61,68.51,1005.00,200.00,2207,23.989,52700,28.0,39.0,48.0,YES,YES,UNKNOWN_ANALYSIS_IAQ200_VOC23.99ppm,32420.6,0,5.0,0.050,50
2026-06-25 06:16:59,31.61,68.51,1005.00,200.00,2207,23.989,52700,27.0,39.0,48.0,YES,YES,UNKNOWN_ANALYSIS_IAQ200_VOC23.99ppm,32431.1,0,5.0,0.050,50
2026-06-25 06:17:09,31.61,68.51,1005.00,200.00,2207,23.989,52700,28.0,40.0,49.0,YES,YES,UNKNOWN_ANALYSIS_IAQ200_VOC23.99ppm,32440.5,0,5.0,0.050,50
2026-06-25 06:17:19,31.54,68.53,1005.00,200.00,2210,24.151,52600,28.0,39.0,47.0,YES,YES,UNKNOWN_ANALYSIS_IAQ200_VOC24.15ppm,32450.9,0,5.0,0.050,50
2026-06-25 06:17:29,31.54,68.53,1005.00,200.00,2210,24.151,52600,28.0,40.0,48.0,YES,YES,UNKNOWN_ANALYSIS_IAQ200_VOC24.15ppm,32461.3,0,5.0,0.050,50
2026-06-25 06:17:39,31.54,68.53,1005.00,200.00,2210,24.151,52600,27.0,39.0,47.0,YES,YES,UNKNOWN_ANALYSIS_IAQ200_VOC24.15ppm,32470.7,0,5.0,0.050,50
2026-06-25 06:17:49,31.54,68.53,1005.00,200.00,2210,24.151,52600,27.0,40.0,48.0,YES,YES,UNKNOWN_ANALYSIS_IAQ200_VOC24.15ppm,32481.2,0,5.0,0.050,50
2026-06-25 06:18:00,31.54,68.53,1005.00,200.00,2210,24.151,52600,29.0,41.0,49.0,YES,YES,UNKNOWN_ANALYSIS_IAQ200_VOC24.15ppm,32491.6,0,5.0,0.050,50
2026-06-25 06:18:09,31.54,68.53,1005.00,200.00,2210,24.151,52600,29.0,41.0,49.0,YES,YES,UNKNOWN_ANALYSIS_IAQ200_VOC24.15ppm,32501.0,0,5.0,0.050,50
2026-06-25 06:18:20,31.54,68.53,1005.00,200.00,2210,24.151,52600,30.0,42.0,50.0,YES,YES,UNKNOWN_ANALYSIS_IAQ200_VOC24.15ppm,32511.4,0,5.0,0.050,50
2026-06-25 06:18:29,31.54,68.53,1005.00,200.00,2210,24.151,52600,29.0,40.0,49.0,YES,YES,UNKNOWN_ANALYSIS_IAQ200_VOC24.15ppm,32520.8,0,5.0,0.050,50
2026-06-25 06:18:39,31.54,68.53,1005.00,200.00,2210,24.151,52600,30.0,41.0,50.0,YES,YES,UNKNOWN_ANALYSIS_IAQ200_VOC24.15ppm,32531.3,0,5.0,0.050,50
2026-06-25 06:18:50,31.54,68.53,1005.00,200.00,2210,24.151,52600,29.0,41.0,49.0,YES,YES,UNKNOWN_ANALYSIS_IAQ200_VOC24.15ppm,32541.7,0,5.0,0.050,50
2026-06-25 06:18:59,31.54,68.53,1005.00,200.00,2210,24.151,52600,28.0,41.0,49.0,YES,YES,UNKNOWN_ANALYSIS_IAQ200_VOC24.15ppm,32551.1,0,5.0,0.050,50
2026-06-25 06:19:10,31.54,68.53,1005.00,200.00,2210,24.151,52600,29.0,41.0,49.0,YES,YES,UNKNOWN_ANALYSIS_IAQ200_VOC24.15ppm,32561.5,0,5.0,0.050,50
2026-06-25 06:19:19,31.54,68.53,1005.00,200.00,2210,24.151,52600,29.0,41.0,49.0,YES,YES,UNKNOWN_ANALYSIS_IAQ200_VOC24.15ppm,32570.9,0,5.0,0.050,50
2026-06-25 06:19:30,31.54,68.53,1005.00,200.00,2210,24.151,52600,29.0,40.0,48.0,YES,YES,UNKNOWN_ANALYSIS_IAQ200_VOC24.15ppm,32581.4,0,5.0,0.050,50
2026-06-25 06:19:40,31.54,68.53,1005.00,200.00,2210,24.151,52600,28.0,41.0,49.0,YES,YES,UNKNOWN_ANALYSIS_IAQ200_VOC24.15ppm,32591.8,0,5.0,0.050,50
2026-06-25 06:19:49,31.54,68.53,1005.00,200.00,2210,24.151,52600,29.0,42.0,50.0,YES,YES,UNKNOWN_ANALYSIS_IAQ200_VOC24.15ppm,32601.2,0,5.0,0.050,50
2026-06-25 06:20:00,31.54,68.53,1005.00,200.00,2210,24.151,52600,28.0,42.0,50.0,YES,YES,UNKNOWN_ANALYSIS_IAQ200_VOC24.15ppm,32611.6,0,5.0,0.050,50
2026-06-25 06:20:09,31.54,68.53,1005.00,200.00,2210,24.151,52600,29.0,43.0,51.0,YES,YES,UNKNOWN_ANALYSIS_IAQ200_VOC24.15ppm,32621.0,0,5.0,0.050,50
2026-06-25 06:20:20,31.54,68.53,1005.00,200.00,2210,24.151,52600,30.0,44.0,52.0,YES,YES,UNKNOWN_ANALYSIS_IAQ200_VOC24.15ppm,32631.5,0,5.0,0.050,50
2026-06-25 06:20:30,31.54,68.53,1005.00,200.00,2210,24.151,52600,31.0,43.0,52.0,YES,YES,UNKNOWN_ANALYSIS_IAQ200_VOC24.15ppm,32641.9,0,5.0,0.050,50
2026-06-25 06:20:39,31.54,68.53,1005.00,200.00,2210,24.151,52600,31.0,42.0,51.0,YES,YES,UNKNOWN_ANALYSIS_IAQ200_VOC24.15ppm,32651.3,0,5.0,0.050,50
2026-06-25 06:20:50,31.54,68.53,1005.00,200.00,2210,24.151,52600,31.0,43.0,52.0,YES,YES,UNKNOWN_ANALYSIS_IAQ200_VOC24.15ppm,32661.7,0,5.0,0.050,50
2026-06-25 06:21:00,31.54,68.53,1005.00,200.00,2210,24.151,52600,30.0,42.0,51.0,YES,YES,UNKNOWN_ANALYSIS_IAQ200_VOC24.15ppm,32672.2,0,5.0,0.050,50
2026-06-25 06:21:10,31.54,68.53,1005.00,200.00,2210,24.151,52600,31.0,43.0,52.0,YES,YES,UNKNOWN_ANALYSIS_IAQ200_VOC24.15ppm,32681.6,0,5.0,0.050,50
2026-06-25 06:21:20,31.54,68.53,1005.00,200.00,2210,24.151,52600,30.0,42.0,51.0,YES,YES,UNKNOWN_ANALYSIS_IAQ200_VOC24.15ppm,32692.0,0,5.0,0.050,50
2026-06-25 06:21:30,31.54,68.53,1005.00,200.00,2210,24.151,52600,31.0,44.0,52.0,YES,YES,UNKNOWN_ANALYSIS_IAQ200_VOC24.15ppm,32701.4,0,5.0,0.050,50
2026-06-25 06:21:40,31.54,68.53,1005.00,200.00,2210,24.151,52600,31.0,44.0,53.0,YES,YES,UNKNOWN_ANALYSIS_IAQ200_VOC24.15ppm,32711.8,0,5.0,0.050,50
2026-06-25 06:21:50,31.54,68.53,1005.00,200.00,2210,24.151,52600,32.0,45.0,55.0,YES,YES,UNKNOWN_ANALYSIS_IAQ200_VOC24.15ppm,32722.3,0,5.0,0.050,50
2026-06-25 06:22:00,31.54,68.53,1005.00,200.00,2210,24.151,52600,32.0,46.0,56.0,YES,YES,UNKNOWN_ANALYSIS_IAQ200_VOC24.15ppm,32731.7,0,5.0,0.050,50
2026-06-25 06:22:10,31.54,68.53,1005.00,200.00,2210,24.151,52600,30.0,45.0,55.0,YES,YES,UNKNOWN_ANALYSIS_IAQ200_VOC24.15ppm,32742.1,0,5.0,0.050,50
2026-06-25 06:22:21,31.56,68.53,1005.00,197.76,2167,21.917,52800,30.0,43.0,53.0,YES,YES,UNKNOWN_ANALYSIS_IAQ198_VOC21.92ppm,32752.5,0,5.0,0.050,50
2026-06-25 06:22:30,31.56,68.53,1005.00,197.76,2167,21.917,52800,31.0,44.0,55.0,YES,YES,UNKNOWN_ANALYSIS_IAQ198_VOC21.92ppm,32761.9,0,5.0,0.050,50
2026-06-25 06:22:41,31.56,68.53,1005.00,197.76,2167,21.917,52800,31.0,44.0,54.0,YES,YES,UNKNOWN_ANALYSIS_IAQ198_VOC21.92ppm,32772.4,0,5.0,0.050,50
2026-06-25 06:22:50,31.56,68.53,1005.00,197.76,2167,21.917,52800,30.0,44.0,54.0,YES,YES,UNKNOWN_ANALYSIS_IAQ198_VOC21.92ppm,32781.8,0,5.0,0.050,50
2026-06-25 06:23:00,31.56,68.53,1005.00,197.76,2167,21.917,52800,30.0,43.0,52.0,YES,YES,UNKNOWN_ANALYSIS_IAQ198_VOC21.92ppm,32792.2,0,5.0,0.050,50
2026-06-25 06:23:11,31.56,68.53,1005.00,197.76,2167,21.917,52800,30.0,43.0,52.0,YES,YES,UNKNOWN_ANALYSIS_IAQ198_VOC21.92ppm,32802.6,0,5.0,0.050,50
2026-06-25 06:23:20,31.56,68.53,1005.00,197.76,2167,21.917,52800,31.0,44.0,52.0,YES,YES,UNKNOWN_ANALYSIS_IAQ198_VOC21.92ppm,32812.0,0,5.0,0.050,50
2026-06-25 06:23:31,31.56,68.53,1005.00,197.76,2167,21.917,52800,30.0,44.0,52.0,YES,YES,UNKNOWN_ANALYSIS_IAQ198_VOC21.92ppm,32822.5,0,5.0,0.050,50
2026-06-25 06:23:40,31.56,68.53,1005.00,197.76,2167,21.917,52800,30.0,44.0,54.0,YES,YES,UNKNOWN_ANALYSIS_IAQ198_VOC21.92ppm,32831.9,0,5.0,0.050,50
2026-06-25 06:23:50,31.56,68.53,1005.00,197.76,2167,21.917,52800,30.0,43.0,52.0,YES,YES,UNKNOWN_ANALYSIS_IAQ198_VOC21.92ppm,32842.3,0,5.0,0.050,50
2026-06-25 06:24:01,31.56,68.53,1005.00,197.76,2167,21.917,52800,31.0,44.0,53.0,YES,YES,UNKNOWN_ANALYSIS_IAQ198_VOC21.92ppm,32852.7,0,5.0,0.050,50
2026-06-25 06:24:10,31.56,68.53,1005.00,197.76,2167,21.917,52800,31.0,45.0,54.0,YES,YES,UNKNOWN_ANALYSIS_IAQ198_VOC21.92ppm,32862.1,0,5.0,0.050,50
2026-06-25 06:24:21,31.56,68.53,1005.00,197.76,2167,21.917,52800,31.0,46.0,54.0,YES,YES,UNKNOWN_ANALYSIS_IAQ198_VOC21.92ppm,32872.6,0,5.0,0.050,50
2026-06-25 06:24:31,31.56,68.53,1005.00,197.76,2167,21.917,52800,31.0,46.0,55.0,YES,YES,UNKNOWN_ANALYSIS_IAQ198_VOC21.92ppm,32883.0,0,5.0,0.050,50
2026-06-25 06:24:41,31.56,68.53,1005.00,197.76,2167,21.917,52800,31.0,45.0,55.0,YES,YES,UNKNOWN_ANALYSIS_IAQ198_VOC21.92ppm,32892.4,0,5.0,0.050,50
2026-06-25 06:24:51,31.56,68.53,1005.00,197.76,2167,21.917,52800,31.0,45.0,56.0,YES,YES,UNKNOWN_ANALYSIS_IAQ198_VOC21.92ppm,32902.8,0,5.0,0.050,50
2026-06-25 06:25:00,31.56,68.53,1005.00,197.76,2167,21.917,52800,31.0,45.0,56.0,YES,YES,UNKNOWN_ANALYSIS_IAQ198_VOC21.92ppm,32912.2,0,5.0,0.050,50
2026-06-25 06:25:11,31.56,68.53,1005.00,197.76,2167,21.917,52800,31.0,45.0,56.0,YES,YES,UNKNOWN_ANALYSIS_IAQ198_VOC21.92ppm,32922.7,0,5.0,0.050,50
2026-06-25 06:25:21,31.56,68.53,1005.00,197.76,2167,21.917,52800,31.0,45.0,56.0,YES,YES,UNKNOWN_ANALYSIS_IAQ198_VOC21.92ppm,32933.1,0,5.0,0.050,50
2026-06-25 06:25:31,31.56,68.53,1005.00,197.76,2167,21.917,52800,33.0,46.0,57.0,YES,YES,UNKNOWN_ANALYSIS_IAQ198_VOC21.92ppm,32942.5,0,5.0,0.050,50
2026-06-25 06:25:41,31.56,68.53,1005.00,197.76,2167,21.917,52800,32.0,46.0,58.0,YES,YES,UNKNOWN_ANALYSIS_IAQ198_VOC21.92ppm,32952.9,0,5.0,0.050,50
2026-06-25 06:25:50,31.56,68.53,1005.00,197.76,2167,21.917,52800,32.0,45.0,57.0,YES,YES,UNKNOWN_ANALYSIS_IAQ198_VOC21.92ppm,32962.3,0,5.0,0.050,50
2026-06-25 06:26:01,31.56,68.53,1005.00,197.76,2167,21.917,52800,31.0,45.0,56.0,YES,YES,UNKNOWN_ANALYSIS_IAQ198_VOC21.92ppm,32972.8,0,5.0,0.050,50
2026-06-25 06:26:11,31.56,68.53,1005.00,197.76,2167,21.917,52800,31.0,45.0,56.0,YES,YES,UNKNOWN_ANALYSIS_IAQ198_VOC21.92ppm,32983.2,0,5.0,0.050,50
2026-06-25 06:26:21,31.56,68.53,1005.00,197.76,2167,21.917,52800,30.0,45.0,56.0,YES,YES,UNKNOWN_ANALYSIS_IAQ198_VOC21.92ppm,32992.6,0,5.0,0.050,50
2026-06-25 06:26:31,31.56,68.53,1005.00,197.76,2167,21.917,52800,31.0,45.0,57.0,YES,YES,UNKNOWN_ANALYSIS_IAQ198_VOC21.92ppm,33003.0,0,5.0,0.050,50
2026-06-25 06:26:42,31.56,68.53,1005.00,197.76,2167,21.917,52800,30.0,45.0,56.0,YES,YES,UNKNOWN_ANALYSIS_IAQ198_VOC21.92ppm,33013.5,0,5.0,0.050,50
2026-06-25 06:26:51,31.56,68.53,1005.00,197.76,2167,21.917,52800,31.0,46.0,56.0,YES,YES,UNKNOWN_ANALYSIS_IAQ198_VOC21.92ppm,33022.9,0,5.0,0.050,50
2026-06-25 06:27:01,31.56,68.53,1005.00,197.76,2167,21.917,52800,31.0,45.0,55.0,YES,YES,UNKNOWN_ANALYSIS_IAQ198_VOC21.92ppm,33033.3,0,5.0,0.050,50
2026-06-25 06:27:11,31.56,68.53,1005.00,197.76,2167,21.917,52800,31.0,45.0,55.0,YES,YES,UNKNOWN_ANALYSIS_IAQ198_VOC21.92ppm,33042.7,0,5.0,0.050,50
2026-06-25 06:27:21,31.52,68.64,1005.00,220.33,2903,116.122,46400,32.0,46.0,56.0,YES,YES,UNKNOWN_ANALYSIS_IAQ220_VOC116.12ppm,33053.1,0,5.0,0.050,50
2026-06-25 06:27:32,31.52,68.64,1005.00,220.33,2903,116.122,46400,31.0,45.0,56.0,YES,YES,UNKNOWN_ANALYSIS_IAQ220_VOC116.12ppm,33063.6,0,5.0,0.050,50
2026-06-25 06:27:41,31.52,68.64,1005.00,220.33,2903,116.122,46400,32.0,45.0,55.0,YES,YES,UNKNOWN_ANALYSIS_IAQ220_VOC116.12ppm,33073.0,0,5.0,0.050,50
2026-06-25 06:27:52,31.52,68.64,1005.00,220.33,2903,116.122,46400,32.0,44.0,53.0,YES,YES,UNKNOWN_ANALYSIS_IAQ220_VOC116.12ppm,33083.4,0,5.0,0.050,50
2026-06-25 06:28:01,31.52,68.64,1005.00,220.33,2903,116.122,46400,30.0,43.0,52.0,YES,YES,UNKNOWN_ANALYSIS_IAQ220_VOC116.12ppm,33092.8,0,5.0,0.050,50
2026-06-25 06:28:11,31.52,68.64,1005.00,220.33,2903,116.122,46400,31.0,44.0,53.0,YES,YES,UNKNOWN_ANALYSIS_IAQ220_VOC116.12ppm,33103.2,0,5.0,0.050,50
2026-06-25 06:28:22,31.52,68.64,1005.00,220.33,2903,116.122,46400,30.0,44.0,55.0,YES,YES,UNKNOWN_ANALYSIS_IAQ220_VOC116.12ppm,33113.7,0,5.0,0.050,50
2026-06-25 06:28:31,31.52,68.64,1005.00,220.33,2903,116.122,46400,32.0,45.0,57.0,YES,YES,UNKNOWN_ANALYSIS_IAQ220_VOC116.12ppm,33123.1,0,5.0,0.050,50
2026-06-25 06:28:42,31.52,68.64,1005.00,220.33,2903,116.122,46400,32.0,45.0,57.0,YES,YES,UNKNOWN_ANALYSIS_IAQ220_VOC116.12ppm,33133.5,0,5.0,0.050,50
2026-06-25 06:28:52,31.52,68.64,1005.00,220.33,2903,116.122,46400,31.0,44.0,56.0,YES,YES,UNKNOWN_ANALYSIS_IAQ220_VOC116.12ppm,33143.9,0,5.0,0.050,50
2026-06-25 06:29:01,31.52,68.64,1005.00,220.33,2903,116.122,46400,32.0,46.0,57.0,YES,YES,UNKNOWN_ANALYSIS_IAQ220_VOC116.12ppm,33153.3,0,5.0,0.050,50
2026-06-25 06:29:12,31.52,68.64,1005.00,220.33,2903,116.122,46400,33.0,46.0,57.0,YES,YES,UNKNOWN_ANALYSIS_IAQ220_VOC116.12ppm,33163.8,0,5.0,0.050,50
2026-06-25 06:29:21,31.52,68.64,1005.00,220.33,2903,116.122,46400,33.0,46.0,55.0,YES,YES,UNKNOWN_ANALYSIS_IAQ220_VOC116.12ppm,33173.2,0,5.0,0.050,50
2026-06-25 06:29:32,31.52,68.64,1005.00,220.33,2903,116.122,46400,32.0,46.0,55.0,YES,YES,UNKNOWN_ANALYSIS_IAQ220_VOC116.12ppm,33183.6,0,5.0,0.050,50
2026-06-25 06:29:42,31.52,68.64,1005.00,220.33,2903,116.122,46400,31.0,45.0,54.0,YES,YES,UNKNOWN_ANALYSIS_IAQ220_VOC116.12ppm,33194.1,0,5.0,0.050,50
2026-06-25 06:29:52,31.52,68.64,1005.00,220.33,2903,116.122,46400,32.0,46.0,54.0,YES,YES,UNKNOWN_ANALYSIS_IAQ220_VOC116.12ppm,33203.5,0,5.0,0.050,50
2026-06-25 06:30:02,31.52,68.64,1005.00,220.33,2903,116.122,46400,31.0,45.0,55.0,YES,YES,UNKNOWN_ANALYSIS_IAQ220_VOC116.12ppm,33213.9,0,5.0,0.050,50
2026-06-25 06:30:11,31.52,68.64,1005.00,220.33,2903,116.122,46400,32.0,46.0,57.0,YES,YES,UNKNOWN_ANALYSIS_IAQ220_VOC116.12ppm,33223.3,0,5.0,0.050,50
2026-06-25 06:30:22,31.52,68.64,1005.00,220.33,2903,116.122,46400,32.0,46.0,56.0,YES,YES,UNKNOWN_ANALYSIS_IAQ220_VOC116.12ppm,33233.7,0,5.0,0.050,50
2026-06-25 06:30:32,31.52,68.64,1005.00,220.33,2903,116.122,46400,32.0,46.0,56.0,YES,YES,UNKNOWN_ANALYSIS_IAQ220_VOC116.12ppm,33244.2,0,5.0,0.050,50
2026-06-25 06:30:42,31.52,68.64,1005.00,220.33,2903,116.122,46400,32.0,46.0,56.0,YES,YES,UNKNOWN_ANALYSIS_IAQ220_VOC116.12ppm,33253.6,0,5.0,0.050,50
2026-06-25 06:30:52,31.52,68.64,1005.00,220.33,2903,116.122,46400,31.0,45.0,56.0,YES,YES,UNKNOWN_ANALYSIS_IAQ220_VOC116.12ppm,33264.0,0,5.0,0.050,50
2026-06-25 06:31:02,31.52,68.64,1005.00,220.33,2903,116.122,46400,32.0,46.0,57.0,YES,YES,UNKNOWN_ANALYSIS_IAQ220_VOC116.12ppm,33273.4,0,5.0,0.050,50
2026-06-25 06:31:12,31.52,68.64,1005.00,220.33,2903,116.122,46400,32.0,45.0,56.0,YES,YES,UNKNOWN_ANALYSIS_IAQ220_VOC116.12ppm,33283.9,0,5.0,0.050,50
2026-06-25 06:31:22,31.52,68.64,1005.00,220.33,2903,116.122,46400,32.0,46.0,56.0,YES,YES,UNKNOWN_ANALYSIS_IAQ220_VOC116.12ppm,33294.3,0,5.0,0.050,50
2026-06-25 06:31:32,31.52,68.64,1005.00,220.33,2903,116.122,46400,31.0,45.0,56.0,YES,YES,UNKNOWN_ANALYSIS_IAQ220_VOC116.12ppm,33303.7,0,5.0,0.050,50
2026-06-25 06:31:42,31.52,68.64,1005.00,220.33,2903,116.122,46400,30.0,45.0,54.0,YES,YES,UNKNOWN_ANALYSIS_IAQ220_VOC116.12ppm,33314.1,0,5.0,0.050,50
2026-06-25 06:31:52,31.52,68.64,1005.00,220.33,2903,116.122,46400,31.0,45.0,55.0,YES,YES,UNKNOWN_ANALYSIS_IAQ220_VOC116.12ppm,33323.5,0,5.0,0.050,50
2026-06-25 06:32:02,31.52,68.64,1005.00,220.33,2903,116.122,46400,30.0,44.0,54.0,YES,YES,UNKNOWN_ANALYSIS_IAQ220_VOC116.12ppm,33334.0,0,5.0,0.050,50
2026-06-25 06:32:13,31.56,68.61,1005.00,200.00,3000,144.660,45400,31.0,45.0,55.0,YES,YES,UNKNOWN_ANALYSIS_IAQ200_VOC144.66ppm,33344.4,0,5.0,0.050,50
2026-06-25 06:32:22,31.56,68.61,1005.00,200.00,3000,144.660,45400,29.0,43.0,53.0,YES,YES,UNKNOWN_ANALYSIS_IAQ200_VOC144.66ppm,33353.8,0,5.0,0.050,50
2026-06-25 06:32:32,31.56,68.61,1005.00,200.00,3000,144.660,45400,30.0,45.0,55.0,YES,YES,UNKNOWN_ANALYSIS_IAQ200_VOC144.66ppm,33364.2,0,5.0,0.050,50
2026-06-25 06:32:42,31.56,68.61,1005.00,200.00,3000,144.660,45400,30.0,44.0,54.0,YES,YES,UNKNOWN_ANALYSIS_IAQ200_VOC144.66ppm,33373.6,0,5.0,0.050,50
2026-06-25 06:32:52,31.56,68.61,1005.00,200.00,3000,144.660,45400,30.0,43.0,54.0,YES,YES,UNKNOWN_ANALYSIS_IAQ200_VOC144.66ppm,33384.1,0,5.0,0.050,50
2026-06-25 06:33:03,31.56,68.61,1005.00,200.00,3000,144.660,45400,30.0,45.0,54.0,YES,YES,UNKNOWN_ANALYSIS_IAQ200_VOC144.66ppm,33394.5,0,5.0,0.050,50
2026-06-25 06:33:12,31.56,68.61,1005.00,200.00,3000,144.660,45400,30.0,44.0,53.0,YES,YES,UNKNOWN_ANALYSIS_IAQ200_VOC144.66ppm,33403.9,0,5.0,0.050,50
2026-06-25 06:33:22,31.56,68.61,1005.00,200.00,3000,144.660,45400,30.0,43.0,52.0,YES,YES,UNKNOWN_ANALYSIS_IAQ200_VOC144.66ppm,33414.4,0,5.0,0.050,50
PMS7003: Unknown error
2026-06-25 06:33:32,31.56,68.61,1005.00,200.00,3000,144.660,45400,30.0,43.0,52.0,YES,YES,UNKNOWN_ANALYSIS_IAQ200_VOC144.66ppm,33423.7,0,5.0,0.050,50
2026-06-25 06:33:42,31.56,68.61,1005.00,200.00,3000,144.660,45400,31.0,43.0,52.0,YES,YES,UNKNOWN_ANALYSIS_IAQ200_VOC144.66ppm,33434.2,0,5.0,0.050,50
2026-06-25 06:33:53,31.56,68.61,1005.00,200.00,3000,144.660,45400,29.0,42.0,51.0,YES,YES,UNKNOWN_ANALYSIS_IAQ200_VOC144.66ppm,33444.6,0,5.0,0.050,50
2026-06-25 06:34:02,31.56,68.61,1005.00,200.00,3000,144.660,45400,30.0,42.0,52.0,YES,YES,UNKNOWN_ANALYSIS_IAQ200_VOC144.66ppm,33454.0,0,5.0,0.050,50
2026-06-25 06:34:13,31.56,68.61,1005.00,200.00,3000,144.660,45400,29.0,42.0,50.0,YES,YES,UNKNOWN_ANALYSIS_IAQ200_VOC144.66ppm,33464.5,0,5.0,0.050,50
PMS7003: Unknown error
2026-06-25 06:34:22,31.56,68.61,1005.00,200.00,3000,144.660,45400,29.0,42.0,50.0,YES,YES,UNKNOWN_ANALYSIS_IAQ200_VOC144.66ppm,33473.9,0,5.0,0.050,50
2026-06-25 06:34:32,31.56,68.61,1005.00,200.00,3000,144.660,45400,30.0,43.0,52.0,YES,YES,UNKNOWN_ANALYSIS_IAQ200_VOC144.66ppm,33484.3,0,5.0,0.050,50
2026-06-25 06:34:43,31.56,68.61,1005.00,200.00,3000,144.660,45400,29.0,42.0,51.0,YES,YES,UNKNOWN_ANALYSIS_IAQ200_VOC144.66ppm,33494.7,0,5.0,0.050,50
2026-06-25 06:34:52,31.56,68.61,1005.00,200.00,3000,144.660,45400,31.0,43.0,53.0,YES,YES,UNKNOWN_ANALYSIS_IAQ200_VOC144.66ppm,33504.1,0,5.0,0.050,50
2026-06-25 06:35:03,31.56,68.61,1005.00,200.00,3000,144.660,45400,30.0,43.0,52.0,YES,YES,UNKNOWN_ANALYSIS_IAQ200_VOC144.66ppm,33514.6,0,5.0,0.050,50
2026-06-25 06:35:13,31.56,68.61,1005.00,200.00,3000,144.660,45400,31.0,43.0,53.0,YES,YES,UNKNOWN_ANALYSIS_IAQ200_VOC144.66ppm,33525.0,0,5.0,0.050,50
2026-06-25 06:35:23,31.56,68.61,1005.00,200.00,3000,144.660,45400,29.0,42.0,51.0,YES,YES,UNKNOWN_ANALYSIS_IAQ200_VOC144.66ppm,33534.4,0,5.0,0.050,50
2026-06-25 06:35:33,31.56,68.61,1005.00,200.00,3000,144.660,45400,30.0,43.0,53.0,YES,YES,UNKNOWN_ANALYSIS_IAQ200_VOC144.66ppm,33544.9,0,5.0,0.050,50
2026-06-25 06:35:42,31.56,68.61,1005.00,200.00,3000,144.660,45400,31.0,43.0,54.0,YES,YES,UNKNOWN_ANALYSIS_IAQ200_VOC144.66ppm,33554.3,0,5.0,0.050,50
2026-06-25 06:35:53,31.56,68.61,1005.00,200.00,3000,144.660,45400,31.0,43.0,54.0,YES,YES,UNKNOWN_ANALYSIS_IAQ200_VOC144.66ppm,33564.7,0,5.0,0.050,50
2026-06-25 06:36:03,31.56,68.61,1005.00,200.00,3000,144.660,45400,31.0,44.0,52.0,YES,YES,UNKNOWN_ANALYSIS_IAQ200_VOC144.66ppm,33575.2,0,5.0,0.050,50
2026-06-25 06:36:13,31.56,68.61,1005.00,200.00,3000,144.660,45400,30.0,43.0,52.0,YES,YES,UNKNOWN_ANALYSIS_IAQ200_VOC144.66ppm,33584.5,0,5.0,0.050,50
2026-06-25 06:36:23,31.56,68.61,1005.00,200.00,3000,144.660,45400,29.0,43.0,53.0,YES,YES,UNKNOWN_ANALYSIS_IAQ200_VOC144.66ppm,33595.0,0,5.0,0.050,50
2026-06-25 06:36:33,31.56,68.61,1005.00,200.00,3000,144.660,45400,29.0,43.0,51.0,YES,YES,UNKNOWN_ANALYSIS_IAQ200_VOC144.66ppm,33604.4,0,5.0,0.050,50
2026-06-25 06:36:43,31.56,68.61,1005.00,200.00,3000,144.660,45400,30.0,43.0,52.0,YES,YES,UNKNOWN_ANALYSIS_IAQ200_VOC144.66ppm,33614.8,0,5.0,0.050,50
2026-06-25 06:36:53,31.56,68.61,1005.00,200.00,3000,144.660,45400,29.0,41.0,51.0,YES,YES,UNKNOWN_ANALYSIS_IAQ200_VOC144.66ppm,33625.3,0,5.0,0.050,50
2026-06-25 06:37:03,31.56,68.61,1005.00,200.00,3000,144.660,45400,30.0,42.0,51.0,YES,YES,UNKNOWN_ANALYSIS_IAQ200_VOC144.66ppm,33634.7,0,5.0,0.050,50
2026-06-25 06:37:13,31.55,68.64,1005.00,200.00,3051,162.679,44800,30.0,42.0,51.0,YES,YES,UNKNOWN_ANALYSIS_IAQ200_VOC162.68ppm,33645.1,0,5.0,0.050,50
2026-06-25 06:37:24,31.55,68.64,1005.00,200.00,3051,162.679,44800,29.0,42.0,51.0,YES,YES,UNKNOWN_ANALYSIS_IAQ200_VOC162.68ppm,33655.5,0,5.0,0.050,50
2026-06-25 06:37:33,31.55,68.64,1005.00,200.00,3051,162.679,44800,29.0,42.0,50.0,YES,YES,UNKNOWN_ANALYSIS_IAQ200_VOC162.68ppm,33664.9,0,5.0,0.050,50
2026-06-25 06:37:44,31.55,68.64,1005.00,200.00,3051,162.679,44800,29.0,42.0,50.0,YES,YES,UNKNOWN_ANALYSIS_IAQ200_VOC162.68ppm,33675.4,0,5.0,0.050,50
2026-06-25 06:37:53,31.55,68.64,1005.00,200.00,3051,162.679,44800,30.0,42.0,50.0,YES,YES,UNKNOWN_ANALYSIS_IAQ200_VOC162.68ppm,33684.8,0,5.0,0.050,50
2026-06-25 06:38:03,31.55,68.64,1005.00,200.00,3051,162.679,44800,29.0,42.0,50.0,YES,YES,UNKNOWN_ANALYSIS_IAQ200_VOC162.68ppm,33695.2,0,5.0,0.050,50
2026-06-25 06:38:14,31.55,68.64,1005.00,200.00,3051,162.679,44800,29.0,42.0,50.0,YES,YES,UNKNOWN_ANALYSIS_IAQ200_VOC162.68ppm,33705.7,0,5.0,0.050,50
2026-06-25 06:38:23,31.55,68.64,1005.00,200.00,3051,162.679,44800,29.0,41.0,50.0,YES,YES,UNKNOWN_ANALYSIS_IAQ200_VOC162.68ppm,33715.1,0,5.0,0.050,50
2026-06-25 06:38:34,31.55,68.64,1005.00,200.00,3051,162.679,44800,28.0,41.0,49.0,YES,YES,UNKNOWN_ANALYSIS_IAQ200_VOC162.68ppm,33725.5,0,5.0,0.050,50
2026-06-25 06:38:43,31.55,68.64,1005.00,200.00,3051,162.679,44800,28.0,40.0,48.0,YES,YES,UNKNOWN_ANALYSIS_IAQ200_VOC162.68ppm,33734.9,0,5.0,0.050,50
2026-06-25 06:38:53,31.55,68.64,1005.00,200.00,3051,162.679,44800,27.0,39.0,47.0,YES,YES,UNKNOWN_ANALYSIS_IAQ200_VOC162.68ppm,33745.3,0,5.0,0.050,50
2026-06-25 06:39:04,31.55,68.64,1005.00,200.00,3051,162.679,44800,28.0,42.0,49.0,YES,YES,UNKNOWN_ANALYSIS_IAQ200_VOC162.68ppm,33755.8,0,5.0,0.050,50
2026-06-25 06:39:13,31.55,68.64,1005.00,200.00,3051,162.679,44800,27.0,40.0,48.0,YES,YES,UNKNOWN_ANALYSIS_IAQ200_VOC162.68ppm,33765.2,0,5.0,0.050,50
2026-06-25 06:39:24,31.55,68.64,1005.00,200.00,3051,162.679,44800,29.0,41.0,49.0,YES,YES,UNKNOWN_ANALYSIS_IAQ200_VOC162.68ppm,33775.6,0,5.0,0.050,50
2026-06-25 06:39:33,31.55,68.64,1005.00,200.00,3051,162.679,44800,29.0,41.0,49.0,YES,YES,UNKNOWN_ANALYSIS_IAQ200_VOC162.68ppm,33785.0,0,5.0,0.050,50
2026-06-25 06:39:44,31.55,68.64,1005.00,200.00,3051,162.679,44800,28.0,40.0,48.0,YES,YES,UNKNOWN_ANALYSIS_IAQ200_VOC162.68ppm,33795.5,0,5.0,0.050,50
2026-06-25 06:39:54,31.55,68.64,1005.00,200.00,3051,162.679,44800,29.0,41.0,49.0,YES,YES,UNKNOWN_ANALYSIS_IAQ200_VOC162.68ppm,33805.9,0,5.0,0.050,50
2026-06-25 06:40:03,31.55,68.64,1005.00,200.00,3051,162.679,44800,28.0,41.0,49.0,YES,YES,UNKNOWN_ANALYSIS_IAQ200_VOC162.68ppm,33815.3,0,5.0,0.050,50
2026-06-25 06:40:14,31.55,68.64,1005.00,200.00,3051,162.679,44800,27.0,40.0,48.0,YES,YES,UNKNOWN_ANALYSIS_IAQ200_VOC162.68ppm,33825.7,0,5.0,0.050,50
2026-06-25 06:40:24,31.55,68.64,1005.00,200.00,3051,162.679,44800,28.0,41.0,50.0,YES,YES,UNKNOWN_ANALYSIS_IAQ200_VOC162.68ppm,33836.2,0,5.0,0.050,50
2026-06-25 06:40:34,31.55,68.64,1005.00,200.00,3051,162.679,44800,27.0,39.0,49.0,YES,YES,UNKNOWN_ANALYSIS_IAQ200_VOC162.68ppm,33845.6,0,5.0,0.050,50
2026-06-25 06:40:44,31.55,68.64,1005.00,200.00,3051,162.679,44800,27.0,39.0,49.0,YES,YES,UNKNOWN_ANALYSIS_IAQ200_VOC162.68ppm,33856.0,0,5.0,0.050,50
2026-06-25 06:40:54,31.55,68.64,1005.00,200.00,3051,162.679,44800,28.0,41.0,49.0,YES,YES,UNKNOWN_ANALYSIS_IAQ200_VOC162.68ppm,33865.4,0,5.0,0.050,50
2026-06-25 06:41:04,31.55,68.64,1005.00,200.00,3051,162.679,44800,28.0,41.0,49.0,YES,YES,UNKNOWN_ANALYSIS_IAQ200_VOC162.68ppm,33875.9,0,5.0,0.050,50
2026-06-25 06:41:14,31.55,68.64,1005.00,200.00,3051,162.679,44800,28.0,41.0,49.0,YES,YES,UNKNOWN_ANALYSIS_IAQ200_VOC162.68ppm,33886.3,0,5.0,0.050,50
2026-06-25 06:41:24,31.55,68.64,1005.00,200.00,3051,162.679,44800,27.0,40.0,49.0,YES,YES,UNKNOWN_ANALYSIS_IAQ200_VOC162.68ppm,33895.7,0,5.0,0.050,50
2026-06-25 06:41:34,31.55,68.64,1005.00,200.00,3051,162.679,44800,27.0,41.0,49.0,YES,YES,UNKNOWN_ANALYSIS_IAQ200_VOC162.68ppm,33906.2,0,5.0,0.050,50
2026-06-25 06:41:44,31.55,68.64,1005.00,200.00,3051,162.679,44800,28.0,41.0,50.0,YES,YES,UNKNOWN_ANALYSIS_IAQ200_VOC162.68ppm,33915.5,0,5.0,0.050,50
2026-06-25 06:41:54,31.55,68.64,1005.00,200.00,3051,162.679,44800,27.0,41.0,48.0,YES,YES,UNKNOWN_ANALYSIS_IAQ200_VOC162.68ppm,33926.0,0,5.0,0.050,50
2026-06-25 06:42:05,31.55,68.64,1005.00,200.00,3051,162.679,44800,28.0,40.0,49.0,YES,YES,UNKNOWN_ANALYSIS_IAQ200_VOC162.68ppm,33936.4,0,5.0,0.050,50
2026-06-25 06:42:14,31.53,68.63,1005.00,200.00,3067,168.647,44500,29.0,41.0,50.0,YES,YES,UNKNOWN_ANALYSIS_IAQ200_VOC168.65ppm,33945.8,0,5.0,0.050,50
2026-06-25 06:42:24,31.53,68.63,1005.00,200.00,3067,168.647,44500,28.0,40.0,49.0,YES,YES,UNKNOWN_ANALYSIS_IAQ200_VOC168.65ppm,33956.3,0,5.0,0.050,50
2026-06-25 06:42:34,31.53,68.63,1005.00,200.00,3067,168.647,44500,28.0,40.0,48.0,YES,YES,UNKNOWN_ANALYSIS_IAQ200_VOC168.65ppm,33965.7,0,5.0,0.050,50
2026-06-25 06:42:44,31.53,68.63,1005.00,200.00,3067,168.647,44500,28.0,40.0,48.0,YES,YES,UNKNOWN_ANALYSIS_IAQ200_VOC168.65ppm,33976.1,0,5.0,0.050,50
2026-06-25 06:42:55,31.53,68.63,1005.00,200.00,3067,168.647,44500,27.0,39.0,46.0,YES,YES,UNKNOWN_ANALYSIS_IAQ200_VOC168.65ppm,33986.5,0,5.0,0.050,50
2026-06-25 06:43:04,31.53,68.63,1005.00,200.00,3067,168.647,44500,28.0,40.0,47.0,YES,YES,UNKNOWN_ANALYSIS_IAQ200_VOC168.65ppm,33995.9,0,5.0,0.050,50
2026-06-25 06:43:15,31.53,68.63,1005.00,200.00,3067,168.647,44500,27.0,38.0,46.0,YES,YES,UNKNOWN_ANALYSIS_IAQ200_VOC168.65ppm,34006.4,0,5.0,0.050,50
2026-06-25 06:43:24,31.53,68.63,1005.00,200.00,3067,168.647,44500,28.0,38.0,47.0,YES,YES,UNKNOWN_ANALYSIS_IAQ200_VOC168.65ppm,34015.8,0,5.0,0.050,50
2026-06-25 06:43:34,31.53,68.63,1005.00,200.00,3067,168.647,44500,27.0,37.0,46.0,YES,YES,UNKNOWN_ANALYSIS_IAQ200_VOC168.65ppm,34026.2,0,5.0,0.050,50
2026-06-25 06:43:45,31.53,68.63,1005.00,200.00,3067,168.647,44500,28.0,38.0,48.0,YES,YES,UNKNOWN_ANALYSIS_IAQ200_VOC168.65ppm,34036.6,0,5.0,0.050,50
2026-06-25 06:43:54,31.53,68.63,1005.00,200.00,3067,168.647,44500,27.0,37.0,48.0,YES,YES,UNKNOWN_ANALYSIS_IAQ200_VOC168.65ppm,34046.0,0,5.0,0.050,50
2026-06-25 06:44:05,31.53,68.63,1005.00,200.00,3067,168.647,44500,28.0,39.0,49.0,YES,YES,UNKNOWN_ANALYSIS_IAQ200_VOC168.65ppm,34056.5,0,5.0,0.050,50
2026-06-25 06:44:15,31.53,68.63,1005.00,200.00,3067,168.647,44500,28.0,39.0,50.0,YES,YES,UNKNOWN_ANALYSIS_IAQ200_VOC168.65ppm,34066.9,0,5.0,0.050,50
2026-06-25 06:44:24,31.53,68.63,1005.00,200.00,3067,168.647,44500,28.0,39.0,49.0,YES,YES,UNKNOWN_ANALYSIS_IAQ200_VOC168.65ppm,34076.3,0,5.0,0.050,50
2026-06-25 06:44:35,31.53,68.63,1005.00,200.00,3067,168.647,44500,27.0,39.0,48.0,YES,YES,UNKNOWN_ANALYSIS_IAQ200_VOC168.65ppm,34086.8,0,5.0,0.050,50
2026-06-25 06:44:44,31.53,68.63,1005.00,200.00,3067,168.647,44500,27.0,40.0,49.0,YES,YES,UNKNOWN_ANALYSIS_IAQ200_VOC168.65ppm,34096.2,0,5.0,0.050,50
2026-06-25 06:44:55,31.53,68.63,1005.00,200.00,3067,168.647,44500,27.0,39.0,47.0,YES,YES,UNKNOWN_ANALYSIS_IAQ200_VOC168.65ppm,34106.6,0,5.0,0.050,50
2026-06-25 06:45:05,31.53,68.63,1005.00,200.00,3067,168.647,44500,28.0,40.0,47.0,YES,YES,UNKNOWN_ANALYSIS_IAQ200_VOC168.65ppm,34117.1,0,5.0,0.050,50
2026-06-25 06:45:15,31.53,68.63,1005.00,200.00,3067,168.647,44500,28.0,39.0,47.0,YES,YES,UNKNOWN_ANALYSIS_IAQ200_VOC168.65ppm,34126.4,0,5.0,0.050,50
2026-06-25 06:45:25,31.53,68.63,1005.00,200.00,3067,168.647,44500,28.0,39.0,47.0,YES,YES,UNKNOWN_ANALYSIS_IAQ200_VOC168.65ppm,34136.9,0,5.0,0.050,50
2026-06-25 06:45:34,31.53,68.63,1005.00,200.00,3067,168.647,44500,27.0,38.0,47.0,YES,YES,UNKNOWN_ANALYSIS_IAQ200_VOC168.65ppm,34146.3,0,5.0,0.050,50
2026-06-25 06:45:45,31.53,68.63,1005.00,200.00,3067,168.647,44500,28.0,40.0,49.0,YES,YES,UNKNOWN_ANALYSIS_IAQ200_VOC168.65ppm,34156.7,0,5.0,0.050,50
2026-06-25 06:45:55,31.53,68.63,1005.00,200.00,3067,168.647,44500,27.0,39.0,47.0,YES,YES,UNKNOWN_ANALYSIS_IAQ200_VOC168.65ppm,34167.2,0,5.0,0.050,50
2026-06-25 06:46:05,31.53,68.63,1005.00,200.00,3067,168.647,44500,28.0,39.0,47.0,YES,YES,UNKNOWN_ANALYSIS_IAQ200_VOC168.65ppm,34176.6,0,5.0,0.050,50
2026-06-25 06:46:15,31.53,68.63,1005.00,200.00,3067,168.647,44500,27.0,38.0,46.0,YES,YES,UNKNOWN_ANALYSIS_IAQ200_VOC168.65ppm,34187.0,0,5.0,0.050,50
2026-06-25 06:46:26,31.53,68.63,1005.00,200.00,3067,168.647,44500,28.0,40.0,48.0,YES,YES,UNKNOWN_ANALYSIS_IAQ200_VOC168.65ppm,34197.5,0,5.0,0.050,50
2026-06-25 06:46:35,31.53,68.63,1005.00,200.00,3067,168.647,44500,28.0,39.0,48.0,YES,YES,UNKNOWN_ANALYSIS_IAQ200_VOC168.65ppm,34206.9,0,5.0,0.050,50
2026-06-25 06:46:45,31.53,68.63,1005.00,200.00,3067,168.647,44500,27.0,38.0,46.0,YES,YES,UNKNOWN_ANALYSIS_IAQ200_VOC168.65ppm,34217.3,0,5.0,0.050,50
2026-06-25 06:46:55,31.53,68.63,1005.00,200.00,3067,168.647,44500,26.0,37.0,46.0,YES,YES,UNKNOWN_ANALYSIS_IAQ200_VOC168.65ppm,34226.7,0,5.0,0.050,50
2026-06-25 06:47:05,31.53,68.63,1005.00,200.00,3067,168.647,44500,27.0,37.0,46.0,YES,YES,UNKNOWN_ANALYSIS_IAQ200_VOC168.65ppm,34237.1,0,5.0,0.050,50
2026-06-25 06:47:16,31.63,68.65,1005.00,200.00,3078,172.656,44100,27.0,38.0,46.0,YES,YES,UNKNOWN_ANALYSIS_IAQ200_VOC172.66ppm,34247.6,0,5.0,0.050,50
2026-06-25 06:47:25,31.63,68.65,1005.00,200.00,3078,172.656,44100,28.0,39.0,46.0,YES,YES,UNKNOWN_ANALYSIS_IAQ200_VOC172.66ppm,34257.0,0,5.0,0.050,50
2026-06-25 06:47:36,31.63,68.65,1005.00,200.00,3078,172.656,44100,27.0,38.0,45.0,YES,YES,UNKNOWN_ANALYSIS_IAQ200_VOC172.66ppm,34267.4,0,5.0,0.050,50
2026-06-25 06:47:45,31.63,68.65,1005.00,200.00,3078,172.656,44100,28.0,39.0,46.0,YES,YES,UNKNOWN_ANALYSIS_IAQ200_VOC172.66ppm,34276.8,0,5.0,0.050,50
2026-06-25 06:47:55,31.63,68.65,1005.00,200.00,3078,172.656,44100,27.0,38.0,45.0,YES,YES,UNKNOWN_ANALYSIS_IAQ200_VOC172.66ppm,34287.3,0,5.0,0.050,50
2026-06-25 06:48:06,31.63,68.65,1005.00,200.00,3078,172.656,44100,28.0,38.0,45.0,YES,YES,UNKNOWN_ANALYSIS_IAQ200_VOC172.66ppm,34297.7,0,5.0,0.050,50
2026-06-25 06:48:15,31.63,68.65,1005.00,200.00,3078,172.656,44100,28.0,39.0,45.0,YES,YES,UNKNOWN_ANALYSIS_IAQ200_VOC172.66ppm,34307.1,0,5.0,0.050,50
2026-06-25 06:48:26,31.63,68.65,1005.00,200.00,3078,172.656,44100,27.0,38.0,46.0,YES,YES,UNKNOWN_ANALYSIS_IAQ200_VOC172.66ppm,34317.5,0,5.0,0.050,50
2026-06-25 06:48:36,31.63,68.65,1005.00,200.00,3078,172.656,44100,26.0,37.0,45.0,YES,YES,UNKNOWN_ANALYSIS_IAQ200_VOC172.66ppm,34328.0,0,5.0,0.050,50
2026-06-25 06:48:46,31.63,68.65,1005.00,200.00,3078,172.656,44100,27.0,38.0,45.0,YES,YES,UNKNOWN_ANALYSIS_IAQ200_VOC172.66ppm,34337.4,0,5.0,0.050,50
2026-06-25 06:48:56,31.63,68.65,1005.00,200.00,3078,172.656,44100,27.0,38.0,45.0,YES,YES,UNKNOWN_ANALYSIS_IAQ200_VOC172.66ppm,34347.8,0,5.0,0.050,50
2026-06-25 06:49:05,31.63,68.65,1005.00,200.00,3078,172.656,44100,26.0,37.0,44.0,YES,YES,UNKNOWN_ANALYSIS_IAQ200_VOC172.66ppm,34357.2,0,5.0,0.050,50
2026-06-25 06:49:16,31.63,68.65,1005.00,200.00,3078,172.656,44100,26.0,37.0,44.0,YES,YES,UNKNOWN_ANALYSIS_IAQ200_VOC172.66ppm,34367.6,0,5.0,0.050,50
2026-06-25 06:49:26,31.63,68.65,1005.00,200.00,3078,172.656,44100,27.0,38.0,44.0,YES,YES,UNKNOWN_ANALYSIS_IAQ200_VOC172.66ppm,34378.1,0,5.0,0.050,50
2026-06-25 06:49:36,31.63,68.65,1005.00,200.00,3078,172.656,44100,27.0,38.0,44.0,YES,YES,UNKNOWN_ANALYSIS_IAQ200_VOC172.66ppm,34387.5,0,5.0,0.050,50
2026-06-25 06:49:46,31.63,68.65,1005.00,200.00,3078,172.656,44100,27.0,38.0,45.0,YES,YES,UNKNOWN_ANALYSIS_IAQ200_VOC172.66ppm,34397.9,0,5.0,0.050,50
2026-06-25 06:49:55,31.63,68.65,1005.00,200.00,3078,172.656,44100,28.0,38.0,45.0,YES,YES,UNKNOWN_ANALYSIS_IAQ200_VOC172.66ppm,34407.3,0,5.0,0.050,50
2026-06-25 06:50:06,31.63,68.65,1005.00,200.00,3078,172.656,44100,27.0,37.0,44.0,YES,YES,UNKNOWN_ANALYSIS_IAQ200_VOC172.66ppm,34417.8,0,5.0,0.050,50
2026-06-25 06:50:16,31.63,68.65,1005.00,200.00,3078,172.656,44100,27.0,38.0,46.0,YES,YES,UNKNOWN_ANALYSIS_IAQ200_VOC172.66ppm,34428.2,0,5.0,0.050,50
2026-06-25 06:50:26,31.63,68.65,1005.00,200.00,3078,172.656,44100,28.0,40.0,48.0,YES,YES,UNKNOWN_ANALYSIS_IAQ200_VOC172.66ppm,34437.6,0,5.0,0.050,50
2026-06-25 06:50:36,31.63,68.65,1005.00,200.00,3078,172.656,44100,28.0,40.0,48.0,YES,YES,UNKNOWN_ANALYSIS_IAQ200_VOC172.66ppm,34448.0,0,5.0,0.050,50
2026-06-25 06:50:46,31.63,68.65,1005.00,200.00,3078,172.656,44100,27.0,38.0,46.0,YES,YES,UNKNOWN_ANALYSIS_IAQ200_VOC172.66ppm,34457.4,0,5.0,0.050,50
2026-06-25 06:50:56,31.63,68.65,1005.00,200.00,3078,172.656,44100,28.0,39.0,46.0,YES,YES,UNKNOWN_ANALYSIS_IAQ200_VOC172.66ppm,34467.9,0,5.0,0.050,50
2026-06-25 06:51:06,31.63,68.65,1005.00,200.00,3078,172.656,44100,28.0,40.0,47.0,YES,YES,UNKNOWN_ANALYSIS_IAQ200_VOC172.66ppm,34478.3,0,5.0,0.050,50
2026-06-25 06:51:16,31.63,68.65,1005.00,200.00,3078,172.656,44100,27.0,39.0,46.0,YES,YES,UNKNOWN_ANALYSIS_IAQ200_VOC172.66ppm,34487.7,0,5.0,0.050,50
2026-06-25 06:51:26,31.63,68.65,1005.00,200.00,3078,172.656,44100,27.0,38.0,47.0,YES,YES,UNKNOWN_ANALYSIS_IAQ200_VOC172.66ppm,34498.1,0,5.0,0.050,50
2026-06-25 06:51:36,31.63,68.65,1005.00,200.00,3078,172.656,44100,28.0,39.0,47.0,YES,YES,UNKNOWN_ANALYSIS_IAQ200_VOC172.66ppm,34507.5,0,5.0,0.050,50
2026-06-25 06:51:46,31.63,68.65,1005.00,200.00,3078,172.656,44100,28.0,39.0,47.0,YES,YES,UNKNOWN_ANALYSIS_IAQ200_VOC172.66ppm,34518.0,0,5.0,0.050,50
2026-06-25 06:51:57,31.63,68.65,1005.00,200.00,3078,172.656,44100,28.0,39.0,48.0,YES,YES,UNKNOWN_ANALYSIS_IAQ200_VOC172.66ppm,34528.4,0,5.0,0.050,50
2026-06-25 06:52:06,31.63,68.65,1005.00,200.00,3078,172.656,44100,27.0,38.0,46.0,YES,YES,UNKNOWN_ANALYSIS_IAQ200_VOC172.66ppm,34537.8,0,5.0,0.050,50
2026-06-25 06:52:16,31.62,68.60,1005.00,197.87,3015,149.761,44400,28.0,38.0,46.0,YES,YES,UNKNOWN_ANALYSIS_IAQ198_VOC149.76ppm,34548.2,0,5.0,0.050,50
2026-06-25 06:52:26,31.62,68.60,1005.00,197.87,3015,149.761,44400,28.0,39.0,47.0,YES,YES,UNKNOWN_ANALYSIS_IAQ198_VOC149.76ppm,34557.6,0,5.0,0.050,50
2026-06-25 06:52:36,31.62,68.60,1005.00,197.87,3015,149.761,44400,28.0,40.0,47.0,YES,YES,UNKNOWN_ANALYSIS_IAQ198_VOC149.76ppm,34568.1,0,5.0,0.050,50
2026-06-25 06:52:47,31.62,68.60,1005.00,197.87,3015,149.761,44400,27.0,39.0,46.0,YES,YES,UNKNOWN_ANALYSIS_IAQ198_VOC149.76ppm,34578.5,0,5.0,0.050,50
2026-06-25 06:52:56,31.62,68.60,1005.00,197.87,3015,149.761,44400,27.0,39.0,47.0,YES,YES,UNKNOWN_ANALYSIS_IAQ198_VOC149.76ppm,34587.9,0,5.0,0.050,50
2026-06-25 06:53:06,31.62,68.60,1005.00,197.87,3015,149.761,44400,29.0,40.0,48.0,YES,YES,UNKNOWN_ANALYSIS_IAQ198_VOC149.76ppm,34598.3,0,5.0,0.050,50
2026-06-25 06:53:16,31.62,68.60,1005.00,197.87,3015,149.761,44400,28.0,39.0,47.0,YES,YES,UNKNOWN_ANALYSIS_IAQ198_VOC149.76ppm,34607.7,0,5.0,0.050,50
2026-06-25 06:53:26,31.62,68.60,1005.00,197.87,3015,149.761,44400,28.0,39.0,46.0,YES,YES,UNKNOWN_ANALYSIS_IAQ198_VOC149.76ppm,34618.2,0,5.0,0.050,50
2026-06-25 06:53:37,31.62,68.60,1005.00,197.87,3015,149.761,44400,27.0,39.0,46.0,YES,YES,UNKNOWN_ANALYSIS_IAQ198_VOC149.76ppm,34628.6,0,5.0,0.050,50
2026-06-25 06:53:46,31.62,68.60,1005.00,197.87,3015,149.761,44400,27.0,39.0,48.0,YES,YES,UNKNOWN_ANALYSIS_IAQ198_VOC149.76ppm,34638.0,0,5.0,0.050,50
2026-06-25 06:53:57,31.62,68.60,1005.00,197.87,3015,149.761,44400,28.0,40.0,49.0,YES,YES,UNKNOWN_ANALYSIS_IAQ198_VOC149.76ppm,34648.5,0,5.0,0.050,50
2026-06-25 06:54:07,31.62,68.60,1005.00,197.87,3015,149.761,44400,28.0,39.0,48.0,YES,YES,UNKNOWN_ANALYSIS_IAQ198_VOC149.76ppm,34658.9,0,5.0,0.050,50
2026-06-25 06:54:16,31.62,68.60,1005.00,197.87,3015,149.761,44400,28.0,40.0,49.0,YES,YES,UNKNOWN_ANALYSIS_IAQ198_VOC149.76ppm,34668.3,0,5.0,0.050,50
2026-06-25 06:54:27,31.62,68.60,1005.00,197.87,3015,149.761,44400,27.0,38.0,47.0,YES,YES,UNKNOWN_ANALYSIS_IAQ198_VOC149.76ppm,34678.7,0,5.0,0.050,50
2026-06-25 06:54:36,31.62,68.60,1005.00,197.87,3015,149.761,44400,27.0,38.0,48.0,YES,YES,UNKNOWN_ANALYSIS_IAQ198_VOC149.76ppm,34688.1,0,5.0,0.050,50
2026-06-25 06:54:47,31.62,68.60,1005.00,197.87,3015,149.761,44400,28.0,40.0,49.0,YES,YES,UNKNOWN_ANALYSIS_IAQ198_VOC149.76ppm,34698.6,0,5.0,0.050,50
2026-06-25 06:54:57,31.62,68.60,1005.00,197.87,3015,149.761,44400,27.0,39.0,47.0,YES,YES,UNKNOWN_ANALYSIS_IAQ198_VOC149.76ppm,34709.0,0,5.0,0.050,50
2026-06-25 06:55:07,31.62,68.60,1005.00,197.87,3015,149.761,44400,28.0,40.0,48.0,YES,YES,UNKNOWN_ANALYSIS_IAQ198_VOC149.76ppm,34718.4,0,5.0,0.050,50
2026-06-25 06:55:17,31.62,68.60,1005.00,197.87,3015,149.761,44400,27.0,39.0,46.0,YES,YES,UNKNOWN_ANALYSIS_IAQ198_VOC149.76ppm,34728.8,0,5.0,0.050,50
2026-06-25 06:55:26,31.62,68.60,1005.00,197.87,3015,149.761,44400,26.0,38.0,45.0,YES,YES,UNKNOWN_ANALYSIS_IAQ198_VOC149.76ppm,34738.2,0,5.0,0.050,50
2026-06-25 06:55:37,31.62,68.60,1005.00,197.87,3015,149.761,44400,27.0,39.0,47.0,YES,YES,UNKNOWN_ANALYSIS_IAQ198_VOC149.76ppm,34748.6,0,5.0,0.050,50
2026-06-25 06:55:47,31.62,68.60,1005.00,197.87,3015,149.761,44400,27.0,39.0,46.0,YES,YES,UNKNOWN_ANALYSIS_IAQ198_VOC149.76ppm,34759.1,0,5.0,0.050,50
2026-06-25 06:55:57,31.62,68.60,1005.00,197.87,3015,149.761,44400,28.0,39.0,47.0,YES,YES,UNKNOWN_ANALYSIS_IAQ198_VOC149.76ppm,34768.5,0,5.0,0.050,50
2026-06-25 06:56:07,31.62,68.60,1005.00,197.87,3015,149.761,44400,28.0,40.0,47.0,YES,YES,UNKNOWN_ANALYSIS_IAQ198_VOC149.76ppm,34778.9,0,5.0,0.050,50
2026-06-25 06:56:17,31.62,68.60,1005.00,197.87,3015,149.761,44400,27.0,39.0,46.0,YES,YES,UNKNOWN_ANALYSIS_IAQ198_VOC149.76ppm,34789.4,0,5.0,0.050,50
2026-06-25 06:56:27,31.62,68.60,1005.00,197.87,3015,149.761,44400,28.0,40.0,47.0,YES,YES,UNKNOWN_ANALYSIS_IAQ198_VOC149.76ppm,34798.7,0,5.0,0.050,50
2026-06-25 06:56:37,31.62,68.60,1005.00,197.87,3015,149.761,44400,27.0,39.0,47.0,YES,YES,UNKNOWN_ANALYSIS_IAQ198_VOC149.76ppm,34809.2,0,5.0,0.050,50
2026-06-25 06:56:47,31.62,68.60,1005.00,197.87,3015,149.761,44400,27.0,39.0,46.0,YES,YES,UNKNOWN_ANALYSIS_IAQ198_VOC149.76ppm,34818.6,0,5.0,0.050,50
2026-06-25 06:56:57,31.62,68.60,1005.00,197.87,3015,149.761,44400,28.0,40.0,47.0,YES,YES,UNKNOWN_ANALYSIS_IAQ198_VOC149.76ppm,34829.0,0,5.0,0.050,50
2026-06-25 06:57:08,31.62,68.60,1005.00,197.87,3015,149.761,44400,28.0,40.0,49.0,YES,YES,UNKNOWN_ANALYSIS_IAQ198_VOC149.76ppm,34839.4,0,5.0,0.050,50
2026-06-25 06:57:17,31.75,68.49,1005.00,193.85,2922,121.312,44800,28.0,40.0,48.0,YES,YES,UNKNOWN_ANALYSIS_IAQ194_VOC121.31ppm,34848.8,0,5.0,0.050,50
2026-06-25 06:57:27,31.75,68.49,1005.00,193.85,2922,121.312,44800,27.0,39.0,47.0,YES,YES,UNKNOWN_ANALYSIS_IAQ194_VOC121.31ppm,34859.3,0,5.0,0.050,50
2026-06-25 06:57:37,31.75,68.49,1005.00,193.85,2922,121.312,44800,27.0,39.0,47.0,YES,YES,UNKNOWN_ANALYSIS_IAQ194_VOC121.31ppm,34868.7,0,5.0,0.050,50
2026-06-25 06:57:47,31.75,68.49,1005.00,193.85,2922,121.312,44800,28.0,39.0,46.0,YES,YES,UNKNOWN_ANALYSIS_IAQ194_VOC121.31ppm,34879.1,0,5.0,0.050,50
2026-06-25 06:57:58,31.75,68.49,1005.00,193.85,2922,121.312,44800,27.0,39.0,46.0,YES,YES,UNKNOWN_ANALYSIS_IAQ194_VOC121.31ppm,34889.6,0,5.0,0.050,50
2026-06-25 06:58:07,31.75,68.49,1005.00,193.85,2922,121.312,44800,28.0,40.0,47.0,YES,YES,UNKNOWN_ANALYSIS_IAQ194_VOC121.31ppm,34899.0,0,5.0,0.050,50
2026-06-25 06:58:18,31.75,68.49,1005.00,193.85,2922,121.312,44800,27.0,39.0,47.0,YES,YES,UNKNOWN_ANALYSIS_IAQ194_VOC121.31ppm,34909.4,0,5.0,0.050,50
2026-06-25 06:58:28,31.75,68.49,1005.00,193.85,2922,121.312,44800,28.0,40.0,49.0,YES,YES,UNKNOWN_ANALYSIS_IAQ194_VOC121.31ppm,34919.8,0,5.0,0.050,50
2026-06-25 06:58:37,31.75,68.49,1005.00,193.85,2922,121.312,44800,29.0,40.0,50.0,YES,YES,UNKNOWN_ANALYSIS_IAQ194_VOC121.31ppm,34929.2,0,5.0,0.050,50
2026-06-25 06:58:48,31.75,68.49,1005.00,193.85,2922,121.312,44800,28.0,39.0,48.0,YES,YES,UNKNOWN_ANALYSIS_IAQ194_VOC121.31ppm,34939.7,0,5.0,0.050,50
2026-06-25 06:58:57,31.75,68.49,1005.00,193.85,2922,121.312,44800,29.0,40.0,48.0,YES,YES,UNKNOWN_ANALYSIS_IAQ194_VOC121.31ppm,34949.1,0,5.0,0.050,50
2026-06-25 06:59:08,31.75,68.49,1005.00,193.85,2922,121.312,44800,27.0,39.0,47.0,YES,YES,UNKNOWN_ANALYSIS_IAQ194_VOC121.31ppm,34959.5,0,5.0,0.050,50
2026-06-25 06:59:18,31.75,68.49,1005.00,193.85,2922,121.312,44800,29.0,40.0,48.0,YES,YES,UNKNOWN_ANALYSIS_IAQ194_VOC121.31ppm,34969.9,0,5.0,0.050,50
2026-06-25 06:59:27,31.75,68.49,1005.00,193.85,2922,121.312,44800,27.0,40.0,48.0,YES,YES,UNKNOWN_ANALYSIS_IAQ194_VOC121.31ppm,34979.3,0,5.0,0.050,50
2026-06-25 06:59:38,31.75,68.49,1005.00,193.85,2922,121.312,44800,27.0,39.0,46.0,YES,YES,UNKNOWN_ANALYSIS_IAQ194_VOC121.31ppm,34989.8,0,5.0,0.050,50
2026-06-25 06:59:47,31.75,68.49,1005.00,193.85,2922,121.312,44800,27.0,39.0,46.0,YES,YES,UNKNOWN_ANALYSIS_IAQ194_VOC121.31ppm,34999.1,0,5.0,0.050,50
2026-06-25 06:59:58,31.75,68.49,1005.00,193.85,2922,121.312,44800,28.0,40.0,48.0,YES,YES,UNKNOWN_ANALYSIS_IAQ194_VOC121.31ppm,35009.6,0,5.0,0.050,50
2026-06-25 07:00:08,31.75,68.49,1005.00,193.85,2922,121.312,44800,28.0,41.0,49.0,YES,YES,UNKNOWN_ANALYSIS_IAQ194_VOC121.31ppm,35020.0,0,5.0,0.050,50
2026-06-25 07:00:18,31.75,68.49,1005.00,193.85,2922,121.312,44800,27.0,39.0,48.0,YES,YES,UNKNOWN_ANALYSIS_IAQ194_VOC121.31ppm,35029.4,0,5.0,0.050,50
2026-06-25 07:00:28,31.75,68.49,1005.00,193.85,2922,121.312,44800,27.0,39.0,48.0,YES,YES,UNKNOWN_ANALYSIS_IAQ194_VOC121.31ppm,35039.9,0,5.0,0.050,50
2026-06-25 07:00:38,31.75,68.49,1005.00,193.85,2922,121.312,44800,28.0,40.0,48.0,YES,YES,UNKNOWN_ANALYSIS_IAQ194_VOC121.31ppm,35050.3,0,5.0,0.050,50
2026-06-25 07:00:48,31.75,68.49,1005.00,193.85,2922,121.312,44800,28.0,39.0,47.0,YES,YES,UNKNOWN_ANALYSIS_IAQ194_VOC121.31ppm,35059.7,0,5.0,0.050,50
2026-06-25 07:00:58,31.75,68.49,1005.00,193.85,2922,121.312,44800,28.0,38.0,45.0,YES,YES,UNKNOWN_ANALYSIS_IAQ194_VOC121.31ppm,35070.1,0,5.0,0.050,50
2026-06-25 07:01:08,31.75,68.49,1005.00,193.85,2922,121.312,44800,28.0,39.0,46.0,YES,YES,UNKNOWN_ANALYSIS_IAQ194_VOC121.31ppm,35079.5,0,5.0,0.050,50
2026-06-25 07:01:18,31.75,68.49,1005.00,193.85,2922,121.312,44800,27.0,39.0,48.0,YES,YES,UNKNOWN_ANALYSIS_IAQ194_VOC121.31ppm,35090.0,0,5.0,0.050,50
2026-06-25 07:01:29,31.75,68.49,1005.00,193.85,2922,121.312,44800,28.0,39.0,48.0,YES,YES,UNKNOWN_ANALYSIS_IAQ194_VOC121.31ppm,35100.4,0,5.0,0.050,50
2026-06-25 07:01:38,31.75,68.49,1005.00,193.85,2922,121.312,44800,27.0,38.0,48.0,YES,YES,UNKNOWN_ANALYSIS_IAQ194_VOC121.31ppm,35109.8,0,5.0,0.050,50
2026-06-25 07:01:48,31.75,68.49,1005.00,193.85,2922,121.312,44800,28.0,40.0,49.0,YES,YES,UNKNOWN_ANALYSIS_IAQ194_VOC121.31ppm,35120.2,0,5.0,0.050,50
2026-06-25 07:01:58,31.75,68.49,1005.00,193.85,2922,121.312,44800,27.0,39.0,47.0,YES,YES,UNKNOWN_ANALYSIS_IAQ194_VOC121.31ppm,35129.6,0,5.0,0.050,50
2026-06-25 07:02:08,31.75,68.49,1005.00,193.85,2922,121.312,44800,27.0,39.0,48.0,YES,YES,UNKNOWN_ANALYSIS_IAQ194_VOC121.31ppm,35140.1,0,5.0,0.050,50
2026-06-25 07:02:19,31.84,68.40,1005.00,185.50,2759,83.856,45800,28.0,40.0,49.0,YES,YES,UNKNOWN_ANALYSIS_IAQ185_VOC83.86ppm,35150.5,0,5.0,0.050,50
2026-06-25 07:02:28,31.84,68.40,1005.00,185.50,2759,83.856,45800,28.0,41.0,50.0,YES,YES,UNKNOWN_ANALYSIS_IAQ185_VOC83.86ppm,35159.9,0,5.0,0.050,50
2026-06-25 07:02:38,31.84,68.40,1005.00,185.50,2759,83.856,45800,28.0,41.0,50.0,YES,YES,UNKNOWN_ANALYSIS_IAQ185_VOC83.86ppm,35170.3,0,5.0,0.050,50
2026-06-25 07:02:49,31.84,68.40,1005.00,185.50,2759,83.856,45800,27.0,40.0,49.0,YES,YES,UNKNOWN_ANALYSIS_IAQ185_VOC83.86ppm,35180.8,0,5.0,0.050,50
2026-06-25 07:02:58,31.84,68.40,1005.00,185.50,2759,83.856,45800,28.0,41.0,49.0,YES,YES,UNKNOWN_ANALYSIS_IAQ185_VOC83.86ppm,35190.2,0,5.0,0.050,50
2026-06-25 07:03:09,31.84,68.40,1005.00,185.50,2759,83.856,45800,28.0,41.0,50.0,YES,YES,UNKNOWN_ANALYSIS_IAQ185_VOC83.86ppm,35200.6,0,5.0,0.050,50
2026-06-25 07:03:18,31.84,68.40,1005.00,185.50,2759,83.856,45800,27.0,39.0,48.0,YES,YES,UNKNOWN_ANALYSIS_IAQ185_VOC83.86ppm,35210.0,0,5.0,0.050,50
2026-06-25 07:03:29,31.84,68.40,1005.00,185.50,2759,83.856,45800,27.0,39.0,49.0,YES,YES,UNKNOWN_ANALYSIS_IAQ185_VOC83.86ppm,35220.4,0,5.0,0.050,50
2026-06-25 07:03:39,31.84,68.40,1005.00,185.50,2759,83.856,45800,28.0,39.0,49.0,YES,YES,UNKNOWN_ANALYSIS_IAQ185_VOC83.86ppm,35230.9,0,5.0,0.050,50
2026-06-25 07:03:48,31.84,68.40,1005.00,185.50,2759,83.856,45800,28.0,39.0,49.0,YES,YES,UNKNOWN_ANALYSIS_IAQ185_VOC83.86ppm,35240.3,0,5.0,0.050,50
2026-06-25 07:03:59,31.84,68.40,1005.00,185.50,2759,83.856,45800,29.0,39.0,48.0,YES,YES,UNKNOWN_ANALYSIS_IAQ185_VOC83.86ppm,35250.7,0,5.0,0.050,50
2026-06-25 07:04:08,31.84,68.40,1005.00,185.50,2759,83.856,45800,28.0,40.0,49.0,YES,YES,UNKNOWN_ANALYSIS_IAQ185_VOC83.86ppm,35260.1,0,5.0,0.050,50
2026-06-25 07:04:19,31.84,68.40,1005.00,185.50,2759,83.856,45800,29.0,40.0,47.0,YES,YES,UNKNOWN_ANALYSIS_IAQ185_VOC83.86ppm,35270.6,0,5.0,0.050,50
2026-06-25 07:04:29,31.84,68.40,1005.00,185.50,2759,83.856,45800,29.0,40.0,48.0,YES,YES,UNKNOWN_ANALYSIS_IAQ185_VOC83.86ppm,35281.0,0,5.0,0.050,50
2026-06-25 07:04:39,31.84,68.40,1005.00,185.50,2759,83.856,45800,28.0,39.0,49.0,YES,YES,UNKNOWN_ANALYSIS_IAQ185_VOC83.86ppm,35290.4,0,5.0,0.050,50
2026-06-25 07:04:49,31.84,68.40,1005.00,185.50,2759,83.856,45800,29.0,40.0,49.0,YES,YES,UNKNOWN_ANALYSIS_IAQ185_VOC83.86ppm,35300.8,0,5.0,0.050,50
2026-06-25 07:04:58,31.84,68.40,1005.00,185.50,2759,83.856,45800,28.0,39.0,48.0,YES,YES,UNKNOWN_ANALYSIS_IAQ185_VOC83.86ppm,35310.2,0,5.0,0.050,50
2026-06-25 07:05:09,31.84,68.40,1005.00,185.50,2759,83.856,45800,28.0,40.0,49.0,YES,YES,UNKNOWN_ANALYSIS_IAQ185_VOC83.86ppm,35320.7,0,5.0,0.050,50
2026-06-25 07:05:19,31.84,68.40,1005.00,185.50,2759,83.856,45800,28.0,41.0,49.0,YES,YES,UNKNOWN_ANALYSIS_IAQ185_VOC83.86ppm,35331.1,0,5.0,0.050,50
2026-06-25 07:05:29,31.84,68.40,1005.00,185.50,2759,83.856,45800,29.0,41.0,49.0,YES,YES,UNKNOWN_ANALYSIS_IAQ185_VOC83.86ppm,35340.5,0,5.0,0.050,50
2026-06-25 07:05:39,31.84,68.40,1005.00,185.50,2759,83.856,45800,29.0,40.0,48.0,YES,YES,UNKNOWN_ANALYSIS_IAQ185_VOC83.86ppm,35351.0,0,5.0,0.050,50
2026-06-25 07:05:50,31.84,68.40,1005.00,185.50,2759,83.856,45800,28.0,39.0,46.0,YES,YES,UNKNOWN_ANALYSIS_IAQ185_VOC83.86ppm,35361.4,0,5.0,0.050,50
2026-06-25 07:05:59,31.84,68.40,1005.00,185.50,2759,83.856,45800,29.0,41.0,49.0,YES,YES,UNKNOWN_ANALYSIS_IAQ185_VOC83.86ppm,35370.8,0,5.0,0.050,50
2026-06-25 07:06:09,31.84,68.40,1005.00,185.50,2759,83.856,45800,28.0,40.0,48.0,YES,YES,UNKNOWN_ANALYSIS_IAQ185_VOC83.86ppm,35381.3,0,5.0,0.050,50
2026-06-25 07:06:19,31.84,68.40,1005.00,185.50,2759,83.856,45800,29.0,41.0,49.0,YES,YES,UNKNOWN_ANALYSIS_IAQ185_VOC83.86ppm,35390.7,0,5.0,0.050,50
2026-06-25 07:06:29,31.84,68.40,1005.00,185.50,2759,83.856,45800,29.0,42.0,49.0,YES,YES,UNKNOWN_ANALYSIS_IAQ185_VOC83.86ppm,35401.1,0,5.0,0.050,50
2026-06-25 07:06:40,31.84,68.40,1005.00,185.50,2759,83.856,45800,28.0,40.0,48.0,YES,YES,UNKNOWN_ANALYSIS_IAQ185_VOC83.86ppm,35411.5,0,5.0,0.050,50
2026-06-25 07:06:49,31.84,68.40,1005.00,185.50,2759,83.856,45800,28.0,41.0,49.0,YES,YES,UNKNOWN_ANALYSIS_IAQ185_VOC83.86ppm,35420.9,0,5.0,0.050,50
2026-06-25 07:07:00,31.84,68.40,1005.00,185.50,2759,83.856,45800,29.0,42.0,51.0,YES,YES,UNKNOWN_ANALYSIS_IAQ185_VOC83.86ppm,35431.4,0,5.0,0.050,50
2026-06-25 07:07:09,31.84,68.40,1005.00,185.50,2759,83.856,45800,29.0,42.0,50.0,YES,YES,UNKNOWN_ANALYSIS_IAQ185_VOC83.86ppm,35440.8,0,5.0,0.050,50
2026-06-25 07:07:19,31.94,68.25,1005.00,136.62,1933,12.895,52500,29.0,42.0,50.0,YES,YES,UNKNOWN_ANALYSIS_IAQ137_VOC12.90ppm,35451.2,0,5.0,0.050,50
2026-06-25 07:07:30,31.94,68.25,1005.00,136.62,1933,12.895,52500,28.0,41.0,49.0,YES,YES,UNKNOWN_ANALYSIS_IAQ137_VOC12.90ppm,35461.7,0,5.0,0.050,50
2026-06-25 07:07:39,31.94,68.25,1005.00,136.62,1933,12.895,52500,28.0,41.0,49.0,YES,YES,UNKNOWN_ANALYSIS_IAQ137_VOC12.90ppm,35471.1,0,5.0,0.050,50
2026-06-25 07:07:50,31.94,68.25,1005.00,136.62,1933,12.895,52500,29.0,42.0,52.0,YES,YES,UNKNOWN_ANALYSIS_IAQ137_VOC12.90ppm,35481.5,0,5.0,0.050,50
2026-06-25 07:07:59,31.94,68.25,1005.00,136.62,1933,12.895,52500,28.0,41.0,50.0,YES,YES,UNKNOWN_ANALYSIS_IAQ137_VOC12.90ppm,35490.9,0,5.0,0.050,50
2026-06-25 07:08:09,31.94,68.25,1005.00,136.62,1933,12.895,52500,28.0,42.0,51.0,YES,YES,UNKNOWN_ANALYSIS_IAQ137_VOC12.90ppm,35501.3,0,5.0,0.050,50
2026-06-25 07:08:20,31.94,68.25,1005.00,136.62,1933,12.895,52500,28.0,42.0,50.0,YES,YES,UNKNOWN_ANALYSIS_IAQ137_VOC12.90ppm,35511.8,0,5.0,0.050,50
2026-06-25 07:08:29,31.94,68.25,1005.00,136.62,1933,12.895,52500,28.0,41.0,49.0,YES,YES,UNKNOWN_ANALYSIS_IAQ137_VOC12.90ppm,35521.2,0,5.0,0.050,50
2026-06-25 07:08:40,31.94,68.25,1005.00,136.62,1933,12.895,52500,29.0,42.0,50.0,YES,YES,UNKNOWN_ANALYSIS_IAQ137_VOC12.90ppm,35531.6,0,5.0,0.050,50
2026-06-25 07:08:49,31.94,68.25,1005.00,136.62,1933,12.895,52500,30.0,42.0,50.0,YES,YES,UNKNOWN_ANALYSIS_IAQ137_VOC12.90ppm,35541.0,0,5.0,0.050,50
2026-06-25 07:09:00,31.94,68.25,1005.00,136.62,1933,12.895,52500,29.0,42.0,49.0,YES,YES,UNKNOWN_ANALYSIS_IAQ137_VOC12.90ppm,35551.5,0,5.0,0.050,50
2026-06-25 07:09:10,31.94,68.25,1005.00,136.62,1933,12.895,52500,28.0,41.0,49.0,YES,YES,UNKNOWN_ANALYSIS_IAQ137_VOC12.90ppm,35561.9,0,5.0,0.050,50
2026-06-25 07:09:19,31.94,68.25,1005.00,136.62,1933,12.895,52500,30.0,42.0,50.0,YES,YES,UNKNOWN_ANALYSIS_IAQ137_VOC12.90ppm,35571.3,0,5.0,0.050,50
2026-06-25 07:09:30,31.94,68.25,1005.00,136.62,1933,12.895,52500,28.0,40.0,47.0,YES,YES,UNKNOWN_ANALYSIS_IAQ137_VOC12.90ppm,35581.8,0,5.0,0.050,50
2026-06-25 07:09:39,31.94,68.25,1005.00,136.62,1933,12.895,52500,28.0,39.0,46.0,YES,YES,UNKNOWN_ANALYSIS_IAQ137_VOC12.90ppm,35591.2,0,5.0,0.050,50
2026-06-25 07:09:50,31.94,68.25,1005.00,136.62,1933,12.895,52500,28.0,39.0,47.0,YES,YES,UNKNOWN_ANALYSIS_IAQ137_VOC12.90ppm,35601.6,0,5.0,0.050,50
2026-06-25 07:10:00,31.94,68.25,1005.00,136.62,1933,12.895,52500,28.0,39.0,47.0,YES,YES,UNKNOWN_ANALYSIS_IAQ137_VOC12.90ppm,35612.0,0,5.0,0.050,50
2026-06-25 07:10:10,31.94,68.25,1005.00,136.62,1933,12.895,52500,30.0,41.0,48.0,YES,YES,UNKNOWN_ANALYSIS_IAQ137_VOC12.90ppm,35621.4,0,5.0,0.050,50
2026-06-25 07:10:20,31.94,68.25,1005.00,136.62,1933,12.895,52500,29.0,40.0,48.0,YES,YES,UNKNOWN_ANALYSIS_IAQ137_VOC12.90ppm,35631.9,0,5.0,0.050,50
2026-06-25 07:10:29,31.94,68.25,1005.00,136.62,1933,12.895,52500,29.0,40.0,48.0,YES,YES,UNKNOWN_ANALYSIS_IAQ137_VOC12.90ppm,35641.3,0,5.0,0.050,50
2026-06-25 07:10:40,31.94,68.25,1005.00,136.62,1933,12.895,52500,29.0,40.0,48.0,YES,YES,UNKNOWN_ANALYSIS_IAQ137_VOC12.90ppm,35651.7,0,5.0,0.050,50
2026-06-25 07:10:50,31.94,68.25,1005.00,136.62,1933,12.895,52500,30.0,41.0,50.0,YES,YES,UNKNOWN_ANALYSIS_IAQ137_VOC12.90ppm,35662.2,0,5.0,0.050,50
2026-06-25 07:11:00,31.94,68.25,1005.00,136.62,1933,12.895,52500,29.0,41.0,50.0,YES,YES,UNKNOWN_ANALYSIS_IAQ137_VOC12.90ppm,35671.6,0,5.0,0.050,50
2026-06-25 07:11:10,31.94,68.25,1005.00,136.62,1933,12.895,52500,29.0,42.0,50.0,YES,YES,UNKNOWN_ANALYSIS_IAQ137_VOC12.90ppm,35682.0,0,5.0,0.050,50
2026-06-25 07:11:20,31.94,68.25,1005.00,136.62,1933,12.895,52500,28.0,40.0,50.0,YES,YES,UNKNOWN_ANALYSIS_IAQ137_VOC12.90ppm,35691.4,0,5.0,0.050,50
2026-06-25 07:11:30,31.94,68.25,1005.00,136.62,1933,12.895,52500,27.0,39.0,48.0,YES,YES,UNKNOWN_ANALYSIS_IAQ137_VOC12.90ppm,35701.8,0,5.0,0.050,50
2026-06-25 07:11:40,31.94,68.25,1005.00,136.62,1933,12.895,52500,28.0,41.0,49.0,YES,YES,UNKNOWN_ANALYSIS_IAQ137_VOC12.90ppm,35712.3,0,5.0,0.050,50
2026-06-25 07:11:50,31.94,68.25,1005.00,136.62,1933,12.895,52500,28.0,41.0,49.0,YES,YES,UNKNOWN_ANALYSIS_IAQ137_VOC12.90ppm,35721.7,0,5.0,0.050,50
2026-06-25 07:12:00,31.94,68.25,1005.00,136.62,1933,12.895,52500,28.0,40.0,48.0,YES,YES,UNKNOWN_ANALYSIS_IAQ137_VOC12.90ppm,35732.1,0,5.0,0.050,50
2026-06-25 07:12:11,31.94,68.25,1005.00,136.62,1933,12.895,52500,28.0,41.0,48.0,YES,YES,UNKNOWN_ANALYSIS_IAQ137_VOC12.90ppm,35742.6,0,5.0,0.050,50
2026-06-25 07:12:20,32.00,68.06,1005.00,121.73,1679,7.242,54700,28.0,41.0,48.0,YES,YES,UNKNOWN_ANALYSIS_IAQ122_VOC7.24ppm,35752.0,0,5.0,0.050,50
2026-06-25 07:12:31,32.00,68.06,1005.00,121.73,1679,7.242,54700,28.0,40.0,48.0,YES,YES,UNKNOWN_ANALYSIS_IAQ122_VOC7.24ppm,35762.4,0,5.0,0.050,50
2026-06-25 07:12:40,32.00,68.06,1005.00,121.73,1679,7.242,54700,29.0,42.0,50.0,YES,YES,UNKNOWN_ANALYSIS_IAQ122_VOC7.24ppm,35771.8,0,5.0,0.050,50
2026-06-25 07:12:50,32.00,68.06,1005.00,121.73,1679,7.242,54700,29.0,42.0,50.0,YES,YES,UNKNOWN_ANALYSIS_IAQ122_VOC7.24ppm,35782.2,0,5.0,0.050,50
2026-06-25 07:13:01,32.00,68.06,1005.00,121.73,1679,7.242,54700,28.0,40.0,49.0,YES,YES,UNKNOWN_ANALYSIS_IAQ122_VOC7.24ppm,35792.7,0,5.0,0.050,50
2026-06-25 07:13:10,32.00,68.06,1005.00,121.73,1679,7.242,54700,27.0,39.0,47.0,YES,YES,UNKNOWN_ANALYSIS_IAQ122_VOC7.24ppm,35802.1,0,5.0,0.050,50
2026-06-25 07:13:21,32.00,68.06,1005.00,121.73,1679,7.242,54700,27.0,39.0,46.0,YES,YES,UNKNOWN_ANALYSIS_IAQ122_VOC7.24ppm,35812.5,0,5.0,0.050,50
2026-06-25 07:13:30,32.00,68.06,1005.00,121.73,1679,7.242,54700,28.0,40.0,47.0,YES,YES,UNKNOWN_ANALYSIS_IAQ122_VOC7.24ppm,35821.9,0,5.0,0.050,50
2026-06-25 07:13:40,32.00,68.06,1005.00,121.73,1679,7.242,54700,28.0,41.0,48.0,YES,YES,UNKNOWN_ANALYSIS_IAQ122_VOC7.24ppm,35832.3,0,5.0,0.050,50
2026-06-25 07:13:51,32.00,68.06,1005.00,121.73,1679,7.242,54700,28.0,41.0,48.0,YES,YES,UNKNOWN_ANALYSIS_IAQ122_VOC7.24ppm,35842.8,0,5.0,0.050,50
2026-06-25 07:14:00,32.00,68.06,1005.00,121.73,1679,7.242,54700,27.0,40.0,47.0,YES,YES,UNKNOWN_ANALYSIS_IAQ122_VOC7.24ppm,35852.2,0,5.0,0.050,50
2026-06-25 07:14:11,32.00,68.06,1005.00,121.73,1679,7.242,54700,29.0,41.0,49.0,YES,YES,UNKNOWN_ANALYSIS_IAQ122_VOC7.24ppm,35862.6,0,5.0,0.050,50
2026-06-25 07:14:20,32.00,68.06,1005.00,121.73,1679,7.242,54700,28.0,40.0,48.0,YES,YES,UNKNOWN_ANALYSIS_IAQ122_VOC7.24ppm,35872.0,0,5.0,0.050,50
2026-06-25 07:14:31,32.00,68.06,1005.00,121.73,1679,7.242,54700,29.0,40.0,49.0,YES,YES,UNKNOWN_ANALYSIS_IAQ122_VOC7.24ppm,35882.5,0,5.0,0.050,50
2026-06-25 07:14:41,32.00,68.06,1005.00,121.73,1679,7.242,54700,27.0,40.0,48.0,YES,YES,UNKNOWN_ANALYSIS_IAQ122_VOC7.24ppm,35892.9,0,5.0,0.050,50
2026-06-25 07:14:50,32.00,68.06,1005.00,121.73,1679,7.242,54700,27.0,39.0,47.0,YES,YES,UNKNOWN_ANALYSIS_IAQ122_VOC7.24ppm,35902.3,0,5.0,0.050,50
2026-06-25 07:15:01,32.00,68.06,1005.00,121.73,1679,7.242,54700,27.0,38.0,45.0,YES,YES,UNKNOWN_ANALYSIS_IAQ122_VOC7.24ppm,35912.7,0,5.0,0.050,50
2026-06-25 07:15:11,32.00,68.06,1005.00,121.73,1679,7.242,54700,27.0,38.0,46.0,YES,YES,UNKNOWN_ANALYSIS_IAQ122_VOC7.24ppm,35923.2,0,5.0,0.050,50
2026-06-25 07:15:21,32.00,68.06,1005.00,121.73,1679,7.242,54700,28.0,38.0,45.0,YES,YES,UNKNOWN_ANALYSIS_IAQ122_VOC7.24ppm,35932.6,0,5.0,0.050,50
2026-06-25 07:15:31,32.00,68.06,1005.00,121.73,1679,7.242,54700,28.0,39.0,46.0,YES,YES,UNKNOWN_ANALYSIS_IAQ122_VOC7.24ppm,35943.0,0,5.0,0.050,50
2026-06-25 07:15:41,32.00,68.06,1005.00,121.73,1679,7.242,54700,27.0,38.0,44.0,YES,YES,UNKNOWN_ANALYSIS_IAQ122_VOC7.24ppm,35952.4,0,5.0,0.050,50
💾 Baseline state saved to EEPROM
💾 SAVED - IAQ: 5.0, VOC: 0.050 ppm, CO2: 50 ppm

=== SPIKE HISTORY ===
2026-06-25 07:15:51,32.00,68.06,1005.00,121.73,1679,7.242,54700,27.0,38.0,44.0,YES,YES,UNKNOWN_ANALYSIS_IAQ122_VOC7.24ppm,35962.9,0,5.0,0.050,50
2026-06-25 07:16:01,32.00,68.06,1005.00,121.73,1679,7.242,54700,27.0,39.0,46.0,YES,YES,UNKNOWN_ANALYSIS_IAQ122_VOC7.24ppm,35973.3,0,5.0,0.050,50
2026-06-25 07:16:11,32.00,68.06,1005.00,121.73,1679,7.242,54700,27.0,39.0,47.0,YES,YES,UNKNOWN_ANALYSIS_IAQ122_VOC7.24ppm,35982.7,0,5.0,0.050,50
2026-06-25 07:16:21,32.00,68.06,1005.00,121.73,1679,7.242,54700,28.0,39.0,47.0,YES,YES,UNKNOWN_ANALYSIS_IAQ122_VOC7.24ppm,35993.2,0,5.0,0.050,50
2026-06-25 07:16:31,32.00,68.06,1005.00,121.73,1679,7.242,54700,28.0,39.0,45.0,YES,YES,UNKNOWN_ANALYSIS_IAQ122_VOC7.24ppm,36002.5,0,5.0,0.050,50
2026-06-25 07:16:41,32.00,68.06,1005.00,121.73,1679,7.242,54700,27.0,38.0,44.0,YES,YES,UNKNOWN_ANALYSIS_IAQ122_VOC7.24ppm,36013.0,0,5.0,0.050,50
2026-06-25 07:16:52,32.00,68.06,1005.00,121.73,1679,7.242,54700,28.0,40.0,46.0,YES,YES,UNKNOWN_ANALYSIS_IAQ122_VOC7.24ppm,36023.4,0,5.0,0.050,50
2026-06-25 07:17:01,32.00,68.06,1005.00,121.73,1679,7.242,54700,28.0,39.0,45.0,YES,YES,UNKNOWN_ANALYSIS_IAQ122_VOC7.24ppm,36032.8,0,5.0,0.050,50
2026-06-25 07:17:11,32.00,68.06,1005.00,121.73,1679,7.242,54700,27.0,38.0,46.0,YES,YES,UNKNOWN_ANALYSIS_IAQ122_VOC7.24ppm,36043.3,0,5.0,0.050,50
2026-06-25 07:17:21,32.15,68.05,1005.00,131.41,1828,10.165,53000,28.0,40.0,49.0,YES,YES,UNKNOWN_ANALYSIS_IAQ131_VOC10.16ppm,36052.7,0,5.0,0.050,50
2026-06-25 07:17:31,32.15,68.05,1005.00,131.41,1828,10.165,53000,27.0,39.0,47.0,YES,YES,UNKNOWN_ANALYSIS_IAQ131_VOC10.16ppm,36063.1,0,5.0,0.050,50
2026-06-25 07:17:42,32.15,68.05,1005.00,131.41,1828,10.165,53000,27.0,38.0,46.0,YES,YES,UNKNOWN_ANALYSIS_IAQ131_VOC10.16ppm,36073.6,0,5.0,0.050,50
2026-06-25 07:17:51,32.15,68.05,1005.00,131.41,1828,10.165,53000,28.0,40.0,47.0,YES,YES,UNKNOWN_ANALYSIS_IAQ131_VOC10.16ppm,36083.0,0,5.0,0.050,50
2026-06-25 07:18:02,32.15,68.05,1005.00,131.41,1828,10.165,53000,28.0,40.0,48.0,YES,YES,UNKNOWN_ANALYSIS_IAQ131_VOC10.16ppm,36093.4,0,5.0,0.050,50
2026-06-25 07:18:12,32.15,68.05,1005.00,131.41,1828,10.165,53000,27.0,40.0,48.0,YES,YES,UNKNOWN_ANALYSIS_IAQ131_VOC10.16ppm,36103.8,0,5.0,0.050,50
2026-06-25 07:18:21,32.15,68.05,1005.00,131.41,1828,10.165,53000,28.0,40.0,48.0,YES,YES,UNKNOWN_ANALYSIS_IAQ131_VOC10.16ppm,36113.2,0,5.0,0.050,50
2026-06-25 07:18:32,32.15,68.05,1005.00,131.41,1828,10.165,53000,27.0,40.0,48.0,YES,YES,UNKNOWN_ANALYSIS_IAQ131_VOC10.16ppm,36123.7,0,5.0,0.050,50
2026-06-25 07:18:41,32.15,68.05,1005.00,131.41,1828,10.165,53000,27.0,39.0,48.0,YES,YES,UNKNOWN_ANALYSIS_IAQ131_VOC10.16ppm,36133.1,0,5.0,0.050,50
2026-06-25 07:18:52,32.15,68.05,1005.00,131.41,1828,10.165,53000,27.0,39.0,47.0,YES,YES,UNKNOWN_ANALYSIS_IAQ131_VOC10.16ppm,36143.5,0,5.0,0.050,50
2026-06-25 07:19:02,32.15,68.05,1005.00,131.41,1828,10.165,53000,28.0,40.0,47.0,YES,YES,UNKNOWN_ANALYSIS_IAQ131_VOC10.16ppm,36154.0,0,5.0,0.050,50
2026-06-25 07:19:11,32.15,68.05,1005.00,131.41,1828,10.165,53000,28.0,40.0,47.0,YES,YES,UNKNOWN_ANALYSIS_IAQ131_VOC10.16ppm,36163.4,0,5.0,0.050,50
2026-06-25 07:19:22,32.15,68.05,1005.00,131.41,1828,10.165,53000,28.0,40.0,48.0,YES,YES,UNKNOWN_ANALYSIS_IAQ131_VOC10.16ppm,36173.8,0,5.0,0.050,50
2026-06-25 07:19:31,32.15,68.05,1005.00,131.41,1828,10.165,53000,27.0,39.0,46.0,YES,YES,UNKNOWN_ANALYSIS_IAQ131_VOC10.16ppm,36183.2,0,5.0,0.050,50
2026-06-25 07:19:42,32.15,68.05,1005.00,131.41,1828,10.165,53000,28.0,39.0,46.0,YES,YES,UNKNOWN_ANALYSIS_IAQ131_VOC10.16ppm,36193.6,0,5.0,0.050,50
2026-06-25 07:19:52,32.15,68.05,1005.00,131.41,1828,10.165,53000,28.0,38.0,47.0,YES,YES,UNKNOWN_ANALYSIS_IAQ131_VOC10.16ppm,36204.1,0,5.0,0.050,50
2026-06-25 07:20:02,32.15,68.05,1005.00,131.41,1828,10.165,53000,27.0,38.0,46.0,YES,YES,UNKNOWN_ANALYSIS_IAQ131_VOC10.16ppm,36213.5,0,5.0,0.050,50
2026-06-25 07:20:12,32.15,68.05,1005.00,131.41,1828,10.165,53000,27.0,38.0,46.0,YES,YES,UNKNOWN_ANALYSIS_IAQ131_VOC10.16ppm,36223.9,0,5.0,0.050,50
2026-06-25 07:20:21,32.15,68.05,1005.00,131.41,1828,10.165,53000,27.0,38.0,44.0,YES,YES,UNKNOWN_ANALYSIS_IAQ131_VOC10.16ppm,36233.3,0,5.0,0.050,50
2026-06-25 07:20:32,32.15,68.05,1005.00,131.41,1828,10.165,53000,27.0,38.0,44.0,YES,YES,UNKNOWN_ANALYSIS_IAQ131_VOC10.16ppm,36243.8,0,5.0,0.050,50
2026-06-25 07:20:42,32.15,68.05,1005.00,131.41,1828,10.165,53000,27.0,38.0,45.0,YES,YES,UNKNOWN_ANALYSIS_IAQ131_VOC10.16ppm,36254.2,0,5.0,0.050,50
2026-06-25 07:20:52,32.15,68.05,1005.00,131.41,1828,10.165,53000,27.0,38.0,45.0,YES,YES,UNKNOWN_ANALYSIS_IAQ131_VOC10.16ppm,36263.6,0,5.0,0.050,50
2026-06-25 07:21:02,32.15,68.05,1005.00,131.41,1828,10.165,53000,28.0,39.0,45.0,YES,YES,UNKNOWN_ANALYSIS_IAQ131_VOC10.16ppm,36274.0,0,5.0,0.050,50
2026-06-25 07:21:13,32.15,68.05,1005.00,131.41,1828,10.165,53000,28.0,39.0,45.0,YES,YES,UNKNOWN_ANALYSIS_IAQ131_VOC10.16ppm,36284.5,0,5.0,0.050,50
2026-06-25 07:21:22,32.15,68.05,1005.00,131.41,1828,10.165,53000,27.0,39.0,47.0,YES,YES,UNKNOWN_ANALYSIS_IAQ131_VOC10.16ppm,36293.9,0,5.0,0.050,50
2026-06-25 07:21:32,32.15,68.05,1005.00,131.41,1828,10.165,53000,27.0,39.0,47.0,YES,YES,UNKNOWN_ANALYSIS_IAQ131_VOC10.16ppm,36304.3,0,5.0,0.050,50
2026-06-25 07:21:42,32.15,68.05,1005.00,131.41,1828,10.165,53000,27.0,38.0,46.0,YES,YES,UNKNOWN_ANALYSIS_IAQ131_VOC10.16ppm,36313.7,0,5.0,0.050,50
2026-06-25 07:21:52,32.15,68.05,1005.00,131.41,1828,10.165,53000,27.0,38.0,45.0,YES,YES,UNKNOWN_ANALYSIS_IAQ131_VOC10.16ppm,36324.1,0,5.0,0.050,50
2026-06-25 07:22:03,32.15,68.05,1005.00,131.41,1828,10.165,53000,27.0,38.0,47.0,YES,YES,UNKNOWN_ANALYSIS_IAQ131_VOC10.16ppm,36334.6,0,5.0,0.050,50
2026-06-25 07:22:12,32.15,68.05,1005.00,131.41,1828,10.165,53000,27.0,39.0,47.0,YES,YES,UNKNOWN_ANALYSIS_IAQ131_VOC10.16ppm,36344.0,0,5.0,0.050,50
2026-06-25 07:22:23,32.26,67.97,1005.00,130.34,1802,9.566,53000,26.0,38.0,46.0,YES,YES,UNKNOWN_ANALYSIS_IAQ130_VOC9.57ppm,36354.4,0,5.0,0.050,50
2026-06-25 07:22:33,32.26,67.97,1005.00,130.34,1802,9.566,53000,28.0,40.0,46.0,YES,YES,UNKNOWN_ANALYSIS_IAQ130_VOC9.57ppm,36364.8,0,5.0,0.050,50
2026-06-25 07:22:42,32.26,67.97,1005.00,130.34,1802,9.566,53000,26.0,38.0,44.0,YES,YES,UNKNOWN_ANALYSIS_IAQ130_VOC9.57ppm,36374.2,0,5.0,0.050,50
2026-06-25 07:22:53,32.26,67.97,1005.00,130.34,1802,9.566,53000,27.0,39.0,47.0,YES,YES,UNKNOWN_ANALYSIS_IAQ130_VOC9.57ppm,36384.7,0,5.0,0.050,50
2026-06-25 07:23:02,32.26,67.97,1005.00,130.34,1802,9.566,53000,27.0,39.0,47.0,YES,YES,UNKNOWN_ANALYSIS_IAQ130_VOC9.57ppm,36394.1,0,5.0,0.050,50
2026-06-25 07:23:13,32.26,67.97,1005.00,130.34,1802,9.566,53000,27.0,38.0,46.0,YES,YES,UNKNOWN_ANALYSIS_IAQ130_VOC9.57ppm,36404.5,0,5.0,0.050,50
2026-06-25 07:23:23,32.26,67.97,1005.00,130.34,1802,9.566,53000,27.0,38.0,46.0,YES,YES,UNKNOWN_ANALYSIS_IAQ130_VOC9.57ppm,36414.9,0,5.0,0.050,50
2026-06-25 07:23:32,32.26,67.97,1005.00,130.34,1802,9.566,53000,28.0,38.0,45.0,YES,YES,UNKNOWN_ANALYSIS_IAQ130_VOC9.57ppm,36424.3,0,5.0,0.050,50
2026-06-25 07:23:43,32.26,67.97,1005.00,130.34,1802,9.566,53000,27.0,38.0,46.0,YES,YES,UNKNOWN_ANALYSIS_IAQ130_VOC9.57ppm,36434.8,0,5.0,0.050,50
2026-06-25 07:23:52,32.26,67.97,1005.00,130.34,1802,9.566,53000,28.0,40.0,49.0,YES,YES,UNKNOWN_ANALYSIS_IAQ130_VOC9.57ppm,36444.2,0,5.0,0.050,50
2026-06-25 07:24:03,32.26,67.97,1005.00,130.34,1802,9.566,53000,27.0,39.0,47.0,YES,YES,UNKNOWN_ANALYSIS_IAQ130_VOC9.57ppm,36454.6,0,5.0,0.050,50
2026-06-25 07:24:13,32.26,67.97,1005.00,130.34,1802,9.566,53000,28.0,40.0,46.0,YES,YES,UNKNOWN_ANALYSIS_IAQ130_VOC9.57ppm,36465.1,0,5.0,0.050,50
2026-06-25 07:24:23,32.26,67.97,1005.00,130.34,1802,9.566,53000,28.0,40.0,48.0,YES,YES,UNKNOWN_ANALYSIS_IAQ130_VOC9.57ppm,36474.4,0,5.0,0.050,50
2026-06-25 07:24:33,32.26,67.97,1005.00,130.34,1802,9.566,53000,28.0,38.0,47.0,YES,YES,UNKNOWN_ANALYSIS_IAQ130_VOC9.57ppm,36484.9,0,5.0,0.050,50
2026-06-25 07:24:43,32.26,67.97,1005.00,130.34,1802,9.566,53000,27.0,38.0,47.0,YES,YES,UNKNOWN_ANALYSIS_IAQ130_VOC9.57ppm,36495.3,0,5.0,0.050,50
2026-06-25 07:24:53,32.26,67.97,1005.00,130.34,1802,9.566,53000,28.0,39.0,49.0,YES,YES,UNKNOWN_ANALYSIS_IAQ130_VOC9.57ppm,36504.7,0,5.0,0.050,50
2026-06-25 07:25:03,32.26,67.97,1005.00,130.34,1802,9.566,53000,27.0,38.0,46.0,YES,YES,UNKNOWN_ANALYSIS_IAQ130_VOC9.57ppm,36515.2,0,5.0,0.050,50
2026-06-25 07:25:13,32.26,67.97,1005.00,130.34,1802,9.566,53000,27.0,38.0,46.0,YES,YES,UNKNOWN_ANALYSIS_IAQ130_VOC9.57ppm,36524.6,0,5.0,0.050,50
2026-06-25 07:25:23,32.26,67.97,1005.00,130.34,1802,9.566,53000,27.0,38.0,45.0,YES,YES,UNKNOWN_ANALYSIS_IAQ130_VOC9.57ppm,36535.0,0,5.0,0.050,50
2026-06-25 07:25:34,32.26,67.97,1005.00,130.34,1802,9.566,53000,27.0,38.0,45.0,YES,YES,UNKNOWN_ANALYSIS_IAQ130_VOC9.57ppm,36545.4,0,5.0,0.050,50
2026-06-25 07:25:43,32.26,67.97,1005.00,130.34,1802,9.566,53000,28.0,40.0,49.0,YES,YES,UNKNOWN_ANALYSIS_IAQ130_VOC9.57ppm,36554.8,0,5.0,0.050,50
2026-06-25 07:25:53,32.26,67.97,1005.00,130.34,1802,9.566,53000,28.0,40.0,47.0,YES,YES,UNKNOWN_ANALYSIS_IAQ130_VOC9.57ppm,36565.3,0,5.0,0.050,50
2026-06-25 07:26:03,32.26,67.97,1005.00,130.34,1802,9.566,53000,28.0,41.0,48.0,YES,YES,UNKNOWN_ANALYSIS_IAQ130_VOC9.57ppm,36574.7,0,5.0,0.050,50
2026-06-25 07:26:13,32.26,67.97,1005.00,130.34,1802,9.566,53000,27.0,40.0,48.0,YES,YES,UNKNOWN_ANALYSIS_IAQ130_VOC9.57ppm,36585.1,0,5.0,0.050,50
2026-06-25 07:26:24,32.26,67.97,1005.00,130.34,1802,9.566,53000,28.0,41.0,49.0,YES,YES,UNKNOWN_ANALYSIS_IAQ130_VOC9.57ppm,36595.5,0,5.0,0.050,50
2026-06-25 07:26:33,32.26,67.97,1005.00,130.34,1802,9.566,53000,27.0,40.0,48.0,YES,YES,UNKNOWN_ANALYSIS_IAQ130_VOC9.57ppm,36604.9,0,5.0,0.050,50
2026-06-25 07:26:44,32.26,67.97,1005.00,130.34,1802,9.566,53000,27.0,38.0,46.0,YES,YES,UNKNOWN_ANALYSIS_IAQ130_VOC9.57ppm,36615.4,0,5.0,0.050,50
2026-06-25 07:26:53,32.26,67.97,1005.00,130.34,1802,9.566,53000,27.0,39.0,46.0,YES,YES,UNKNOWN_ANALYSIS_IAQ130_VOC9.57ppm,36624.8,0,5.0,0.050,50
2026-06-25 07:27:03,32.26,67.97,1005.00,130.34,1802,9.566,53000,28.0,40.0,47.0,YES,YES,UNKNOWN_ANALYSIS_IAQ130_VOC9.57ppm,36635.2,0,5.0,0.050,50
2026-06-25 07:27:14,32.26,67.97,1005.00,130.34,1802,9.566,53000,27.0,40.0,47.0,YES,YES,UNKNOWN_ANALYSIS_IAQ130_VOC9.57ppm,36645.7,0,5.0,0.050,50
2026-06-25 07:27:23,32.43,67.78,1005.00,117.58,1588,5.887,54700,29.0,41.0,48.0,YES,YES,UNKNOWN_ANALYSIS_IAQ118_VOC5.89ppm,36655.1,0,5.0,0.050,50
2026-06-25 07:27:34,32.43,67.78,1005.00,117.58,1588,5.887,54700,29.0,41.0,49.0,YES,YES,UNKNOWN_ANALYSIS_IAQ118_VOC5.89ppm,36665.5,0,5.0,0.050,50
2026-06-25 07:27:44,32.43,67.78,1005.00,117.58,1588,5.887,54700,28.0,40.0,47.0,YES,YES,UNKNOWN_ANALYSIS_IAQ118_VOC5.89ppm,36675.9,0,5.0,0.050,50
2026-06-25 07:27:53,32.43,67.78,1005.00,117.58,1588,5.887,54700,28.0,40.0,47.0,YES,YES,UNKNOWN_ANALYSIS_IAQ118_VOC5.89ppm,36685.3,0,5.0,0.050,50
2026-06-25 07:28:04,32.43,67.78,1005.00,117.58,1588,5.887,54700,28.0,40.0,48.0,YES,YES,UNKNOWN_ANALYSIS_IAQ118_VOC5.89ppm,36695.8,0,5.0,0.050,50
2026-06-25 07:28:13,32.43,67.78,1005.00,117.58,1588,5.887,54700,27.0,39.0,47.0,YES,YES,UNKNOWN_ANALYSIS_IAQ118_VOC5.89ppm,36705.1,0,5.0,0.050,50
2026-06-25 07:28:24,32.43,67.78,1005.00,117.58,1588,5.887,54700,27.0,39.0,47.0,YES,YES,UNKNOWN_ANALYSIS_IAQ118_VOC5.89ppm,36715.6,0,5.0,0.050,50
2026-06-25 07:28:34,32.43,67.78,1005.00,117.58,1588,5.887,54700,27.0,39.0,46.0,YES,YES,UNKNOWN_ANALYSIS_IAQ118_VOC5.89ppm,36726.0,0,5.0,0.050,50
2026-06-25 07:28:44,32.43,67.78,1005.00,117.58,1588,5.887,54700,27.0,38.0,45.0,YES,YES,UNKNOWN_ANALYSIS_IAQ118_VOC5.89ppm,36735.4,0,5.0,0.050,50
2026-06-25 07:28:54,32.43,67.78,1005.00,117.58,1588,5.887,54700,27.0,38.0,45.0,YES,YES,UNKNOWN_ANALYSIS_IAQ118_VOC5.89ppm,36745.9,0,5.0,0.050,50
2026-06-25 07:29:03,32.43,67.78,1005.00,117.58,1588,5.887,54700,27.0,38.0,44.0,YES,YES,UNKNOWN_ANALYSIS_IAQ118_VOC5.89ppm,36755.2,0,5.0,0.050,50
2026-06-25 07:29:14,32.43,67.78,1005.00,117.58,1588,5.887,54700,28.0,39.0,46.0,YES,YES,UNKNOWN_ANALYSIS_IAQ118_VOC5.89ppm,36765.7,0,5.0,0.050,50
2026-06-25 07:29:24,32.43,67.78,1005.00,117.58,1588,5.887,54700,28.0,39.0,46.0,YES,YES,UNKNOWN_ANALYSIS_IAQ118_VOC5.89ppm,36776.1,0,5.0,0.050,50
2026-06-25 07:29:34,32.43,67.78,1005.00,117.58,1588,5.887,54700,28.0,40.0,48.0,YES,YES,UNKNOWN_ANALYSIS_IAQ118_VOC5.89ppm,36785.5,0,5.0,0.050,50
2026-06-25 07:29:44,32.43,67.78,1005.00,117.58,1588,5.887,54700,28.0,40.0,49.0,YES,YES,UNKNOWN_ANALYSIS_IAQ118_VOC5.89ppm,36796.0,0,5.0,0.050,50
2026-06-25 07:29:55,32.43,67.78,1005.00,117.58,1588,5.887,54700,27.0,40.0,49.0,YES,YES,UNKNOWN_ANALYSIS_IAQ118_VOC5.89ppm,36806.4,0,5.0,0.050,50
2026-06-25 07:30:04,32.43,67.78,1005.00,117.58,1588,5.887,54700,28.0,39.0,48.0,YES,YES,UNKNOWN_ANALYSIS_IAQ118_VOC5.89ppm,36815.8,0,5.0,0.050,50
2026-06-25 07:30:14,32.43,67.78,1005.00,117.58,1588,5.887,54700,29.0,41.0,50.0,YES,YES,UNKNOWN_ANALYSIS_IAQ118_VOC5.89ppm,36826.2,0,5.0,0.050,50
2026-06-25 07:30:24,32.43,67.78,1005.00,117.58,1588,5.887,54700,27.0,38.0,46.0,YES,YES,UNKNOWN_ANALYSIS_IAQ118_VOC5.89ppm,36835.6,0,5.0,0.050,50
2026-06-25 07:30:34,32.43,67.78,1005.00,117.58,1588,5.887,54700,28.0,39.0,47.0,YES,YES,UNKNOWN_ANALYSIS_IAQ118_VOC5.89ppm,36846.1,0,5.0,0.050,50
2026-06-25 07:30:45,32.43,67.78,1005.00,117.58,1588,5.887,54700,27.0,38.0,47.0,YES,YES,UNKNOWN_ANALYSIS_IAQ118_VOC5.89ppm,36856.5,0,5.0,0.050,50
2026-06-25 07:30:54,32.43,67.78,1005.00,117.58,1588,5.887,54700,27.0,39.0,48.0,YES,YES,UNKNOWN_ANALYSIS_IAQ118_VOC5.89ppm,36865.9,0,5.0,0.050,50
2026-06-25 07:31:04,32.43,67.78,1005.00,117.58,1588,5.887,54700,28.0,40.0,49.0,YES,YES,UNKNOWN_ANALYSIS_IAQ118_VOC5.89ppm,36876.3,0,5.0,0.050,50
2026-06-25 07:31:14,32.43,67.78,1005.00,117.58,1588,5.887,54700,28.0,41.0,50.0,YES,YES,UNKNOWN_ANALYSIS_IAQ118_VOC5.89ppm,36885.7,0,5.0,0.050,50
2026-06-25 07:31:24,32.43,67.78,1005.00,117.58,1588,5.887,54700,28.0,41.0,49.0,YES,YES,UNKNOWN_ANALYSIS_IAQ118_VOC5.89ppm,36896.2,0,5.0,0.050,50
2026-06-25 07:31:35,32.43,67.78,1005.00,117.58,1588,5.887,54700,28.0,39.0,47.0,YES,YES,UNKNOWN_ANALYSIS_IAQ118_VOC5.89ppm,36906.6,0,5.0,0.050,50
2026-06-25 07:31:44,32.43,67.78,1005.00,117.58,1588,5.887,54700,28.0,39.0,45.0,YES,YES,UNKNOWN_ANALYSIS_IAQ118_VOC5.89ppm,36916.0,0,5.0,0.050,50
2026-06-25 07:31:55,32.43,67.78,1005.00,117.58,1588,5.887,54700,26.0,38.0,46.0,YES,YES,UNKNOWN_ANALYSIS_IAQ118_VOC5.89ppm,36926.4,0,5.0,0.050,50
2026-06-25 07:32:04,32.43,67.78,1005.00,117.58,1588,5.887,54700,28.0,39.0,46.0,YES,YES,UNKNOWN_ANALYSIS_IAQ118_VOC5.89ppm,36935.8,0,5.0,0.050,50
2026-06-25 07:32:14,32.52,67.59,1005.00,104.52,1372,3.613,56600,28.0,38.0,45.0,YES,YES,UNKNOWN_ANALYSIS_IAQ105_VOC3.61ppm,36946.3,0,5.0,0.050,50
2026-06-25 07:32:25,32.52,67.59,1005.00,104.52,1372,3.613,56600,27.0,37.0,44.0,YES,YES,UNKNOWN_ANALYSIS_IAQ105_VOC3.61ppm,36956.7,0,5.0,0.050,50
2026-06-25 07:32:34,32.52,67.59,1005.00,104.52,1372,3.613,56600,28.0,39.0,46.0,YES,YES,UNKNOWN_ANALYSIS_IAQ105_VOC3.61ppm,36966.1,0,5.0,0.050,50
2026-06-25 07:32:45,32.52,67.59,1005.00,104.52,1372,3.613,56600,28.0,39.0,46.0,YES,YES,UNKNOWN_ANALYSIS_IAQ105_VOC3.61ppm,36976.5,0,5.0,0.050,50
2026-06-25 07:32:55,32.52,67.59,1005.00,104.52,1372,3.613,56600,28.0,39.0,47.0,YES,YES,UNKNOWN_ANALYSIS_IAQ105_VOC3.61ppm,36987.0,0,5.0,0.050,50
2026-06-25 07:33:05,32.52,67.59,1005.00,104.52,1372,3.613,56600,27.0,38.0,46.0,YES,YES,UNKNOWN_ANALYSIS_IAQ105_VOC3.61ppm,36996.4,0,5.0,0.050,50
2026-06-25 07:33:15,32.52,67.59,1005.00,104.52,1372,3.613,56600,28.0,39.0,45.0,YES,YES,UNKNOWN_ANALYSIS_IAQ105_VOC3.61ppm,37006.8,0,5.0,0.050,50
2026-06-25 07:33:24,32.52,67.59,1005.00,104.52,1372,3.613,56600,28.0,40.0,47.0,YES,YES,UNKNOWN_ANALYSIS_IAQ105_VOC3.61ppm,37016.2,0,5.0,0.050,50
2026-06-25 07:33:35,32.52,67.59,1005.00,104.52,1372,3.613,56600,26.0,39.0,46.0,YES,YES,UNKNOWN_ANALYSIS_IAQ105_VOC3.61ppm,37026.7,0,5.0,0.050,50
2026-06-25 07:33:45,32.52,67.59,1005.00,104.52,1372,3.613,56600,27.0,39.0,45.0,YES,YES,UNKNOWN_ANALYSIS_IAQ105_VOC3.61ppm,37037.1,0,5.0,0.050,50
2026-06-25 07:33:55,32.52,67.59,1005.00,104.52,1372,3.613,56600,26.0,38.0,44.0,YES,YES,UNKNOWN_ANALYSIS_IAQ105_VOC3.61ppm,37046.5,0,5.0,0.050,50
2026-06-25 07:34:05,32.52,67.59,1005.00,104.52,1372,3.613,56600,28.0,39.0,46.0,YES,YES,UNKNOWN_ANALYSIS_IAQ105_VOC3.61ppm,37056.9,0,5.0,0.050,50
2026-06-25 07:34:14,32.52,67.59,1005.00,104.52,1372,3.613,56600,27.0,38.0,45.0,YES,YES,UNKNOWN_ANALYSIS_IAQ105_VOC3.61ppm,37066.3,0,5.0,0.050,50
2026-06-25 07:34:25,32.52,67.59,1005.00,104.52,1372,3.613,56600,27.0,37.0,44.0,YES,YES,UNKNOWN_ANALYSIS_IAQ105_VOC3.61ppm,37076.8,0,5.0,0.050,50
2026-06-25 07:34:35,32.52,67.59,1005.00,104.52,1372,3.613,56600,27.0,37.0,44.0,YES,YES,UNKNOWN_ANALYSIS_IAQ105_VOC3.61ppm,37087.2,0,5.0,0.050,50
2026-06-25 07:34:45,32.52,67.59,1005.00,104.52,1372,3.613,56600,28.0,39.0,47.0,YES,YES,UNKNOWN_ANALYSIS_IAQ105_VOC3.61ppm,37096.6,0,5.0,0.050,50
2026-06-25 07:34:55,32.52,67.59,1005.00,104.52,1372,3.613,56600,28.0,39.0,47.0,YES,YES,UNKNOWN_ANALYSIS_IAQ105_VOC3.61ppm,37107.0,0,5.0,0.050,50
2026-06-25 07:35:05,32.52,67.59,1005.00,104.52,1372,3.613,56600,28.0,39.0,45.0,YES,YES,UNKNOWN_ANALYSIS_IAQ105_VOC3.61ppm,37116.4,0,5.0,0.050,50
2026-06-25 07:35:15,32.52,67.59,1005.00,104.52,1372,3.613,56600,27.0,37.0,44.0,YES,YES,UNKNOWN_ANALYSIS_IAQ105_VOC3.61ppm,37126.9,0,5.0,0.050,50
2026-06-25 07:35:25,32.52,67.59,1005.00,104.52,1372,3.613,56600,27.0,38.0,45.0,YES,YES,UNKNOWN_ANALYSIS_IAQ105_VOC3.61ppm,37137.3,0,5.0,0.050,50
2026-06-25 07:35:35,32.52,67.59,1005.00,104.52,1372,3.613,56600,28.0,39.0,47.0,YES,YES,UNKNOWN_ANALYSIS_IAQ105_VOC3.61ppm,37146.7,0,5.0,0.050,50
2026-06-25 07:35:45,32.52,67.59,1005.00,104.52,1372,3.613,56600,27.0,37.0,45.0,YES,YES,UNKNOWN_ANALYSIS_IAQ105_VOC3.61ppm,37157.2,0,5.0,0.050,50
2026-06-25 07:35:55,32.52,67.59,1005.00,104.52,1372,3.613,56600,28.0,39.0,46.0,YES,YES,UNKNOWN_ANALYSIS_IAQ105_VOC3.61ppm,37166.6,0,5.0,0.050,50
2026-06-25 07:36:05,32.52,67.59,1005.00,104.52,1372,3.613,56600,28.0,39.0,47.0,YES,YES,UNKNOWN_ANALYSIS_IAQ105_VOC3.61ppm,37177.0,0,5.0,0.050,50
2026-06-25 07:36:16,32.52,67.59,1005.00,104.52,1372,3.613,56600,26.0,36.0,44.0,YES,YES,UNKNOWN_ANALYSIS_IAQ105_VOC3.61ppm,37187.4,0,5.0,0.050,50
2026-06-25 07:36:25,32.52,67.59,1005.00,104.52,1372,3.613,56600,26.0,37.0,45.0,YES,YES,UNKNOWN_ANALYSIS_IAQ105_VOC3.61ppm,37196.8,0,5.0,0.050,50
2026-06-25 07:36:35,32.52,67.59,1005.00,104.52,1372,3.613,56600,27.0,38.0,47.0,YES,YES,UNKNOWN_ANALYSIS_IAQ105_VOC3.61ppm,37207.3,0,5.0,0.050,50
2026-06-25 07:36:46,32.52,67.59,1005.00,104.52,1372,3.613,56600,26.0,37.0,46.0,YES,YES,UNKNOWN_ANALYSIS_IAQ105_VOC3.61ppm,37217.7,0,5.0,0.050,50
2026-06-25 07:36:55,32.52,67.59,1005.00,104.52,1372,3.613,56600,26.0,37.0,45.0,YES,YES,UNKNOWN_ANALYSIS_IAQ105_VOC3.61ppm,37227.1,0,5.0,0.050,50
2026-06-25 07:37:06,32.52,67.59,1005.00,104.52,1372,3.613,56600,26.0,37.0,44.0,YES,YES,UNKNOWN_ANALYSIS_IAQ105_VOC3.61ppm,37237.5,0,5.0,0.050,50
2026-06-25 07:37:15,32.56,67.44,1005.00,91.78,1166,2.264,58600,27.0,39.0,49.0,YES,YES,UNKNOWN_ANALYSIS_IAQ92_VOC2.26ppm,37246.9,0,5.0,0.050,50
2026-06-25 07:37:26,32.56,67.44,1005.00,91.78,1166,2.264,58600,26.0,38.0,48.0,YES,YES,UNKNOWN_ANALYSIS_IAQ92_VOC2.26ppm,37257.4,0,5.0,0.050,50
2026-06-25 07:37:36,32.56,67.44,1005.00,91.78,1166,2.264,58600,27.0,38.0,46.0,YES,YES,UNKNOWN_ANALYSIS_IAQ92_VOC2.26ppm,37267.8,0,5.0,0.050,50
2026-06-25 07:37:45,32.56,67.44,1005.00,91.78,1166,2.264,58600,27.0,37.0,45.0,YES,YES,UNKNOWN_ANALYSIS_IAQ92_VOC2.26ppm,37277.2,0,5.0,0.050,50
2026-06-25 07:37:56,32.56,67.44,1005.00,91.78,1166,2.264,58600,28.0,39.0,46.0,YES,YES,UNKNOWN_ANALYSIS_IAQ92_VOC2.26ppm,37287.7,0,5.0,0.050,50
2026-06-25 07:38:05,32.56,67.44,1005.00,91.78,1166,2.264,58600,28.0,39.0,46.0,YES,YES,UNKNOWN_ANALYSIS_IAQ92_VOC2.26ppm,37297.1,0,5.0,0.050,50
2026-06-25 07:38:16,32.56,67.44,1005.00,91.78,1166,2.264,58600,27.0,38.0,46.0,YES,YES,UNKNOWN_ANALYSIS_IAQ92_VOC2.26ppm,37307.5,0,5.0,0.050,50
2026-06-25 07:38:26,32.56,67.44,1005.00,91.78,1166,2.264,58600,27.0,39.0,46.0,YES,YES,UNKNOWN_ANALYSIS_IAQ92_VOC2.26ppm,37317.9,0,5.0,0.050,50
2026-06-25 07:38:35,32.56,67.44,1005.00,91.78,1166,2.264,58600,26.0,38.0,46.0,YES,YES,UNKNOWN_ANALYSIS_IAQ92_VOC2.26ppm,37327.3,0,5.0,0.050,50
2026-06-25 07:38:46,32.56,67.44,1005.00,91.78,1166,2.264,58600,26.0,38.0,46.0,YES,YES,UNKNOWN_ANALYSIS_IAQ92_VOC2.26ppm,37337.8,0,5.0,0.050,50
2026-06-25 07:38:56,32.56,67.44,1005.00,91.78,1166,2.264,58600,26.0,38.0,46.0,YES,YES,UNKNOWN_ANALYSIS_IAQ92_VOC2.26ppm,37348.2,0,5.0,0.050,50
2026-06-25 07:39:06,32.56,67.44,1005.00,91.78,1166,2.264,58600,27.0,40.0,48.0,YES,YES,UNKNOWN_ANALYSIS_IAQ92_VOC2.26ppm,37357.6,0,5.0,0.050,50
2026-06-25 07:39:16,32.56,67.44,1005.00,91.78,1166,2.264,58600,27.0,40.0,47.0,YES,YES,UNKNOWN_ANALYSIS_IAQ92_VOC2.26ppm,37368.1,0,5.0,0.050,50
2026-06-25 07:39:26,32.56,67.44,1005.00,91.78,1166,2.264,58600,27.0,40.0,47.0,YES,YES,UNKNOWN_ANALYSIS_IAQ92_VOC2.26ppm,37377.4,0,5.0,0.050,50
2026-06-25 07:39:36,32.56,67.44,1005.00,91.78,1166,2.264,58600,27.0,39.0,47.0,YES,YES,UNKNOWN_ANALYSIS_IAQ92_VOC2.26ppm,37387.9,0,5.0,0.050,50
2026-06-25 07:39:46,32.56,67.44,1005.00,91.78,1166,2.264,58600,27.0,37.0,45.0,YES,YES,UNKNOWN_ANALYSIS_IAQ92_VOC2.26ppm,37398.3,0,5.0,0.050,50
2026-06-25 07:39:56,32.56,67.44,1005.00,91.78,1166,2.264,58600,28.0,39.0,47.0,YES,YES,UNKNOWN_ANALYSIS_IAQ92_VOC2.26ppm,37407.7,0,5.0,0.050,50
2026-06-25 07:40:06,32.56,67.44,1005.00,91.78,1166,2.264,58600,26.0,38.0,47.0,YES,YES,UNKNOWN_ANALYSIS_IAQ92_VOC2.26ppm,37418.2,0,5.0,0.050,50
2026-06-25 07:40:16,32.56,67.44,1005.00,91.78,1166,2.264,58600,26.0,38.0,46.0,YES,YES,UNKNOWN_ANALYSIS_IAQ92_VOC2.26ppm,37427.6,0,5.0,0.050,50
2026-06-25 07:40:26,32.56,67.44,1005.00,91.78,1166,2.264,58600,26.0,37.0,44.0,YES,YES,UNKNOWN_ANALYSIS_IAQ92_VOC2.26ppm,37438.0,0,5.0,0.050,50
2026-06-25 07:40:37,32.56,67.44,1005.00,91.78,1166,2.264,58600,26.0,37.0,44.0,YES,YES,UNKNOWN_ANALYSIS_IAQ92_VOC2.26ppm,37448.4,0,5.0,0.050,50
2026-06-25 07:40:46,32.56,67.44,1005.00,91.78,1166,2.264,58600,27.0,39.0,47.0,YES,YES,UNKNOWN_ANALYSIS_IAQ92_VOC2.26ppm,37457.8,0,5.0,0.050,50
2026-06-25 07:40:56,32.56,67.44,1005.00,91.78,1166,2.264,58600,27.0,38.0,45.0,YES,YES,UNKNOWN_ANALYSIS_IAQ92_VOC2.26ppm,37468.3,0,5.0,0.050,50
2026-06-25 07:41:07,32.56,67.44,1005.00,91.78,1166,2.264,58600,27.0,38.0,45.0,YES,YES,UNKNOWN_ANALYSIS_IAQ92_VOC2.26ppm,37478.7,0,5.0,0.050,50
2026-06-25 07:41:16,32.56,67.44,1005.00,91.78,1166,2.264,58600,27.0,38.0,44.0,YES,YES,UNKNOWN_ANALYSIS_IAQ92_VOC2.26ppm,37488.1,0,5.0,0.050,50
2026-06-25 07:41:27,32.56,67.44,1005.00,91.78,1166,2.264,58600,27.0,38.0,44.0,YES,YES,UNKNOWN_ANALYSIS_IAQ92_VOC2.26ppm,37498.6,0,5.0,0.050,50
2026-06-25 07:41:36,32.56,67.44,1005.00,91.78,1166,2.264,58600,27.0,39.0,45.0,YES,YES,UNKNOWN_ANALYSIS_IAQ92_VOC2.26ppm,37508.0,0,5.0,0.050,50
2026-06-25 07:41:47,32.56,67.44,1005.00,91.78,1166,2.264,58600,28.0,39.0,46.0,YES,YES,UNKNOWN_ANALYSIS_IAQ92_VOC2.26ppm,37518.4,0,5.0,0.050,50
2026-06-25 07:41:57,32.56,67.44,1005.00,91.78,1166,2.264,58600,27.0,38.0,45.0,YES,YES,UNKNOWN_ANALYSIS_IAQ92_VOC2.26ppm,37528.9,0,5.0,0.050,50
2026-06-25 07:42:06,32.56,67.44,1005.00,91.78,1166,2.264,58600,28.0,38.0,45.0,YES,YES,UNKNOWN_ANALYSIS_IAQ92_VOC2.26ppm,37538.3,0,5.0,0.050,50
2026-06-25 07:42:17,32.66,67.32,1005.00,79.43,967,1.443,60500,28.0,39.0,46.0,YES,YES,UNKNOWN_ANALYSIS_IAQ79_VOC1.44ppm,37548.7,0,5.0,0.050,50
2026-06-25 07:42:26,32.66,67.32,1005.00,79.43,967,1.443,60500,27.0,38.0,46.0,YES,YES,UNKNOWN_ANALYSIS_IAQ79_VOC1.44ppm,37558.1,0,5.0,0.050,50
2026-06-25 07:42:37,32.66,67.32,1005.00,79.43,967,1.443,60500,28.0,40.0,47.0,YES,YES,UNKNOWN_ANALYSIS_IAQ79_VOC1.44ppm,37568.5,0,5.0,0.050,50
2026-06-25 07:42:47,32.66,67.32,1005.00,79.43,967,1.443,60500,28.0,39.0,46.0,YES,YES,UNKNOWN_ANALYSIS_IAQ79_VOC1.44ppm,37579.0,0,5.0,0.050,50
2026-06-25 07:42:57,32.66,67.32,1005.00,79.43,967,1.443,60500,27.0,38.0,45.0,YES,YES,UNKNOWN_ANALYSIS_IAQ79_VOC1.44ppm,37588.4,0,5.0,0.050,50
2026-06-25 07:43:07,32.66,67.32,1005.00,79.43,967,1.443,60500,28.0,39.0,46.0,YES,YES,UNKNOWN_ANALYSIS_IAQ79_VOC1.44ppm,37598.8,0,5.0,0.050,50
2026-06-25 07:43:16,32.66,67.32,1005.00,79.43,967,1.443,60500,27.0,37.0,44.0,YES,YES,UNKNOWN_ANALYSIS_IAQ79_VOC1.44ppm,37608.2,0,5.0,0.050,50
2026-06-25 07:43:27,32.66,67.32,1005.00,79.43,967,1.443,60500,27.0,37.0,44.0,YES,YES,UNKNOWN_ANALYSIS_IAQ79_VOC1.44ppm,37618.7,0,5.0,0.050,50
2026-06-25 07:43:37,32.66,67.32,1005.00,79.43,967,1.443,60500,28.0,39.0,45.0,YES,YES,UNKNOWN_ANALYSIS_IAQ79_VOC1.44ppm,37629.1,0,5.0,0.050,50
2026-06-25 07:43:47,32.66,67.32,1005.00,79.43,967,1.443,60500,28.0,39.0,45.0,YES,YES,UNKNOWN_ANALYSIS_IAQ79_VOC1.44ppm,37638.5,0,5.0,0.050,50
2026-06-25 07:43:57,32.66,67.32,1005.00,79.43,967,1.443,60500,27.0,38.0,45.0,YES,YES,UNKNOWN_ANALYSIS_IAQ79_VOC1.44ppm,37648.9,0,5.0,0.050,50
2026-06-25 07:44:06,32.66,67.32,1005.00,79.43,967,1.443,60500,28.0,39.0,46.0,YES,YES,UNKNOWN_ANALYSIS_IAQ79_VOC1.44ppm,37658.3,0,5.0,0.050,50
2026-06-25 07:44:17,32.66,67.32,1005.00,79.43,967,1.443,60500,28.0,39.0,45.0,YES,YES,UNKNOWN_ANALYSIS_IAQ79_VOC1.44ppm,37668.8,0,5.0,0.050,50
2026-06-25 07:44:27,32.66,67.32,1005.00,79.43,967,1.443,60500,26.0,38.0,44.0,YES,YES,UNKNOWN_ANALYSIS_IAQ79_VOC1.44ppm,37679.2,0,5.0,0.050,50
2026-06-25 07:44:37,32.66,67.32,1005.00,79.43,967,1.443,60500,27.0,39.0,46.0,YES,YES,UNKNOWN_ANALYSIS_IAQ79_VOC1.44ppm,37688.6,0,5.0,0.050,50
2026-06-25 07:44:47,32.66,67.32,1005.00,79.43,967,1.443,60500,27.0,39.0,45.0,YES,YES,UNKNOWN_ANALYSIS_IAQ79_VOC1.44ppm,37699.0,0,5.0,0.050,50
2026-06-25 07:44:58,32.66,67.32,1005.00,79.43,967,1.443,60500,28.0,39.0,45.0,YES,YES,UNKNOWN_ANALYSIS_IAQ79_VOC1.44ppm,37709.5,0,5.0,0.050,50
2026-06-25 07:45:07,32.66,67.32,1005.00,79.43,967,1.443,60500,27.0,39.0,46.0,YES,YES,UNKNOWN_ANALYSIS_IAQ79_VOC1.44ppm,37718.9,0,5.0,0.050,50
2026-06-25 07:45:17,32.66,67.32,1005.00,79.43,967,1.443,60500,26.0,38.0,44.0,YES,YES,UNKNOWN_ANALYSIS_IAQ79_VOC1.44ppm,37729.3,0,5.0,0.050,50
2026-06-25 07:45:27,32.66,67.32,1005.00,79.43,967,1.443,60500,27.0,38.0,44.0,YES,YES,UNKNOWN_ANALYSIS_IAQ79_VOC1.44ppm,37738.7,0,5.0,0.050,50
2026-06-25 07:45:37,32.66,67.32,1005.00,79.43,967,1.443,60500,28.0,39.0,47.0,YES,YES,UNKNOWN_ANALYSIS_IAQ79_VOC1.44ppm,37749.2,0,5.0,0.050,50
2026-06-25 07:45:48,32.66,67.32,1005.00,79.43,967,1.443,60500,28.0,39.0,47.0,YES,YES,UNKNOWN_ANALYSIS_IAQ79_VOC1.44ppm,37759.6,0,5.0,0.050,50
2026-06-25 07:45:57,32.66,67.32,1005.00,79.43,967,1.443,60500,28.0,38.0,45.0,YES,YES,UNKNOWN_ANALYSIS_IAQ79_VOC1.44ppm,37769.0,0,5.0,0.050,50
2026-06-25 07:46:08,32.66,67.32,1005.00,79.43,967,1.443,60500,27.0,37.0,44.0,YES,YES,UNKNOWN_ANALYSIS_IAQ79_VOC1.44ppm,37779.4,0,5.0,0.050,50
2026-06-25 07:46:17,32.66,67.32,1005.00,79.43,967,1.443,60500,27.0,38.0,45.0,YES,YES,UNKNOWN_ANALYSIS_IAQ79_VOC1.44ppm,37788.8,0,5.0,0.050,50
2026-06-25 07:46:27,32.66,67.32,1005.00,79.43,967,1.443,60500,27.0,37.0,44.0,YES,YES,UNKNOWN_ANALYSIS_IAQ79_VOC1.44ppm,37799.3,0,5.0,0.050,50
2026-06-25 07:46:38,32.66,67.32,1005.00,79.43,967,1.443,60500,27.0,38.0,45.0,YES,YES,UNKNOWN_ANALYSIS_IAQ79_VOC1.44ppm,37809.7,0,5.0,0.050,50
2026-06-25 07:46:47,32.66,67.32,1005.00,79.43,967,1.443,60500,28.0,38.0,44.0,YES,YES,UNKNOWN_ANALYSIS_IAQ79_VOC1.44ppm,37819.1,0,5.0,0.050,50
2026-06-25 07:46:58,32.66,67.32,1005.00,79.43,967,1.443,60500,27.0,38.0,45.0,YES,YES,UNKNOWN_ANALYSIS_IAQ79_VOC1.44ppm,37829.6,0,5.0,0.050,50
2026-06-25 07:47:07,32.66,67.32,1005.00,79.43,967,1.443,60500,27.0,37.0,44.0,YES,YES,UNKNOWN_ANALYSIS_IAQ79_VOC1.44ppm,37839.0,0,5.0,0.050,50
2026-06-25 07:47:18,32.61,67.32,1005.00,79.28,964,1.430,60600,27.0,38.0,45.0,YES,YES,UNKNOWN_ANALYSIS_IAQ79_VOC1.43ppm,37849.4,0,5.0,0.050,50
2026-06-25 07:47:28,32.61,67.32,1005.00,79.28,964,1.430,60600,27.0,38.0,45.0,YES,YES,UNKNOWN_ANALYSIS_IAQ79_VOC1.43ppm,37859.8,0,5.0,0.050,50
2026-06-25 07:47:37,32.61,67.32,1005.00,79.28,964,1.430,60600,28.0,39.0,46.0,YES,YES,UNKNOWN_ANALYSIS_IAQ79_VOC1.43ppm,37869.2,0,5.0,0.050,50
2026-06-25 07:47:48,32.61,67.32,1005.00,79.28,964,1.430,60600,26.0,37.0,44.0,YES,YES,UNKNOWN_ANALYSIS_IAQ79_VOC1.43ppm,37879.7,0,5.0,0.050,50
2026-06-25 07:47:57,32.61,67.32,1005.00,79.28,964,1.430,60600,28.0,37.0,45.0,YES,YES,UNKNOWN_ANALYSIS_IAQ79_VOC1.43ppm,37889.1,0,5.0,0.050,50
2026-06-25 07:48:08,32.61,67.32,1005.00,79.28,964,1.430,60600,27.0,37.0,45.0,YES,YES,UNKNOWN_ANALYSIS_IAQ79_VOC1.43ppm,37899.5,0,5.0,0.050,50
2026-06-25 07:48:18,32.61,67.32,1005.00,79.28,964,1.430,60600,27.0,37.0,44.0,YES,YES,UNKNOWN_ANALYSIS_IAQ79_VOC1.43ppm,37909.9,0,5.0,0.050,50
2026-06-25 07:48:27,32.61,67.32,1005.00,79.28,964,1.430,60600,27.0,35.0,43.0,YES,YES,UNKNOWN_ANALYSIS_IAQ79_VOC1.43ppm,37919.3,0,5.0,0.050,50
2026-06-25 07:48:38,32.61,67.32,1005.00,79.28,964,1.430,60600,27.0,36.0,44.0,YES,YES,UNKNOWN_ANALYSIS_IAQ79_VOC1.43ppm,37929.8,0,5.0,0.050,50
2026-06-25 07:48:48,32.61,67.32,1005.00,79.28,964,1.430,60600,27.0,37.0,44.0,YES,YES,UNKNOWN_ANALYSIS_IAQ79_VOC1.43ppm,37940.2,0,5.0,0.050,50
2026-06-25 07:48:58,32.61,67.32,1005.00,79.28,964,1.430,60600,28.0,38.0,45.0,YES,YES,UNKNOWN_ANALYSIS_IAQ79_VOC1.43ppm,37949.6,0,5.0,0.050,50
2026-06-25 07:49:08,32.61,67.32,1005.00,79.28,964,1.430,60600,27.0,37.0,44.0,YES,YES,UNKNOWN_ANALYSIS_IAQ79_VOC1.43ppm,37960.1,0,5.0,0.050,50
2026-06-25 07:49:18,32.61,67.32,1005.00,79.28,964,1.430,60600,27.0,37.0,43.0,YES,YES,UNKNOWN_ANALYSIS_IAQ79_VOC1.43ppm,37969.5,0,5.0,0.050,50
2026-06-25 07:49:28,32.61,67.32,1005.00,79.28,964,1.430,60600,27.0,38.0,44.0,YES,YES,UNKNOWN_ANALYSIS_IAQ79_VOC1.43ppm,37979.9,0,5.0,0.050,50
2026-06-25 07:49:38,32.61,67.32,1005.00,79.28,964,1.430,60600,27.0,39.0,47.0,YES,YES,UNKNOWN_ANALYSIS_IAQ79_VOC1.43ppm,37990.3,0,5.0,0.050,50
2026-06-25 07:49:48,32.61,67.32,1005.00,79.28,964,1.430,60600,27.0,38.0,46.0,YES,YES,UNKNOWN_ANALYSIS_IAQ79_VOC1.43ppm,37999.7,0,5.0,0.050,50
2026-06-25 07:49:58,32.61,67.32,1005.00,79.28,964,1.430,60600,27.0,37.0,45.0,YES,YES,UNKNOWN_ANALYSIS_IAQ79_VOC1.43ppm,38010.2,0,5.0,0.050,50
2026-06-25 07:50:08,32.61,67.32,1005.00,79.28,964,1.430,60600,27.0,38.0,46.0,YES,YES,UNKNOWN_ANALYSIS_IAQ79_VOC1.43ppm,38019.6,0,5.0,0.050,50
2026-06-25 07:50:18,32.61,67.32,1005.00,79.28,964,1.430,60600,28.0,38.0,45.0,YES,YES,UNKNOWN_ANALYSIS_IAQ79_VOC1.43ppm,38030.0,0,5.0,0.050,50
2026-06-25 07:50:29,32.61,67.32,1005.00,79.28,964,1.430,60600,28.0,39.0,47.0,YES,YES,UNKNOWN_ANALYSIS_IAQ79_VOC1.43ppm,38040.5,0,5.0,0.050,50
2026-06-25 07:50:38,32.61,67.32,1005.00,79.28,964,1.430,60600,28.0,39.0,47.0,YES,YES,UNKNOWN_ANALYSIS_IAQ79_VOC1.43ppm,38049.9,0,5.0,0.050,50
2026-06-25 07:50:48,32.61,67.32,1005.00,79.28,964,1.430,60600,28.0,39.0,45.0,YES,YES,UNKNOWN_ANALYSIS_IAQ79_VOC1.43ppm,38060.3,0,5.0,0.050,50
2026-06-25 07:50:58,32.61,67.32,1005.00,79.28,964,1.430,60600,28.0,39.0,45.0,YES,YES,UNKNOWN_ANALYSIS_IAQ79_VOC1.43ppm,38069.7,0,5.0,0.050,50
2026-06-25 07:51:08,32.61,67.32,1005.00,79.28,964,1.430,60600,27.0,37.0,44.0,YES,YES,UNKNOWN_ANALYSIS_IAQ79_VOC1.43ppm,38080.1,0,5.0,0.050,50
2026-06-25 07:51:19,32.61,67.32,1005.00,79.28,964,1.430,60600,26.0,37.0,44.0,YES,YES,UNKNOWN_ANALYSIS_IAQ79_VOC1.43ppm,38090.6,0,5.0,0.050,50
2026-06-25 07:51:28,32.61,67.32,1005.00,79.28,964,1.430,60600,27.0,39.0,46.0,YES,YES,UNKNOWN_ANALYSIS_IAQ79_VOC1.43ppm,38100.0,0,5.0,0.050,50
2026-06-25 07:51:39,32.61,67.32,1005.00,79.28,964,1.430,60600,27.0,38.0,46.0,YES,YES,UNKNOWN_ANALYSIS_IAQ79_VOC1.43ppm,38110.4,0,5.0,0.050,50
2026-06-25 07:51:49,32.61,67.32,1005.00,79.28,964,1.430,60600,27.0,39.0,48.0,YES,YES,UNKNOWN_ANALYSIS_IAQ79_VOC1.43ppm,38120.8,0,5.0,0.050,50
2026-06-25 07:51:58,32.61,67.32,1005.00,79.28,964,1.430,60600,28.0,39.0,47.0,YES,YES,UNKNOWN_ANALYSIS_IAQ79_VOC1.43ppm,38130.2,0,5.0,0.050,50
2026-06-25 07:52:09,32.61,67.32,1005.00,79.28,964,1.430,60600,27.0,40.0,47.0,YES,YES,UNKNOWN_ANALYSIS_IAQ79_VOC1.43ppm,38140.7,0,5.0,0.050,50
2026-06-25 07:52:18,32.66,67.27,1005.00,74.67,889,1.209,61300,27.0,38.0,46.0,YES,YES,UNKNOWN_ANALYSIS_IAQ75_VOC1.21ppm,38150.1,0,5.0,0.050,50
2026-06-25 07:52:29,32.66,67.27,1005.00,74.67,889,1.209,61300,27.0,38.0,46.0,YES,YES,UNKNOWN_ANALYSIS_IAQ75_VOC1.21ppm,38160.5,0,5.0,0.050,50
2026-06-25 07:52:39,32.66,67.27,1005.00,74.67,889,1.209,61300,27.0,37.0,45.0,YES,YES,UNKNOWN_ANALYSIS_IAQ75_VOC1.21ppm,38171.0,0,5.0,0.050,50
2026-06-25 07:52:48,32.66,67.27,1005.00,74.67,889,1.209,61300,28.0,38.0,46.0,YES,YES,UNKNOWN_ANALYSIS_IAQ75_VOC1.21ppm,38180.4,0,5.0,0.050,50
2026-06-25 07:52:59,32.66,67.27,1005.00,74.67,889,1.209,61300,27.0,38.0,45.0,YES,YES,UNKNOWN_ANALYSIS_IAQ75_VOC1.21ppm,38190.8,0,5.0,0.050,50
2026-06-25 07:53:08,32.66,67.27,1005.00,74.67,889,1.209,61300,27.0,38.0,44.0,YES,YES,UNKNOWN_ANALYSIS_IAQ75_VOC1.21ppm,38200.2,0,5.0,0.050,50
2026-06-25 07:53:19,32.66,67.27,1005.00,74.67,889,1.209,61300,28.0,40.0,47.0,YES,YES,UNKNOWN_ANALYSIS_IAQ75_VOC1.21ppm,38210.6,0,5.0,0.050,50
2026-06-25 07:53:29,32.66,67.27,1005.00,74.67,889,1.209,61300,28.0,39.0,47.0,YES,YES,UNKNOWN_ANALYSIS_IAQ75_VOC1.21ppm,38221.1,0,5.0,0.050,50
2026-06-25 07:53:39,32.66,67.27,1005.00,74.67,889,1.209,61300,28.0,38.0,46.0,YES,YES,UNKNOWN_ANALYSIS_IAQ75_VOC1.21ppm,38230.5,0,5.0,0.050,50
2026-06-25 07:53:49,32.66,67.27,1005.00,74.67,889,1.209,61300,27.0,37.0,44.0,YES,YES,UNKNOWN_ANALYSIS_IAQ75_VOC1.21ppm,38240.9,0,5.0,0.050,50
2026-06-25 07:53:58,32.66,67.27,1005.00,74.67,889,1.209,61300,28.0,38.0,46.0,YES,YES,UNKNOWN_ANALYSIS_IAQ75_VOC1.21ppm,38250.3,0,5.0,0.050,50
2026-06-25 07:54:09,32.66,67.27,1005.00,74.67,889,1.209,61300,27.0,37.0,45.0,YES,YES,UNKNOWN_ANALYSIS_IAQ75_VOC1.21ppm,38260.8,0,5.0,0.050,50
2026-06-25 07:54:19,32.66,67.27,1005.00,74.67,889,1.209,61300,27.0,36.0,45.0,YES,YES,UNKNOWN_ANALYSIS_IAQ75_VOC1.21ppm,38271.2,0,5.0,0.050,50
2026-06-25 07:54:29,32.66,67.27,1005.00,74.67,889,1.209,61300,28.0,36.0,45.0,YES,YES,UNKNOWN_ANALYSIS_IAQ75_VOC1.21ppm,38280.6,0,5.0,0.050,50
2026-06-25 07:54:39,32.66,67.27,1005.00,74.67,889,1.209,61300,28.0,38.0,46.0,YES,YES,UNKNOWN_ANALYSIS_IAQ75_VOC1.21ppm,38291.1,0,5.0,0.050,50
2026-06-25 07:54:49,32.66,67.27,1005.00,74.67,889,1.209,61300,28.0,38.0,47.0,YES,YES,UNKNOWN_ANALYSIS_IAQ75_VOC1.21ppm,38300.5,0,5.0,0.050,50
2026-06-25 07:54:59,32.66,67.27,1005.00,74.67,889,1.209,61300,28.0,38.0,46.0,YES,YES,UNKNOWN_ANALYSIS_IAQ75_VOC1.21ppm,38310.9,0,5.0,0.050,50
2026-06-25 07:55:09,32.66,67.27,1005.00,74.67,889,1.209,61300,27.0,38.0,47.0,YES,YES,UNKNOWN_ANALYSIS_IAQ75_VOC1.21ppm,38321.3,0,5.0,0.050,50
2026-06-25 07:55:19,32.66,67.27,1005.00,74.67,889,1.209,61300,27.0,39.0,47.0,YES,YES,UNKNOWN_ANALYSIS_IAQ75_VOC1.21ppm,38330.7,0,5.0,0.050,50
2026-06-25 07:55:29,32.66,67.27,1005.00,74.67,889,1.209,61300,28.0,39.0,46.0,YES,YES,UNKNOWN_ANALYSIS_IAQ75_VOC1.21ppm,38341.2,0,5.0,0.050,50
2026-06-25 07:55:40,32.66,67.27,1005.00,74.67,889,1.209,61300,27.0,38.0,45.0,YES,YES,UNKNOWN_ANALYSIS_IAQ75_VOC1.21ppm,38351.6,0,5.0,0.050,50
2026-06-25 07:55:49,32.66,67.27,1005.00,74.67,889,1.209,61300,27.0,38.0,44.0,YES,YES,UNKNOWN_ANALYSIS_IAQ75_VOC1.21ppm,38361.0,0,5.0,0.050,50
2026-06-25 07:56:00,32.66,67.27,1005.00,74.67,889,1.209,61300,26.0,37.0,44.0,YES,YES,UNKNOWN_ANALYSIS_IAQ75_VOC1.21ppm,38371.5,0,5.0,0.050,50
2026-06-25 07:56:09,32.66,67.27,1005.00,74.67,889,1.209,61300,27.0,37.0,45.0,YES,YES,UNKNOWN_ANALYSIS_IAQ75_VOC1.21ppm,38380.9,0,5.0,0.050,50
2026-06-25 07:56:19,32.66,67.27,1005.00,74.67,889,1.209,61300,26.0,37.0,44.0,YES,YES,UNKNOWN_ANALYSIS_IAQ75_VOC1.21ppm,38391.3,0,5.0,0.050,50
2026-06-25 07:56:30,32.66,67.27,1005.00,74.67,889,1.209,61300,26.0,37.0,44.0,YES,YES,UNKNOWN_ANALYSIS_IAQ75_VOC1.21ppm,38401.7,0,5.0,0.050,50
2026-06-25 07:56:39,32.66,67.27,1005.00,74.67,889,1.209,61300,27.0,38.0,45.0,YES,YES,UNKNOWN_ANALYSIS_IAQ75_VOC1.21ppm,38411.1,0,5.0,0.050,50
2026-06-25 07:56:50,32.66,67.27,1005.00,74.67,889,1.209,61300,27.0,38.0,45.0,YES,YES,UNKNOWN_ANALYSIS_IAQ75_VOC1.21ppm,38421.6,0,5.0,0.050,50
2026-06-25 07:56:59,32.66,67.27,1005.00,74.67,889,1.209,61300,26.0,37.0,45.0,YES,YES,UNKNOWN_ANALYSIS_IAQ75_VOC1.21ppm,38431.0,0,5.0,0.050,50
2026-06-25 07:57:10,32.66,67.27,1005.00,74.67,889,1.209,61300,27.0,38.0,46.0,YES,YES,UNKNOWN_ANALYSIS_IAQ75_VOC1.21ppm,38441.4,0,5.0,0.050,50
2026-06-25 07:57:20,32.53,67.27,1005.00,72.28,850,1.106,61900,26.0,37.0,45.0,YES,YES,UNKNOWN_ANALYSIS_IAQ72_VOC1.11ppm,38451.9,0,5.0,0.050,50
2026-06-25 07:57:29,32.53,67.27,1005.00,72.28,850,1.106,61900,26.0,38.0,46.0,YES,YES,UNKNOWN_ANALYSIS_IAQ72_VOC1.11ppm,38461.3,0,5.0,0.050,50
2026-06-25 07:57:40,32.53,67.27,1005.00,72.28,850,1.106,61900,27.0,38.0,47.0,YES,YES,UNKNOWN_ANALYSIS_IAQ72_VOC1.11ppm,38471.7,0,5.0,0.050,50
2026-06-25 07:57:49,32.53,67.27,1005.00,72.28,850,1.106,61900,27.0,38.0,45.0,YES,YES,UNKNOWN_ANALYSIS_IAQ72_VOC1.11ppm,38481.1,0,5.0,0.050,50
2026-06-25 07:58:00,32.53,67.27,1005.00,72.28,850,1.106,61900,27.0,37.0,45.0,YES,YES,UNKNOWN_ANALYSIS_IAQ72_VOC1.11ppm,38491.5,0,5.0,0.050,50
2026-06-25 07:58:10,32.53,67.27,1005.00,72.28,850,1.106,61900,26.0,37.0,44.0,YES,YES,UNKNOWN_ANALYSIS_IAQ72_VOC1.11ppm,38502.0,0,5.0,0.050,50
2026-06-25 07:58:20,32.53,67.27,1005.00,72.28,850,1.106,61900,26.0,37.0,43.0,YES,YES,UNKNOWN_ANALYSIS_IAQ72_VOC1.11ppm,38511.4,0,5.0,0.050,50
2026-06-25 07:58:30,32.53,67.27,1005.00,72.28,850,1.106,61900,27.0,38.0,45.0,YES,YES,UNKNOWN_ANALYSIS_IAQ72_VOC1.11ppm,38521.8,0,5.0,0.050,50
2026-06-25 07:58:39,32.53,67.27,1005.00,72.28,850,1.106,61900,28.0,38.0,45.0,YES,YES,UNKNOWN_ANALYSIS_IAQ72_VOC1.11ppm,38531.2,0,5.0,0.050,50
2026-06-25 07:58:50,32.53,67.27,1005.00,72.28,850,1.106,61900,27.0,37.0,44.0,YES,YES,UNKNOWN_ANALYSIS_IAQ72_VOC1.11ppm,38541.7,0,5.0,0.050,50
2026-06-25 07:59:00,32.53,67.27,1005.00,72.28,850,1.106,61900,27.0,38.0,45.0,YES,YES,UNKNOWN_ANALYSIS_IAQ72_VOC1.11ppm,38552.1,0,5.0,0.050,50
2026-06-25 07:59:10,32.53,67.27,1005.00,72.28,850,1.106,61900,26.0,37.0,44.0,YES,YES,UNKNOWN_ANALYSIS_IAQ72_VOC1.11ppm,38561.5,0,5.0,0.050,50
2026-06-25 07:59:20,32.53,67.27,1005.00,72.28,850,1.106,61900,26.0,37.0,44.0,YES,YES,UNKNOWN_ANALYSIS_IAQ72_VOC1.11ppm,38571.9,0,5.0,0.050,50
2026-06-25 07:59:29,32.53,67.27,1005.00,72.28,850,1.106,61900,27.0,38.0,45.0,YES,YES,UNKNOWN_ANALYSIS_IAQ72_VOC1.11ppm,38581.3,0,5.0,0.050,50
2026-06-25 07:59:40,32.53,67.27,1005.00,72.28,850,1.106,61900,27.0,39.0,46.0,YES,YES,UNKNOWN_ANALYSIS_IAQ72_VOC1.11ppm,38591.8,0,5.0,0.050,50
2026-06-25 07:59:50,32.53,67.27,1005.00,72.28,850,1.106,61900,27.0,39.0,45.0,YES,YES,UNKNOWN_ANALYSIS_IAQ72_VOC1.11ppm,38602.2,0,5.0,0.050,50
2026-06-25 08:00:00,32.53,67.27,1005.00,72.28,850,1.106,61900,27.0,38.0,46.0,YES,YES,UNKNOWN_ANALYSIS_IAQ72_VOC1.11ppm,38611.6,0,5.0,0.050,50
2026-06-25 08:00:10,32.53,67.27,1005.00,72.28,850,1.106,61900,26.0,37.0,45.0,YES,YES,UNKNOWN_ANALYSIS_IAQ72_VOC1.11ppm,38622.1,0,5.0,0.050,50
2026-06-25 08:00:20,32.53,67.27,1005.00,72.28,850,1.106,61900,27.0,38.0,46.0,YES,YES,UNKNOWN_ANALYSIS_IAQ72_VOC1.11ppm,38631.5,0,5.0,0.050,50
2026-06-25 08:00:30,32.53,67.27,1005.00,72.28,850,1.106,61900,26.0,37.0,44.0,YES,YES,UNKNOWN_ANALYSIS_IAQ72_VOC1.11ppm,38641.9,0,5.0,0.050,50
2026-06-25 08:00:40,32.53,67.27,1005.00,72.28,850,1.106,61900,26.0,37.0,44.0,YES,YES,UNKNOWN_ANALYSIS_IAQ72_VOC1.11ppm,38652.3,0,5.0,0.050,50
2026-06-25 08:00:50,32.53,67.27,1005.00,72.28,850,1.106,61900,27.0,38.0,45.0,YES,YES,UNKNOWN_ANALYSIS_IAQ72_VOC1.11ppm,38661.7,0,5.0,0.050,50
2026-06-25 08:01:00,32.53,67.27,1005.00,72.28,850,1.106,61900,27.0,37.0,44.0,YES,YES,UNKNOWN_ANALYSIS_IAQ72_VOC1.11ppm,38672.2,0,5.0,0.050,50
2026-06-25 08:01:11,32.53,67.27,1005.00,72.28,850,1.106,61900,27.0,37.0,45.0,YES,YES,UNKNOWN_ANALYSIS_IAQ72_VOC1.11ppm,38682.6,0,5.0,0.050,50
2026-06-25 08:01:20,32.53,67.27,1005.00,72.28,850,1.106,61900,26.0,37.0,44.0,YES,YES,UNKNOWN_ANALYSIS_IAQ72_VOC1.11ppm,38692.0,0,5.0,0.050,50
2026-06-25 08:01:31,32.53,67.27,1005.00,72.28,850,1.106,61900,26.0,36.0,43.0,YES,YES,UNKNOWN_ANALYSIS_IAQ72_VOC1.11ppm,38702.5,0,5.0,0.050,50
2026-06-25 08:01:40,32.53,67.27,1005.00,72.28,850,1.106,61900,26.0,37.0,43.0,YES,YES,UNKNOWN_ANALYSIS_IAQ72_VOC1.11ppm,38711.8,0,5.0,0.050,50
2026-06-25 08:01:50,32.53,67.27,1005.00,72.28,850,1.106,61900,27.0,38.0,44.0,YES,YES,UNKNOWN_ANALYSIS_IAQ72_VOC1.11ppm,38722.3,0,5.0,0.050,50
2026-06-25 08:02:01,32.53,67.27,1005.00,72.28,850,1.106,61900,25.0,36.0,43.0,YES,YES,UNKNOWN_ANALYSIS_IAQ72_VOC1.11ppm,38732.7,0,5.0,0.050,50
2026-06-25 08:02:10,32.53,67.27,1005.00,72.28,850,1.106,61900,27.0,37.0,45.0,YES,YES,UNKNOWN_ANALYSIS_IAQ72_VOC1.11ppm,38742.1,0,5.0,0.050,50
2026-06-25 08:02:21,32.39,67.35,1005.00,73.39,867,1.148,61900,26.0,37.0,45.0,YES,YES,UNKNOWN_ANALYSIS_IAQ73_VOC1.15ppm,38752.6,0,5.0,0.050,50
2026-06-25 08:02:30,32.39,67.35,1005.00,73.39,867,1.148,61900,26.0,37.0,44.0,YES,YES,UNKNOWN_ANALYSIS_IAQ73_VOC1.15ppm,38761.9,0,5.0,0.050,50
2026-06-25 08:02:41,32.39,67.35,1005.00,73.39,867,1.148,61900,25.0,36.0,43.0,YES,YES,UNKNOWN_ANALYSIS_IAQ73_VOC1.15ppm,38772.4,0,5.0,0.050,50
2026-06-25 08:02:51,32.39,67.35,1005.00,73.39,867,1.148,61900,26.0,36.0,45.0,YES,YES,UNKNOWN_ANALYSIS_IAQ73_VOC1.15ppm,38782.8,0,5.0,0.050,50
2026-06-25 08:03:00,32.39,67.35,1005.00,73.39,867,1.148,61900,25.0,35.0,44.0,YES,YES,UNKNOWN_ANALYSIS_IAQ73_VOC1.15ppm,38792.2,0,5.0,0.050,50
2026-06-25 08:03:11,32.39,67.35,1005.00,73.39,867,1.148,61900,25.0,36.0,43.0,YES,YES,UNKNOWN_ANALYSIS_IAQ73_VOC1.15ppm,38802.7,0,5.0,0.050,50
2026-06-25 08:03:20,32.39,67.35,1005.00,73.39,867,1.148,61900,24.0,36.0,41.0,YES,YES,UNKNOWN_ANALYSIS_IAQ73_VOC1.15ppm,38812.1,0,5.0,0.050,50
2026-06-25 08:03:31,32.39,67.35,1005.00,73.39,867,1.148,61900,24.0,35.0,41.0,YES,YES,UNKNOWN_ANALYSIS_IAQ73_VOC1.15ppm,38822.5,0,5.0,0.050,50
2026-06-25 08:03:41,32.39,67.35,1005.00,73.39,867,1.148,61900,26.0,38.0,45.0,YES,YES,UNKNOWN_ANALYSIS_IAQ73_VOC1.15ppm,38832.9,0,5.0,0.050,50
2026-06-25 08:03:50,32.39,67.35,1005.00,73.39,867,1.148,61900,26.0,38.0,44.0,YES,YES,UNKNOWN_ANALYSIS_IAQ73_VOC1.15ppm,38842.3,0,5.0,0.050,50
2026-06-25 08:04:01,32.39,67.35,1005.00,73.39,867,1.148,61900,26.0,38.0,44.0,YES,YES,UNKNOWN_ANALYSIS_IAQ73_VOC1.15ppm,38852.8,0,5.0,0.050,50
2026-06-25 08:04:11,32.39,67.35,1005.00,73.39,867,1.148,61900,25.0,35.0,41.0,YES,YES,UNKNOWN_ANALYSIS_IAQ73_VOC1.15ppm,38863.2,0,5.0,0.050,50
2026-06-25 08:04:21,32.39,67.35,1005.00,73.39,867,1.148,61900,25.0,35.0,42.0,YES,YES,UNKNOWN_ANALYSIS_IAQ73_VOC1.15ppm,38872.6,0,5.0,0.050,50
2026-06-25 08:04:31,32.39,67.35,1005.00,73.39,867,1.148,61900,25.0,36.0,43.0,YES,YES,UNKNOWN_ANALYSIS_IAQ73_VOC1.15ppm,38883.1,0,5.0,0.050,50
2026-06-25 08:04:41,32.39,67.35,1005.00,73.39,867,1.148,61900,26.0,37.0,44.0,YES,YES,UNKNOWN_ANALYSIS_IAQ73_VOC1.15ppm,38892.5,0,5.0,0.050,50
2026-06-25 08:04:51,32.39,67.35,1005.00,73.39,867,1.148,61900,26.0,38.0,46.0,YES,YES,UNKNOWN_ANALYSIS_IAQ73_VOC1.15ppm,38902.9,0,5.0,0.050,50
2026-06-25 08:05:01,32.39,67.35,1005.00,73.39,867,1.148,61900,27.0,38.0,46.0,YES,YES,UNKNOWN_ANALYSIS_IAQ73_VOC1.15ppm,38913.3,0,5.0,0.050,50
2026-06-25 08:05:11,32.39,67.35,1005.00,73.39,867,1.148,61900,27.0,37.0,45.0,YES,YES,UNKNOWN_ANALYSIS_IAQ73_VOC1.15ppm,38922.7,0,5.0,0.050,50
2026-06-25 08:05:21,32.39,67.35,1005.00,73.39,867,1.148,61900,27.0,37.0,45.0,YES,YES,UNKNOWN_ANALYSIS_IAQ73_VOC1.15ppm,38933.2,0,5.0,0.050,50
2026-06-25 08:05:31,32.39,67.35,1005.00,73.39,867,1.148,61900,26.0,35.0,44.0,YES,YES,UNKNOWN_ANALYSIS_IAQ73_VOC1.15ppm,38942.6,0,5.0,0.050,50
2026-06-25 08:05:41,32.39,67.35,1005.00,73.39,867,1.148,61900,26.0,37.0,43.0,YES,YES,UNKNOWN_ANALYSIS_IAQ73_VOC1.15ppm,38953.0,0,5.0,0.050,50
2026-06-25 08:05:52,32.39,67.35,1005.00,73.39,867,1.148,61900,27.0,38.0,44.0,YES,YES,UNKNOWN_ANALYSIS_IAQ73_VOC1.15ppm,38963.4,0,5.0,0.050,50
2026-06-25 08:06:01,32.39,67.35,1005.00,73.39,867,1.148,61900,26.0,36.0,43.0,YES,YES,UNKNOWN_ANALYSIS_IAQ73_VOC1.15ppm,38972.8,0,5.0,0.050,50
2026-06-25 08:06:11,32.39,67.35,1005.00,73.39,867,1.148,61900,26.0,36.0,44.0,YES,YES,UNKNOWN_ANALYSIS_IAQ73_VOC1.15ppm,38983.3,0,5.0,0.050,50
2026-06-25 08:06:21,32.39,67.35,1005.00,73.39,867,1.148,61900,26.0,35.0,42.0,YES,YES,UNKNOWN_ANALYSIS_IAQ73_VOC1.15ppm,38992.7,0,5.0,0.050,50
2026-06-25 08:06:31,32.39,67.35,1005.00,73.39,867,1.148,61900,27.0,37.0,44.0,YES,YES,UNKNOWN_ANALYSIS_IAQ73_VOC1.15ppm,39003.1,0,5.0,0.050,50
2026-06-25 08:06:42,32.39,67.35,1005.00,73.39,867,1.148,61900,27.0,38.0,44.0,YES,YES,UNKNOWN_ANALYSIS_IAQ73_VOC1.15ppm,39013.6,0,5.0,0.050,50
2026-06-25 08:06:51,32.39,67.35,1005.00,73.39,867,1.148,61900,25.0,35.0,42.0,YES,YES,UNKNOWN_ANALYSIS_IAQ73_VOC1.15ppm,39023.0,0,5.0,0.050,50
2026-06-25 08:07:02,32.39,67.35,1005.00,73.39,867,1.148,61900,26.0,36.0,43.0,YES,YES,UNKNOWN_ANALYSIS_IAQ73_VOC1.15ppm,39033.4,0,5.0,0.050,50
2026-06-25 08:07:11,32.39,67.35,1005.00,73.39,867,1.148,61900,25.0,37.0,44.0,YES,YES,UNKNOWN_ANALYSIS_IAQ73_VOC1.15ppm,39042.8,0,5.0,0.050,50
2026-06-25 08:07:21,32.28,67.42,1005.00,77.89,935,1.342,61300,27.0,38.0,45.0,YES,YES,UNKNOWN_ANALYSIS_IAQ78_VOC1.34ppm,39053.2,0,5.0,0.050,50
2026-06-25 08:07:32,32.28,67.42,1005.00,77.89,935,1.342,61300,26.0,35.0,44.0,YES,YES,UNKNOWN_ANALYSIS_IAQ78_VOC1.34ppm,39063.7,0,5.0,0.050,50
2026-06-25 08:07:41,32.28,67.42,1005.00,77.89,935,1.342,61300,26.0,36.0,45.0,YES,YES,UNKNOWN_ANALYSIS_IAQ78_VOC1.34ppm,39073.1,0,5.0,0.050,50
2026-06-25 08:07:52,32.28,67.42,1005.00,77.89,935,1.342,61300,26.0,36.0,45.0,YES,YES,UNKNOWN_ANALYSIS_IAQ78_VOC1.34ppm,39083.5,0,5.0,0.050,50
2026-06-25 08:08:01,32.28,67.42,1005.00,77.89,935,1.342,61300,26.0,37.0,45.0,YES,YES,UNKNOWN_ANALYSIS_IAQ78_VOC1.34ppm,39092.9,0,5.0,0.050,50
2026-06-25 08:08:11,32.28,67.42,1005.00,77.89,935,1.342,61300,26.0,38.0,47.0,YES,YES,UNKNOWN_ANALYSIS_IAQ78_VOC1.34ppm,39103.3,0,5.0,0.050,50
2026-06-25 08:08:22,32.28,67.42,1005.00,77.89,935,1.342,61300,26.0,37.0,45.0,YES,YES,UNKNOWN_ANALYSIS_IAQ78_VOC1.34ppm,39113.8,0,5.0,0.050,50
2026-06-25 08:08:31,32.28,67.42,1005.00,77.89,935,1.342,61300,26.0,38.0,44.0,YES,YES,UNKNOWN_ANALYSIS_IAQ78_VOC1.34ppm,39123.2,0,5.0,0.050,50
2026-06-25 08:08:42,32.28,67.42,1005.00,77.89,935,1.342,61300,27.0,38.0,46.0,YES,YES,UNKNOWN_ANALYSIS_IAQ78_VOC1.34ppm,39133.6,0,5.0,0.050,50
2026-06-25 08:08:52,32.28,67.42,1005.00,77.89,935,1.342,61300,26.0,38.0,45.0,YES,YES,UNKNOWN_ANALYSIS_IAQ78_VOC1.34ppm,39144.1,0,5.0,0.050,50
2026-06-25 08:09:02,32.28,67.42,1005.00,77.89,935,1.342,61300,25.0,37.0,46.0,YES,YES,UNKNOWN_ANALYSIS_IAQ78_VOC1.34ppm,39153.5,0,5.0,0.050,50
2026-06-25 08:09:12,32.28,67.42,1005.00,77.89,935,1.342,61300,27.0,38.0,45.0,YES,YES,UNKNOWN_ANALYSIS_IAQ78_VOC1.34ppm,39163.9,0,5.0,0.050,50
2026-06-25 08:09:21,32.28,67.42,1005.00,77.89,935,1.342,61300,26.0,39.0,46.0,YES,YES,UNKNOWN_ANALYSIS_IAQ78_VOC1.34ppm,39173.3,0,5.0,0.050,50
2026-06-25 08:09:32,32.28,67.42,1005.00,77.89,935,1.342,61300,27.0,39.0,46.0,YES,YES,UNKNOWN_ANALYSIS_IAQ78_VOC1.34ppm,39183.8,0,5.0,0.050,50
2026-06-25 08:09:42,32.28,67.42,1005.00,77.89,935,1.342,61300,26.0,38.0,44.0,YES,YES,UNKNOWN_ANALYSIS_IAQ78_VOC1.34ppm,39194.2,0,5.0,0.050,50
2026-06-25 08:09:52,32.28,67.42,1005.00,77.89,935,1.342,61300,27.0,39.0,45.0,YES,YES,UNKNOWN_ANALYSIS_IAQ78_VOC1.34ppm,39203.6,0,5.0,0.050,50
2026-06-25 08:10:02,32.28,67.42,1005.00,77.89,935,1.342,61300,26.0,37.0,44.0,YES,YES,UNKNOWN_ANALYSIS_IAQ78_VOC1.34ppm,39214.0,0,5.0,0.050,50
2026-06-25 08:10:12,32.28,67.42,1005.00,77.89,935,1.342,61300,26.0,37.0,44.0,YES,YES,UNKNOWN_ANALYSIS_IAQ78_VOC1.34ppm,39223.4,0,5.0,0.050,50
2026-06-25 08:10:22,32.28,67.42,1005.00,77.89,935,1.342,61300,27.0,38.0,45.0,YES,YES,UNKNOWN_ANALYSIS_IAQ78_VOC1.34ppm,39233.9,0,5.0,0.050,50
2026-06-25 08:10:32,32.28,67.42,1005.00,77.89,935,1.342,61300,27.0,38.0,44.0,YES,YES,UNKNOWN_ANALYSIS_IAQ78_VOC1.34ppm,39244.3,0,5.0,0.050,50
2026-06-25 08:10:42,32.28,67.42,1005.00,77.89,935,1.342,61300,27.0,39.0,47.0,YES,YES,UNKNOWN_ANALYSIS_IAQ78_VOC1.34ppm,39253.7,0,5.0,0.050,50
2026-06-25 08:10:52,32.28,67.42,1005.00,77.89,935,1.342,61300,26.0,38.0,44.0,YES,YES,UNKNOWN_ANALYSIS_IAQ78_VOC1.34ppm,39264.1,0,5.0,0.050,50
2026-06-25 08:11:02,32.28,67.42,1005.00,77.89,935,1.342,61300,27.0,39.0,45.0,YES,YES,UNKNOWN_ANALYSIS_IAQ78_VOC1.34ppm,39273.6,0,5.0,0.050,50
2026-06-25 08:11:12,32.28,67.42,1005.00,77.89,935,1.342,61300,27.0,39.0,45.0,YES,YES,UNKNOWN_ANALYSIS_IAQ78_VOC1.34ppm,39284.0,0,5.0,0.050,50
2026-06-25 08:11:23,32.28,67.42,1005.00,77.89,935,1.342,61300,26.0,38.0,44.0,YES,YES,UNKNOWN_ANALYSIS_IAQ78_VOC1.34ppm,39294.4,0,5.0,0.050,50
2026-06-25 08:11:32,32.28,67.42,1005.00,77.89,935,1.342,61300,27.0,38.0,45.0,YES,YES,UNKNOWN_ANALYSIS_IAQ78_VOC1.34ppm,39303.8,0,5.0,0.050,50
2026-06-25 08:11:42,32.28,67.42,1005.00,77.89,935,1.342,61300,27.0,38.0,47.0,YES,YES,UNKNOWN_ANALYSIS_IAQ78_VOC1.34ppm,39314.3,0,5.0,0.050,50
2026-06-25 08:11:53,32.28,67.42,1005.00,77.89,935,1.342,61300,28.0,39.0,46.0,YES,YES,UNKNOWN_ANALYSIS_IAQ78_VOC1.34ppm,39324.7,0,5.0,0.050,50
2026-06-25 08:12:02,32.28,67.42,1005.00,77.89,935,1.342,61300,27.0,37.0,44.0,YES,YES,UNKNOWN_ANALYSIS_IAQ78_VOC1.34ppm,39334.1,0,5.0,0.050,50
2026-06-25 08:12:13,32.28,67.42,1005.00,77.89,935,1.342,61300,28.0,38.0,45.0,YES,YES,UNKNOWN_ANALYSIS_IAQ78_VOC1.34ppm,39344.5,0,5.0,0.050,50
2026-06-25 08:12:22,32.28,67.49,1005.00,83.27,1018,1.617,60400,27.0,37.0,46.0,YES,YES,UNKNOWN_ANALYSIS_IAQ83_VOC1.62ppm,39353.9,0,5.0,0.050,50
2026-06-25 08:12:32,32.28,67.49,1005.00,83.27,1018,1.617,60400,28.0,39.0,46.0,YES,YES,UNKNOWN_ANALYSIS_IAQ83_VOC1.62ppm,39364.4,0,5.0,0.050,50
2026-06-25 08:12:43,32.28,67.49,1005.00,83.27,1018,1.617,60400,28.0,38.0,45.0,YES,YES,UNKNOWN_ANALYSIS_IAQ83_VOC1.62ppm,39374.8,0,5.0,0.050,50
2026-06-25 08:12:52,32.28,67.49,1005.00,83.27,1018,1.617,60400,26.0,37.0,44.0,YES,YES,UNKNOWN_ANALYSIS_IAQ83_VOC1.62ppm,39384.2,0,5.0,0.050,50
2026-06-25 08:13:03,32.28,67.49,1005.00,83.27,1018,1.617,60400,26.0,37.0,44.0,YES,YES,UNKNOWN_ANALYSIS_IAQ83_VOC1.62ppm,39394.6,0,5.0,0.050,50
2026-06-25 08:13:12,32.28,67.49,1005.00,83.27,1018,1.617,60400,26.0,38.0,45.0,YES,YES,UNKNOWN_ANALYSIS_IAQ83_VOC1.62ppm,39404.0,0,5.0,0.050,50
2026-06-25 08:13:23,32.28,67.49,1005.00,83.27,1018,1.617,60400,26.0,37.0,44.0,YES,YES,UNKNOWN_ANALYSIS_IAQ83_VOC1.62ppm,39414.5,0,5.0,0.050,50
2026-06-25 08:13:33,32.28,67.49,1005.00,83.27,1018,1.617,60400,27.0,38.0,45.0,YES,YES,UNKNOWN_ANALYSIS_IAQ83_VOC1.62ppm,39424.9,0,5.0,0.050,50
2026-06-25 08:13:42,32.28,67.49,1005.00,83.27,1018,1.617,60400,26.0,37.0,44.0,YES,YES,UNKNOWN_ANALYSIS_IAQ83_VOC1.62ppm,39434.3,0,5.0,0.050,50
2026-06-25 08:13:53,32.28,67.49,1005.00,83.27,1018,1.617,60400,26.0,37.0,43.0,YES,YES,UNKNOWN_ANALYSIS_IAQ83_VOC1.62ppm,39444.7,0,5.0,0.050,50
2026-06-25 08:14:03,32.28,67.49,1005.00,83.27,1018,1.617,60400,26.0,35.0,40.0,YES,YES,UNKNOWN_ANALYSIS_IAQ83_VOC1.62ppm,39455.2,0,5.0,0.050,50
2026-06-25 08:14:13,32.28,67.49,1005.00,83.27,1018,1.617,60400,26.0,35.0,41.0,YES,YES,UNKNOWN_ANALYSIS_IAQ83_VOC1.62ppm,39464.6,0,5.0,0.050,50
2026-06-25 08:14:23,32.28,67.49,1005.00,83.27,1018,1.617,60400,25.0,36.0,43.0,YES,YES,UNKNOWN_ANALYSIS_IAQ83_VOC1.62ppm,39475.0,0,5.0,0.050,50
2026-06-25 08:14:33,32.28,67.49,1005.00,83.27,1018,1.617,60400,26.0,37.0,44.0,YES,YES,UNKNOWN_ANALYSIS_IAQ83_VOC1.62ppm,39484.4,0,5.0,0.050,50
2026-06-25 08:14:43,32.28,67.49,1005.00,83.27,1018,1.617,60400,25.0,37.0,44.0,YES,YES,UNKNOWN_ANALYSIS_IAQ83_VOC1.62ppm,39494.9,0,5.0,0.050,50
2026-06-25 08:14:53,32.28,67.49,1005.00,83.27,1018,1.617,60400,26.0,37.0,44.0,YES,YES,UNKNOWN_ANALYSIS_IAQ83_VOC1.62ppm,39505.3,0,5.0,0.050,50
2026-06-25 08:15:03,32.28,67.49,1005.00,83.27,1018,1.617,60400,26.0,37.0,43.0,YES,YES,UNKNOWN_ANALYSIS_IAQ83_VOC1.62ppm,39514.7,0,5.0,0.050,50
2026-06-25 08:15:13,32.28,67.49,1005.00,83.27,1018,1.617,60400,27.0,38.0,45.0,YES,YES,UNKNOWN_ANALYSIS_IAQ83_VOC1.62ppm,39525.1,0,5.0,0.050,50
2026-06-25 08:15:23,32.28,67.49,1005.00,83.27,1018,1.617,60400,26.0,39.0,45.0,YES,YES,UNKNOWN_ANALYSIS_IAQ83_VOC1.62ppm,39534.5,0,5.0,0.050,50
2026-06-25 08:15:33,32.28,67.49,1005.00,83.27,1018,1.617,60400,27.0,38.0,44.0,YES,YES,UNKNOWN_ANALYSIS_IAQ83_VOC1.62ppm,39545.0,0,5.0,0.050,50
💾 Baseline state saved to EEPROM
💾 SAVED - IAQ: 5.0, VOC: 0.050 ppm, CO2: 50 ppm

=== SPIKE HISTORY ===
2026-06-25 08:15:44,32.28,67.49,1005.00,83.27,1018,1.617,60400,26.0,36.0,41.0,YES,YES,UNKNOWN_ANALYSIS_IAQ83_VOC1.62ppm,39555.4,0,5.0,0.050,50
2026-06-25 08:15:53,32.28,67.49,1005.00,83.27,1018,1.617,60400,27.0,38.0,43.0,YES,YES,UNKNOWN_ANALYSIS_IAQ83_VOC1.62ppm,39564.8,0,5.0,0.050,50
2026-06-25 08:16:03,32.28,67.49,1005.00,83.27,1018,1.617,60400,26.0,37.0,44.0,YES,YES,UNKNOWN_ANALYSIS_IAQ83_VOC1.62ppm,39575.2,0,5.0,0.050,50
2026-06-25 08:16:14,32.28,67.49,1005.00,83.27,1018,1.617,60400,27.0,37.0,43.0,YES,YES,UNKNOWN_ANALYSIS_IAQ83_VOC1.62ppm,39585.7,0,5.0,0.050,50
2026-06-25 08:16:23,32.28,67.49,1005.00,83.27,1018,1.617,60400,26.0,35.0,42.0,YES,YES,UNKNOWN_ANALYSIS_IAQ83_VOC1.62ppm,39595.1,0,5.0,0.050,50
2026-06-25 08:16:34,32.28,67.49,1005.00,83.27,1018,1.617,60400,26.0,36.0,42.0,YES,YES,UNKNOWN_ANALYSIS_IAQ83_VOC1.62ppm,39605.5,0,5.0,0.050,50
2026-06-25 08:16:43,32.28,67.49,1005.00,83.27,1018,1.617,60400,26.0,36.0,44.0,YES,YES,UNKNOWN_ANALYSIS_IAQ83_VOC1.62ppm,39614.9,0,5.0,0.050,50
2026-06-25 08:16:53,32.28,67.49,1005.00,83.27,1018,1.617,60400,26.0,36.0,43.0,YES,YES,UNKNOWN_ANALYSIS_IAQ83_VOC1.62ppm,39625.4,0,5.0,0.050,50
2026-06-25 08:17:04,32.28,67.49,1005.00,83.27,1018,1.617,60400,27.0,37.0,45.0,YES,YES,UNKNOWN_ANALYSIS_IAQ83_VOC1.62ppm,39635.8,0,5.0,0.050,50
2026-06-25 08:17:13,32.28,67.49,1005.00,83.27,1018,1.617,60400,27.0,37.0,45.0,YES,YES,UNKNOWN_ANALYSIS_IAQ83_VOC1.62ppm,39645.2,0,5.0,0.050,50
2026-06-25 08:17:24,32.29,67.51,1005.00,86.25,1062,1.788,59900,27.0,38.0,45.0,YES,YES,UNKNOWN_ANALYSIS_IAQ86_VOC1.79ppm,39655.6,0,5.0,0.050,50
2026-06-25 08:17:33,32.29,67.51,1005.00,86.25,1062,1.788,59900,27.0,38.0,45.0,YES,YES,UNKNOWN_ANALYSIS_IAQ86_VOC1.79ppm,39665.0,0,5.0,0.050,50
2026-06-25 08:17:44,32.29,67.51,1005.00,86.25,1062,1.788,59900,27.0,37.0,45.0,YES,YES,UNKNOWN_ANALYSIS_IAQ86_VOC1.79ppm,39675.5,0,5.0,0.050,50
2026-06-25 08:17:54,32.29,67.51,1005.00,86.25,1062,1.788,59900,25.0,35.0,44.0,YES,YES,UNKNOWN_ANALYSIS_IAQ86_VOC1.79ppm,39685.9,0,5.0,0.050,50
2026-06-25 08:18:03,32.29,67.51,1005.00,86.25,1062,1.788,59900,26.0,38.0,45.0,YES,YES,UNKNOWN_ANALYSIS_IAQ86_VOC1.79ppm,39695.3,0,5.0,0.050,50
2026-06-25 08:18:14,32.29,67.51,1005.00,86.25,1062,1.788,59900,26.0,38.0,45.0,YES,YES,UNKNOWN_ANALYSIS_IAQ86_VOC1.79ppm,39705.8,0,5.0,0.050,50
2026-06-25 08:18:23,32.29,67.51,1005.00,86.25,1062,1.788,59900,26.0,37.0,44.0,YES,YES,UNKNOWN_ANALYSIS_IAQ86_VOC1.79ppm,39715.1,0,5.0,0.050,50
2026-06-25 08:18:34,32.29,67.51,1005.00,86.25,1062,1.788,59900,27.0,37.0,45.0,YES,YES,UNKNOWN_ANALYSIS_IAQ86_VOC1.79ppm,39725.6,0,5.0,0.050,50
2026-06-25 08:18:44,32.29,67.51,1005.00,86.25,1062,1.788,59900,27.0,36.0,45.0,YES,YES,UNKNOWN_ANALYSIS_IAQ86_VOC1.79ppm,39736.0,0,5.0,0.050,50
2026-06-25 08:18:54,32.29,67.51,1005.00,86.25,1062,1.788,59900,27.0,36.0,44.0,YES,YES,UNKNOWN_ANALYSIS_IAQ86_VOC1.79ppm,39745.4,0,5.0,0.050,50
2026-06-25 08:19:04,32.29,67.51,1005.00,86.25,1062,1.788,59900,26.0,35.0,43.0,YES,YES,UNKNOWN_ANALYSIS_IAQ86_VOC1.79ppm,39755.9,0,5.0,0.050,50
2026-06-25 08:19:14,32.29,67.51,1005.00,86.25,1062,1.788,59900,26.0,36.0,43.0,YES,YES,UNKNOWN_ANALYSIS_IAQ86_VOC1.79ppm,39766.3,0,5.0,0.050,50
2026-06-25 08:19:24,32.29,67.51,1005.00,86.25,1062,1.788,59900,26.0,35.0,41.0,YES,YES,UNKNOWN_ANALYSIS_IAQ86_VOC1.79ppm,39775.7,0,5.0,0.050,50
2026-06-25 08:19:34,32.29,67.51,1005.00,86.25,1062,1.788,59900,26.0,36.0,42.0,YES,YES,UNKNOWN_ANALYSIS_IAQ86_VOC1.79ppm,39786.2,0,5.0,0.050,50
2026-06-25 08:19:44,32.29,67.51,1005.00,86.25,1062,1.788,59900,25.0,36.0,43.0,YES,YES,UNKNOWN_ANALYSIS_IAQ86_VOC1.79ppm,39795.6,0,5.0,0.050,50
2026-06-25 08:19:54,32.29,67.51,1005.00,86.25,1062,1.788,59900,25.0,35.0,41.0,YES,YES,UNKNOWN_ANALYSIS_IAQ86_VOC1.79ppm,39806.0,0,5.0,0.050,50
2026-06-25 08:20:05,32.29,67.51,1005.00,86.25,1062,1.788,59900,26.0,37.0,42.0,YES,YES,UNKNOWN_ANALYSIS_IAQ86_VOC1.79ppm,39816.4,0,5.0,0.050,50
2026-06-25 08:20:14,32.29,67.51,1005.00,86.25,1062,1.788,59900,25.0,35.0,41.0,YES,YES,UNKNOWN_ANALYSIS_IAQ86_VOC1.79ppm,39825.8,0,5.0,0.050,50
2026-06-25 08:20:24,32.29,67.51,1005.00,86.25,1062,1.788,59900,26.0,35.0,42.0,YES,YES,UNKNOWN_ANALYSIS_IAQ86_VOC1.79ppm,39836.3,0,5.0,0.050,50
2026-06-25 08:20:34,32.29,67.51,1005.00,86.25,1062,1.788,59900,26.0,36.0,43.0,YES,YES,UNKNOWN_ANALYSIS_IAQ86_VOC1.79ppm,39845.7,0,5.0,0.050,50
2026-06-25 08:20:44,32.29,67.51,1005.00,86.25,1062,1.788,59900,27.0,36.0,44.0,YES,YES,UNKNOWN_ANALYSIS_IAQ86_VOC1.79ppm,39856.1,0,5.0,0.050,50
2026-06-25 08:20:55,32.29,67.51,1005.00,86.25,1062,1.788,59900,27.0,35.0,44.0,YES,YES,UNKNOWN_ANALYSIS_IAQ86_VOC1.79ppm,39866.6,0,5.0,0.050,50
2026-06-25 08:21:04,32.29,67.51,1005.00,86.25,1062,1.788,59900,26.0,34.0,43.0,YES,YES,UNKNOWN_ANALYSIS_IAQ86_VOC1.79ppm,39876.0,0,5.0,0.050,50
2026-06-25 08:21:15,32.29,67.51,1005.00,86.25,1062,1.788,59900,27.0,36.0,44.0,YES,YES,UNKNOWN_ANALYSIS_IAQ86_VOC1.79ppm,39886.4,0,5.0,0.050,50
2026-06-25 08:21:24,32.29,67.51,1005.00,86.25,1062,1.788,59900,26.0,35.0,42.0,YES,YES,UNKNOWN_ANALYSIS_IAQ86_VOC1.79ppm,39895.8,0,5.0,0.050,50
2026-06-25 08:21:34,32.29,67.51,1005.00,86.25,1062,1.788,59900,26.0,35.0,42.0,YES,YES,UNKNOWN_ANALYSIS_IAQ86_VOC1.79ppm,39906.2,0,5.0,0.050,50
2026-06-25 08:21:45,32.29,67.51,1005.00,86.25,1062,1.788,59900,25.0,34.0,40.0,YES,YES,UNKNOWN_ANALYSIS_IAQ86_VOC1.79ppm,39916.7,0,5.0,0.050,50
2026-06-25 08:21:54,32.29,67.51,1005.00,86.25,1062,1.788,59900,26.0,36.0,42.0,YES,YES,UNKNOWN_ANALYSIS_IAQ86_VOC1.79ppm,39926.1,0,5.0,0.050,50
2026-06-25 08:22:05,32.29,67.51,1005.00,86.25,1062,1.788,59900,26.0,35.0,43.0,YES,YES,UNKNOWN_ANALYSIS_IAQ86_VOC1.79ppm,39936.5,0,5.0,0.050,50
2026-06-25 08:22:15,32.29,67.51,1005.00,86.25,1062,1.788,59900,26.0,36.0,43.0,YES,YES,UNKNOWN_ANALYSIS_IAQ86_VOC1.79ppm,39946.9,0,5.0,0.050,50
2026-06-25 08:22:24,32.33,67.42,1005.00,80.47,971,1.454,60800,27.0,36.0,42.0,YES,YES,UNKNOWN_ANALYSIS_IAQ80_VOC1.45ppm,39956.3,0,5.0,0.050,50
2026-06-25 08:22:35,32.33,67.42,1005.00,80.47,971,1.454,60800,26.0,35.0,41.0,YES,YES,UNKNOWN_ANALYSIS_IAQ80_VOC1.45ppm,39966.8,0,5.0,0.050,50
2026-06-25 08:22:44,32.33,67.42,1005.00,80.47,971,1.454,60800,27.0,35.0,43.0,YES,YES,UNKNOWN_ANALYSIS_IAQ80_VOC1.45ppm,39976.2,0,5.0,0.050,50
2026-06-25 08:22:55,32.33,67.42,1005.00,80.47,971,1.454,60800,25.0,35.0,43.0,YES,YES,UNKNOWN_ANALYSIS_IAQ80_VOC1.45ppm,39986.6,0,5.0,0.050,50
2026-06-25 08:23:05,32.33,67.42,1005.00,80.47,971,1.454,60800,26.0,36.0,43.0,YES,YES,UNKNOWN_ANALYSIS_IAQ80_VOC1.45ppm,39997.0,0,5.0,0.050,50
2026-06-25 08:23:15,32.33,67.42,1005.00,80.47,971,1.454,60800,25.0,35.0,42.0,YES,YES,UNKNOWN_ANALYSIS_IAQ80_VOC1.45ppm,40006.4,0,5.0,0.050,50
2026-06-25 08:23:25,32.33,67.42,1005.00,80.47,971,1.454,60800,27.0,36.0,43.0,YES,YES,UNKNOWN_ANALYSIS_IAQ80_VOC1.45ppm,40016.9,0,5.0,0.050,50
2026-06-25 08:23:34,32.33,67.42,1005.00,80.47,971,1.454,60800,26.0,36.0,43.0,YES,YES,UNKNOWN_ANALYSIS_IAQ80_VOC1.45ppm,40026.3,0,5.0,0.050,50
2026-06-25 08:23:45,32.33,67.42,1005.00,80.47,971,1.454,60800,25.0,35.0,41.0,YES,YES,UNKNOWN_ANALYSIS_IAQ80_VOC1.45ppm,40036.7,0,5.0,0.050,50
2026-06-25 08:23:55,32.33,67.42,1005.00,80.47,971,1.454,60800,26.0,37.0,42.0,YES,YES,UNKNOWN_ANALYSIS_IAQ80_VOC1.45ppm,40047.1,0,5.0,0.050,50
2026-06-25 08:24:05,32.33,67.42,1005.00,80.47,971,1.454,60800,26.0,36.0,41.0,YES,YES,UNKNOWN_ANALYSIS_IAQ80_VOC1.45ppm,40056.5,0,5.0,0.050,50
2026-06-25 08:24:15,32.33,67.42,1005.00,80.47,971,1.454,60800,26.0,36.0,41.0,YES,YES,UNKNOWN_ANALYSIS_IAQ80_VOC1.45ppm,40067.0,0,5.0,0.050,50
2026-06-25 08:24:26,32.33,67.42,1005.00,80.47,971,1.454,60800,26.0,35.0,40.0,YES,YES,UNKNOWN_ANALYSIS_IAQ80_VOC1.45ppm,40077.4,0,5.0,0.050,50
2026-06-25 08:24:35,32.33,67.42,1005.00,80.47,971,1.454,60800,26.0,36.0,40.0,YES,YES,UNKNOWN_ANALYSIS_IAQ80_VOC1.45ppm,40086.8,0,5.0,0.050,50
2026-06-25 08:24:45,32.33,67.42,1005.00,80.47,971,1.454,60800,26.0,36.0,40.0,YES,YES,UNKNOWN_ANALYSIS_IAQ80_VOC1.45ppm,40097.3,0,5.0,0.050,50
2026-06-25 08:24:55,32.33,67.42,1005.00,80.47,971,1.454,60800,26.0,36.0,41.0,YES,YES,UNKNOWN_ANALYSIS_IAQ80_VOC1.45ppm,40106.6,0,5.0,0.050,50
2026-06-25 08:25:05,32.33,67.42,1005.00,80.47,971,1.454,60800,25.0,35.0,41.0,YES,YES,UNKNOWN_ANALYSIS_IAQ80_VOC1.45ppm,40117.1,0,5.0,0.050,50
2026-06-25 08:25:16,32.33,67.42,1005.00,80.47,971,1.454,60800,25.0,35.0,41.0,YES,YES,UNKNOWN_ANALYSIS_IAQ80_VOC1.45ppm,40127.5,0,5.0,0.050,50
2026-06-25 08:25:25,32.33,67.42,1005.00,80.47,971,1.454,60800,26.0,35.0,40.0,YES,YES,UNKNOWN_ANALYSIS_IAQ80_VOC1.45ppm,40136.9,0,5.0,0.050,50
2026-06-25 08:25:36,32.33,67.42,1005.00,80.47,971,1.454,60800,26.0,35.0,40.0,YES,YES,UNKNOWN_ANALYSIS_IAQ80_VOC1.45ppm,40147.4,0,5.0,0.050,50
2026-06-25 08:25:46,32.33,67.42,1005.00,80.47,971,1.454,60800,25.0,34.0,39.0,YES,YES,UNKNOWN_ANALYSIS_IAQ80_VOC1.45ppm,40157.8,0,5.0,0.050,50
2026-06-25 08:25:55,32.33,67.42,1005.00,80.47,971,1.454,60800,26.0,35.0,41.0,YES,YES,UNKNOWN_ANALYSIS_IAQ80_VOC1.45ppm,40167.2,0,5.0,0.050,50
2026-06-25 08:26:06,32.33,67.42,1005.00,80.47,971,1.454,60800,23.0,34.0,40.0,YES,YES,UNKNOWN_ANALYSIS_IAQ80_VOC1.45ppm,40177.6,0,5.0,0.050,50
2026-06-25 08:26:15,32.33,67.42,1005.00,80.47,971,1.454,60800,23.0,34.0,39.0,YES,YES,UNKNOWN_ANALYSIS_IAQ80_VOC1.45ppm,40187.0,0,5.0,0.050,50
2026-06-25 08:26:26,32.33,67.42,1005.00,80.47,971,1.454,60800,26.0,36.0,41.0,YES,YES,UNKNOWN_ANALYSIS_IAQ80_VOC1.45ppm,40197.5,0,5.0,0.050,50
2026-06-25 08:26:36,32.33,67.42,1005.00,80.47,971,1.454,60800,25.0,34.0,40.0,YES,YES,UNKNOWN_ANALYSIS_IAQ80_VOC1.45ppm,40207.9,0,5.0,0.050,50
2026-06-25 08:26:45,32.33,67.42,1005.00,80.47,971,1.454,60800,26.0,35.0,39.0,YES,YES,UNKNOWN_ANALYSIS_IAQ80_VOC1.45ppm,40217.3,0,5.0,0.050,50
2026-06-25 08:26:56,32.33,67.42,1005.00,80.47,971,1.454,60800,26.0,34.0,39.0,YES,YES,UNKNOWN_ANALYSIS_IAQ80_VOC1.45ppm,40227.8,0,5.0,0.050,50
2026-06-25 08:27:05,32.33,67.42,1005.00,80.47,971,1.454,60800,25.0,33.0,38.0,YES,YES,UNKNOWN_ANALYSIS_IAQ80_VOC1.45ppm,40237.1,0,5.0,0.050,50
2026-06-25 08:27:16,32.33,67.42,1005.00,80.47,971,1.454,60800,27.0,36.0,42.0,YES,YES,UNKNOWN_ANALYSIS_IAQ80_VOC1.45ppm,40247.6,0,5.0,0.050,50
2026-06-25 08:27:26,32.40,67.35,1005.00,76.25,904,1.250,61400,26.0,35.0,43.0,YES,YES,UNKNOWN_ANALYSIS_IAQ76_VOC1.25ppm,40258.0,0,5.0,0.050,50
2026-06-25 08:27:36,32.40,67.35,1005.00,76.25,904,1.250,61400,26.0,36.0,43.0,YES,YES,UNKNOWN_ANALYSIS_IAQ76_VOC1.25ppm,40267.4,0,5.0,0.050,50
2026-06-25 08:27:46,32.40,67.35,1005.00,76.25,904,1.250,61400,27.0,36.0,43.0,YES,YES,UNKNOWN_ANALYSIS_IAQ76_VOC1.25ppm,40277.9,0,5.0,0.050,50
2026-06-25 08:27:55,32.40,67.35,1005.00,76.25,904,1.250,61400,27.0,37.0,44.0,YES,YES,UNKNOWN_ANALYSIS_IAQ76_VOC1.25ppm,40287.2,0,5.0,0.050,50
2026-06-25 08:28:06,32.40,67.35,1005.00,76.25,904,1.250,61400,26.0,37.0,44.0,YES,YES,UNKNOWN_ANALYSIS_IAQ76_VOC1.25ppm,40297.7,0,5.0,0.050,50
2026-06-25 08:28:16,32.40,67.35,1005.00,76.25,904,1.250,61400,27.0,38.0,45.0,YES,YES,UNKNOWN_ANALYSIS_IAQ76_VOC1.25ppm,40308.1,0,5.0,0.050,50
2026-06-25 08:28:26,32.40,67.35,1005.00,76.25,904,1.250,61400,27.0,38.0,46.0,YES,YES,UNKNOWN_ANALYSIS_IAQ76_VOC1.25ppm,40317.5,0,5.0,0.050,50
2026-06-25 08:28:36,32.40,67.35,1005.00,76.25,904,1.250,61400,26.0,36.0,43.0,YES,YES,UNKNOWN_ANALYSIS_IAQ76_VOC1.25ppm,40328.0,0,5.0,0.050,50
2026-06-25 08:28:45,32.40,67.35,1005.00,76.25,904,1.250,61400,27.0,36.0,42.0,YES,YES,UNKNOWN_ANALYSIS_IAQ76_VOC1.25ppm,40337.4,0,5.0,0.050,50
2026-06-25 08:28:56,32.40,67.35,1005.00,76.25,904,1.250,61400,25.0,35.0,43.0,YES,YES,UNKNOWN_ANALYSIS_IAQ76_VOC1.25ppm,40347.8,0,5.0,0.050,50
2026-06-25 08:29:06,32.40,67.35,1005.00,76.25,904,1.250,61400,26.0,36.0,41.0,YES,YES,UNKNOWN_ANALYSIS_IAQ76_VOC1.25ppm,40358.3,0,5.0,0.050,50
2026-06-25 08:29:16,32.40,67.35,1005.00,76.25,904,1.250,61400,25.0,35.0,41.0,YES,YES,UNKNOWN_ANALYSIS_IAQ76_VOC1.25ppm,40367.6,0,5.0,0.050,50
2026-06-25 08:29:26,32.40,67.35,1005.00,76.25,904,1.250,61400,26.0,36.0,42.0,YES,YES,UNKNOWN_ANALYSIS_IAQ76_VOC1.25ppm,40378.1,0,5.0,0.050,50
2026-06-25 08:29:37,32.40,67.35,1005.00,76.25,904,1.250,61400,26.0,36.0,44.0,YES,YES,UNKNOWN_ANALYSIS_IAQ76_VOC1.25ppm,40388.5,0,5.0,0.050,50
2026-06-25 08:29:46,32.40,67.35,1005.00,76.25,904,1.250,61400,26.0,36.0,44.0,YES,YES,UNKNOWN_ANALYSIS_IAQ76_VOC1.25ppm,40397.9,0,5.0,0.050,50
2026-06-25 08:29:57,32.40,67.35,1005.00,76.25,904,1.250,61400,24.0,34.0,41.0,YES,YES,UNKNOWN_ANALYSIS_IAQ76_VOC1.25ppm,40408.4,0,5.0,0.050,50
2026-06-25 08:30:06,32.40,67.35,1005.00,76.25,904,1.250,61400,26.0,36.0,44.0,YES,YES,UNKNOWN_ANALYSIS_IAQ76_VOC1.25ppm,40417.8,0,5.0,0.050,50
2026-06-25 08:30:16,32.40,67.35,1005.00,76.25,904,1.250,61400,25.0,35.0,41.0,YES,YES,UNKNOWN_ANALYSIS_IAQ76_VOC1.25ppm,40428.2,0,5.0,0.050,50
2026-06-25 08:30:27,32.40,67.35,1005.00,76.25,904,1.250,61400,26.0,36.0,43.0,YES,YES,UNKNOWN_ANALYSIS_IAQ76_VOC1.25ppm,40438.7,0,5.0,0.050,50
2026-06-25 08:30:36,32.40,67.35,1005.00,76.25,904,1.250,61400,26.0,37.0,43.0,YES,YES,UNKNOWN_ANALYSIS_IAQ76_VOC1.25ppm,40448.0,0,5.0,0.050,50
2026-06-25 08:30:47,32.40,67.35,1005.00,76.25,904,1.250,61400,25.0,35.0,41.0,YES,YES,UNKNOWN_ANALYSIS_IAQ76_VOC1.25ppm,40458.5,0,5.0,0.050,50
2026-06-25 08:30:56,32.40,67.35,1005.00,76.25,904,1.250,61400,25.0,35.0,43.0,YES,YES,UNKNOWN_ANALYSIS_IAQ76_VOC1.25ppm,40467.9,0,5.0,0.050,50
2026-06-25 08:31:06,32.40,67.35,1005.00,76.25,904,1.250,61400,26.0,35.0,45.0,YES,YES,UNKNOWN_ANALYSIS_IAQ76_VOC1.25ppm,40478.3,0,5.0,0.050,50
2026-06-25 08:31:17,32.40,67.35,1005.00,76.25,904,1.250,61400,26.0,35.0,44.0,YES,YES,UNKNOWN_ANALYSIS_IAQ76_VOC1.25ppm,40488.8,0,5.0,0.050,50
2026-06-25 08:31:26,32.40,67.35,1005.00,76.25,904,1.250,61400,25.0,34.0,43.0,YES,YES,UNKNOWN_ANALYSIS_IAQ76_VOC1.25ppm,40498.2,0,5.0,0.050,50
2026-06-25 08:31:37,32.40,67.35,1005.00,76.25,904,1.250,61400,26.0,36.0,45.0,YES,YES,UNKNOWN_ANALYSIS_IAQ76_VOC1.25ppm,40508.6,0,5.0,0.050,50
2026-06-25 08:31:46,32.40,67.35,1005.00,76.25,904,1.250,61400,25.0,35.0,43.0,YES,YES,UNKNOWN_ANALYSIS_IAQ76_VOC1.25ppm,40518.0,0,5.0,0.050,50
2026-06-25 08:31:57,32.40,67.35,1005.00,76.25,904,1.250,61400,25.0,36.0,42.0,YES,YES,UNKNOWN_ANALYSIS_IAQ76_VOC1.25ppm,40528.5,0,5.0,0.050,50
2026-06-25 08:32:07,32.40,67.35,1005.00,76.25,904,1.250,61400,27.0,38.0,44.0,YES,YES,UNKNOWN_ANALYSIS_IAQ76_VOC1.25ppm,40538.9,0,5.0,0.050,50
2026-06-25 08:32:16,32.40,67.35,1005.00,76.25,904,1.250,61400,26.0,36.0,42.0,YES,YES,UNKNOWN_ANALYSIS_IAQ76_VOC1.25ppm,40548.3,0,5.0,0.050,50
2026-06-25 08:32:27,32.44,67.19,1005.00,64.08,716,0.816,63400,25.0,36.0,41.0,YES,YES,UNKNOWN_ANALYSIS_IAQ64_VOC0.82ppm,40558.7,0,5.0,0.050,50
2026-06-25 08:32:37,32.44,67.19,1005.00,64.08,716,0.816,63400,27.0,38.0,43.0,YES,YES,UNKNOWN_ANALYSIS_IAQ64_VOC0.82ppm,40569.2,0,5.0,0.050,50
2026-06-25 08:32:47,32.44,67.19,1005.00,64.08,716,0.816,63400,26.0,35.0,42.0,YES,YES,UNKNOWN_ANALYSIS_IAQ64_VOC0.82ppm,40578.6,0,5.0,0.050,50
2026-06-25 08:32:57,32.44,67.19,1005.00,64.08,716,0.816,63400,27.0,36.0,44.0,YES,YES,UNKNOWN_ANALYSIS_IAQ64_VOC0.82ppm,40589.0,0,5.0,0.050,50
2026-06-25 08:33:07,32.44,67.19,1005.00,64.08,716,0.816,63400,26.0,35.0,41.0,YES,YES,UNKNOWN_ANALYSIS_IAQ64_VOC0.82ppm,40598.4,0,5.0,0.050,50
2026-06-25 08:33:17,32.44,67.19,1005.00,64.08,716,0.816,63400,26.0,36.0,42.0,YES,YES,UNKNOWN_ANALYSIS_IAQ64_VOC0.82ppm,40608.9,0,5.0,0.050,50
2026-06-25 08:33:27,32.44,67.19,1005.00,64.08,716,0.816,63400,26.0,36.0,42.0,YES,YES,UNKNOWN_ANALYSIS_IAQ64_VOC0.82ppm,40619.3,0,5.0,0.050,50
2026-06-25 08:33:37,32.44,67.19,1005.00,64.08,716,0.816,63400,26.0,36.0,43.0,YES,YES,UNKNOWN_ANALYSIS_IAQ64_VOC0.82ppm,40628.7,0,5.0,0.050,50
2026-06-25 08:33:47,32.44,67.19,1005.00,64.08,716,0.816,63400,26.0,34.0,41.0,YES,YES,UNKNOWN_ANALYSIS_IAQ64_VOC0.82ppm,40639.1,0,5.0,0.050,50
2026-06-25 08:33:57,32.44,67.19,1005.00,64.08,716,0.816,63400,26.0,34.0,40.0,YES,YES,UNKNOWN_ANALYSIS_IAQ64_VOC0.82ppm,40648.5,0,5.0,0.050,50
2026-06-25 08:34:07,32.44,67.19,1005.00,64.08,716,0.816,63400,26.0,34.0,40.0,YES,YES,UNKNOWN_ANALYSIS_IAQ64_VOC0.82ppm,40659.0,0,5.0,0.050,50
2026-06-25 08:34:18,32.44,67.19,1005.00,64.08,716,0.816,63400,27.0,35.0,41.0,YES,YES,UNKNOWN_ANALYSIS_IAQ64_VOC0.82ppm,40669.4,0,5.0,0.050,50
2026-06-25 08:34:27,32.44,67.19,1005.00,64.08,716,0.816,63400,27.0,35.0,41.0,YES,YES,UNKNOWN_ANALYSIS_IAQ64_VOC0.82ppm,40678.8,0,5.0,0.050,50
2026-06-25 08:34:37,32.44,67.19,1005.00,64.08,716,0.816,63400,26.0,35.0,40.0,YES,YES,UNKNOWN_ANALYSIS_IAQ64_VOC0.82ppm,40689.2,0,5.0,0.050,50
2026-06-25 08:34:47,32.44,67.19,1005.00,64.08,716,0.816,63400,26.0,35.0,39.0,YES,YES,UNKNOWN_ANALYSIS_IAQ64_VOC0.82ppm,40698.6,0,5.0,0.050,50
2026-06-25 08:34:57,32.44,67.19,1005.00,64.08,716,0.816,63400,25.0,34.0,39.0,YES,YES,UNKNOWN_ANALYSIS_IAQ64_VOC0.82ppm,40709.1,0,5.0,0.050,50
2026-06-25 08:35:08,32.44,67.19,1005.00,64.08,716,0.816,63400,27.0,35.0,41.0,YES,YES,UNKNOWN_ANALYSIS_IAQ64_VOC0.82ppm,40719.5,0,5.0,0.050,50
2026-06-25 08:35:17,32.44,67.19,1005.00,64.08,716,0.816,63400,27.0,35.0,42.0,YES,YES,UNKNOWN_ANALYSIS_IAQ64_VOC0.82ppm,40728.9,0,5.0,0.050,50
2026-06-25 08:35:27,32.44,67.19,1005.00,64.08,716,0.816,63400,25.0,35.0,41.0,YES,YES,UNKNOWN_ANALYSIS_IAQ64_VOC0.82ppm,40739.3,0,5.0,0.050,50
2026-06-25 08:35:38,32.44,67.19,1005.00,64.08,716,0.816,63400,26.0,36.0,42.0,YES,YES,UNKNOWN_ANALYSIS_IAQ64_VOC0.82ppm,40749.8,0,5.0,0.050,50
2026-06-25 08:35:47,32.44,67.19,1005.00,64.08,716,0.816,63400,26.0,36.0,44.0,YES,YES,UNKNOWN_ANALYSIS_IAQ64_VOC0.82ppm,40759.2,0,5.0,0.050,50
2026-06-25 08:35:58,32.44,67.19,1005.00,64.08,716,0.816,63400,25.0,36.0,42.0,YES,YES,UNKNOWN_ANALYSIS_IAQ64_VOC0.82ppm,40769.6,0,5.0,0.050,50
2026-06-25 08:36:07,32.44,67.19,1005.00,64.08,716,0.816,63400,26.0,37.0,44.0,YES,YES,UNKNOWN_ANALYSIS_IAQ64_VOC0.82ppm,40779.0,0,5.0,0.050,50
2026-06-25 08:36:18,32.44,67.19,1005.00,64.08,716,0.816,63400,26.0,37.0,45.0,YES,YES,UNKNOWN_ANALYSIS_IAQ64_VOC0.82ppm,40789.4,0,5.0,0.050,50
2026-06-25 08:36:28,32.44,67.19,1005.00,64.08,716,0.816,63400,26.0,37.0,43.0,YES,YES,UNKNOWN_ANALYSIS_IAQ64_VOC0.82ppm,40799.9,0,5.0,0.050,50
2026-06-25 08:36:37,32.44,67.19,1005.00,64.08,716,0.816,63400,26.0,37.0,43.0,YES,YES,UNKNOWN_ANALYSIS_IAQ64_VOC0.82ppm,40809.3,0,5.0,0.050,50
2026-06-25 08:36:48,32.44,67.19,1005.00,64.08,716,0.816,63400,26.0,36.0,43.0,YES,YES,UNKNOWN_ANALYSIS_IAQ64_VOC0.82ppm,40819.7,0,5.0,0.050,50
2026-06-25 08:36:57,32.44,67.19,1005.00,64.08,716,0.816,63400,26.0,36.0,43.0,YES,YES,UNKNOWN_ANALYSIS_IAQ64_VOC0.82ppm,40829.1,0,5.0,0.050,50
2026-06-25 08:37:08,32.44,67.19,1005.00,64.08,716,0.816,63400,25.0,35.0,42.0,YES,YES,UNKNOWN_ANALYSIS_IAQ64_VOC0.82ppm,40839.6,0,5.0,0.050,50
2026-06-25 08:37:18,32.44,67.19,1005.00,64.08,716,0.816,63400,25.0,35.0,43.0,YES,YES,UNKNOWN_ANALYSIS_IAQ64_VOC0.82ppm,40850.0,0,5.0,0.050,50
2026-06-25 08:37:28,32.42,67.05,1005.00,50.00,500,0.500,65900,24.0,34.0,43.0,YES,YES,UNKNOWN_ANALYSIS_IAQ50_VOC0.50ppm,40859.4,0,5.0,0.050,50
2026-06-25 08:37:38,32.42,67.05,1005.00,50.00,500,0.500,65900,25.0,35.0,43.0,YES,YES,UNKNOWN_ANALYSIS_IAQ50_VOC0.50ppm,40869.8,0,5.0,0.050,50
2026-06-25 08:37:48,32.42,67.05,1005.00,50.00,500,0.500,65900,25.0,34.0,42.0,YES,YES,UNKNOWN_ANALYSIS_IAQ50_VOC0.50ppm,40880.3,0,5.0,0.050,50
2026-06-25 08:37:58,32.42,67.05,1005.00,50.00,500,0.500,65900,25.0,34.0,42.0,YES,YES,UNKNOWN_ANALYSIS_IAQ50_VOC0.50ppm,40889.7,0,5.0,0.050,50
2026-06-25 08:38:08,32.42,67.05,1005.00,50.00,500,0.500,65900,25.0,35.0,43.0,YES,YES,UNKNOWN_ANALYSIS_IAQ50_VOC0.50ppm,40900.1,0,5.0,0.050,50
2026-06-25 08:38:18,32.42,67.05,1005.00,50.00,500,0.500,65900,24.0,34.0,41.0,YES,YES,UNKNOWN_ANALYSIS_IAQ50_VOC0.50ppm,40909.5,0,5.0,0.050,50
2026-06-25 08:38:28,32.42,67.05,1005.00,50.00,500,0.500,65900,26.0,36.0,42.0,YES,YES,UNKNOWN_ANALYSIS_IAQ50_VOC0.50ppm,40919.9,0,5.0,0.050,50
2026-06-25 08:38:39,32.42,67.05,1005.00,50.00,500,0.500,65900,25.0,35.0,44.0,YES,YES,UNKNOWN_ANALYSIS_IAQ50_VOC0.50ppm,40930.4,0,5.0,0.050,50
2026-06-25 08:38:48,32.42,67.05,1005.00,50.00,500,0.500,65900,26.0,36.0,44.0,YES,YES,UNKNOWN_ANALYSIS_IAQ50_VOC0.50ppm,40939.8,0,5.0,0.050,50
2026-06-25 08:38:58,32.42,67.05,1005.00,50.00,500,0.500,65900,26.0,36.0,45.0,YES,YES,UNKNOWN_ANALYSIS_IAQ50_VOC0.50ppm,40950.2,0,5.0,0.050,50
2026-06-25 08:39:08,32.42,67.05,1005.00,50.00,500,0.500,65900,25.0,35.0,40.0,YES,YES,UNKNOWN_ANALYSIS_IAQ50_VOC0.50ppm,40959.6,0,5.0,0.050,50
2026-06-25 08:39:18,32.42,67.05,1005.00,50.00,500,0.500,65900,25.0,34.0,39.0,YES,YES,UNKNOWN_ANALYSIS_IAQ50_VOC0.50ppm,40970.1,0,5.0,0.050,50
2026-06-25 08:39:29,32.42,67.05,1005.00,50.00,500,0.500,65900,25.0,35.0,41.0,YES,YES,UNKNOWN_ANALYSIS_IAQ50_VOC0.50ppm,40980.5,0,5.0,0.050,50
2026-06-25 08:39:38,32.42,67.05,1005.00,50.00,500,0.500,65900,25.0,35.0,41.0,YES,YES,UNKNOWN_ANALYSIS_IAQ50_VOC0.50ppm,40989.9,0,5.0,0.050,50
2026-06-25 08:39:48,32.42,67.05,1005.00,50.00,500,0.500,65900,26.0,36.0,41.0,YES,YES,UNKNOWN_ANALYSIS_IAQ50_VOC0.50ppm,41000.3,0,5.0,0.050,50
2026-06-25 08:39:59,32.42,67.05,1005.00,50.00,500,0.500,65900,26.0,36.0,40.0,YES,YES,UNKNOWN_ANALYSIS_IAQ50_VOC0.50ppm,41010.8,0,5.0,0.050,50
2026-06-25 08:40:08,32.42,67.05,1005.00,50.00,500,0.500,65900,26.0,36.0,41.0,YES,YES,UNKNOWN_ANALYSIS_IAQ50_VOC0.50ppm,41020.1,0,5.0,0.050,50
2026-06-25 08:40:19,32.42,67.05,1005.00,50.00,500,0.500,65900,25.0,35.0,40.0,YES,YES,UNKNOWN_ANALYSIS_IAQ50_VOC0.50ppm,41030.6,0,5.0,0.050,50
2026-06-25 08:40:28,32.42,67.05,1005.00,50.00,500,0.500,65900,26.0,35.0,41.0,YES,YES,UNKNOWN_ANALYSIS_IAQ50_VOC0.50ppm,41040.0,0,5.0,0.050,50
2026-06-25 08:40:39,32.42,67.05,1005.00,50.00,500,0.500,65900,26.0,35.0,41.0,YES,YES,UNKNOWN_ANALYSIS_IAQ50_VOC0.50ppm,41050.4,0,5.0,0.050,50
2026-06-25 08:40:49,32.42,67.05,1005.00,50.00,500,0.500,65900,25.0,35.0,42.0,YES,YES,UNKNOWN_ANALYSIS_IAQ50_VOC0.50ppm,41060.9,0,5.0,0.050,50
2026-06-25 08:40:58,32.42,67.05,1005.00,50.00,500,0.500,65900,25.0,35.0,43.0,YES,YES,UNKNOWN_ANALYSIS_IAQ50_VOC0.50ppm,41070.3,0,5.0,0.050,50
2026-06-25 08:41:09,32.42,67.05,1005.00,50.00,500,0.500,65900,26.0,35.0,43.0,YES,YES,UNKNOWN_ANALYSIS_IAQ50_VOC0.50ppm,41080.7,0,5.0,0.050,50
2026-06-25 08:41:18,32.42,67.05,1005.00,50.00,500,0.500,65900,26.0,36.0,44.0,YES,YES,UNKNOWN_ANALYSIS_IAQ50_VOC0.50ppm,41090.1,0,5.0,0.050,50
2026-06-25 08:41:29,32.42,67.05,1005.00,50.00,500,0.500,65900,25.0,35.0,43.0,YES,YES,UNKNOWN_ANALYSIS_IAQ50_VOC0.50ppm,41100.5,0,5.0,0.050,50
2026-06-25 08:41:39,32.42,67.05,1005.00,50.00,500,0.500,65900,27.0,36.0,43.0,YES,YES,UNKNOWN_ANALYSIS_IAQ50_VOC0.50ppm,41111.0,0,5.0,0.050,50
2026-06-25 08:41:48,32.42,67.05,1005.00,50.00,500,0.500,65900,26.0,34.0,42.0,YES,YES,UNKNOWN_ANALYSIS_IAQ50_VOC0.50ppm,41120.4,0,5.0,0.050,50
2026-06-25 08:41:59,32.42,67.05,1005.00,50.00,500,0.500,65900,27.0,35.0,45.0,YES,YES,UNKNOWN_ANALYSIS_IAQ50_VOC0.50ppm,41130.8,0,5.0,0.050,50
2026-06-25 08:42:09,32.42,67.05,1005.00,50.00,500,0.500,65900,27.0,35.0,44.0,YES,YES,UNKNOWN_ANALYSIS_IAQ50_VOC0.50ppm,41141.2,0,5.0,0.050,50
2026-06-25 08:42:19,32.42,67.05,1005.00,50.00,500,0.500,65900,26.0,35.0,42.0,YES,YES,UNKNOWN_ANALYSIS_IAQ50_VOC0.50ppm,41150.6,0,5.0,0.050,50
2026-06-25 08:42:29,32.51,66.85,1005.00,50.00,500,0.500,69100,27.0,36.0,43.0,YES,YES,UNKNOWN_ANALYSIS_IAQ50_VOC0.50ppm,41161.1,0,5.0,0.050,50
2026-06-25 08:42:39,32.51,66.85,1005.00,50.00,500,0.500,69100,26.0,35.0,41.0,YES,YES,UNKNOWN_ANALYSIS_IAQ50_VOC0.50ppm,41170.4,0,5.0,0.050,50
2026-06-25 08:42:49,32.51,66.85,1005.00,50.00,500,0.500,69100,26.0,36.0,41.0,YES,YES,UNKNOWN_ANALYSIS_IAQ50_VOC0.50ppm,41180.9,0,5.0,0.050,50
2026-06-25 08:42:59,32.51,66.85,1005.00,50.00,500,0.500,69100,25.0,34.0,38.0,YES,YES,UNKNOWN_ANALYSIS_IAQ50_VOC0.50ppm,41191.3,0,5.0,0.050,50
2026-06-25 08:43:09,32.51,66.85,1005.00,50.00,500,0.500,69100,26.0,35.0,40.0,YES,YES,UNKNOWN_ANALYSIS_IAQ50_VOC0.50ppm,41200.7,0,5.0,0.050,50
2026-06-25 08:43:19,32.51,66.85,1005.00,50.00,500,0.500,69100,26.0,35.0,41.0,YES,YES,UNKNOWN_ANALYSIS_IAQ50_VOC0.50ppm,41211.1,0,5.0,0.050,50
PMS7003: Unknown error
2026-06-25 08:43:29,32.51,66.85,1005.00,50.00,500,0.500,69100,26.0,35.0,41.0,YES,YES,UNKNOWN_ANALYSIS_IAQ50_VOC0.50ppm,41220.5,0,5.0,0.050,50
2026-06-25 08:43:39,32.51,66.85,1005.00,50.00,500,0.500,69100,26.0,36.0,43.0,YES,YES,UNKNOWN_ANALYSIS_IAQ50_VOC0.50ppm,41231.0,0,5.0,0.050,50
2026-06-25 08:43:50,32.51,66.85,1005.00,50.00,500,0.500,69100,26.0,36.0,42.0,YES,YES,UNKNOWN_ANALYSIS_IAQ50_VOC0.50ppm,41241.4,0,5.0,0.050,50
2026-06-25 08:43:59,32.51,66.85,1005.00,50.00,500,0.500,69100,25.0,34.0,40.0,YES,YES,UNKNOWN_ANALYSIS_IAQ50_VOC0.50ppm,41250.8,0,5.0,0.050,50
2026-06-25 08:44:09,32.51,66.85,1005.00,50.00,500,0.500,69100,25.0,34.0,40.0,YES,YES,UNKNOWN_ANALYSIS_IAQ50_VOC0.50ppm,41261.2,0,5.0,0.050,50
2026-06-25 08:44:19,32.51,66.85,1005.00,50.00,500,0.500,69100,27.0,36.0,41.0,YES,YES,UNKNOWN_ANALYSIS_IAQ50_VOC0.50ppm,41270.6,0,5.0,0.050,50
2026-06-25 08:44:29,32.51,66.85,1005.00,50.00,500,0.500,69100,26.0,36.0,41.0,YES,YES,UNKNOWN_ANALYSIS_IAQ50_VOC0.50ppm,41281.1,0,5.0,0.050,50
2026-06-25 08:44:40,32.51,66.85,1005.00,50.00,500,0.500,69100,25.0,36.0,41.0,YES,YES,UNKNOWN_ANALYSIS_IAQ50_VOC0.50ppm,41291.5,0,5.0,0.050,50
2026-06-25 08:44:49,32.51,66.85,1005.00,50.00,500,0.500,69100,26.0,36.0,42.0,YES,YES,UNKNOWN_ANALYSIS_IAQ50_VOC0.50ppm,41300.9,0,5.0,0.050,50
2026-06-25 08:44:59,32.51,66.85,1005.00,50.00,500,0.500,69100,27.0,37.0,43.0,YES,YES,UNKNOWN_ANALYSIS_IAQ50_VOC0.50ppm,41311.3,0,5.0,0.050,50
2026-06-25 08:45:10,32.51,66.85,1005.00,50.00,500,0.500,69100,26.0,36.0,42.0,YES,YES,UNKNOWN_ANALYSIS_IAQ50_VOC0.50ppm,41321.8,0,5.0,0.050,50
2026-06-25 08:45:19,32.51,66.85,1005.00,50.00,500,0.500,69100,25.0,35.0,42.0,YES,YES,UNKNOWN_ANALYSIS_IAQ50_VOC0.50ppm,41331.2,0,5.0,0.050,50
2026-06-25 08:45:30,32.51,66.85,1005.00,50.00,500,0.500,69100,25.0,35.0,43.0,YES,YES,UNKNOWN_ANALYSIS_IAQ50_VOC0.50ppm,41341.6,0,5.0,0.050,50
2026-06-25 08:45:39,32.51,66.85,1005.00,50.00,500,0.500,69100,25.0,35.0,42.0,YES,YES,UNKNOWN_ANALYSIS_IAQ50_VOC0.50ppm,41351.0,0,5.0,0.050,50
2026-06-25 08:45:50,32.51,66.85,1005.00,50.00,500,0.500,69100,26.0,36.0,44.0,YES,YES,UNKNOWN_ANALYSIS_IAQ50_VOC0.50ppm,41361.4,0,5.0,0.050,50
2026-06-25 08:46:00,32.51,66.85,1005.00,50.00,500,0.500,69100,26.0,35.0,41.0,YES,YES,UNKNOWN_ANALYSIS_IAQ50_VOC0.50ppm,41371.9,0,5.0,0.050,50
2026-06-25 08:46:09,32.51,66.85,1005.00,50.00,500,0.500,69100,27.0,36.0,42.0,YES,YES,UNKNOWN_ANALYSIS_IAQ50_VOC0.50ppm,41381.3,0,5.0,0.050,50
2026-06-25 08:46:20,32.51,66.85,1005.00,50.00,500,0.500,69100,26.0,35.0,40.0,YES,YES,UNKNOWN_ANALYSIS_IAQ50_VOC0.50ppm,41391.7,0,5.0,0.050,50
2026-06-25 08:46:30,32.51,66.85,1005.00,50.00,500,0.500,69100,26.0,37.0,43.0,YES,YES,UNKNOWN_ANALYSIS_IAQ50_VOC0.50ppm,41402.1,0,5.0,0.050,50
2026-06-25 08:46:40,32.51,66.85,1005.00,50.00,500,0.500,69100,27.0,37.0,45.0,YES,YES,UNKNOWN_ANALYSIS_IAQ50_VOC0.50ppm,41411.5,0,5.0,0.050,50
2026-06-25 08:46:50,32.51,66.85,1005.00,50.00,500,0.500,69100,26.0,37.0,44.0,YES,YES,UNKNOWN_ANALYSIS_IAQ50_VOC0.50ppm,41422.0,0,5.0,0.050,50
2026-06-25 08:47:00,32.51,66.85,1005.00,50.00,500,0.500,69100,26.0,35.0,43.0,YES,YES,UNKNOWN_ANALYSIS_IAQ50_VOC0.50ppm,41431.4,0,5.0,0.050,50
2026-06-25 08:47:10,32.51,66.85,1005.00,50.00,500,0.500,69100,26.0,36.0,43.0,YES,YES,UNKNOWN_ANALYSIS_IAQ50_VOC0.50ppm,41441.8,0,5.0,0.050,50
2026-06-25 08:47:20,32.51,66.85,1005.00,50.00,500,0.500,69100,26.0,37.0,43.0,YES,YES,UNKNOWN_ANALYSIS_IAQ50_VOC0.50ppm,41452.3,0,5.0,0.050,50
2026-06-25 08:47:30,32.49,66.71,1005.00,50.00,500,0.500,71500,25.0,35.0,40.0,YES,YES,UNKNOWN_ANALYSIS_IAQ50_VOC0.50ppm,41461.7,0,5.0,0.050,50
2026-06-25 08:47:40,32.49,66.71,1005.00,50.00,500,0.500,71500,25.0,35.0,40.0,YES,YES,UNKNOWN_ANALYSIS_IAQ50_VOC0.50ppm,41472.1,0,5.0,0.050,50
2026-06-25 08:47:50,32.49,66.71,1005.00,50.00,500,0.500,71500,26.0,36.0,42.0,YES,YES,UNKNOWN_ANALYSIS_IAQ50_VOC0.50ppm,41481.5,0,5.0,0.050,50
2026-06-25 08:48:00,32.49,66.71,1005.00,50.00,500,0.500,71500,26.0,35.0,42.0,YES,YES,UNKNOWN_ANALYSIS_IAQ50_VOC0.50ppm,41491.9,0,5.0,0.050,50
2026-06-25 08:48:10,32.49,66.71,1005.00,50.00,500,0.500,71500,25.0,35.0,42.0,YES,YES,UNKNOWN_ANALYSIS_IAQ50_VOC0.50ppm,41502.4,0,5.0,0.050,50
2026-06-25 08:48:20,32.49,66.71,1005.00,50.00,500,0.500,71500,26.0,35.0,44.0,YES,YES,UNKNOWN_ANALYSIS_IAQ50_VOC0.50ppm,41511.8,0,5.0,0.050,50
2026-06-25 08:48:30,32.49,66.71,1005.00,50.00,500,0.500,71500,26.0,36.0,45.0,YES,YES,UNKNOWN_ANALYSIS_IAQ50_VOC0.50ppm,41522.2,0,5.0,0.050,50
2026-06-25 08:48:40,32.49,66.71,1005.00,50.00,500,0.500,71500,26.0,36.0,44.0,YES,YES,UNKNOWN_ANALYSIS_IAQ50_VOC0.50ppm,41531.6,0,5.0,0.050,50
2026-06-25 08:48:50,32.49,66.71,1005.00,50.00,500,0.500,71500,27.0,35.0,43.0,YES,YES,UNKNOWN_ANALYSIS_IAQ50_VOC0.50ppm,41542.0,0,5.0,0.050,50
2026-06-25 08:49:01,32.49,66.71,1005.00,50.00,500,0.500,71500,27.0,35.0,43.0,YES,YES,UNKNOWN_ANALYSIS_IAQ50_VOC0.50ppm,41552.5,0,5.0,0.050,50
2026-06-25 08:49:10,32.49,66.71,1005.00,50.00,500,0.500,71500,26.0,35.0,43.0,YES,YES,UNKNOWN_ANALYSIS_IAQ50_VOC0.50ppm,41561.9,0,5.0,0.050,50
2026-06-25 08:49:20,32.49,66.71,1005.00,50.00,500,0.500,71500,26.0,36.0,45.0,YES,YES,UNKNOWN_ANALYSIS_IAQ50_VOC0.50ppm,41572.3,0,5.0,0.050,50
2026-06-25 08:49:31,32.49,66.71,1005.00,50.00,500,0.500,71500,25.0,35.0,42.0,YES,YES,UNKNOWN_ANALYSIS_IAQ50_VOC0.50ppm,41582.8,0,5.0,0.050,50
2026-06-25 08:49:40,32.49,66.71,1005.00,50.00,500,0.500,71500,25.0,36.0,42.0,YES,YES,UNKNOWN_ANALYSIS_IAQ50_VOC0.50ppm,41592.2,0,5.0,0.050,50
2026-06-25 08:49:51,32.49,66.71,1005.00,50.00,500,0.500,71500,26.0,37.0,43.0,YES,YES,UNKNOWN_ANALYSIS_IAQ50_VOC0.50ppm,41602.6,0,5.0,0.050,50
2026-06-25 08:50:00,32.49,66.71,1005.00,50.00,500,0.500,71500,26.0,36.0,43.0,YES,YES,UNKNOWN_ANALYSIS_IAQ50_VOC0.50ppm,41612.0,0,5.0,0.050,50
2026-06-25 08:50:11,32.49,66.71,1005.00,50.00,500,0.500,71500,26.0,36.0,42.0,YES,YES,UNKNOWN_ANALYSIS_IAQ50_VOC0.50ppm,41622.4,0,5.0,0.050,50
2026-06-25 08:50:21,32.49,66.71,1005.00,50.00,500,0.500,71500,26.0,35.0,41.0,YES,YES,UNKNOWN_ANALYSIS_IAQ50_VOC0.50ppm,41632.9,0,5.0,0.050,50
2026-06-25 08:50:30,32.49,66.71,1005.00,50.00,500,0.500,71500,27.0,37.0,45.0,YES,YES,UNKNOWN_ANALYSIS_IAQ50_VOC0.50ppm,41642.3,0,5.0,0.050,50
2026-06-25 08:50:41,32.49,66.71,1005.00,50.00,500,0.500,71500,26.0,35.0,44.0,YES,YES,UNKNOWN_ANALYSIS_IAQ50_VOC0.50ppm,41652.7,0,5.0,0.050,50
2026-06-25 08:50:50,32.49,66.71,1005.00,50.00,500,0.500,71500,26.0,35.0,44.0,YES,YES,UNKNOWN_ANALYSIS_IAQ50_VOC0.50ppm,41662.1,0,5.0,0.050,50
2026-06-25 08:51:01,32.49,66.71,1005.00,50.00,500,0.500,71500,27.0,36.0,45.0,YES,YES,UNKNOWN_ANALYSIS_IAQ50_VOC0.50ppm,41672.5,0,5.0,0.050,50
2026-06-25 08:51:11,32.49,66.71,1005.00,50.00,500,0.500,71500,27.0,36.0,42.0,YES,YES,UNKNOWN_ANALYSIS_IAQ50_VOC0.50ppm,41683.0,0,5.0,0.050,50
2026-06-25 08:51:21,32.49,66.71,1005.00,50.00,500,0.500,71500,27.0,36.0,42.0,YES,YES,UNKNOWN_ANALYSIS_IAQ50_VOC0.50ppm,41692.4,0,5.0,0.050,50
2026-06-25 08:51:31,32.49,66.71,1005.00,50.00,500,0.500,71500,27.0,36.0,41.0,YES,YES,UNKNOWN_ANALYSIS_IAQ50_VOC0.50ppm,41702.8,0,5.0,0.050,50
2026-06-25 08:51:40,32.49,66.71,1005.00,50.00,500,0.500,71500,27.0,36.0,41.0,YES,YES,UNKNOWN_ANALYSIS_IAQ50_VOC0.50ppm,41712.2,0,5.0,0.050,50
2026-06-25 08:51:51,32.49,66.71,1005.00,50.00,500,0.500,71500,26.0,35.0,42.0,YES,YES,UNKNOWN_ANALYSIS_IAQ50_VOC0.50ppm,41722.7,0,5.0,0.050,50
2026-06-25 08:52:01,32.49,66.71,1005.00,50.00,500,0.500,71500,26.0,35.0,40.0,YES,YES,UNKNOWN_ANALYSIS_IAQ50_VOC0.50ppm,41733.1,0,5.0,0.050,50
2026-06-25 08:52:11,32.49,66.71,1005.00,50.00,500,0.500,71500,27.0,37.0,42.0,YES,YES,UNKNOWN_ANALYSIS_IAQ50_VOC0.50ppm,41742.5,0,5.0,0.050,50
2026-06-25 08:52:21,32.49,66.71,1005.00,50.00,500,0.500,71500,26.0,35.0,40.0,YES,YES,UNKNOWN_ANALYSIS_IAQ50_VOC0.50ppm,41752.9,0,5.0,0.050,50
2026-06-25 08:52:31,32.54,66.64,1005.00,50.00,500,0.500,73100,26.0,34.0,40.0,YES,YES,UNKNOWN_ANALYSIS_IAQ50_VOC0.50ppm,41763.4,0,5.0,0.050,50
2026-06-25 08:52:41,32.54,66.64,1005.00,50.00,500,0.500,73100,27.0,36.0,41.0,YES,YES,UNKNOWN_ANALYSIS_IAQ50_VOC0.50ppm,41772.8,0,5.0,0.050,50
2026-06-25 08:52:51,32.54,66.64,1005.00,50.00,500,0.500,73100,27.0,36.0,42.0,YES,YES,UNKNOWN_ANALYSIS_IAQ50_VOC0.50ppm,41783.2,0,5.0,0.050,50
2026-06-25 08:53:01,32.54,66.64,1005.00,50.00,500,0.500,73100,27.0,38.0,45.0,YES,YES,UNKNOWN_ANALYSIS_IAQ50_VOC0.50ppm,41792.6,0,5.0,0.050,50
2026-06-25 08:53:11,32.54,66.64,1005.00,50.00,500,0.500,73100,26.0,37.0,44.0,YES,YES,UNKNOWN_ANALYSIS_IAQ50_VOC0.50ppm,41803.0,0,5.0,0.050,50
2026-06-25 08:53:22,32.54,66.64,1005.00,50.00,500,0.500,73100,26.0,37.0,43.0,YES,YES,UNKNOWN_ANALYSIS_IAQ50_VOC0.50ppm,41813.5,0,5.0,0.050,50
2026-06-25 08:53:31,32.54,66.64,1005.00,50.00,500,0.500,73100,26.0,37.0,42.0,YES,YES,UNKNOWN_ANALYSIS_IAQ50_VOC0.50ppm,41822.9,0,5.0,0.050,50
2026-06-25 08:53:41,32.54,66.64,1005.00,50.00,500,0.500,73100,27.0,36.0,41.0,YES,YES,UNKNOWN_ANALYSIS_IAQ50_VOC0.50ppm,41833.3,0,5.0,0.050,50
2026-06-25 08:53:51,32.54,66.64,1005.00,50.00,500,0.500,73100,27.0,36.0,41.0,YES,YES,UNKNOWN_ANALYSIS_IAQ50_VOC0.50ppm,41842.7,0,5.0,0.050,50
2026-06-25 08:54:01,32.54,66.64,1005.00,50.00,500,0.500,73100,27.0,35.0,40.0,YES,YES,UNKNOWN_ANALYSIS_IAQ50_VOC0.50ppm,41853.1,0,5.0,0.050,50
2026-06-25 08:54:12,32.54,66.64,1005.00,50.00,500,0.500,73100,26.0,35.0,41.0,YES,YES,UNKNOWN_ANALYSIS_IAQ50_VOC0.50ppm,41863.6,0,5.0,0.050,50
2026-06-25 08:54:21,32.54,66.64,1005.00,50.00,500,0.500,73100,26.0,36.0,41.0,YES,YES,UNKNOWN_ANALYSIS_IAQ50_VOC0.50ppm,41873.0,0,5.0,0.050,50
2026-06-25 08:54:32,32.54,66.64,1005.00,50.00,500,0.500,73100,27.0,36.0,41.0,YES,YES,UNKNOWN_ANALYSIS_IAQ50_VOC0.50ppm,41883.4,0,5.0,0.050,50
2026-06-25 08:54:41,32.54,66.64,1005.00,50.00,500,0.500,73100,26.0,36.0,41.0,YES,YES,UNKNOWN_ANALYSIS_IAQ50_VOC0.50ppm,41892.8,0,5.0,0.050,50
2026-06-25 08:54:51,32.54,66.64,1005.00,50.00,500,0.500,73100,26.0,35.0,41.0,YES,YES,UNKNOWN_ANALYSIS_IAQ50_VOC0.50ppm,41903.2,0,5.0,0.050,50
2026-06-25 08:55:02,32.54,66.64,1005.00,50.00,500,0.500,73100,26.0,36.0,42.0,YES,YES,UNKNOWN_ANALYSIS_IAQ50_VOC0.50ppm,41913.7,0,5.0,0.050,50
2026-06-25 08:55:11,32.54,66.64,1005.00,50.00,500,0.500,73100,27.0,37.0,43.0,YES,YES,UNKNOWN_ANALYSIS_IAQ50_VOC0.50ppm,41923.1,0,5.0,0.050,50
2026-06-25 08:55:22,32.54,66.64,1005.00,50.00,500,0.500,73100,26.0,36.0,43.0,YES,YES,UNKNOWN_ANALYSIS_IAQ50_VOC0.50ppm,41933.5,0,5.0,0.050,50
2026-06-25 08:55:32,32.54,66.64,1005.00,50.00,500,0.500,73100,25.0,36.0,43.0,YES,YES,UNKNOWN_ANALYSIS_IAQ50_VOC0.50ppm,41944.0,0,5.0,0.050,50
2026-06-25 08:55:41,32.54,66.64,1005.00,50.00,500,0.500,73100,26.0,37.0,44.0,YES,YES,UNKNOWN_ANALYSIS_IAQ50_VOC0.50ppm,41953.4,0,5.0,0.050,50
2026-06-25 08:55:52,32.54,66.64,1005.00,50.00,500,0.500,73100,26.0,36.0,43.0,YES,YES,UNKNOWN_ANALYSIS_IAQ50_VOC0.50ppm,41963.8,0,5.0,0.050,50
2026-06-25 08:56:01,32.54,66.64,1005.00,50.00,500,0.500,73100,26.0,36.0,43.0,YES,YES,UNKNOWN_ANALYSIS_IAQ50_VOC0.50ppm,41973.2,0,5.0,0.050,50
2026-06-25 08:56:12,32.54,66.64,1005.00,50.00,500,0.500,73100,26.0,36.0,41.0,YES,YES,UNKNOWN_ANALYSIS_IAQ50_VOC0.50ppm,41983.6,0,5.0,0.050,50
2026-06-25 08:56:22,32.54,66.64,1005.00,50.00,500,0.500,73100,26.0,37.0,44.0,YES,YES,UNKNOWN_ANALYSIS_IAQ50_VOC0.50ppm,41994.1,0,5.0,0.050,50
2026-06-25 08:56:32,32.54,66.64,1005.00,50.00,500,0.500,73100,26.0,37.0,43.0,YES,YES,UNKNOWN_ANALYSIS_IAQ50_VOC0.50ppm,42003.5,0,5.0,0.050,50
2026-06-25 08:56:42,32.54,66.64,1005.00,50.00,500,0.500,73100,26.0,36.0,42.0,YES,YES,UNKNOWN_ANALYSIS_IAQ50_VOC0.50ppm,42013.9,0,5.0,0.050,50
2026-06-25 08:56:51,32.54,66.64,1005.00,50.00,500,0.500,73100,27.0,37.0,44.0,YES,YES,UNKNOWN_ANALYSIS_IAQ50_VOC0.50ppm,42023.3,0,5.0,0.050,50
2026-06-25 08:57:02,32.54,66.64,1005.00,50.00,500,0.500,73100,27.0,37.0,45.0,YES,YES,UNKNOWN_ANALYSIS_IAQ50_VOC0.50ppm,42033.8,0,5.0,0.050,50
2026-06-25 08:57:12,32.54,66.64,1005.00,50.00,500,0.500,73100,27.0,36.0,44.0,YES,YES,UNKNOWN_ANALYSIS_IAQ50_VOC0.50ppm,42044.2,0,5.0,0.050,50
2026-06-25 08:57:22,32.54,66.64,1005.00,50.00,500,0.500,73100,26.0,37.0,44.0,YES,YES,UNKNOWN_ANALYSIS_IAQ50_VOC0.50ppm,42053.6,0,5.0,0.050,50
2026-06-25 08:57:32,32.48,66.59,1005.00,50.00,500,0.500,75100,27.0,38.0,45.0,YES,YES,UNKNOWN_ANALYSIS_IAQ50_VOC0.50ppm,42064.0,0,5.0,0.050,50
2026-06-25 08:57:43,32.48,66.59,1005.00,50.00,500,0.500,75100,27.0,37.0,44.0,YES,YES,UNKNOWN_ANALYSIS_IAQ50_VOC0.50ppm,42074.5,0,5.0,0.050,50
2026-06-25 08:57:52,32.48,66.59,1005.00,50.00,500,0.500,75100,28.0,38.0,45.0,YES,YES,UNKNOWN_ANALYSIS_IAQ50_VOC0.50ppm,42083.9,0,5.0,0.050,50
2026-06-25 08:58:02,32.48,66.59,1005.00,50.00,500,0.500,75100,27.0,37.0,44.0,YES,YES,UNKNOWN_ANALYSIS_IAQ50_VOC0.50ppm,42094.3,0,5.0,0.050,50
2026-06-25 08:58:12,32.48,66.59,1005.00,50.00,500,0.500,75100,27.0,37.0,45.0,YES,YES,UNKNOWN_ANALYSIS_IAQ50_VOC0.50ppm,42103.7,0,5.0,0.050,50
2026-06-25 08:58:22,32.48,66.59,1005.00,50.00,500,0.500,75100,27.0,36.0,45.0,YES,YES,UNKNOWN_ANALYSIS_IAQ50_VOC0.50ppm,42114.1,0,5.0,0.050,50
2026-06-25 08:58:33,32.48,66.59,1005.00,50.00,500,0.500,75100,27.0,37.0,43.0,YES,YES,UNKNOWN_ANALYSIS_IAQ50_VOC0.50ppm,42124.6,0,5.0,0.050,50
2026-06-25 08:58:42,32.48,66.59,1005.00,50.00,500,0.500,75100,27.0,36.0,43.0,YES,YES,UNKNOWN_ANALYSIS_IAQ50_VOC0.50ppm,42134.0,0,5.0,0.050,50
2026-06-25 08:58:53,32.48,66.59,1005.00,50.00,500,0.500,75100,26.0,37.0,43.0,YES,YES,UNKNOWN_ANALYSIS_IAQ50_VOC0.50ppm,42144.4,0,5.0,0.050,50
2026-06-25 08:59:02,32.48,66.59,1005.00,50.00,500,0.500,75100,27.0,38.0,43.0,YES,YES,UNKNOWN_ANALYSIS_IAQ50_VOC0.50ppm,42153.8,0,5.0,0.050,50
2026-06-25 08:59:12,32.48,66.59,1005.00,50.00,500,0.500,75100,26.0,36.0,42.0,YES,YES,UNKNOWN_ANALYSIS_IAQ50_VOC0.50ppm,42164.2,0,5.0,0.050,50
2026-06-25 08:59:23,32.48,66.59,1005.00,50.00,500,0.500,75100,27.0,38.0,45.0,YES,YES,UNKNOWN_ANALYSIS_IAQ50_VOC0.50ppm,42174.7,0,5.0,0.050,50
2026-06-25 08:59:32,32.48,66.59,1005.00,50.00,500,0.500,75100,26.0,37.0,44.0,YES,YES,UNKNOWN_ANALYSIS_IAQ50_VOC0.50ppm,42184.1,0,5.0,0.050,50
2026-06-25 08:59:43,32.48,66.59,1005.00,50.00,500,0.500,75100,27.0,37.0,45.0,YES,YES,UNKNOWN_ANALYSIS_IAQ50_VOC0.50ppm,42194.5,0,5.0,0.050,50
2026-06-25 08:59:53,32.48,66.59,1005.00,50.00,500,0.500,75100,26.0,36.0,43.0,YES,YES,UNKNOWN_ANALYSIS_IAQ50_VOC0.50ppm,42204.9,0,5.0,0.050,50
2026-06-25 09:00:02,32.48,66.59,1005.00,50.00,500,0.500,75100,27.0,37.0,43.0,YES,YES,UNKNOWN_ANALYSIS_IAQ50_VOC0.50ppm,42214.3,0,5.0,0.050,50
2026-06-25 09:00:13,32.48,66.59,1005.00,50.00,500,0.500,75100,27.0,36.0,43.0,YES,YES,UNKNOWN_ANALYSIS_IAQ50_VOC0.50ppm,42224.8,0,5.0,0.050,50
2026-06-25 09:00:22,32.48,66.59,1005.00,50.00,500,0.500,75100,26.0,35.0,42.0,YES,YES,UNKNOWN_ANALYSIS_IAQ50_VOC0.50ppm,42234.2,0,5.0,0.050,50
2026-06-25 09:00:33,32.48,66.59,1005.00,50.00,500,0.500,75100,26.0,35.0,42.0,YES,YES,UNKNOWN_ANALYSIS_IAQ50_VOC0.50ppm,42244.6,0,5.0,0.050,50
2026-06-25 09:00:43,32.48,66.59,1005.00,50.00,500,0.500,75100,26.0,35.0,42.0,YES,YES,UNKNOWN_ANALYSIS_IAQ50_VOC0.50ppm,42255.0,0,5.0,0.050,50
2026-06-25 09:00:53,32.48,66.59,1005.00,50.00,500,0.500,75100,26.0,36.0,42.0,YES,YES,UNKNOWN_ANALYSIS_IAQ50_VOC0.50ppm,42264.4,0,5.0,0.050,50
2026-06-25 09:01:03,32.48,66.59,1005.00,50.00,500,0.500,75100,27.0,38.0,43.0,YES,YES,UNKNOWN_ANALYSIS_IAQ50_VOC0.50ppm,42274.9,0,5.0,0.050,50
2026-06-25 09:01:12,32.48,66.59,1005.00,50.00,500,0.500,75100,27.0,38.0,44.0,YES,YES,UNKNOWN_ANALYSIS_IAQ50_VOC0.50ppm,42284.3,0,5.0,0.050,50
2026-06-25 09:01:23,32.48,66.59,1005.00,50.00,500,0.500,75100,27.0,37.0,44.0,YES,YES,UNKNOWN_ANALYSIS_IAQ50_VOC0.50ppm,42294.7,0,5.0,0.050,50
2026-06-25 09:01:33,32.48,66.59,1005.00,50.00,500,0.500,75100,26.0,37.0,44.0,YES,YES,UNKNOWN_ANALYSIS_IAQ50_VOC0.50ppm,42305.1,0,5.0,0.050,50
2026-06-25 09:01:43,32.48,66.59,1005.00,50.00,500,0.500,75100,27.0,38.0,43.0,YES,YES,UNKNOWN_ANALYSIS_IAQ50_VOC0.50ppm,42314.5,0,5.0,0.050,50
2026-06-25 09:01:53,32.48,66.59,1005.00,50.00,500,0.500,75100,26.0,36.0,42.0,YES,YES,UNKNOWN_ANALYSIS_IAQ50_VOC0.50ppm,42325.0,0,5.0,0.050,50
2026-06-25 09:02:04,32.48,66.59,1005.00,50.00,500,0.500,75100,27.0,37.0,43.0,YES,YES,UNKNOWN_ANALYSIS_IAQ50_VOC0.50ppm,42335.4,0,5.0,0.050,50
2026-06-25 09:02:13,32.48,66.59,1005.00,50.00,500,0.500,75100,26.0,36.0,42.0,YES,YES,UNKNOWN_ANALYSIS_IAQ50_VOC0.50ppm,42344.8,0,5.0,0.050,50
2026-06-25 09:02:23,32.55,66.56,1005.00,52.76,553,0.564,74300,26.0,37.0,43.0,YES,YES,UNKNOWN_ANALYSIS_IAQ53_VOC0.56ppm,42355.2,0,5.0,0.050,50
2026-06-25 09:02:33,32.55,66.56,1005.00,52.76,553,0.564,74300,26.0,35.0,42.0,YES,YES,UNKNOWN_ANALYSIS_IAQ53_VOC0.56ppm,42364.6,0,5.0,0.050,50
2026-06-25 09:02:43,32.55,66.56,1005.00,52.76,553,0.564,74300,26.0,35.0,41.0,YES,YES,UNKNOWN_ANALYSIS_IAQ53_VOC0.56ppm,42375.1,0,5.0,0.050,50
2026-06-25 09:02:54,32.55,66.56,1005.00,52.76,553,0.564,74300,27.0,37.0,42.0,YES,YES,UNKNOWN_ANALYSIS_IAQ53_VOC0.56ppm,42385.5,0,5.0,0.050,50
2026-06-25 09:03:03,32.55,66.56,1005.00,52.76,553,0.564,74300,27.0,36.0,42.0,YES,YES,UNKNOWN_ANALYSIS_IAQ53_VOC0.56ppm,42394.9,0,5.0,0.050,50
2026-06-25 09:03:13,32.55,66.56,1005.00,52.76,553,0.564,74300,26.0,36.0,41.0,YES,YES,UNKNOWN_ANALYSIS_IAQ53_VOC0.56ppm,42405.3,0,5.0,0.050,50
2026-06-25 09:03:24,32.55,66.56,1005.00,52.76,553,0.564,74300,26.0,36.0,42.0,YES,YES,UNKNOWN_ANALYSIS_IAQ53_VOC0.56ppm,42415.8,0,5.0,0.050,50
2026-06-25 09:03:33,32.55,66.56,1005.00,52.76,553,0.564,74300,25.0,35.0,41.0,YES,YES,UNKNOWN_ANALYSIS_IAQ53_VOC0.56ppm,42425.2,0,5.0,0.050,50
2026-06-25 09:03:44,32.55,66.56,1005.00,52.76,553,0.564,74300,26.0,36.0,44.0,YES,YES,UNKNOWN_ANALYSIS_IAQ53_VOC0.56ppm,42435.6,0,5.0,0.050,50
2026-06-25 09:03:53,32.55,66.56,1005.00,52.76,553,0.564,74300,26.0,37.0,44.0,YES,YES,UNKNOWN_ANALYSIS_IAQ53_VOC0.56ppm,42445.0,0,5.0,0.050,50
2026-06-25 09:04:04,32.55,66.56,1005.00,52.76,553,0.564,74300,27.0,38.0,45.0,YES,YES,UNKNOWN_ANALYSIS_IAQ53_VOC0.56ppm,42455.4,0,5.0,0.050,50
2026-06-25 09:04:14,32.55,66.56,1005.00,52.76,553,0.564,74300,28.0,37.0,45.0,YES,YES,UNKNOWN_ANALYSIS_IAQ53_VOC0.56ppm,42465.9,0,5.0,0.050,50
2026-06-25 09:04:23,32.55,66.56,1005.00,52.76,553,0.564,74300,26.0,36.0,44.0,YES,YES,UNKNOWN_ANALYSIS_IAQ53_VOC0.56ppm,42475.3,0,5.0,0.050,50
2026-06-25 09:04:34,32.55,66.56,1005.00,52.76,553,0.564,74300,26.0,35.0,41.0,YES,YES,UNKNOWN_ANALYSIS_IAQ53_VOC0.56ppm,42485.7,0,5.0,0.050,50
2026-06-25 09:04:43,32.55,66.56,1005.00,52.76,553,0.564,74300,26.0,35.0,41.0,YES,YES,UNKNOWN_ANALYSIS_IAQ53_VOC0.56ppm,42495.1,0,5.0,0.050,50
2026-06-25 09:04:54,32.55,66.56,1005.00,52.76,553,0.564,74300,26.0,37.0,42.0,YES,YES,UNKNOWN_ANALYSIS_IAQ53_VOC0.56ppm,42505.5,0,5.0,0.050,50
2026-06-25 09:05:04,32.55,66.56,1005.00,52.76,553,0.564,74300,28.0,39.0,45.0,YES,YES,UNKNOWN_ANALYSIS_IAQ53_VOC0.56ppm,42516.0,0,5.0,0.050,50
2026-06-25 09:05:13,32.55,66.56,1005.00,52.76,553,0.564,74300,28.0,38.0,43.0,YES,YES,UNKNOWN_ANALYSIS_IAQ53_VOC0.56ppm,42525.4,0,5.0,0.050,50
2026-06-25 09:05:24,32.55,66.56,1005.00,52.76,553,0.564,74300,27.0,36.0,42.0,YES,YES,UNKNOWN_ANALYSIS_IAQ53_VOC0.56ppm,42535.8,0,5.0,0.050,50
2026-06-25 09:05:34,32.55,66.56,1005.00,52.76,553,0.564,74300,28.0,37.0,42.0,YES,YES,UNKNOWN_ANALYSIS_IAQ53_VOC0.56ppm,42546.2,0,5.0,0.050,50
2026-06-25 09:05:44,32.55,66.56,1005.00,52.76,553,0.564,74300,27.0,36.0,41.0,YES,YES,UNKNOWN_ANALYSIS_IAQ53_VOC0.56ppm,42555.6,0,5.0,0.050,50
2026-06-25 09:05:54,32.55,66.56,1005.00,52.76,553,0.564,74300,27.0,36.0,42.0,YES,YES,UNKNOWN_ANALYSIS_IAQ53_VOC0.56ppm,42566.1,0,5.0,0.050,50
2026-06-25 09:06:04,32.55,66.56,1005.00,52.76,553,0.564,74300,26.0,36.0,42.0,YES,YES,UNKNOWN_ANALYSIS_IAQ53_VOC0.56ppm,42575.5,0,5.0,0.050,50
2026-06-25 09:06:14,32.55,66.56,1005.00,52.76,553,0.564,74300,26.0,36.0,43.0,YES,YES,UNKNOWN_ANALYSIS_IAQ53_VOC0.56ppm,42585.9,0,5.0,0.050,50
2026-06-25 09:06:24,32.55,66.56,1005.00,52.76,553,0.564,74300,27.0,38.0,44.0,YES,YES,UNKNOWN_ANALYSIS_IAQ53_VOC0.56ppm,42596.4,0,5.0,0.050,50
2026-06-25 09:06:34,32.55,66.56,1005.00,52.76,553,0.564,74300,27.0,38.0,44.0,YES,YES,UNKNOWN_ANALYSIS_IAQ53_VOC0.56ppm,42605.8,0,5.0,0.050,50
2026-06-25 09:06:44,32.55,66.56,1005.00,52.76,553,0.564,74300,26.0,37.0,44.0,YES,YES,UNKNOWN_ANALYSIS_IAQ53_VOC0.56ppm,42616.2,0,5.0,0.050,50
2026-06-25 09:06:54,32.55,66.56,1005.00,52.76,553,0.564,74300,27.0,37.0,43.0,YES,YES,UNKNOWN_ANALYSIS_IAQ53_VOC0.56ppm,42625.6,0,5.0,0.050,50
2026-06-25 09:07:04,32.55,66.56,1005.00,52.76,553,0.564,74300,26.0,35.0,41.0,YES,YES,UNKNOWN_ANALYSIS_IAQ53_VOC0.56ppm,42636.0,0,5.0,0.050,50
2026-06-25 09:07:15,32.55,66.56,1005.00,52.76,553,0.564,74300,28.0,37.0,43.0,YES,YES,UNKNOWN_ANALYSIS_IAQ53_VOC0.56ppm,42646.5,0,5.0,0.050,50
2026-06-25 09:07:24,32.53,66.52,1005.00,50.00,500,0.500,75500,26.0,36.0,42.0,YES,YES,UNKNOWN_ANALYSIS_IAQ50_VOC0.50ppm,42655.9,0,5.0,0.050,50
2026-06-25 09:07:34,32.53,66.52,1005.00,50.00,500,0.500,75500,27.0,38.0,45.0,YES,YES,UNKNOWN_ANALYSIS_IAQ50_VOC0.50ppm,42666.3,0,5.0,0.050,50
2026-06-25 09:07:45,32.53,66.52,1005.00,50.00,500,0.500,75500,26.0,37.0,45.0,YES,YES,UNKNOWN_ANALYSIS_IAQ50_VOC0.50ppm,42676.7,0,5.0,0.050,50
2026-06-25 09:07:54,32.53,66.52,1005.00,50.00,500,0.500,75500,27.0,38.0,45.0,YES,YES,UNKNOWN_ANALYSIS_IAQ50_VOC0.50ppm,42686.1,0,5.0,0.050,50
2026-06-25 09:08:05,32.53,66.52,1005.00,50.00,500,0.500,75500,27.0,37.0,45.0,YES,YES,UNKNOWN_ANALYSIS_IAQ50_VOC0.50ppm,42696.6,0,5.0,0.050,50
2026-06-25 09:08:14,32.53,66.52,1005.00,50.00,500,0.500,75500,26.0,36.0,45.0,YES,YES,UNKNOWN_ANALYSIS_IAQ50_VOC0.50ppm,42706.0,0,5.0,0.050,50
2026-06-25 09:08:25,32.53,66.52,1005.00,50.00,500,0.500,75500,26.0,37.0,46.0,YES,YES,UNKNOWN_ANALYSIS_IAQ50_VOC0.50ppm,42716.4,0,5.0,0.050,50
2026-06-25 09:08:35,32.53,66.52,1005.00,50.00,500,0.500,75500,26.0,36.0,45.0,YES,YES,UNKNOWN_ANALYSIS_IAQ50_VOC0.50ppm,42726.8,0,5.0,0.050,50
2026-06-25 09:08:44,32.53,66.52,1005.00,50.00,500,0.500,75500,27.0,37.0,45.0,YES,YES,UNKNOWN_ANALYSIS_IAQ50_VOC0.50ppm,42736.3,0,5.0,0.050,50
2026-06-25 09:08:55,32.53,66.52,1005.00,50.00,500,0.500,75500,27.0,37.0,44.0,YES,YES,UNKNOWN_ANALYSIS_IAQ50_VOC0.50ppm,42746.7,0,5.0,0.050,50
2026-06-25 09:09:04,32.53,66.52,1005.00,50.00,500,0.500,75500,26.0,36.0,43.0,YES,YES,UNKNOWN_ANALYSIS_IAQ50_VOC0.50ppm,42756.1,0,5.0,0.050,50
2026-06-25 09:09:15,32.53,66.52,1005.00,50.00,500,0.500,75500,26.0,36.0,44.0,YES,YES,UNKNOWN_ANALYSIS_IAQ50_VOC0.50ppm,42766.5,0,5.0,0.050,50
2026-06-25 09:09:25,32.53,66.52,1005.00,50.00,500,0.500,75500,28.0,38.0,44.0,YES,YES,UNKNOWN_ANALYSIS_IAQ50_VOC0.50ppm,42777.0,0,5.0,0.050,50
2026-06-25 09:09:34,32.53,66.52,1005.00,50.00,500,0.500,75500,27.0,37.0,44.0,YES,YES,UNKNOWN_ANALYSIS_IAQ50_VOC0.50ppm,42786.4,0,5.0,0.050,50
2026-06-25 09:09:45,32.53,66.52,1005.00,50.00,500,0.500,75500,28.0,37.0,45.0,YES,YES,UNKNOWN_ANALYSIS_IAQ50_VOC0.50ppm,42796.8,0,5.0,0.050,50
2026-06-25 09:09:54,32.53,66.52,1005.00,50.00,500,0.500,75500,27.0,36.0,44.0,YES,YES,UNKNOWN_ANALYSIS_IAQ50_VOC0.50ppm,42806.2,0,5.0,0.050,50
2026-06-25 09:10:05,32.53,66.52,1005.00,50.00,500,0.500,75500,26.0,35.0,42.0,YES,YES,UNKNOWN_ANALYSIS_IAQ50_VOC0.50ppm,42816.6,0,5.0,0.050,50
2026-06-25 09:10:15,32.53,66.52,1005.00,50.00,500,0.500,75500,26.0,35.0,41.0,YES,YES,UNKNOWN_ANALYSIS_IAQ50_VOC0.50ppm,42827.1,0,5.0,0.050,50
2026-06-25 09:10:25,32.53,66.52,1005.00,50.00,500,0.500,75500,25.0,34.0,41.0,YES,YES,UNKNOWN_ANALYSIS_IAQ50_VOC0.50ppm,42836.5,0,5.0,0.050,50
2026-06-25 09:10:35,32.53,66.52,1005.00,50.00,500,0.500,75500,27.0,36.0,42.0,YES,YES,UNKNOWN_ANALYSIS_IAQ50_VOC0.50ppm,42846.9,0,5.0,0.050,50
2026-06-25 09:10:44,32.53,66.52,1005.00,50.00,500,0.500,75500,26.0,36.0,44.0,YES,YES,UNKNOWN_ANALYSIS_IAQ50_VOC0.50ppm,42856.3,0,5.0,0.050,50
2026-06-25 09:10:55,32.53,66.52,1005.00,50.00,500,0.500,75500,26.0,35.0,44.0,YES,YES,UNKNOWN_ANALYSIS_IAQ50_VOC0.50ppm,42866.7,0,5.0,0.050,50
2026-06-25 09:11:05,32.53,66.52,1005.00,50.00,500,0.500,75500,27.0,36.0,42.0,YES,YES,UNKNOWN_ANALYSIS_IAQ50_VOC0.50ppm,42877.2,0,5.0,0.050,50
2026-06-25 09:11:15,32.53,66.52,1005.00,50.00,500,0.500,75500,26.0,35.0,43.0,YES,YES,UNKNOWN_ANALYSIS_IAQ50_VOC0.50ppm,42886.6,0,5.0,0.050,50
2026-06-25 09:11:25,32.53,66.52,1005.00,50.00,500,0.500,75500,27.0,36.0,43.0,YES,YES,UNKNOWN_ANALYSIS_IAQ50_VOC0.50ppm,42897.0,0,5.0,0.050,50
2026-06-25 09:11:35,32.53,66.52,1005.00,50.00,500,0.500,75500,27.0,36.0,44.0,YES,YES,UNKNOWN_ANALYSIS_IAQ50_VOC0.50ppm,42906.4,0,5.0,0.050,50
2026-06-25 09:11:45,32.53,66.52,1005.00,50.00,500,0.500,75500,27.0,36.0,43.0,YES,YES,UNKNOWN_ANALYSIS_IAQ50_VOC0.50ppm,42916.9,0,5.0,0.050,50
2026-06-25 09:11:55,32.53,66.52,1005.00,50.00,500,0.500,75500,27.0,36.0,42.0,YES,YES,UNKNOWN_ANALYSIS_IAQ50_VOC0.50ppm,42927.3,0,5.0,0.050,50
2026-06-25 09:12:05,32.53,66.52,1005.00,50.00,500,0.500,75500,27.0,36.0,42.0,YES,YES,UNKNOWN_ANALYSIS_IAQ50_VOC0.50ppm,42936.7,0,5.0,0.050,50
2026-06-25 09:12:15,32.53,66.52,1005.00,50.00,500,0.500,75500,26.0,35.0,41.0,YES,YES,UNKNOWN_ANALYSIS_IAQ50_VOC0.50ppm,42947.1,0,5.0,0.050,50
2026-06-25 09:12:25,32.57,66.48,1005.00,50.00,500,0.500,76200,27.0,36.0,42.0,YES,YES,UNKNOWN_ANALYSIS_IAQ50_VOC0.50ppm,42956.5,0,5.0,0.050,50
2026-06-25 09:12:35,32.57,66.48,1005.00,50.00,500,0.500,76200,26.0,35.0,40.0,YES,YES,UNKNOWN_ANALYSIS_IAQ50_VOC0.50ppm,42967.0,0,5.0,0.050,50
2026-06-25 09:12:46,32.57,66.48,1005.00,50.00,500,0.500,76200,26.0,35.0,41.0,YES,YES,UNKNOWN_ANALYSIS_IAQ50_VOC0.50ppm,42977.4,0,5.0,0.050,50
2026-06-25 09:12:55,32.57,66.48,1005.00,50.00,500,0.500,76200,28.0,36.0,43.0,YES,YES,UNKNOWN_ANALYSIS_IAQ50_VOC0.50ppm,42986.8,0,5.0,0.050,50
2026-06-25 09:13:05,32.57,66.48,1005.00,50.00,500,0.500,76200,27.0,36.0,42.0,YES,YES,UNKNOWN_ANALYSIS_IAQ50_VOC0.50ppm,42997.2,0,5.0,0.050,50
2026-06-25 09:13:15,32.57,66.48,1005.00,50.00,500,0.500,76200,27.0,36.0,44.0,YES,YES,UNKNOWN_ANALYSIS_IAQ50_VOC0.50ppm,43006.6,0,5.0,0.050,50
2026-06-25 09:13:25,32.57,66.48,1005.00,50.00,500,0.500,76200,26.0,36.0,43.0,YES,YES,UNKNOWN_ANALYSIS_IAQ50_VOC0.50ppm,43017.1,0,5.0,0.050,50
2026-06-25 09:13:36,32.57,66.48,1005.00,50.00,500,0.500,76200,27.0,36.0,44.0,YES,YES,UNKNOWN_ANALYSIS_IAQ50_VOC0.50ppm,43027.5,0,5.0,0.050,50
2026-06-25 09:13:45,32.57,66.48,1005.00,50.00,500,0.500,76200,26.0,38.0,44.0,YES,YES,UNKNOWN_ANALYSIS_IAQ50_VOC0.50ppm,43036.9,0,5.0,0.050,50
2026-06-25 09:13:55,32.57,66.48,1005.00,50.00,500,0.500,76200,25.0,35.0,40.0,YES,YES,UNKNOWN_ANALYSIS_IAQ50_VOC0.50ppm,43047.3,0,5.0,0.050,50
2026-06-25 09:14:06,32.57,66.48,1005.00,50.00,500,0.500,76200,26.0,35.0,41.0,YES,YES,UNKNOWN_ANALYSIS_IAQ50_VOC0.50ppm,43057.8,0,5.0,0.050,50
2026-06-25 09:14:15,32.57,66.48,1005.00,50.00,500,0.500,76200,26.0,34.0,41.0,YES,YES,UNKNOWN_ANALYSIS_IAQ50_VOC0.50ppm,43067.2,0,5.0,0.050,50
2026-06-25 09:14:26,32.57,66.48,1005.00,50.00,500,0.500,76200,26.0,35.0,42.0,YES,YES,UNKNOWN_ANALYSIS_IAQ50_VOC0.50ppm,43077.6,0,5.0,0.050,50
2026-06-25 09:14:35,32.57,66.48,1005.00,50.00,500,0.500,76200,26.0,36.0,44.0,YES,YES,UNKNOWN_ANALYSIS_IAQ50_VOC0.50ppm,43087.0,0,5.0,0.050,50
2026-06-25 09:14:46,32.57,66.48,1005.00,50.00,500,0.500,76200,27.0,37.0,45.0,YES,YES,UNKNOWN_ANALYSIS_IAQ50_VOC0.50ppm,43097.4,0,5.0,0.050,50
2026-06-25 09:14:56,32.57,66.48,1005.00,50.00,500,0.500,76200,26.0,37.0,45.0,YES,YES,UNKNOWN_ANALYSIS_IAQ50_VOC0.50ppm,43107.9,0,5.0,0.050,50
2026-06-25 09:15:05,32.57,66.48,1005.00,50.00,500,0.500,76200,25.0,35.0,42.0,YES,YES,UNKNOWN_ANALYSIS_IAQ50_VOC0.50ppm,43117.3,0,5.0,0.050,50
2026-06-25 09:15:16,32.57,66.48,1005.00,50.00,500,0.500,76200,26.0,36.0,42.0,YES,YES,UNKNOWN_ANALYSIS_IAQ50_VOC0.50ppm,43127.7,0,5.0,0.050,50
2026-06-25 09:15:25,32.57,66.48,1005.00,50.00,500,0.500,76200,26.0,36.0,43.0,YES,YES,UNKNOWN_ANALYSIS_IAQ50_VOC0.50ppm,43137.1,0,5.0,0.050,50
2026-06-25 09:15:36,32.57,66.48,1005.00,50.00,500,0.500,76200,25.0,35.0,43.0,YES,YES,UNKNOWN_ANALYSIS_IAQ50_VOC0.50ppm,43147.5,0,5.0,0.050,50
💾 Baseline state saved to EEPROM
💾 SAVED - IAQ: 5.0, VOC: 0.050 ppm, CO2: 50 ppm

=== SPIKE HISTORY ===
2026-06-25 09:15:46,32.57,66.48,1005.00,50.00,500,0.500,76200,26.0,37.0,45.0,YES,YES,UNKNOWN_ANALYSIS_IAQ50_VOC0.50ppm,43158.0,0,5.0,0.050,50
2026-06-25 09:15:55,32.57,66.48,1005.00,50.00,500,0.500,76200,27.0,36.0,44.0,YES,YES,UNKNOWN_ANALYSIS_IAQ50_VOC0.50ppm,43167.4,0,5.0,0.050,50
2026-06-25 09:16:06,32.57,66.48,1005.00,50.00,500,0.500,76200,25.0,35.0,42.0,YES,YES,UNKNOWN_ANALYSIS_IAQ50_VOC0.50ppm,43177.8,0,5.0,0.050,50
2026-06-25 09:16:16,32.57,66.48,1005.00,50.00,500,0.500,76200,27.0,37.0,43.0,YES,YES,UNKNOWN_ANALYSIS_IAQ50_VOC0.50ppm,43188.2,0,5.0,0.050,50
2026-06-25 09:16:26,32.57,66.48,1005.00,50.00,500,0.500,76200,26.0,36.0,42.0,YES,YES,UNKNOWN_ANALYSIS_IAQ50_VOC0.50ppm,43197.6,0,5.0,0.050,50
2026-06-25 09:16:36,32.57,66.48,1005.00,50.00,500,0.500,76200,25.0,35.0,41.0,YES,YES,UNKNOWN_ANALYSIS_IAQ50_VOC0.50ppm,43208.1,0,5.0,0.050,50
2026-06-25 09:16:46,32.57,66.48,1005.00,50.00,500,0.500,76200,25.0,37.0,43.0,YES,YES,UNKNOWN_ANALYSIS_IAQ50_VOC0.50ppm,43217.5,0,5.0,0.050,50
2026-06-25 09:16:56,32.57,66.48,1005.00,50.00,500,0.500,76200,26.0,37.0,43.0,YES,YES,UNKNOWN_ANALYSIS_IAQ50_VOC0.50ppm,43227.9,0,5.0,0.050,50
2026-06-25 09:17:06,32.57,66.48,1005.00,50.00,500,0.500,76200,26.0,37.0,43.0,YES,YES,UNKNOWN_ANALYSIS_IAQ50_VOC0.50ppm,43238.3,0,5.0,0.050,50
2026-06-25 09:17:16,32.57,66.48,1005.00,50.00,500,0.500,76200,25.0,37.0,44.0,YES,YES,UNKNOWN_ANALYSIS_IAQ50_VOC0.50ppm,43247.8,0,5.0,0.050,50
2026-06-25 09:17:26,32.63,66.37,1005.00,50.00,500,0.500,78700,25.0,36.0,44.0,YES,YES,UNKNOWN_ANALYSIS_IAQ50_VOC0.50ppm,43258.2,0,5.0,0.050,50
2026-06-25 09:17:36,32.63,66.37,1005.00,50.00,500,0.500,78700,27.0,37.0,44.0,YES,YES,UNKNOWN_ANALYSIS_IAQ50_VOC0.50ppm,43267.6,0,5.0,0.050,50
2026-06-25 09:17:46,32.63,66.37,1005.00,50.00,500,0.500,78700,26.0,37.0,43.0,YES,YES,UNKNOWN_ANALYSIS_IAQ50_VOC0.50ppm,43278.0,0,5.0,0.050,50
2026-06-25 09:17:57,32.63,66.37,1005.00,50.00,500,0.500,78700,25.0,35.0,43.0,YES,YES,UNKNOWN_ANALYSIS_IAQ50_VOC0.50ppm,43288.4,0,5.0,0.050,50
2026-06-25 09:18:06,32.63,66.37,1005.00,50.00,500,0.500,78700,26.0,36.0,43.0,YES,YES,UNKNOWN_ANALYSIS_IAQ50_VOC0.50ppm,43297.8,0,5.0,0.050,50
2026-06-25 09:18:16,32.63,66.37,1005.00,50.00,500,0.500,78700,25.0,35.0,43.0,YES,YES,UNKNOWN_ANALYSIS_IAQ50_VOC0.50ppm,43308.3,0,5.0,0.050,50
2026-06-25 09:18:26,32.63,66.37,1005.00,50.00,500,0.500,78700,26.0,38.0,44.0,YES,YES,UNKNOWN_ANALYSIS_IAQ50_VOC0.50ppm,43317.7,0,5.0,0.050,50
2026-06-25 09:18:36,32.63,66.37,1005.00,50.00,500,0.500,78700,26.0,38.0,45.0,YES,YES,UNKNOWN_ANALYSIS_IAQ50_VOC0.50ppm,43328.1,0,5.0,0.050,50
2026-06-25 09:18:47,32.63,66.37,1005.00,50.00,500,0.500,78700,26.0,37.0,43.0,YES,YES,UNKNOWN_ANALYSIS_IAQ50_VOC0.50ppm,43338.6,0,5.0,0.050,50
2026-06-25 09:18:56,32.63,66.37,1005.00,50.00,500,0.500,78700,26.0,36.0,42.0,YES,YES,UNKNOWN_ANALYSIS_IAQ50_VOC0.50ppm,43348.0,0,5.0,0.050,50
2026-06-25 09:19:07,32.63,66.37,1005.00,50.00,500,0.500,78700,27.0,37.0,42.0,YES,YES,UNKNOWN_ANALYSIS_IAQ50_VOC0.50ppm,43358.4,0,5.0,0.050,50
2026-06-25 09:19:17,32.63,66.37,1005.00,50.00,500,0.500,78700,26.0,37.0,42.0,YES,YES,UNKNOWN_ANALYSIS_IAQ50_VOC0.50ppm,43368.8,0,5.0,0.050,50
2026-06-25 09:19:26,32.63,66.37,1005.00,50.00,500,0.500,78700,25.0,37.0,43.0,YES,YES,UNKNOWN_ANALYSIS_IAQ50_VOC0.50ppm,43378.2,0,5.0,0.050,50
2026-06-25 09:19:37,32.63,66.37,1005.00,50.00,500,0.500,78700,27.0,38.0,45.0,YES,YES,UNKNOWN_ANALYSIS_IAQ50_VOC0.50ppm,43388.7,0,5.0,0.050,50
2026-06-25 09:19:46,32.63,66.37,1005.00,50.00,500,0.500,78700,26.0,37.0,43.0,YES,YES,UNKNOWN_ANALYSIS_IAQ50_VOC0.50ppm,43398.0,0,5.0,0.050,50
2026-06-25 09:19:57,32.63,66.37,1005.00,50.00,500,0.500,78700,27.0,38.0,43.0,YES,YES,UNKNOWN_ANALYSIS_IAQ50_VOC0.50ppm,43408.5,0,5.0,0.050,50
2026-06-25 09:20:07,32.63,66.37,1005.00,50.00,500,0.500,78700,26.0,36.0,42.0,YES,YES,UNKNOWN_ANALYSIS_IAQ50_VOC0.50ppm,43418.9,0,5.0,0.050,50
2026-06-25 09:20:16,32.63,66.37,1005.00,50.00,500,0.500,78700,27.0,37.0,45.0,YES,YES,UNKNOWN_ANALYSIS_IAQ50_VOC0.50ppm,43428.3,0,5.0,0.050,50
2026-06-25 09:20:27,32.63,66.37,1005.00,50.00,500,0.500,78700,27.0,36.0,44.0,YES,YES,UNKNOWN_ANALYSIS_IAQ50_VOC0.50ppm,43438.8,0,5.0,0.050,50
2026-06-25 09:20:36,32.63,66.37,1005.00,50.00,500,0.500,78700,25.0,35.0,43.0,YES,YES,UNKNOWN_ANALYSIS_IAQ50_VOC0.50ppm,43448.2,0,5.0,0.050,50
2026-06-25 09:20:47,32.63,66.37,1005.00,50.00,500,0.500,78700,26.0,37.0,44.0,YES,YES,UNKNOWN_ANALYSIS_IAQ50_VOC0.50ppm,43458.6,0,5.0,0.050,50
2026-06-25 09:20:57,32.63,66.37,1005.00,50.00,500,0.500,78700,27.0,37.0,43.0,YES,YES,UNKNOWN_ANALYSIS_IAQ50_VOC0.50ppm,43469.0,0,5.0,0.050,50
2026-06-25 09:21:07,32.63,66.37,1005.00,50.00,500,0.500,78700,27.0,36.0,43.0,YES,YES,UNKNOWN_ANALYSIS_IAQ50_VOC0.50ppm,43478.4,0,5.0,0.050,50
2026-06-25 09:21:17,32.63,66.37,1005.00,50.00,500,0.500,78700,26.0,36.0,43.0,YES,YES,UNKNOWN_ANALYSIS_IAQ50_VOC0.50ppm,43488.9,0,5.0,0.050,50
2026-06-25 09:21:26,32.63,66.37,1005.00,50.00,500,0.500,78700,26.0,36.0,43.0,YES,YES,UNKNOWN_ANALYSIS_IAQ50_VOC0.50ppm,43498.3,0,5.0,0.050,50
2026-06-25 09:21:37,32.63,66.37,1005.00,50.00,500,0.500,78700,25.0,35.0,42.0,YES,YES,UNKNOWN_ANALYSIS_IAQ50_VOC0.50ppm,43508.7,0,5.0,0.050,50
2026-06-25 09:21:47,32.63,66.37,1005.00,50.00,500,0.500,78700,27.0,37.0,44.0,YES,YES,UNKNOWN_ANALYSIS_IAQ50_VOC0.50ppm,43519.1,0,5.0,0.050,50
2026-06-25 09:21:57,32.63,66.37,1005.00,50.00,500,0.500,78700,27.0,36.0,43.0,YES,YES,UNKNOWN_ANALYSIS_IAQ50_VOC0.50ppm,43528.5,0,5.0,0.050,50
2026-06-25 09:22:07,32.63,66.37,1005.00,50.00,500,0.500,78700,26.0,36.0,44.0,YES,YES,UNKNOWN_ANALYSIS_IAQ50_VOC0.50ppm,43539.0,0,5.0,0.050,50
2026-06-25 09:22:18,32.63,66.37,1005.00,50.00,500,0.500,78700,27.0,38.0,45.0,YES,YES,UNKNOWN_ANALYSIS_IAQ50_VOC0.50ppm,43549.4,0,5.0,0.050,50
2026-06-25 09:22:27,32.57,66.28,1005.00,50.00,500,0.500,80700,25.0,37.0,44.0,YES,YES,UNKNOWN_ANALYSIS_IAQ50_VOC0.50ppm,43558.8,0,5.0,0.050,50
2026-06-25 09:22:37,32.57,66.28,1005.00,50.00,500,0.500,80700,24.0,36.0,44.0,YES,YES,UNKNOWN_ANALYSIS_IAQ50_VOC0.50ppm,43569.2,0,5.0,0.050,50
2026-06-25 09:22:47,32.57,66.28,1005.00,50.00,500,0.500,80700,25.0,36.0,44.0,YES,YES,UNKNOWN_ANALYSIS_IAQ50_VOC0.50ppm,43578.6,0,5.0,0.050,50
2026-06-25 09:22:57,32.57,66.28,1005.00,50.00,500,0.500,80700,25.0,35.0,44.0,YES,YES,UNKNOWN_ANALYSIS_IAQ50_VOC0.50ppm,43589.1,0,5.0,0.050,50
2026-06-25 09:23:08,32.57,66.28,1005.00,50.00,500,0.500,80700,25.0,34.0,40.0,YES,YES,UNKNOWN_ANALYSIS_IAQ50_VOC0.50ppm,43599.5,0,5.0,0.050,50
2026-06-25 09:23:17,32.57,66.28,1005.00,50.00,500,0.500,80700,26.0,36.0,40.0,YES,YES,UNKNOWN_ANALYSIS_IAQ50_VOC0.50ppm,43608.9,0,5.0,0.050,50
2026-06-25 09:23:27,32.57,66.28,1005.00,50.00,500,0.500,80700,27.0,36.0,43.0,YES,YES,UNKNOWN_ANALYSIS_IAQ50_VOC0.50ppm,43619.3,0,5.0,0.050,50
2026-06-25 09:23:37,32.57,66.28,1005.00,50.00,500,0.500,80700,26.0,35.0,42.0,YES,YES,UNKNOWN_ANALYSIS_IAQ50_VOC0.50ppm,43628.7,0,5.0,0.050,50
2026-06-25 09:23:47,32.57,66.28,1005.00,50.00,500,0.500,80700,26.0,35.0,42.0,YES,YES,UNKNOWN_ANALYSIS_IAQ50_VOC0.50ppm,43639.2,0,5.0,0.050,50
2026-06-25 09:23:58,32.57,66.28,1005.00,50.00,500,0.500,80700,27.0,36.0,42.0,YES,YES,UNKNOWN_ANALYSIS_IAQ50_VOC0.50ppm,43649.6,0,5.0,0.050,50
2026-06-25 09:24:07,32.57,66.28,1005.00,50.00,500,0.500,80700,27.0,36.0,44.0,YES,YES,UNKNOWN_ANALYSIS_IAQ50_VOC0.50ppm,43659.0,0,5.0,0.050,50
2026-06-25 09:24:18,32.57,66.28,1005.00,50.00,500,0.500,80700,27.0,38.0,45.0,YES,YES,UNKNOWN_ANALYSIS_IAQ50_VOC0.50ppm,43669.5,0,5.0,0.050,50
2026-06-25 09:24:28,32.57,66.28,1005.00,50.00,500,0.500,80700,27.0,36.0,43.0,YES,YES,UNKNOWN_ANALYSIS_IAQ50_VOC0.50ppm,43679.9,0,5.0,0.050,50
2026-06-25 09:24:37,32.57,66.28,1005.00,50.00,500,0.500,80700,27.0,37.0,44.0,YES,YES,UNKNOWN_ANALYSIS_IAQ50_VOC0.50ppm,43689.3,0,5.0,0.050,50
2026-06-25 09:24:48,32.57,66.28,1005.00,50.00,500,0.500,80700,28.0,37.0,43.0,YES,YES,UNKNOWN_ANALYSIS_IAQ50_VOC0.50ppm,43699.7,0,5.0,0.050,50
2026-06-25 09:24:57,32.57,66.28,1005.00,50.00,500,0.500,80700,26.0,35.0,42.0,YES,YES,UNKNOWN_ANALYSIS_IAQ50_VOC0.50ppm,43709.1,0,5.0,0.050,50
2026-06-25 09:25:08,32.57,66.28,1005.00,50.00,500,0.500,80700,27.0,36.0,41.0,YES,YES,UNKNOWN_ANALYSIS_IAQ50_VOC0.50ppm,43719.6,0,5.0,0.050,50
2026-06-25 09:25:18,32.57,66.28,1005.00,50.00,500,0.500,80700,26.0,36.0,43.0,YES,YES,UNKNOWN_ANALYSIS_IAQ50_VOC0.50ppm,43730.0,0,5.0,0.050,50
2026-06-25 09:25:28,32.57,66.28,1005.00,50.00,500,0.500,80700,27.0,36.0,44.0,YES,YES,UNKNOWN_ANALYSIS_IAQ50_VOC0.50ppm,43739.4,0,5.0,0.050,50
2026-06-25 09:25:38,32.57,66.28,1005.00,50.00,500,0.500,80700,27.0,37.0,43.0,YES,YES,UNKNOWN_ANALYSIS_IAQ50_VOC0.50ppm,43749.8,0,5.0,0.050,50
2026-06-25 09:25:47,32.57,66.28,1005.00,50.00,500,0.500,80700,26.0,35.0,42.0,YES,YES,UNKNOWN_ANALYSIS_IAQ50_VOC0.50ppm,43759.2,0,5.0,0.050,50
2026-06-25 09:25:58,32.57,66.28,1005.00,50.00,500,0.500,80700,27.0,36.0,43.0,YES,YES,UNKNOWN_ANALYSIS_IAQ50_VOC0.50ppm,43769.7,0,5.0,0.050,50
2026-06-25 09:26:08,32.57,66.28,1005.00,50.00,500,0.500,80700,26.0,35.0,42.0,YES,YES,UNKNOWN_ANALYSIS_IAQ50_VOC0.50ppm,43780.1,0,5.0,0.050,50
2026-06-25 09:26:18,32.57,66.28,1005.00,50.00,500,0.500,80700,27.0,36.0,44.0,YES,YES,UNKNOWN_ANALYSIS_IAQ50_VOC0.50ppm,43789.5,0,5.0,0.050,50
2026-06-25 09:26:28,32.57,66.28,1005.00,50.00,500,0.500,80700,27.0,36.0,44.0,YES,YES,UNKNOWN_ANALYSIS_IAQ50_VOC0.50ppm,43800.0,0,5.0,0.050,50
2026-06-25 09:26:37,32.57,66.28,1005.00,50.00,500,0.500,80700,27.0,37.0,44.0,YES,YES,UNKNOWN_ANALYSIS_IAQ50_VOC0.50ppm,43809.4,0,5.0,0.050,50
2026-06-25 09:26:48,32.57,66.28,1005.00,50.00,500,0.500,80700,26.0,36.0,44.0,YES,YES,UNKNOWN_ANALYSIS_IAQ50_VOC0.50ppm,43819.8,0,5.0,0.050,50
2026-06-25 09:26:58,32.57,66.28,1005.00,50.00,500,0.500,80700,27.0,36.0,44.0,YES,YES,UNKNOWN_ANALYSIS_IAQ50_VOC0.50ppm,43830.3,0,5.0,0.050,50
2026-06-25 09:27:08,32.57,66.28,1005.00,50.00,500,0.500,80700,27.0,36.0,44.0,YES,YES,UNKNOWN_ANALYSIS_IAQ50_VOC0.50ppm,43839.7,0,5.0,0.050,50
2026-06-25 09:27:18,32.57,66.28,1005.00,50.00,500,0.500,80700,27.0,37.0,45.0,YES,YES,UNKNOWN_ANALYSIS_IAQ50_VOC0.50ppm,43850.1,0,5.0,0.050,50
PMS7003: Unknown error
2026-06-25 09:27:28,32.63,66.28,1005.00,50.00,500,0.500,80700,27.0,37.0,45.0,YES,YES,UNKNOWN_ANALYSIS_IAQ50_VOC0.50ppm,43859.5,0,5.0,0.050,50
2026-06-25 09:27:38,32.63,66.28,1005.00,50.00,500,0.500,80700,26.0,37.0,44.0,YES,YES,UNKNOWN_ANALYSIS_IAQ50_VOC0.50ppm,43869.9,0,5.0,0.050,50
2026-06-25 09:27:49,32.63,66.28,1005.00,50.00,500,0.500,80700,27.0,38.0,45.0,YES,YES,UNKNOWN_ANALYSIS_IAQ50_VOC0.50ppm,43880.4,0,5.0,0.050,50
2026-06-25 09:27:58,32.63,66.28,1005.00,50.00,500,0.500,80700,26.0,37.0,43.0,YES,YES,UNKNOWN_ANALYSIS_IAQ50_VOC0.50ppm,43889.8,0,5.0,0.050,50
2026-06-25 09:28:08,32.63,66.28,1005.00,50.00,500,0.500,80700,26.0,37.0,44.0,YES,YES,UNKNOWN_ANALYSIS_IAQ50_VOC0.50ppm,43900.2,0,5.0,0.050,50
2026-06-25 09:28:18,32.63,66.28,1005.00,50.00,500,0.500,80700,26.0,38.0,44.0,YES,YES,UNKNOWN_ANALYSIS_IAQ50_VOC0.50ppm,43909.6,0,5.0,0.050,50
2026-06-25 09:28:28,32.63,66.28,1005.00,50.00,500,0.500,80700,25.0,37.0,43.0,YES,YES,UNKNOWN_ANALYSIS_IAQ50_VOC0.50ppm,43920.1,0,5.0,0.050,50
2026-06-25 09:28:39,32.63,66.28,1005.00,50.00,500,0.500,80700,27.0,38.0,44.0,YES,YES,UNKNOWN_ANALYSIS_IAQ50_VOC0.50ppm,43930.5,0,5.0,0.050,50
2026-06-25 09:28:48,32.63,66.28,1005.00,50.00,500,0.500,80700,27.0,37.0,44.0,YES,YES,UNKNOWN_ANALYSIS_IAQ50_VOC0.50ppm,43939.9,0,5.0,0.050,50
2026-06-25 09:28:58,32.63,66.28,1005.00,50.00,500,0.500,80700,27.0,37.0,43.0,YES,YES,UNKNOWN_ANALYSIS_IAQ50_VOC0.50ppm,43950.3,0,5.0,0.050,50
2026-06-25 09:29:09,32.63,66.28,1005.00,50.00,500,0.500,80700,27.0,37.0,42.0,YES,YES,UNKNOWN_ANALYSIS_IAQ50_VOC0.50ppm,43960.8,0,5.0,0.050,50
2026-06-25 09:29:18,32.63,66.28,1005.00,50.00,500,0.500,80700,28.0,36.0,42.0,YES,YES,UNKNOWN_ANALYSIS_IAQ50_VOC0.50ppm,43970.2,0,5.0,0.050,50
2026-06-25 09:29:29,32.63,66.28,1005.00,50.00,500,0.500,80700,28.0,36.0,41.0,YES,YES,UNKNOWN_ANALYSIS_IAQ50_VOC0.50ppm,43980.6,0,5.0,0.050,50
2026-06-25 09:29:38,32.63,66.28,1005.00,50.00,500,0.500,80700,27.0,35.0,40.0,YES,YES,UNKNOWN_ANALYSIS_IAQ50_VOC0.50ppm,43990.0,0,5.0,0.050,50
2026-06-25 09:29:49,32.63,66.28,1005.00,50.00,500,0.500,80700,28.0,38.0,45.0,YES,YES,UNKNOWN_ANALYSIS_IAQ50_VOC0.50ppm,44000.4,0,5.0,0.050,50
2026-06-25 09:29:59,32.63,66.28,1005.00,50.00,500,0.500,80700,27.0,39.0,46.0,YES,YES,UNKNOWN_ANALYSIS_IAQ50_VOC0.50ppm,44010.9,0,5.0,0.050,50
2026-06-25 09:30:08,32.63,66.28,1005.00,50.00,500,0.500,80700,28.0,40.0,49.0,YES,YES,UNKNOWN_ANALYSIS_IAQ50_VOC0.50ppm,44020.3,0,5.0,0.050,50
2026-06-25 09:30:19,32.63,66.28,1005.00,50.00,500,0.500,80700,27.0,38.0,46.0,YES,YES,UNKNOWN_ANALYSIS_IAQ50_VOC0.50ppm,44030.7,0,5.0,0.050,50
2026-06-25 09:30:28,32.63,66.28,1005.00,50.00,500,0.500,80700,27.0,38.0,45.0,YES,YES,UNKNOWN_ANALYSIS_IAQ50_VOC0.50ppm,44040.1,0,5.0,0.050,50
2026-06-25 09:30:39,32.63,66.28,1005.00,50.00,500,0.500,80700,27.0,37.0,44.0,YES,YES,UNKNOWN_ANALYSIS_IAQ50_VOC0.50ppm,44050.6,0,5.0,0.050,50
2026-06-25 09:30:49,32.63,66.28,1005.00,50.00,500,0.500,80700,27.0,37.0,43.0,YES,YES,UNKNOWN_ANALYSIS_IAQ50_VOC0.50ppm,44061.0,0,5.0,0.050,50
2026-06-25 09:30:59,32.63,66.28,1005.00,50.00,500,0.500,80700,27.0,36.0,41.0,YES,YES,UNKNOWN_ANALYSIS_IAQ50_VOC0.50ppm,44070.4,0,5.0,0.050,50
2026-06-25 09:31:09,32.63,66.28,1005.00,50.00,500,0.500,80700,27.0,36.0,43.0,YES,YES,UNKNOWN_ANALYSIS_IAQ50_VOC0.50ppm,44080.8,0,5.0,0.050,50
2026-06-25 09:31:18,32.63,66.28,1005.00,50.00,500,0.500,80700,26.0,37.0,44.0,YES,YES,UNKNOWN_ANALYSIS_IAQ50_VOC0.50ppm,44090.2,0,5.0,0.050,50
2026-06-25 09:31:29,32.63,66.28,1005.00,50.00,500,0.500,80700,27.0,38.0,45.0,YES,YES,UNKNOWN_ANALYSIS_IAQ50_VOC0.50ppm,44100.7,0,5.0,0.050,50
2026-06-25 09:31:39,32.63,66.28,1005.00,50.00,500,0.500,80700,27.0,37.0,44.0,YES,YES,UNKNOWN_ANALYSIS_IAQ50_VOC0.50ppm,44111.1,0,5.0,0.050,50
2026-06-25 09:31:49,32.63,66.28,1005.00,50.00,500,0.500,80700,28.0,38.0,45.0,YES,YES,UNKNOWN_ANALYSIS_IAQ50_VOC0.50ppm,44120.5,0,5.0,0.050,50
2026-06-25 09:31:59,32.63,66.28,1005.00,50.00,500,0.500,80700,26.0,37.0,45.0,YES,YES,UNKNOWN_ANALYSIS_IAQ50_VOC0.50ppm,44131.0,0,5.0,0.050,50
2026-06-25 09:32:08,32.63,66.28,1005.00,50.00,500,0.500,80700,27.0,39.0,47.0,YES,YES,UNKNOWN_ANALYSIS_IAQ50_VOC0.50ppm,44140.3,0,5.0,0.050,50
2026-06-25 09:32:19,32.63,66.28,1005.00,50.00,500,0.500,80700,28.0,38.0,45.0,YES,YES,UNKNOWN_ANALYSIS_IAQ50_VOC0.50ppm,44150.8,0,5.0,0.050,50
2026-06-25 09:32:29,32.69,66.18,1005.00,50.00,500,0.500,81200,28.0,38.0,45.0,YES,YES,UNKNOWN_ANALYSIS_IAQ50_VOC0.50ppm,44161.2,0,5.0,0.050,50
2026-06-25 09:32:39,32.69,66.18,1005.00,50.00,500,0.500,81200,27.0,37.0,45.0,YES,YES,UNKNOWN_ANALYSIS_IAQ50_VOC0.50ppm,44170.6,0,5.0,0.050,50
2026-06-25 09:32:49,32.69,66.18,1005.00,50.00,500,0.500,81200,27.0,39.0,46.0,YES,YES,UNKNOWN_ANALYSIS_IAQ50_VOC0.50ppm,44181.1,0,5.0,0.050,50
2026-06-25 09:32:59,32.69,66.18,1005.00,50.00,500,0.500,81200,26.0,37.0,44.0,YES,YES,UNKNOWN_ANALYSIS_IAQ50_VOC0.50ppm,44190.5,0,5.0,0.050,50
2026-06-25 09:33:09,32.69,66.18,1005.00,50.00,500,0.500,81200,28.0,38.0,45.0,YES,YES,UNKNOWN_ANALYSIS_IAQ50_VOC0.50ppm,44200.9,0,5.0,0.050,50
2026-06-25 09:33:19,32.69,66.18,1005.00,50.00,500,0.500,81200,27.0,38.0,45.0,YES,YES,UNKNOWN_ANALYSIS_IAQ50_VOC0.50ppm,44211.4,0,5.0,0.050,50
2026-06-25 09:33:29,32.69,66.18,1005.00,50.00,500,0.500,81200,26.0,36.0,43.0,YES,YES,UNKNOWN_ANALYSIS_IAQ50_VOC0.50ppm,44220.8,0,5.0,0.050,50
2026-06-25 09:33:39,32.69,66.18,1005.00,50.00,500,0.500,81200,26.0,36.0,42.0,YES,YES,UNKNOWN_ANALYSIS_IAQ50_VOC0.50ppm,44231.2,0,5.0,0.050,50
2026-06-25 09:33:49,32.69,66.18,1005.00,50.00,500,0.500,81200,27.0,37.0,44.0,YES,YES,UNKNOWN_ANALYSIS_IAQ50_VOC0.50ppm,44240.6,0,5.0,0.050,50
2026-06-25 09:33:59,32.69,66.18,1005.00,50.00,500,0.500,81200,28.0,37.0,45.0,YES,YES,UNKNOWN_ANALYSIS_IAQ50_VOC0.50ppm,44251.0,0,5.0,0.050,50
2026-06-25 09:34:10,32.69,66.18,1005.00,50.00,500,0.500,81200,27.0,37.0,44.0,YES,YES,UNKNOWN_ANALYSIS_IAQ50_VOC0.50ppm,44261.5,0,5.0,0.050,50
2026-06-25 09:34:19,32.69,66.18,1005.00,50.00,500,0.500,81200,26.0,37.0,43.0,YES,YES,UNKNOWN_ANALYSIS_IAQ50_VOC0.50ppm,44270.9,0,5.0,0.050,50
2026-06-25 09:34:29,32.69,66.18,1005.00,50.00,500,0.500,81200,27.0,37.0,44.0,YES,YES,UNKNOWN_ANALYSIS_IAQ50_VOC0.50ppm,44281.3,0,5.0,0.050,50
2026-06-25 09:34:39,32.69,66.18,1005.00,50.00,500,0.500,81200,26.0,37.0,43.0,YES,YES,UNKNOWN_ANALYSIS_IAQ50_VOC0.50ppm,44290.7,0,5.0,0.050,50
2026-06-25 09:34:49,32.69,66.18,1005.00,50.00,500,0.500,81200,28.0,38.0,45.0,YES,YES,UNKNOWN_ANALYSIS_IAQ50_VOC0.50ppm,44301.2,0,5.0,0.050,50
2026-06-25 09:35:00,32.69,66.18,1005.00,50.00,500,0.500,81200,28.0,39.0,46.0,YES,YES,UNKNOWN_ANALYSIS_IAQ50_VOC0.50ppm,44311.6,0,5.0,0.050,50
2026-06-25 09:35:09,32.69,66.18,1005.00,50.00,500,0.500,81200,27.0,38.0,45.0,YES,YES,UNKNOWN_ANALYSIS_IAQ50_VOC0.50ppm,44321.0,0,5.0,0.050,50
2026-06-25 09:35:20,32.69,66.18,1005.00,50.00,500,0.500,81200,27.0,38.0,44.0,YES,YES,UNKNOWN_ANALYSIS_IAQ50_VOC0.50ppm,44331.4,0,5.0,0.050,50
2026-06-25 09:35:30,32.69,66.18,1005.00,50.00,500,0.500,81200,26.0,37.0,44.0,YES,YES,UNKNOWN_ANALYSIS_IAQ50_VOC0.50ppm,44341.9,0,5.0,0.050,50
2026-06-25 09:35:39,32.69,66.18,1005.00,50.00,500,0.500,81200,26.0,37.0,44.0,YES,YES,UNKNOWN_ANALYSIS_IAQ50_VOC0.50ppm,44351.3,0,5.0,0.050,50
2026-06-25 09:35:50,32.69,66.18,1005.00,50.00,500,0.500,81200,26.0,38.0,44.0,YES,YES,UNKNOWN_ANALYSIS_IAQ50_VOC0.50ppm,44361.7,0,5.0,0.050,50
2026-06-25 09:35:59,32.69,66.18,1005.00,50.00,500,0.500,81200,27.0,37.0,44.0,YES,YES,UNKNOWN_ANALYSIS_IAQ50_VOC0.50ppm,44371.1,0,5.0,0.050,50
2026-06-25 09:36:10,32.69,66.18,1005.00,50.00,500,0.500,81200,27.0,37.0,44.0,YES,YES,UNKNOWN_ANALYSIS_IAQ50_VOC0.50ppm,44381.6,0,5.0,0.050,50
2026-06-25 09:36:20,32.69,66.18,1005.00,50.00,500,0.500,81200,27.0,37.0,45.0,YES,YES,UNKNOWN_ANALYSIS_IAQ50_VOC0.50ppm,44392.0,0,5.0,0.050,50
2026-06-25 09:36:30,32.69,66.18,1005.00,50.00,500,0.500,81200,28.0,38.0,45.0,YES,YES,UNKNOWN_ANALYSIS_IAQ50_VOC0.50ppm,44401.4,0,5.0,0.050,50
2026-06-25 09:36:40,32.69,66.18,1005.00,50.00,500,0.500,81200,28.0,38.0,45.0,YES,YES,UNKNOWN_ANALYSIS_IAQ50_VOC0.50ppm,44411.9,0,5.0,0.050,50
2026-06-25 09:36:49,32.69,66.18,1005.00,50.00,500,0.500,81200,26.0,37.0,44.0,YES,YES,UNKNOWN_ANALYSIS_IAQ50_VOC0.50ppm,44421.3,0,5.0,0.050,50
2026-06-25 09:37:00,32.69,66.18,1005.00,50.00,500,0.500,81200,26.0,37.0,44.0,YES,YES,UNKNOWN_ANALYSIS_IAQ50_VOC0.50ppm,44431.7,0,5.0,0.050,50
2026-06-25 09:37:10,32.69,66.18,1005.00,50.00,500,0.500,81200,27.0,38.0,45.0,YES,YES,UNKNOWN_ANALYSIS_IAQ50_VOC0.50ppm,44442.2,0,5.0,0.050,50
2026-06-25 09:37:20,32.69,66.18,1005.00,50.00,500,0.500,81200,27.0,38.0,45.0,YES,YES,UNKNOWN_ANALYSIS_IAQ50_VOC0.50ppm,44451.6,0,5.0,0.050,50
2026-06-25 09:37:30,32.76,66.12,1005.00,50.00,500,0.500,81900,28.0,38.0,45.0,YES,YES,UNKNOWN_ANALYSIS_IAQ50_VOC0.50ppm,44462.0,0,5.0,0.050,50
2026-06-25 09:37:40,32.76,66.12,1005.00,50.00,500,0.500,81900,27.0,38.0,45.0,YES,YES,UNKNOWN_ANALYSIS_IAQ50_VOC0.50ppm,44471.4,0,5.0,0.050,50
2026-06-25 09:37:50,32.76,66.12,1005.00,50.00,500,0.500,81900,27.0,38.0,44.0,YES,YES,UNKNOWN_ANALYSIS_IAQ50_VOC0.50ppm,44481.9,0,5.0,0.050,50
2026-06-25 09:38:00,32.76,66.12,1005.00,50.00,500,0.500,81900,28.0,38.0,44.0,YES,YES,UNKNOWN_ANALYSIS_IAQ50_VOC0.50ppm,44492.3,0,5.0,0.050,50
2026-06-25 09:38:10,32.76,66.12,1005.00,50.00,500,0.500,81900,27.0,37.0,43.0,YES,YES,UNKNOWN_ANALYSIS_IAQ50_VOC0.50ppm,44501.7,0,5.0,0.050,50
2026-06-25 09:38:20,32.76,66.12,1005.00,50.00,500,0.500,81900,28.0,38.0,44.0,YES,YES,UNKNOWN_ANALYSIS_IAQ50_VOC0.50ppm,44512.1,0,5.0,0.050,50
2026-06-25 09:38:30,32.76,66.12,1005.00,50.00,500,0.500,81900,26.0,37.0,44.0,YES,YES,UNKNOWN_ANALYSIS_IAQ50_VOC0.50ppm,44521.5,0,5.0,0.050,50
2026-06-25 09:38:40,32.76,66.12,1005.00,50.00,500,0.500,81900,27.0,37.0,46.0,YES,YES,UNKNOWN_ANALYSIS_IAQ50_VOC0.50ppm,44532.0,0,5.0,0.050,50
2026-06-25 09:38:51,32.76,66.12,1005.00,50.00,500,0.500,81900,27.0,38.0,46.0,YES,YES,UNKNOWN_ANALYSIS_IAQ50_VOC0.50ppm,44542.4,0,5.0,0.050,50
2026-06-25 09:39:00,32.76,66.12,1005.00,50.00,500,0.500,81900,28.0,39.0,47.0,YES,YES,UNKNOWN_ANALYSIS_IAQ50_VOC0.50ppm,44551.8,0,5.0,0.050,50
2026-06-25 09:39:10,32.76,66.12,1005.00,50.00,500,0.500,81900,28.0,40.0,48.0,YES,YES,UNKNOWN_ANALYSIS_IAQ50_VOC0.50ppm,44562.3,0,5.0,0.050,50
2026-06-25 09:39:20,32.76,66.12,1005.00,50.00,500,0.500,81900,27.0,38.0,45.0,YES,YES,UNKNOWN_ANALYSIS_IAQ50_VOC0.50ppm,44571.7,0,5.0,0.050,50
2026-06-25 09:39:30,32.76,66.12,1005.00,50.00,500,0.500,81900,28.0,38.0,45.0,YES,YES,UNKNOWN_ANALYSIS_IAQ50_VOC0.50ppm,44582.1,0,5.0,0.050,50
2026-06-25 09:39:41,32.76,66.12,1005.00,50.00,500,0.500,81900,27.0,38.0,45.0,YES,YES,UNKNOWN_ANALYSIS_IAQ50_VOC0.50ppm,44592.5,0,5.0,0.050,50
2026-06-25 09:39:50,32.76,66.12,1005.00,50.00,500,0.500,81900,27.0,38.0,44.0,YES,YES,UNKNOWN_ANALYSIS_IAQ50_VOC0.50ppm,44601.9,0,5.0,0.050,50
2026-06-25 09:40:01,32.76,66.12,1005.00,50.00,500,0.500,81900,28.0,39.0,47.0,YES,YES,UNKNOWN_ANALYSIS_IAQ50_VOC0.50ppm,44612.4,0,5.0,0.050,50
2026-06-25 09:40:10,32.76,66.12,1005.00,50.00,500,0.500,81900,27.0,38.0,45.0,YES,YES,UNKNOWN_ANALYSIS_IAQ50_VOC0.50ppm,44621.8,0,5.0,0.050,50
2026-06-25 09:40:20,32.76,66.12,1005.00,50.00,500,0.500,81900,27.0,38.0,45.0,YES,YES,UNKNOWN_ANALYSIS_IAQ50_VOC0.50ppm,44632.2,0,5.0,0.050,50
2026-06-25 09:40:31,32.76,66.12,1005.00,50.00,500,0.500,81900,26.0,37.0,45.0,YES,YES,UNKNOWN_ANALYSIS_IAQ50_VOC0.50ppm,44642.7,0,5.0,0.050,50
2026-06-25 09:40:40,32.76,66.12,1005.00,50.00,500,0.500,81900,26.0,38.0,46.0,YES,YES,UNKNOWN_ANALYSIS_IAQ50_VOC0.50ppm,44652.1,0,5.0,0.050,50
2026-06-25 09:40:51,32.76,66.12,1005.00,50.00,500,0.500,81900,28.0,38.0,45.0,YES,YES,UNKNOWN_ANALYSIS_IAQ50_VOC0.50ppm,44662.5,0,5.0,0.050,50
2026-06-25 09:41:00,32.76,66.12,1005.00,50.00,500,0.500,81900,27.0,35.0,44.0,YES,YES,UNKNOWN_ANALYSIS_IAQ50_VOC0.50ppm,44671.9,0,5.0,0.050,50
2026-06-25 09:41:10,32.76,66.12,1005.00,50.00,500,0.500,81900,27.0,36.0,44.0,YES,YES,UNKNOWN_ANALYSIS_IAQ50_VOC0.50ppm,44682.4,0,5.0,0.050,50
2026-06-25 09:41:21,32.76,66.12,1005.00,50.00,500,0.500,81900,28.0,38.0,45.0,YES,YES,UNKNOWN_ANALYSIS_IAQ50_VOC0.50ppm,44692.8,0,5.0,0.050,50
2026-06-25 09:41:30,32.76,66.12,1005.00,50.00,500,0.500,81900,28.0,38.0,45.0,YES,YES,UNKNOWN_ANALYSIS_IAQ50_VOC0.50ppm,44702.2,0,5.0,0.050,50
2026-06-25 09:41:41,32.76,66.12,1005.00,50.00,500,0.500,81900,27.0,37.0,46.0,YES,YES,UNKNOWN_ANALYSIS_IAQ50_VOC0.50ppm,44712.6,0,5.0,0.050,50
2026-06-25 09:41:50,32.76,66.12,1005.00,50.00,500,0.500,81900,27.0,38.0,46.0,YES,YES,UNKNOWN_ANALYSIS_IAQ50_VOC0.50ppm,44722.1,0,5.0,0.050,50
2026-06-25 09:42:01,32.76,66.12,1005.00,50.00,500,0.500,81900,29.0,39.0,47.0,YES,YES,UNKNOWN_ANALYSIS_IAQ50_VOC0.50ppm,44732.5,0,5.0,0.050,50
2026-06-25 09:42:11,32.76,66.12,1005.00,50.00,500,0.500,81900,27.0,38.0,46.0,YES,YES,UNKNOWN_ANALYSIS_IAQ50_VOC0.50ppm,44742.9,0,5.0,0.050,50
2026-06-25 09:42:20,32.76,66.12,1005.00,50.00,500,0.500,81900,27.0,38.0,46.0,YES,YES,UNKNOWN_ANALYSIS_IAQ50_VOC0.50ppm,44752.3,0,5.0,0.050,50
2026-06-25 09:42:31,32.74,66.21,1005.00,54.55,600,0.628,80500,27.0,38.0,46.0,YES,YES,UNKNOWN_ANALYSIS_IAQ55_VOC0.63ppm,44762.8,0,5.0,0.050,50
2026-06-25 09:42:40,32.74,66.21,1005.00,54.55,600,0.628,80500,27.0,38.0,45.0,YES,YES,UNKNOWN_ANALYSIS_IAQ55_VOC0.63ppm,44772.2,0,5.0,0.050,50
2026-06-25 09:42:51,32.74,66.21,1005.00,54.55,600,0.628,80500,28.0,39.0,46.0,YES,YES,UNKNOWN_ANALYSIS_IAQ55_VOC0.63ppm,44782.6,0,5.0,0.050,50
2026-06-25 09:43:01,32.74,66.21,1005.00,54.55,600,0.628,80500,26.0,38.0,46.0,YES,YES,UNKNOWN_ANALYSIS_IAQ55_VOC0.63ppm,44793.1,0,5.0,0.050,50
2026-06-25 09:43:11,32.74,66.21,1005.00,54.55,600,0.628,80500,28.0,39.0,46.0,YES,YES,UNKNOWN_ANALYSIS_IAQ55_VOC0.63ppm,44802.5,0,5.0,0.050,50
2026-06-25 09:43:21,32.74,66.21,1005.00,54.55,600,0.628,80500,28.0,39.0,45.0,YES,YES,UNKNOWN_ANALYSIS_IAQ55_VOC0.63ppm,44812.9,0,5.0,0.050,50
2026-06-25 09:43:30,32.74,66.21,1005.00,54.55,600,0.628,80500,26.0,38.0,45.0,YES,YES,UNKNOWN_ANALYSIS_IAQ55_VOC0.63ppm,44822.3,0,5.0,0.050,50
2026-06-25 09:43:41,32.74,66.21,1005.00,54.55,600,0.628,80500,27.0,38.0,45.0,YES,YES,UNKNOWN_ANALYSIS_IAQ55_VOC0.63ppm,44832.7,0,5.0,0.050,50
2026-06-25 09:43:51,32.74,66.21,1005.00,54.55,600,0.628,80500,27.0,39.0,45.0,YES,YES,UNKNOWN_ANALYSIS_IAQ55_VOC0.63ppm,44843.2,0,5.0,0.050,50
2026-06-25 09:44:01,32.74,66.21,1005.00,54.55,600,0.628,80500,28.0,39.0,46.0,YES,YES,UNKNOWN_ANALYSIS_IAQ55_VOC0.63ppm,44852.6,0,5.0,0.050,50
2026-06-25 09:44:11,32.74,66.21,1005.00,54.55,600,0.628,80500,27.0,38.0,44.0,YES,YES,UNKNOWN_ANALYSIS_IAQ55_VOC0.63ppm,44863.0,0,5.0,0.050,50
2026-06-25 09:44:21,32.74,66.21,1005.00,54.55,600,0.628,80500,28.0,39.0,45.0,YES,YES,UNKNOWN_ANALYSIS_IAQ55_VOC0.63ppm,44872.4,0,5.0,0.050,50
2026-06-25 09:44:31,32.74,66.21,1005.00,54.55,600,0.628,80500,28.0,38.0,45.0,YES,YES,UNKNOWN_ANALYSIS_IAQ55_VOC0.63ppm,44882.9,0,5.0,0.050,50
2026-06-25 09:44:41,32.74,66.21,1005.00,54.55,600,0.628,80500,26.0,36.0,42.0,YES,YES,UNKNOWN_ANALYSIS_IAQ55_VOC0.63ppm,44893.3,0,5.0,0.050,50
2026-06-25 09:44:51,32.74,66.21,1005.00,54.55,600,0.628,80500,27.0,38.0,43.0,YES,YES,UNKNOWN_ANALYSIS_IAQ55_VOC0.63ppm,44902.7,0,5.0,0.050,50
2026-06-25 09:45:01,32.74,66.21,1005.00,54.55,600,0.628,80500,26.0,37.0,44.0,YES,YES,UNKNOWN_ANALYSIS_IAQ55_VOC0.63ppm,44913.1,0,5.0,0.050,50
2026-06-25 09:45:11,32.74,66.21,1005.00,54.55,600,0.628,80500,27.0,37.0,46.0,YES,YES,UNKNOWN_ANALYSIS_IAQ55_VOC0.63ppm,44922.5,0,5.0,0.050,50
2026-06-25 09:45:21,32.74,66.21,1005.00,54.55,600,0.628,80500,27.0,37.0,46.0,YES,YES,UNKNOWN_ANALYSIS_IAQ55_VOC0.63ppm,44933.0,0,5.0,0.050,50
2026-06-25 09:45:32,32.74,66.21,1005.00,54.55,600,0.628,80500,27.0,38.0,45.0,YES,YES,UNKNOWN_ANALYSIS_IAQ55_VOC0.63ppm,44943.4,0,5.0,0.050,50
2026-06-25 09:45:41,32.74,66.21,1005.00,54.55,600,0.628,80500,27.0,39.0,46.0,YES,YES,UNKNOWN_ANALYSIS_IAQ55_VOC0.63ppm,44952.8,0,5.0,0.050,50
2026-06-25 09:45:51,32.74,66.21,1005.00,54.55,600,0.628,80500,28.0,40.0,47.0,YES,YES,UNKNOWN_ANALYSIS_IAQ55_VOC0.63ppm,44963.2,0,5.0,0.050,50
2026-06-25 09:46:01,32.74,66.21,1005.00,54.55,600,0.628,80500,28.0,39.0,46.0,YES,YES,UNKNOWN_ANALYSIS_IAQ55_VOC0.63ppm,44972.6,0,5.0,0.050,50
2026-06-25 09:46:11,32.74,66.21,1005.00,54.55,600,0.628,80500,26.0,37.0,44.0,YES,YES,UNKNOWN_ANALYSIS_IAQ55_VOC0.63ppm,44983.1,0,5.0,0.050,50
2026-06-25 09:46:22,32.74,66.21,1005.00,54.55,600,0.628,80500,27.0,38.0,47.0,YES,YES,UNKNOWN_ANALYSIS_IAQ55_VOC0.63ppm,44993.5,0,5.0,0.050,50
2026-06-25 09:46:31,32.74,66.21,1005.00,54.55,600,0.628,80500,27.0,38.0,46.0,YES,YES,UNKNOWN_ANALYSIS_IAQ55_VOC0.63ppm,45002.9,0,5.0,0.050,50
2026-06-25 09:46:41,32.74,66.21,1005.00,54.55,600,0.628,80500,27.0,38.0,46.0,YES,YES,UNKNOWN_ANALYSIS_IAQ55_VOC0.63ppm,45013.4,0,5.0,0.050,50
2026-06-25 09:46:52,32.74,66.21,1005.00,54.55,600,0.628,80500,28.0,38.0,45.0,YES,YES,UNKNOWN_ANALYSIS_IAQ55_VOC0.63ppm,45023.8,0,5.0,0.050,50
2026-06-25 09:47:01,32.74,66.21,1005.00,54.55,600,0.628,80500,27.0,38.0,44.0,YES,YES,UNKNOWN_ANALYSIS_IAQ55_VOC0.63ppm,45033.2,0,5.0,0.050,50
2026-06-25 09:47:12,32.74,66.21,1005.00,54.55,600,0.628,80500,27.0,38.0,44.0,YES,YES,UNKNOWN_ANALYSIS_IAQ55_VOC0.63ppm,45043.6,0,5.0,0.050,50
2026-06-25 09:47:21,32.74,66.21,1005.00,54.55,600,0.628,80500,28.0,38.0,45.0,YES,YES,UNKNOWN_ANALYSIS_IAQ55_VOC0.63ppm,45053.0,0,5.0,0.050,50
2026-06-25 09:47:32,32.86,66.04,1005.00,50.00,500,0.500,81800,28.0,39.0,46.0,YES,YES,UNKNOWN_ANALYSIS_IAQ50_VOC0.50ppm,45063.5,0,5.0,0.050,50
2026-06-25 09:47:42,32.86,66.04,1005.00,50.00,500,0.500,81800,27.0,38.0,45.0,YES,YES,UNKNOWN_ANALYSIS_IAQ50_VOC0.50ppm,45073.9,0,5.0,0.050,50
2026-06-25 09:47:51,32.86,66.04,1005.00,50.00,500,0.500,81800,27.0,38.0,46.0,YES,YES,UNKNOWN_ANALYSIS_IAQ50_VOC0.50ppm,45083.3,0,5.0,0.050,50
2026-06-25 09:48:02,32.86,66.04,1005.00,50.00,500,0.500,81800,27.0,39.0,47.0,YES,YES,UNKNOWN_ANALYSIS_IAQ50_VOC0.50ppm,45093.8,0,5.0,0.050,50
2026-06-25 09:48:11,32.86,66.04,1005.00,50.00,500,0.500,81800,28.0,38.0,47.0,YES,YES,UNKNOWN_ANALYSIS_IAQ50_VOC0.50ppm,45103.2,0,5.0,0.050,50
2026-06-25 09:48:22,32.86,66.04,1005.00,50.00,500,0.500,81800,28.0,38.0,45.0,YES,YES,UNKNOWN_ANALYSIS_IAQ50_VOC0.50ppm,45113.6,0,5.0,0.050,50
2026-06-25 09:48:32,32.86,66.04,1005.00,50.00,500,0.500,81800,28.0,39.0,46.0,YES,YES,UNKNOWN_ANALYSIS_IAQ50_VOC0.50ppm,45124.0,0,5.0,0.050,50
2026-06-25 09:48:42,32.86,66.04,1005.00,50.00,500,0.500,81800,27.0,40.0,47.0,YES,YES,UNKNOWN_ANALYSIS_IAQ50_VOC0.50ppm,45133.4,0,5.0,0.050,50
2026-06-25 09:48:52,32.86,66.04,1005.00,50.00,500,0.500,81800,27.0,39.0,46.0,YES,YES,UNKNOWN_ANALYSIS_IAQ50_VOC0.50ppm,45143.9,0,5.0,0.050,50
2026-06-25 09:49:01,32.86,66.04,1005.00,50.00,500,0.500,81800,28.0,39.0,46.0,YES,YES,UNKNOWN_ANALYSIS_IAQ50_VOC0.50ppm,45153.3,0,5.0,0.050,50
2026-06-25 09:49:12,32.86,66.04,1005.00,50.00,500,0.500,81800,28.0,39.0,45.0,YES,YES,UNKNOWN_ANALYSIS_IAQ50_VOC0.50ppm,45163.7,0,5.0,0.050,50
2026-06-25 09:49:22,32.86,66.04,1005.00,50.00,500,0.500,81800,27.0,38.0,45.0,YES,YES,UNKNOWN_ANALYSIS_IAQ50_VOC0.50ppm,45174.2,0,5.0,0.050,50
2026-06-25 09:49:32,32.86,66.04,1005.00,50.00,500,0.500,81800,27.0,38.0,45.0,YES,YES,UNKNOWN_ANALYSIS_IAQ50_VOC0.50ppm,45183.6,0,5.0,0.050,50
2026-06-25 09:49:42,32.86,66.04,1005.00,50.00,500,0.500,81800,27.0,38.0,47.0,YES,YES,UNKNOWN_ANALYSIS_IAQ50_VOC0.50ppm,45194.0,0,5.0,0.050,50
2026-06-25 09:49:52,32.86,66.04,1005.00,50.00,500,0.500,81800,27.0,37.0,46.0,YES,YES,UNKNOWN_ANALYSIS_IAQ50_VOC0.50ppm,45203.4,0,5.0,0.050,50
2026-06-25 09:50:02,32.86,66.04,1005.00,50.00,500,0.500,81800,27.0,38.0,46.0,YES,YES,UNKNOWN_ANALYSIS_IAQ50_VOC0.50ppm,45213.8,0,5.0,0.050,50
2026-06-25 09:50:12,32.86,66.04,1005.00,50.00,500,0.500,81800,28.0,40.0,49.0,YES,YES,UNKNOWN_ANALYSIS_IAQ50_VOC0.50ppm,45224.3,0,5.0,0.050,50
2026-06-25 09:50:22,32.86,66.04,1005.00,50.00,500,0.500,81800,27.0,38.0,46.0,YES,YES,UNKNOWN_ANALYSIS_IAQ50_VOC0.50ppm,45233.7,0,5.0,0.050,50
2026-06-25 09:50:32,32.86,66.04,1005.00,50.00,500,0.500,81800,28.0,39.0,47.0,YES,YES,UNKNOWN_ANALYSIS_IAQ50_VOC0.50ppm,45244.1,0,5.0,0.050,50
2026-06-25 09:50:43,32.86,66.04,1005.00,50.00,500,0.500,81800,28.0,39.0,47.0,YES,YES,UNKNOWN_ANALYSIS_IAQ50_VOC0.50ppm,45254.6,0,5.0,0.050,50
2026-06-25 09:50:52,32.86,66.04,1005.00,50.00,500,0.500,81800,28.0,39.0,46.0,YES,YES,UNKNOWN_ANALYSIS_IAQ50_VOC0.50ppm,45264.0,0,5.0,0.050,50
2026-06-25 09:51:03,32.86,66.04,1005.00,50.00,500,0.500,81800,27.0,38.0,44.0,YES,YES,UNKNOWN_ANALYSIS_IAQ50_VOC0.50ppm,45274.4,0,5.0,0.050,50
2026-06-25 09:51:12,32.86,66.04,1005.00,50.00,500,0.500,81800,27.0,39.0,45.0,YES,YES,UNKNOWN_ANALYSIS_IAQ50_VOC0.50ppm,45283.8,0,5.0,0.050,50
2026-06-25 09:51:22,32.86,66.04,1005.00,50.00,500,0.500,81800,27.0,37.0,45.0,YES,YES,UNKNOWN_ANALYSIS_IAQ50_VOC0.50ppm,45294.3,0,5.0,0.050,50
2026-06-25 09:51:33,32.86,66.04,1005.00,50.00,500,0.500,81800,27.0,37.0,45.0,YES,YES,UNKNOWN_ANALYSIS_IAQ50_VOC0.50ppm,45304.7,0,5.0,0.050,50
2026-06-25 09:51:42,32.86,66.04,1005.00,50.00,500,0.500,81800,28.0,38.0,47.0,YES,YES,UNKNOWN_ANALYSIS_IAQ50_VOC0.50ppm,45314.1,0,5.0,0.050,50
2026-06-25 09:51:53,32.86,66.04,1005.00,50.00,500,0.500,81800,27.0,38.0,46.0,YES,YES,UNKNOWN_ANALYSIS_IAQ50_VOC0.50ppm,45324.5,0,5.0,0.050,50
2026-06-25 09:52:02,32.86,66.04,1005.00,50.00,500,0.500,81800,28.0,40.0,47.0,YES,YES,UNKNOWN_ANALYSIS_IAQ50_VOC0.50ppm,45333.9,0,5.0,0.050,50
2026-06-25 09:52:13,32.86,66.04,1005.00,50.00,500,0.500,81800,28.0,39.0,46.0,YES,YES,UNKNOWN_ANALYSIS_IAQ50_VOC0.50ppm,45344.4,0,5.0,0.050,50
2026-06-25 09:52:23,32.86,66.04,1005.00,50.00,500,0.500,81800,28.0,39.0,46.0,YES,YES,UNKNOWN_ANALYSIS_IAQ50_VOC0.50ppm,45354.8,0,5.0,0.050,50
2026-06-25 09:52:32,32.84,65.84,1005.00,50.00,500,0.500,85100,28.0,40.0,47.0,YES,YES,UNKNOWN_ANALYSIS_IAQ50_VOC0.50ppm,45364.2,0,5.0,0.050,50
2026-06-25 09:52:43,32.84,65.84,1005.00,50.00,500,0.500,85100,28.0,39.0,47.0,YES,YES,UNKNOWN_ANALYSIS_IAQ50_VOC0.50ppm,45374.7,0,5.0,0.050,50
2026-06-25 09:52:52,32.84,65.84,1005.00,50.00,500,0.500,85100,27.0,39.0,46.0,YES,YES,UNKNOWN_ANALYSIS_IAQ50_VOC0.50ppm,45384.1,0,5.0,0.050,50
2026-06-25 09:53:03,32.84,65.84,1005.00,50.00,500,0.500,85100,27.0,39.0,46.0,YES,YES,UNKNOWN_ANALYSIS_IAQ50_VOC0.50ppm,45394.5,0,5.0,0.050,50
2026-06-25 09:53:13,32.84,65.84,1005.00,50.00,500,0.500,85100,28.0,39.0,47.0,YES,YES,UNKNOWN_ANALYSIS_IAQ50_VOC0.50ppm,45405.0,0,5.0,0.050,50
2026-06-25 09:53:22,32.84,65.84,1005.00,50.00,500,0.500,85100,27.0,39.0,47.0,YES,YES,UNKNOWN_ANALYSIS_IAQ50_VOC0.50ppm,45414.4,0,5.0,0.050,50
2026-06-25 09:53:33,32.84,65.84,1005.00,50.00,500,0.500,85100,27.0,39.0,48.0,YES,YES,UNKNOWN_ANALYSIS_IAQ50_VOC0.50ppm,45424.8,0,5.0,0.050,50
2026-06-25 09:53:42,32.84,65.84,1005.00,50.00,500,0.500,85100,27.0,38.0,48.0,YES,YES,UNKNOWN_ANALYSIS_IAQ50_VOC0.50ppm,45434.2,0,5.0,0.050,50
2026-06-25 09:53:53,32.84,65.84,1005.00,50.00,500,0.500,85100,28.0,39.0,48.0,YES,YES,UNKNOWN_ANALYSIS_IAQ50_VOC0.50ppm,45444.6,0,5.0,0.050,50
2026-06-25 09:54:03,32.84,65.84,1005.00,50.00,500,0.500,85100,27.0,38.0,46.0,YES,YES,UNKNOWN_ANALYSIS_IAQ50_VOC0.50ppm,45455.1,0,5.0,0.050,50
2026-06-25 09:54:13,32.84,65.84,1005.00,50.00,500,0.500,85100,28.0,40.0,48.0,YES,YES,UNKNOWN_ANALYSIS_IAQ50_VOC0.50ppm,45464.5,0,5.0,0.050,50
2026-06-25 09:54:23,32.84,65.84,1005.00,50.00,500,0.500,85100,27.0,40.0,48.0,YES,YES,UNKNOWN_ANALYSIS_IAQ50_VOC0.50ppm,45474.9,0,5.0,0.050,50
2026-06-25 09:54:32,32.84,65.84,1005.00,50.00,500,0.500,85100,28.0,40.0,47.0,YES,YES,UNKNOWN_ANALYSIS_IAQ50_VOC0.50ppm,45484.3,0,5.0,0.050,50
2026-06-25 09:54:43,32.84,65.84,1005.00,50.00,500,0.500,85100,27.0,39.0,47.0,YES,YES,UNKNOWN_ANALYSIS_IAQ50_VOC0.50ppm,45494.8,0,5.0,0.050,50
2026-06-25 09:54:53,32.84,65.84,1005.00,50.00,500,0.500,85100,27.0,38.0,46.0,YES,YES,UNKNOWN_ANALYSIS_IAQ50_VOC0.50ppm,45505.2,0,5.0,0.050,50
2026-06-25 09:55:03,32.84,65.84,1005.00,50.00,500,0.500,85100,28.0,39.0,47.0,YES,YES,UNKNOWN_ANALYSIS_IAQ50_VOC0.50ppm,45514.6,0,5.0,0.050,50
2026-06-25 09:55:13,32.84,65.84,1005.00,50.00,500,0.500,85100,28.0,40.0,47.0,YES,YES,UNKNOWN_ANALYSIS_IAQ50_VOC0.50ppm,45525.1,0,5.0,0.050,50
2026-06-25 09:55:23,32.84,65.84,1005.00,50.00,500,0.500,85100,28.0,40.0,48.0,YES,YES,UNKNOWN_ANALYSIS_IAQ50_VOC0.50ppm,45534.5,0,5.0,0.050,50
2026-06-25 09:55:33,32.84,65.84,1005.00,50.00,500,0.500,85100,29.0,39.0,48.0,YES,YES,UNKNOWN_ANALYSIS_IAQ50_VOC0.50ppm,45544.9,0,5.0,0.050,50
2026-06-25 09:55:43,32.84,65.84,1005.00,50.00,500,0.500,85100,29.0,39.0,47.0,YES,YES,UNKNOWN_ANALYSIS_IAQ50_VOC0.50ppm,45555.3,0,5.0,0.050,50
2026-06-25 09:55:53,32.84,65.84,1005.00,50.00,500,0.500,85100,28.0,39.0,47.0,YES,YES,UNKNOWN_ANALYSIS_IAQ50_VOC0.50ppm,45564.7,0,5.0,0.050,50
2026-06-25 09:56:03,32.84,65.84,1005.00,50.00,500,0.500,85100,27.0,38.0,46.0,YES,YES,UNKNOWN_ANALYSIS_IAQ50_VOC0.50ppm,45575.2,0,5.0,0.050,50
2026-06-25 09:56:13,32.84,65.84,1005.00,50.00,500,0.500,85100,28.0,39.0,47.0,YES,YES,UNKNOWN_ANALYSIS_IAQ50_VOC0.50ppm,45584.6,0,5.0,0.050,50
2026-06-25 09:56:23,32.84,65.84,1005.00,50.00,500,0.500,85100,28.0,38.0,46.0,YES,YES,UNKNOWN_ANALYSIS_IAQ50_VOC0.50ppm,45595.0,0,5.0,0.050,50
2026-06-25 09:56:34,32.84,65.84,1005.00,50.00,500,0.500,85100,27.0,37.0,46.0,YES,YES,UNKNOWN_ANALYSIS_IAQ50_VOC0.50ppm,45605.5,0,5.0,0.050,50
2026-06-25 09:56:43,32.84,65.84,1005.00,50.00,500,0.500,85100,28.0,39.0,47.0,YES,YES,UNKNOWN_ANALYSIS_IAQ50_VOC0.50ppm,45614.9,0,5.0,0.050,50
2026-06-25 09:56:53,32.84,65.84,1005.00,50.00,500,0.500,85100,28.0,40.0,48.0,YES,YES,UNKNOWN_ANALYSIS_IAQ50_VOC0.50ppm,45625.3,0,5.0,0.050,50
2026-06-25 09:57:03,32.84,65.84,1005.00,50.00,500,0.500,85100,27.0,39.0,46.0,YES,YES,UNKNOWN_ANALYSIS_IAQ50_VOC0.50ppm,45634.7,0,5.0,0.050,50
2026-06-25 09:57:13,32.84,65.84,1005.00,50.00,500,0.500,85100,27.0,38.0,45.0,YES,YES,UNKNOWN_ANALYSIS_IAQ50_VOC0.50ppm,45645.2,0,5.0,0.050,50
2026-06-25 09:57:24,32.84,65.84,1005.00,50.00,500,0.500,85100,27.0,39.0,46.0,YES,YES,UNKNOWN_ANALYSIS_IAQ50_VOC0.50ppm,45655.6,0,5.0,0.050,50
2026-06-25 09:57:33,32.84,65.79,1005.00,50.00,500,0.500,86500,27.0,39.0,47.0,YES,YES,UNKNOWN_ANALYSIS_IAQ50_VOC0.50ppm,45665.0,0,5.0,0.050,50
2026-06-25 09:57:44,32.84,65.79,1005.00,50.00,500,0.500,86500,27.0,38.0,46.0,YES,YES,UNKNOWN_ANALYSIS_IAQ50_VOC0.50ppm,45675.4,0,5.0,0.050,50
2026-06-25 09:57:54,32.84,65.79,1005.00,50.00,500,0.500,86500,28.0,39.0,48.0,YES,YES,UNKNOWN_ANALYSIS_IAQ50_VOC0.50ppm,45685.9,0,5.0,0.050,50
2026-06-25 09:58:03,32.84,65.79,1005.00,50.00,500,0.500,86500,27.0,38.0,48.0,YES,YES,UNKNOWN_ANALYSIS_IAQ50_VOC0.50ppm,45695.3,0,5.0,0.050,50
2026-06-25 09:58:14,32.84,65.79,1005.00,50.00,500,0.500,86500,28.0,40.0,49.0,YES,YES,UNKNOWN_ANALYSIS_IAQ50_VOC0.50ppm,45705.7,0,5.0,0.050,50
2026-06-25 09:58:23,32.84,65.79,1005.00,50.00,500,0.500,86500,28.0,40.0,49.0,YES,YES,UNKNOWN_ANALYSIS_IAQ50_VOC0.50ppm,45715.1,0,5.0,0.050,50
2026-06-25 09:58:34,32.84,65.79,1005.00,50.00,500,0.500,86500,27.0,39.0,46.0,YES,YES,UNKNOWN_ANALYSIS_IAQ50_VOC0.50ppm,45725.6,0,5.0,0.050,50
2026-06-25 09:58:44,32.84,65.79,1005.00,50.00,500,0.500,86500,27.0,39.0,48.0,YES,YES,UNKNOWN_ANALYSIS_IAQ50_VOC0.50ppm,45736.0,0,5.0,0.050,50
2026-06-25 09:58:54,32.84,65.79,1005.00,50.00,500,0.500,86500,27.0,39.0,46.0,YES,YES,UNKNOWN_ANALYSIS_IAQ50_VOC0.50ppm,45745.4,0,5.0,0.050,50
2026-06-25 09:59:04,32.84,65.79,1005.00,50.00,500,0.500,86500,27.0,38.0,46.0,YES,YES,UNKNOWN_ANALYSIS_IAQ50_VOC0.50ppm,45755.8,0,5.0,0.050,50
2026-06-25 09:59:13,32.84,65.79,1005.00,50.00,500,0.500,86500,28.0,39.0,47.0,YES,YES,UNKNOWN_ANALYSIS_IAQ50_VOC0.50ppm,45765.2,0,5.0,0.050,50
2026-06-25 09:59:24,32.84,65.79,1005.00,50.00,500,0.500,86500,28.0,40.0,47.0,YES,YES,UNKNOWN_ANALYSIS_IAQ50_VOC0.50ppm,45775.7,0,5.0,0.050,50
2026-06-25 09:59:34,32.84,65.79,1005.00,50.00,500,0.500,86500,28.0,40.0,48.0,YES,YES,UNKNOWN_ANALYSIS_IAQ50_VOC0.50ppm,45786.1,0,5.0,0.050,50
2026-06-25 09:59:44,32.84,65.79,1005.00,50.00,500,0.500,86500,27.0,39.0,46.0,YES,YES,UNKNOWN_ANALYSIS_IAQ50_VOC0.50ppm,45795.5,0,5.0,0.050,50
2026-06-25 09:59:54,32.84,65.79,1005.00,50.00,500,0.500,86500,27.0,38.0,44.0,YES,YES,UNKNOWN_ANALYSIS_IAQ50_VOC0.50ppm,45806.0,0,5.0,0.050,50
2026-06-25 10:00:04,32.84,65.79,1005.00,50.00,500,0.500,86500,28.0,39.0,45.0,YES,YES,UNKNOWN_ANALYSIS_IAQ50_VOC0.50ppm,45815.4,0,5.0,0.050,50
2026-06-25 10:00:14,32.84,65.79,1005.00,50.00,500,0.500,86500,26.0,38.0,46.0,YES,YES,UNKNOWN_ANALYSIS_IAQ50_VOC0.50ppm,45825.8,0,5.0,0.050,50
2026-06-25 10:00:24,32.84,65.79,1005.00,50.00,500,0.500,86500,26.0,39.0,46.0,YES,YES,UNKNOWN_ANALYSIS_IAQ50_VOC0.50ppm,45836.3,0,5.0,0.050,50
2026-06-25 10:00:34,32.84,65.79,1005.00,50.00,500,0.500,86500,28.0,41.0,49.0,YES,YES,UNKNOWN_ANALYSIS_IAQ50_VOC0.50ppm,45845.7,0,5.0,0.050,50
2026-06-25 10:00:44,32.84,65.79,1005.00,50.00,500,0.500,86500,27.0,39.0,47.0,YES,YES,UNKNOWN_ANALYSIS_IAQ50_VOC0.50ppm,45856.1,0,5.0,0.050,50
2026-06-25 10:00:54,32.84,65.79,1005.00,50.00,500,0.500,86500,27.0,39.0,46.0,YES,YES,UNKNOWN_ANALYSIS_IAQ50_VOC0.50ppm,45865.5,0,5.0,0.050,50
2026-06-25 10:01:04,32.84,65.79,1005.00,50.00,500,0.500,86500,28.0,39.0,46.0,YES,YES,UNKNOWN_ANALYSIS_IAQ50_VOC0.50ppm,45876.0,0,5.0,0.050,50
2026-06-25 10:01:15,32.84,65.79,1005.00,50.00,500,0.500,86500,27.0,40.0,47.0,YES,YES,UNKNOWN_ANALYSIS_IAQ50_VOC0.50ppm,45886.4,0,5.0,0.050,50
2026-06-25 10:01:24,32.84,65.79,1005.00,50.00,500,0.500,86500,28.0,39.0,46.0,YES,YES,UNKNOWN_ANALYSIS_IAQ50_VOC0.50ppm,45895.8,0,5.0,0.050,50
2026-06-25 10:01:34,32.84,65.79,1005.00,50.00,500,0.500,86500,28.0,40.0,46.0,YES,YES,UNKNOWN_ANALYSIS_IAQ50_VOC0.50ppm,45906.2,0,5.0,0.050,50
2026-06-25 10:01:44,32.84,65.79,1005.00,50.00,500,0.500,86500,28.0,39.0,46.0,YES,YES,UNKNOWN_ANALYSIS_IAQ50_VOC0.50ppm,45915.7,0,5.0,0.050,50
2026-06-25 10:01:54,32.84,65.79,1005.00,50.00,500,0.500,86500,29.0,40.0,47.0,YES,YES,UNKNOWN_ANALYSIS_IAQ50_VOC0.50ppm,45926.1,0,5.0,0.050,50
2026-06-25 10:02:05,32.84,65.79,1005.00,50.00,500,0.500,86500,29.0,40.0,47.0,YES,YES,UNKNOWN_ANALYSIS_IAQ50_VOC0.50ppm,45936.5,0,5.0,0.050,50
2026-06-25 10:02:14,32.84,65.79,1005.00,50.00,500,0.500,86500,29.0,40.0,47.0,YES,YES,UNKNOWN_ANALYSIS_IAQ50_VOC0.50ppm,45945.9,0,5.0,0.050,50
2026-06-25 10:02:25,32.84,65.79,1005.00,50.00,500,0.500,86500,27.0,39.0,46.0,YES,YES,UNKNOWN_ANALYSIS_IAQ50_VOC0.50ppm,45956.4,0,5.0,0.050,50
2026-06-25 10:02:34,32.94,65.57,1005.00,50.00,500,0.500,90600,28.0,40.0,47.0,YES,YES,UNKNOWN_ANALYSIS_IAQ50_VOC0.50ppm,45965.8,0,5.0,0.050,50
2026-06-25 10:02:44,32.94,65.57,1005.00,50.00,500,0.500,90600,29.0,40.0,47.0,YES,YES,UNKNOWN_ANALYSIS_IAQ50_VOC0.50ppm,45976.2,0,5.0,0.050,50
2026-06-25 10:02:55,32.94,65.57,1005.00,50.00,500,0.500,90600,29.0,40.0,47.0,YES,YES,UNKNOWN_ANALYSIS_IAQ50_VOC0.50ppm,45986.7,0,5.0,0.050,50
2026-06-25 10:03:04,32.94,65.57,1005.00,50.00,500,0.500,90600,28.0,39.0,46.0,YES,YES,UNKNOWN_ANALYSIS_IAQ50_VOC0.50ppm,45996.1,0,5.0,0.050,50
2026-06-25 10:03:15,32.94,65.57,1005.00,50.00,500,0.500,90600,27.0,39.0,45.0,YES,YES,UNKNOWN_ANALYSIS_IAQ50_VOC0.50ppm,46006.5,0,5.0,0.050,50
2026-06-25 10:03:24,32.94,65.57,1005.00,50.00,500,0.500,90600,28.0,39.0,46.0,YES,YES,UNKNOWN_ANALYSIS_IAQ50_VOC0.50ppm,46015.9,0,5.0,0.050,50
2026-06-25 10:03:34,32.94,65.57,1005.00,50.00,500,0.500,90600,28.0,39.0,47.0,YES,YES,UNKNOWN_ANALYSIS_IAQ50_VOC0.50ppm,46026.4,0,5.0,0.050,50
2026-06-25 10:03:45,32.94,65.57,1005.00,50.00,500,0.500,90600,28.0,40.0,47.0,YES,YES,UNKNOWN_ANALYSIS_IAQ50_VOC0.50ppm,46036.8,0,5.0,0.050,50
2026-06-25 10:03:54,32.94,65.57,1005.00,50.00,500,0.500,90600,28.0,40.0,47.0,YES,YES,UNKNOWN_ANALYSIS_IAQ50_VOC0.50ppm,46046.2,0,5.0,0.050,50
2026-06-25 10:04:05,32.94,65.57,1005.00,50.00,500,0.500,90600,28.0,40.0,47.0,YES,YES,UNKNOWN_ANALYSIS_IAQ50_VOC0.50ppm,46056.6,0,5.0,0.050,50
2026-06-25 10:04:15,32.94,65.57,1005.00,50.00,500,0.500,90600,28.0,40.0,47.0,YES,YES,UNKNOWN_ANALYSIS_IAQ50_VOC0.50ppm,46067.1,0,5.0,0.050,50
2026-06-25 10:04:25,32.94,65.57,1005.00,50.00,500,0.500,90600,27.0,39.0,46.0,YES,YES,UNKNOWN_ANALYSIS_IAQ50_VOC0.50ppm,46076.5,0,5.0,0.050,50
2026-06-25 10:04:35,32.94,65.57,1005.00,50.00,500,0.500,90600,28.0,39.0,45.0,YES,YES,UNKNOWN_ANALYSIS_IAQ50_VOC0.50ppm,46086.9,0,5.0,0.050,50
2026-06-25 10:04:44,32.94,65.57,1005.00,50.00,500,0.500,90600,27.0,37.0,44.0,YES,YES,UNKNOWN_ANALYSIS_IAQ50_VOC0.50ppm,46096.3,0,5.0,0.050,50
2026-06-25 10:04:55,32.94,65.57,1005.00,50.00,500,0.500,90600,26.0,37.0,44.0,YES,YES,UNKNOWN_ANALYSIS_IAQ50_VOC0.50ppm,46106.8,0,5.0,0.050,50
2026-06-25 10:05:05,32.94,65.57,1005.00,50.00,500,0.500,90600,27.0,37.0,45.0,YES,YES,UNKNOWN_ANALYSIS_IAQ50_VOC0.50ppm,46117.2,0,5.0,0.050,50
2026-06-25 10:05:15,32.94,65.57,1005.00,50.00,500,0.500,90600,27.0,38.0,46.0,YES,YES,UNKNOWN_ANALYSIS_IAQ50_VOC0.50ppm,46126.6,0,5.0,0.050,50
2026-06-25 10:05:25,32.94,65.57,1005.00,50.00,500,0.500,90600,28.0,39.0,47.0,YES,YES,UNKNOWN_ANALYSIS_IAQ50_VOC0.50ppm,46137.0,0,5.0,0.050,50
2026-06-25 10:05:36,32.94,65.57,1005.00,50.00,500,0.500,90600,27.0,38.0,46.0,YES,YES,UNKNOWN_ANALYSIS_IAQ50_VOC0.50ppm,46147.5,0,5.0,0.050,50
2026-06-25 10:05:45,32.94,65.57,1005.00,50.00,500,0.500,90600,27.0,38.0,47.0,YES,YES,UNKNOWN_ANALYSIS_IAQ50_VOC0.50ppm,46156.9,0,5.0,0.050,50
2026-06-25 10:05:55,32.94,65.57,1005.00,50.00,500,0.500,90600,27.0,38.0,46.0,YES,YES,UNKNOWN_ANALYSIS_IAQ50_VOC0.50ppm,46167.3,0,5.0,0.050,50
2026-06-25 10:06:05,32.94,65.57,1005.00,50.00,500,0.500,90600,28.0,40.0,47.0,YES,YES,UNKNOWN_ANALYSIS_IAQ50_VOC0.50ppm,46176.7,0,5.0,0.050,50
2026-06-25 10:06:15,32.94,65.57,1005.00,50.00,500,0.500,90600,29.0,39.0,45.0,YES,YES,UNKNOWN_ANALYSIS_IAQ50_VOC0.50ppm,46187.2,0,5.0,0.050,50
2026-06-25 10:06:26,32.94,65.57,1005.00,50.00,500,0.500,90600,27.0,38.0,44.0,YES,YES,UNKNOWN_ANALYSIS_IAQ50_VOC0.50ppm,46197.6,0,5.0,0.050,50
2026-06-25 10:06:35,32.94,65.57,1005.00,50.00,500,0.500,90600,27.0,37.0,43.0,YES,YES,UNKNOWN_ANALYSIS_IAQ50_VOC0.50ppm,46207.0,0,5.0,0.050,50
2026-06-25 10:06:46,32.94,65.57,1005.00,50.00,500,0.500,90600,28.0,39.0,46.0,YES,YES,UNKNOWN_ANALYSIS_IAQ50_VOC0.50ppm,46217.4,0,5.0,0.050,50
2026-06-25 10:06:55,32.94,65.57,1005.00,50.00,500,0.500,90600,28.0,39.0,46.0,YES,YES,UNKNOWN_ANALYSIS_IAQ50_VOC0.50ppm,46226.8,0,5.0,0.050,50
2026-06-25 10:07:05,32.94,65.57,1005.00,50.00,500,0.500,90600,27.0,37.0,44.0,YES,YES,UNKNOWN_ANALYSIS_IAQ50_VOC0.50ppm,46237.3,0,5.0,0.050,50
2026-06-25 10:07:16,32.94,65.57,1005.00,50.00,500,0.500,90600,27.0,38.0,46.0,YES,YES,UNKNOWN_ANALYSIS_IAQ50_VOC0.50ppm,46247.7,0,5.0,0.050,50
2026-06-25 10:07:25,32.94,65.57,1005.00,50.00,500,0.500,90600,28.0,40.0,47.0,YES,YES,UNKNOWN_ANALYSIS_IAQ50_VOC0.50ppm,46257.1,0,5.0,0.050,50
2026-06-25 10:07:36,32.91,65.58,1005.00,50.00,500,0.500,91000,27.0,39.0,46.0,YES,YES,UNKNOWN_ANALYSIS_IAQ50_VOC0.50ppm,46267.6,0,5.0,0.050,50
2026-06-25 10:07:46,32.91,65.58,1005.00,50.00,500,0.500,91000,28.0,39.0,46.0,YES,YES,UNKNOWN_ANALYSIS_IAQ50_VOC0.50ppm,46278.0,0,5.0,0.050,50
2026-06-25 10:07:56,32.91,65.58,1005.00,50.00,500,0.500,91000,28.0,39.0,46.0,YES,YES,UNKNOWN_ANALYSIS_IAQ50_VOC0.50ppm,46287.4,0,5.0,0.050,50
2026-06-25 10:08:06,32.91,65.58,1005.00,50.00,500,0.500,91000,27.0,38.0,45.0,YES,YES,UNKNOWN_ANALYSIS_IAQ50_VOC0.50ppm,46297.8,0,5.0,0.050,50
2026-06-25 10:08:15,32.91,65.58,1005.00,50.00,500,0.500,91000,27.0,39.0,45.0,YES,YES,UNKNOWN_ANALYSIS_IAQ50_VOC0.50ppm,46307.2,0,5.0,0.050,50
2026-06-25 10:08:26,32.91,65.58,1005.00,50.00,500,0.500,91000,27.0,39.0,45.0,YES,YES,UNKNOWN_ANALYSIS_IAQ50_VOC0.50ppm,46317.7,0,5.0,0.050,50
2026-06-25 10:08:36,32.91,65.58,1005.00,50.00,500,0.500,91000,27.0,38.0,45.0,YES,YES,UNKNOWN_ANALYSIS_IAQ50_VOC0.50ppm,46328.1,0,5.0,0.050,50
2026-06-25 10:08:46,32.91,65.58,1005.00,50.00,500,0.500,91000,27.0,38.0,45.0,YES,YES,UNKNOWN_ANALYSIS_IAQ50_VOC0.50ppm,46337.5,0,5.0,0.050,50
2026-06-25 10:08:56,32.91,65.58,1005.00,50.00,500,0.500,91000,26.0,37.0,44.0,YES,YES,UNKNOWN_ANALYSIS_IAQ50_VOC0.50ppm,46348.0,0,5.0,0.050,50
2026-06-25 10:09:06,32.91,65.58,1005.00,50.00,500,0.500,91000,27.0,38.0,46.0,YES,YES,UNKNOWN_ANALYSIS_IAQ50_VOC0.50ppm,46357.4,0,5.0,0.050,50
2026-06-25 10:09:16,32.91,65.58,1005.00,50.00,500,0.500,91000,26.0,37.0,44.0,YES,YES,UNKNOWN_ANALYSIS_IAQ50_VOC0.50ppm,46367.8,0,5.0,0.050,50
2026-06-25 10:09:26,32.91,65.58,1005.00,50.00,500,0.500,91000,26.0,36.0,43.0,YES,YES,UNKNOWN_ANALYSIS_IAQ50_VOC0.50ppm,46378.3,0,5.0,0.050,50
2026-06-25 10:09:36,32.91,65.58,1005.00,50.00,500,0.500,91000,27.0,38.0,45.0,YES,YES,UNKNOWN_ANALYSIS_IAQ50_VOC0.50ppm,46387.7,0,5.0,0.050,50
2026-06-25 10:09:46,32.91,65.58,1005.00,50.00,500,0.500,91000,27.0,38.0,47.0,YES,YES,UNKNOWN_ANALYSIS_IAQ50_VOC0.50ppm,46398.1,0,5.0,0.050,50
2026-06-25 10:09:56,32.91,65.58,1005.00,50.00,500,0.500,91000,27.0,38.0,46.0,YES,YES,UNKNOWN_ANALYSIS_IAQ50_VOC0.50ppm,46407.5,0,5.0,0.050,50
2026-06-25 10:10:06,32.91,65.58,1005.00,50.00,500,0.500,91000,27.0,39.0,47.0,YES,YES,UNKNOWN_ANALYSIS_IAQ50_VOC0.50ppm,46417.9,0,5.0,0.050,50
2026-06-25 10:10:17,32.91,65.58,1005.00,50.00,500,0.500,91000,27.0,37.0,45.0,YES,YES,UNKNOWN_ANALYSIS_IAQ50_VOC0.50ppm,46428.4,0,5.0,0.050,50
2026-06-25 10:10:26,32.91,65.58,1005.00,50.00,500,0.500,91000,27.0,38.0,45.0,YES,YES,UNKNOWN_ANALYSIS_IAQ50_VOC0.50ppm,46437.8,0,5.0,0.050,50
2026-06-25 10:10:36,32.91,65.58,1005.00,50.00,500,0.500,91000,26.0,37.0,44.0,YES,YES,UNKNOWN_ANALYSIS_IAQ50_VOC0.50ppm,46448.2,0,5.0,0.050,50
2026-06-25 10:10:46,32.91,65.58,1005.00,50.00,500,0.500,91000,27.0,37.0,45.0,YES,YES,UNKNOWN_ANALYSIS_IAQ50_VOC0.50ppm,46457.6,0,5.0,0.050,50
2026-06-25 10:10:56,32.91,65.58,1005.00,50.00,500,0.500,91000,27.0,36.0,44.0,YES,YES,UNKNOWN_ANALYSIS_IAQ50_VOC0.50ppm,46468.1,0,5.0,0.050,50
2026-06-25 10:11:07,32.91,65.58,1005.00,50.00,500,0.500,91000,27.0,38.0,46.0,YES,YES,UNKNOWN_ANALYSIS_IAQ50_VOC0.50ppm,46478.5,0,5.0,0.050,50
2026-06-25 10:11:16,32.91,65.58,1005.00,50.00,500,0.500,91000,27.0,38.0,45.0,YES,YES,UNKNOWN_ANALYSIS_IAQ50_VOC0.50ppm,46487.9,0,5.0,0.050,50
2026-06-25 10:11:26,32.91,65.58,1005.00,50.00,500,0.500,91000,26.0,37.0,44.0,YES,YES,UNKNOWN_ANALYSIS_IAQ50_VOC0.50ppm,46498.3,0,5.0,0.050,50
2026-06-25 10:11:36,32.91,65.58,1005.00,50.00,500,0.500,91000,28.0,39.0,47.0,YES,YES,UNKNOWN_ANALYSIS_IAQ50_VOC0.50ppm,46507.7,0,5.0,0.050,50
2026-06-25 10:11:46,32.91,65.58,1005.00,50.00,500,0.500,91000,27.0,38.0,47.0,YES,YES,UNKNOWN_ANALYSIS_IAQ50_VOC0.50ppm,46518.2,0,5.0,0.050,50
2026-06-25 10:11:57,32.91,65.58,1005.00,50.00,500,0.500,91000,27.0,37.0,46.0,YES,YES,UNKNOWN_ANALYSIS_IAQ50_VOC0.50ppm,46528.6,0,5.0,0.050,50
2026-06-25 10:12:06,32.91,65.58,1005.00,50.00,500,0.500,91000,27.0,37.0,45.0,YES,YES,UNKNOWN_ANALYSIS_IAQ50_VOC0.50ppm,46538.0,0,5.0,0.050,50
2026-06-25 10:12:17,32.91,65.58,1005.00,50.00,500,0.500,91000,28.0,38.0,45.0,YES,YES,UNKNOWN_ANALYSIS_IAQ50_VOC0.50ppm,46548.4,0,5.0,0.050,50
2026-06-25 10:12:26,32.91,65.58,1005.00,50.00,500,0.500,91000,28.0,38.0,47.0,YES,YES,UNKNOWN_ANALYSIS_IAQ50_VOC0.50ppm,46557.8,0,5.0,0.050,50
2026-06-25 10:12:36,33.03,65.48,1005.00,50.00,500,0.500,92300,28.0,38.0,45.0,YES,YES,UNKNOWN_ANALYSIS_IAQ50_VOC0.50ppm,46568.3,0,5.0,0.050,50
2026-06-25 10:12:47,33.03,65.48,1005.00,50.00,500,0.500,92300,26.0,36.0,42.0,YES,YES,UNKNOWN_ANALYSIS_IAQ50_VOC0.50ppm,46578.7,0,5.0,0.050,50
2026-06-25 10:12:56,33.03,65.48,1005.00,50.00,500,0.500,92300,27.0,38.0,44.0,YES,YES,UNKNOWN_ANALYSIS_IAQ50_VOC0.50ppm,46588.1,0,5.0,0.050,50
2026-06-25 10:13:07,33.03,65.48,1005.00,50.00,500,0.500,92300,27.0,38.0,45.0,YES,YES,UNKNOWN_ANALYSIS_IAQ50_VOC0.50ppm,46598.5,0,5.0,0.050,50
2026-06-25 10:13:17,33.03,65.48,1005.00,50.00,500,0.500,92300,26.0,37.0,44.0,YES,YES,UNKNOWN_ANALYSIS_IAQ50_VOC0.50ppm,46609.0,0,5.0,0.050,50
2026-06-25 10:13:27,33.03,65.48,1005.00,50.00,500,0.500,92300,27.0,38.0,45.0,YES,YES,UNKNOWN_ANALYSIS_IAQ50_VOC0.50ppm,46618.4,0,5.0,0.050,50
2026-06-25 10:13:37,33.03,65.48,1005.00,50.00,500,0.500,92300,27.0,38.0,45.0,YES,YES,UNKNOWN_ANALYSIS_IAQ50_VOC0.50ppm,46628.8,0,5.0,0.050,50
2026-06-25 10:13:46,33.03,65.48,1005.00,50.00,500,0.500,92300,28.0,39.0,46.0,YES,YES,UNKNOWN_ANALYSIS_IAQ50_VOC0.50ppm,46638.2,0,5.0,0.050,50
2026-06-25 10:13:57,33.03,65.48,1005.00,50.00,500,0.500,92300,27.0,37.0,45.0,YES,YES,UNKNOWN_ANALYSIS_IAQ50_VOC0.50ppm,46648.7,0,5.0,0.050,50
2026-06-25 10:14:07,33.03,65.48,1005.00,50.00,500,0.500,92300,28.0,39.0,47.0,YES,YES,UNKNOWN_ANALYSIS_IAQ50_VOC0.50ppm,46659.1,0,5.0,0.050,50
2026-06-25 10:14:17,33.03,65.48,1005.00,50.00,500,0.500,92300,27.0,37.0,44.0,YES,YES,UNKNOWN_ANALYSIS_IAQ50_VOC0.50ppm,46668.5,0,5.0,0.050,50
2026-06-25 10:14:27,33.03,65.48,1005.00,50.00,500,0.500,92300,27.0,37.0,43.0,YES,YES,UNKNOWN_ANALYSIS_IAQ50_VOC0.50ppm,46678.9,0,5.0,0.050,50
2026-06-25 10:14:38,33.03,65.48,1005.00,50.00,500,0.500,92300,28.0,38.0,45.0,YES,YES,UNKNOWN_ANALYSIS_IAQ50_VOC0.50ppm,46689.4,0,5.0,0.050,50
2026-06-25 10:14:47,33.03,65.48,1005.00,50.00,500,0.500,92300,27.0,37.0,45.0,YES,YES,UNKNOWN_ANALYSIS_IAQ50_VOC0.50ppm,46698.8,0,5.0,0.050,50
2026-06-25 10:14:57,33.03,65.48,1005.00,50.00,500,0.500,92300,27.0,37.0,45.0,YES,YES,UNKNOWN_ANALYSIS_IAQ50_VOC0.50ppm,46709.2,0,5.0,0.050,50
2026-06-25 10:15:07,33.03,65.48,1005.00,50.00,500,0.500,92300,26.0,37.0,44.0,YES,YES,UNKNOWN_ANALYSIS_IAQ50_VOC0.50ppm,46718.6,0,5.0,0.050,50
2026-06-25 10:15:17,33.03,65.48,1005.00,50.00,500,0.500,92300,27.0,38.0,44.0,YES,YES,UNKNOWN_ANALYSIS_IAQ50_VOC0.50ppm,46729.1,0,5.0,0.050,50
2026-06-25 10:15:28,33.03,65.48,1005.00,50.00,500,0.500,92300,28.0,39.0,46.0,YES,YES,UNKNOWN_ANALYSIS_IAQ50_VOC0.50ppm,46739.5,0,5.0,0.050,50
2026-06-25 10:15:37,33.03,65.48,1005.00,50.00,500,0.500,92300,27.0,38.0,45.0,YES,YES,UNKNOWN_ANALYSIS_IAQ50_VOC0.50ppm,46748.9,0,5.0,0.050,50
💾 Baseline state saved to EEPROM
💾 SAVED - IAQ: 5.0, VOC: 0.050 ppm, CO2: 50 ppm

=== SPIKE HISTORY ===
2026-06-25 10:15:47,33.03,65.48,1005.00,50.00,500,0.500,92300,28.0,39.0,46.0,YES,YES,UNKNOWN_ANALYSIS_IAQ50_VOC0.50ppm,46759.3,0,5.0,0.050,50
2026-06-25 10:15:57,33.03,65.48,1005.00,50.00,500,0.500,92300,28.0,38.0,45.0,YES,YES,UNKNOWN_ANALYSIS_IAQ50_VOC0.50ppm,46768.7,0,5.0,0.050,50
2026-06-25 10:16:07,33.03,65.48,1005.00,50.00,500,0.500,92300,27.0,38.0,46.0,YES,YES,UNKNOWN_ANALYSIS_IAQ50_VOC0.50ppm,46779.2,0,5.0,0.050,50
2026-06-25 10:16:18,33.03,65.48,1005.00,50.00,500,0.500,92300,26.0,37.0,44.0,YES,YES,UNKNOWN_ANALYSIS_IAQ50_VOC0.50ppm,46789.6,0,5.0,0.050,50
2026-06-25 10:16:27,33.03,65.48,1005.00,50.00,500,0.500,92300,26.0,36.0,44.0,YES,YES,UNKNOWN_ANALYSIS_IAQ50_VOC0.50ppm,46799.0,0,5.0,0.050,50
2026-06-25 10:16:38,33.03,65.48,1005.00,50.00,500,0.500,92300,27.0,38.0,45.0,YES,YES,UNKNOWN_ANALYSIS_IAQ50_VOC0.50ppm,46809.5,0,5.0,0.050,50
2026-06-25 10:16:48,33.03,65.48,1005.00,50.00,500,0.500,92300,26.0,37.0,44.0,YES,YES,UNKNOWN_ANALYSIS_IAQ50_VOC0.50ppm,46819.9,0,5.0,0.050,50
2026-06-25 10:16:57,33.03,65.48,1005.00,50.00,500,0.500,92300,26.0,37.0,44.0,YES,YES,UNKNOWN_ANALYSIS_IAQ50_VOC0.50ppm,46829.3,0,5.0,0.050,50
2026-06-25 10:17:08,33.03,65.48,1005.00,50.00,500,0.500,92300,27.0,38.0,45.0,YES,YES,UNKNOWN_ANALYSIS_IAQ50_VOC0.50ppm,46839.7,0,5.0,0.050,50
2026-06-25 10:17:17,33.03,65.48,1005.00,50.00,500,0.500,92300,27.0,38.0,44.0,YES,YES,UNKNOWN_ANALYSIS_IAQ50_VOC0.50ppm,46849.1,0,5.0,0.050,50
2026-06-25 10:17:28,33.03,65.48,1005.00,50.00,500,0.500,92300,27.0,38.0,44.0,YES,YES,UNKNOWN_ANALYSIS_IAQ50_VOC0.50ppm,46859.6,0,5.0,0.050,50
2026-06-25 10:17:38,33.07,65.36,1005.00,53.38,589,0.611,90900,28.0,38.0,45.0,YES,YES,UNKNOWN_ANALYSIS_IAQ53_VOC0.61ppm,46870.0,0,5.0,0.050,50
2026-06-25 10:17:48,33.07,65.36,1005.00,53.38,589,0.611,90900,28.0,39.0,45.0,YES,YES,UNKNOWN_ANALYSIS_IAQ53_VOC0.61ppm,46879.4,0,5.0,0.050,50
2026-06-25 10:17:58,33.07,65.36,1005.00,53.38,589,0.611,90900,27.0,38.0,44.0,YES,YES,UNKNOWN_ANALYSIS_IAQ53_VOC0.61ppm,46889.9,0,5.0,0.050,50
2026-06-25 10:18:07,33.07,65.36,1005.00,53.38,589,0.611,90900,28.0,39.0,45.0,YES,YES,UNKNOWN_ANALYSIS_IAQ53_VOC0.61ppm,46899.3,0,5.0,0.050,50
2026-06-25 10:18:18,33.07,65.36,1005.00,53.38,589,0.611,90900,27.0,39.0,47.0,YES,YES,UNKNOWN_ANALYSIS_IAQ53_VOC0.61ppm,46909.7,0,5.0,0.050,50
2026-06-25 10:18:28,33.07,65.36,1005.00,53.38,589,0.611,90900,26.0,38.0,46.0,YES,YES,UNKNOWN_ANALYSIS_IAQ53_VOC0.61ppm,46920.2,0,5.0,0.050,50
2026-06-25 10:18:38,33.07,65.36,1005.00,53.38,589,0.611,90900,27.0,38.0,47.0,YES,YES,UNKNOWN_ANALYSIS_IAQ53_VOC0.61ppm,46929.5,0,5.0,0.050,50
2026-06-25 10:18:48,33.07,65.36,1005.00,53.38,589,0.611,90900,26.0,37.0,46.0,YES,YES,UNKNOWN_ANALYSIS_IAQ53_VOC0.61ppm,46940.0,0,5.0,0.050,50
2026-06-25 10:18:59,33.07,65.36,1005.00,53.38,589,0.611,90900,27.0,38.0,47.0,YES,YES,UNKNOWN_ANALYSIS_IAQ53_VOC0.61ppm,46950.4,0,5.0,0.050,50
2026-06-25 10:19:08,33.07,65.36,1005.00,53.38,589,0.611,90900,28.0,39.0,47.0,YES,YES,UNKNOWN_ANALYSIS_IAQ53_VOC0.61ppm,46959.8,0,5.0,0.050,50
2026-06-25 10:19:18,33.07,65.36,1005.00,53.38,589,0.611,90900,27.0,38.0,45.0,YES,YES,UNKNOWN_ANALYSIS_IAQ53_VOC0.61ppm,46970.3,0,5.0,0.050,50
2026-06-25 10:19:28,33.07,65.36,1005.00,53.38,589,0.611,90900,27.0,38.0,45.0,YES,YES,UNKNOWN_ANALYSIS_IAQ53_VOC0.61ppm,46979.7,0,5.0,0.050,50
2026-06-25 10:19:38,33.07,65.36,1005.00,53.38,589,0.611,90900,27.0,38.0,45.0,YES,YES,UNKNOWN_ANALYSIS_IAQ53_VOC0.61ppm,46990.1,0,5.0,0.050,50
2026-06-25 10:19:49,33.07,65.36,1005.00,53.38,589,0.611,90900,27.0,38.0,45.0,YES,YES,UNKNOWN_ANALYSIS_IAQ53_VOC0.61ppm,47000.6,0,5.0,0.050,50
2026-06-25 10:19:58,33.07,65.36,1005.00,53.38,589,0.611,90900,28.0,39.0,47.0,YES,YES,UNKNOWN_ANALYSIS_IAQ53_VOC0.61ppm,47009.9,0,5.0,0.050,50
2026-06-25 10:20:09,33.07,65.36,1005.00,53.38,589,0.611,90900,27.0,38.0,44.0,YES,YES,UNKNOWN_ANALYSIS_IAQ53_VOC0.61ppm,47020.4,0,5.0,0.050,50
2026-06-25 10:20:18,33.07,65.36,1005.00,53.38,589,0.611,90900,28.0,38.0,44.0,YES,YES,UNKNOWN_ANALYSIS_IAQ53_VOC0.61ppm,47029.8,0,5.0,0.050,50
2026-06-25 10:20:28,33.07,65.36,1005.00,53.38,589,0.611,90900,26.0,37.0,43.0,YES,YES,UNKNOWN_ANALYSIS_IAQ53_VOC0.61ppm,47040.2,0,5.0,0.050,50
2026-06-25 10:20:39,33.07,65.36,1005.00,53.38,589,0.611,90900,27.0,38.0,46.0,YES,YES,UNKNOWN_ANALYSIS_IAQ53_VOC0.61ppm,47050.7,0,5.0,0.050,50
2026-06-25 10:20:48,33.07,65.36,1005.00,53.38,589,0.611,90900,28.0,39.0,46.0,YES,YES,UNKNOWN_ANALYSIS_IAQ53_VOC0.61ppm,47060.1,0,5.0,0.050,50
2026-06-25 10:20:59,33.07,65.36,1005.00,53.38,589,0.611,90900,27.0,39.0,47.0,YES,YES,UNKNOWN_ANALYSIS_IAQ53_VOC0.61ppm,47070.5,0,5.0,0.050,50
2026-06-25 10:21:08,33.07,65.36,1005.00,53.38,589,0.611,90900,26.0,38.0,47.0,YES,YES,UNKNOWN_ANALYSIS_IAQ53_VOC0.61ppm,47079.9,0,5.0,0.050,50
2026-06-25 10:21:18,33.07,65.36,1005.00,53.38,589,0.611,90900,26.0,38.0,46.0,YES,YES,UNKNOWN_ANALYSIS_IAQ53_VOC0.61ppm,47090.3,0,5.0,0.050,50
2026-06-25 10:21:29,33.07,65.36,1005.00,53.38,589,0.611,90900,26.0,37.0,46.0,YES,YES,UNKNOWN_ANALYSIS_IAQ53_VOC0.61ppm,47100.8,0,5.0,0.050,50
2026-06-25 10:21:38,33.07,65.36,1005.00,53.38,589,0.611,90900,27.0,39.0,47.0,YES,YES,UNKNOWN_ANALYSIS_IAQ53_VOC0.61ppm,47110.2,0,5.0,0.050,50
2026-06-25 10:21:49,33.07,65.36,1005.00,53.38,589,0.611,90900,27.0,39.0,47.0,YES,YES,UNKNOWN_ANALYSIS_IAQ53_VOC0.61ppm,47120.6,0,5.0,0.050,50
2026-06-25 10:21:59,33.07,65.36,1005.00,53.38,589,0.611,90900,27.0,38.0,44.0,YES,YES,UNKNOWN_ANALYSIS_IAQ53_VOC0.61ppm,47131.1,0,5.0,0.050,50
2026-06-25 10:22:09,33.07,65.36,1005.00,53.38,589,0.611,90900,28.0,38.0,44.0,YES,YES,UNKNOWN_ANALYSIS_IAQ53_VOC0.61ppm,47140.5,0,5.0,0.050,50
2026-06-25 10:22:19,33.07,65.36,1005.00,53.38,589,0.611,90900,27.0,37.0,43.0,YES,YES,UNKNOWN_ANALYSIS_IAQ53_VOC0.61ppm,47150.9,0,5.0,0.050,50
2026-06-25 10:22:28,33.07,65.36,1005.00,53.38,589,0.611,90900,27.0,38.0,44.0,YES,YES,UNKNOWN_ANALYSIS_IAQ53_VOC0.61ppm,47160.3,0,5.0,0.050,50
2026-06-25 10:22:39,32.94,65.35,1005.00,50.00,500,0.500,93900,27.0,37.0,44.0,YES,YES,UNKNOWN_ANALYSIS_IAQ50_VOC0.50ppm,47170.7,0,5.0,0.050,50
2026-06-25 10:22:49,32.94,65.35,1005.00,50.00,500,0.500,93900,27.0,37.0,44.0,YES,YES,UNKNOWN_ANALYSIS_IAQ50_VOC0.50ppm,47181.2,0,5.0,0.050,50
2026-06-25 10:22:59,32.94,65.35,1005.00,50.00,500,0.500,93900,27.0,38.0,44.0,YES,YES,UNKNOWN_ANALYSIS_IAQ50_VOC0.50ppm,47190.5,0,5.0,0.050,50
2026-06-25 10:23:09,32.94,65.35,1005.00,50.00,500,0.500,93900,27.0,38.0,44.0,YES,YES,UNKNOWN_ANALYSIS_IAQ50_VOC0.50ppm,47201.0,0,5.0,0.050,50
2026-06-25 10:23:19,32.94,65.35,1005.00,50.00,500,0.500,93900,26.0,37.0,43.0,YES,YES,UNKNOWN_ANALYSIS_IAQ50_VOC0.50ppm,47210.4,0,5.0,0.050,50
2026-06-25 10:23:29,32.94,65.35,1005.00,50.00,500,0.500,93900,27.0,37.0,45.0,YES,YES,UNKNOWN_ANALYSIS_IAQ50_VOC0.50ppm,47220.8,0,5.0,0.050,50
2026-06-25 10:23:39,32.94,65.35,1005.00,50.00,500,0.500,93900,27.0,38.0,46.0,YES,YES,UNKNOWN_ANALYSIS_IAQ50_VOC0.50ppm,47231.3,0,5.0,0.050,50
2026-06-25 10:23:49,32.94,65.35,1005.00,50.00,500,0.500,93900,27.0,38.0,45.0,YES,YES,UNKNOWN_ANALYSIS_IAQ50_VOC0.50ppm,47240.7,0,5.0,0.050,50
2026-06-25 10:23:59,32.94,65.35,1005.00,50.00,500,0.500,93900,26.0,37.0,44.0,YES,YES,UNKNOWN_ANALYSIS_IAQ50_VOC0.50ppm,47251.1,0,5.0,0.050,50
2026-06-25 10:24:10,32.94,65.35,1005.00,50.00,500,0.500,93900,26.0,38.0,44.0,YES,YES,UNKNOWN_ANALYSIS_IAQ50_VOC0.50ppm,47261.5,0,5.0,0.050,50
2026-06-25 10:24:19,32.94,65.35,1005.00,50.00,500,0.500,93900,27.0,38.0,46.0,YES,YES,UNKNOWN_ANALYSIS_IAQ50_VOC0.50ppm,47270.9,0,5.0,0.050,50
2026-06-25 10:24:29,32.94,65.35,1005.00,50.00,500,0.500,93900,28.0,39.0,47.0,YES,YES,UNKNOWN_ANALYSIS_IAQ50_VOC0.50ppm,47281.4,0,5.0,0.050,50
2026-06-25 10:24:39,32.94,65.35,1005.00,50.00,500,0.500,93900,27.0,38.0,46.0,YES,YES,UNKNOWN_ANALYSIS_IAQ50_VOC0.50ppm,47290.7,0,5.0,0.050,50
2026-06-25 10:24:49,32.94,65.35,1005.00,50.00,500,0.500,93900,27.0,38.0,46.0,YES,YES,UNKNOWN_ANALYSIS_IAQ50_VOC0.50ppm,47301.2,0,5.0,0.050,50
2026-06-25 10:25:00,32.94,65.35,1005.00,50.00,500,0.500,93900,28.0,38.0,45.0,YES,YES,UNKNOWN_ANALYSIS_IAQ50_VOC0.50ppm,47311.6,0,5.0,0.050,50
2026-06-25 10:25:09,32.94,65.35,1005.00,50.00,500,0.500,93900,27.0,37.0,45.0,YES,YES,UNKNOWN_ANALYSIS_IAQ50_VOC0.50ppm,47321.0,0,5.0,0.050,50
2026-06-25 10:25:20,32.94,65.35,1005.00,50.00,500,0.500,93900,27.0,38.0,46.0,YES,YES,UNKNOWN_ANALYSIS_IAQ50_VOC0.50ppm,47331.5,0,5.0,0.050,50
2026-06-25 10:25:29,32.94,65.35,1005.00,50.00,500,0.500,93900,28.0,39.0,49.0,YES,YES,UNKNOWN_ANALYSIS_IAQ50_VOC0.50ppm,47340.9,0,5.0,0.050,50
2026-06-25 10:25:39,32.94,65.35,1005.00,50.00,500,0.500,93900,27.0,38.0,48.0,YES,YES,UNKNOWN_ANALYSIS_IAQ50_VOC0.50ppm,47351.3,0,5.0,0.050,50
2026-06-25 10:25:50,32.94,65.35,1005.00,50.00,500,0.500,93900,27.0,38.0,46.0,YES,YES,UNKNOWN_ANALYSIS_IAQ50_VOC0.50ppm,47361.7,0,5.0,0.050,50
2026-06-25 10:25:59,32.94,65.35,1005.00,50.00,500,0.500,93900,26.0,38.0,44.0,YES,YES,UNKNOWN_ANALYSIS_IAQ50_VOC0.50ppm,47371.1,0,5.0,0.050,50
2026-06-25 10:26:10,32.94,65.35,1005.00,50.00,500,0.500,93900,28.0,39.0,47.0,YES,YES,UNKNOWN_ANALYSIS_IAQ50_VOC0.50ppm,47381.6,0,5.0,0.050,50
2026-06-25 10:26:20,32.94,65.35,1005.00,50.00,500,0.500,93900,27.0,38.0,46.0,YES,YES,UNKNOWN_ANALYSIS_IAQ50_VOC0.50ppm,47392.0,0,5.0,0.050,50
2026-06-25 10:26:30,32.94,65.35,1005.00,50.00,500,0.500,93900,28.0,39.0,47.0,YES,YES,UNKNOWN_ANALYSIS_IAQ50_VOC0.50ppm,47401.4,0,5.0,0.050,50
2026-06-25 10:26:40,32.94,65.35,1005.00,50.00,500,0.500,93900,27.0,39.0,47.0,YES,YES,UNKNOWN_ANALYSIS_IAQ50_VOC0.50ppm,47411.9,0,5.0,0.050,50
2026-06-25 10:26:49,32.94,65.35,1005.00,50.00,500,0.500,93900,28.0,39.0,47.0,YES,YES,UNKNOWN_ANALYSIS_IAQ50_VOC0.50ppm,47421.3,0,5.0,0.050,50
2026-06-25 10:27:00,32.94,65.35,1005.00,50.00,500,0.500,93900,27.0,38.0,46.0,YES,YES,UNKNOWN_ANALYSIS_IAQ50_VOC0.50ppm,47431.7,0,5.0,0.050,50
2026-06-25 10:27:10,32.94,65.35,1005.00,50.00,500,0.500,93900,27.0,39.0,48.0,YES,YES,UNKNOWN_ANALYSIS_IAQ50_VOC0.50ppm,47442.1,0,5.0,0.050,50
2026-06-25 10:27:20,32.94,65.35,1005.00,50.00,500,0.500,93900,28.0,41.0,50.0,YES,YES,UNKNOWN_ANALYSIS_IAQ50_VOC0.50ppm,47451.5,0,5.0,0.050,50
2026-06-25 10:27:30,32.94,65.35,1005.00,50.00,500,0.500,93900,28.0,42.0,49.0,YES,YES,UNKNOWN_ANALYSIS_IAQ50_VOC0.50ppm,47462.0,0,5.0,0.050,50
2026-06-25 10:27:39,32.89,65.22,1005.00,50.00,500,0.500,99400,28.0,41.0,50.0,YES,YES,UNKNOWN_ANALYSIS_IAQ50_VOC0.50ppm,47471.4,0,5.0,0.050,50
2026-06-25 10:27:50,32.89,65.22,1005.00,50.00,500,0.500,99400,28.0,41.0,50.0,YES,YES,UNKNOWN_ANALYSIS_IAQ50_VOC0.50ppm,47481.8,0,5.0,0.050,50
2026-06-25 10:28:00,32.89,65.22,1005.00,50.00,500,0.500,99400,29.0,41.0,49.0,YES,YES,UNKNOWN_ANALYSIS_IAQ50_VOC0.50ppm,47492.2,0,5.0,0.050,50
2026-06-25 10:28:10,32.89,65.22,1005.00,50.00,500,0.500,99400,28.0,41.0,49.0,YES,YES,UNKNOWN_ANALYSIS_IAQ50_VOC0.50ppm,47501.6,0,5.0,0.050,50
2026-06-25 10:28:20,32.89,65.22,1005.00,50.00,500,0.500,99400,28.0,40.0,49.0,YES,YES,UNKNOWN_ANALYSIS_IAQ50_VOC0.50ppm,47512.1,0,5.0,0.050,50
2026-06-25 10:28:31,32.89,65.22,1005.00,50.00,500,0.500,99400,29.0,42.0,50.0,YES,YES,UNKNOWN_ANALYSIS_IAQ50_VOC0.50ppm,47522.5,0,5.0,0.050,50
2026-06-25 10:28:40,32.89,65.22,1005.00,50.00,500,0.500,99400,29.0,42.0,50.0,YES,YES,UNKNOWN_ANALYSIS_IAQ50_VOC0.50ppm,47531.9,0,5.0,0.050,50
2026-06-25 10:28:50,32.89,65.22,1005.00,50.00,500,0.500,99400,28.0,42.0,49.0,YES,YES,UNKNOWN_ANALYSIS_IAQ50_VOC0.50ppm,47542.3,0,5.0,0.050,50
2026-06-25 10:29:00,32.89,65.22,1005.00,50.00,500,0.500,99400,29.0,43.0,51.0,YES,YES,UNKNOWN_ANALYSIS_IAQ50_VOC0.50ppm,47551.7,0,5.0,0.050,50
2026-06-25 10:29:10,32.89,65.22,1005.00,50.00,500,0.500,99400,28.0,42.0,51.0,YES,YES,UNKNOWN_ANALYSIS_IAQ50_VOC0.50ppm,47562.2,0,5.0,0.050,50
2026-06-25 10:29:21,32.89,65.22,1005.00,50.00,500,0.500,99400,29.0,42.0,51.0,YES,YES,UNKNOWN_ANALYSIS_IAQ50_VOC0.50ppm,47572.6,0,5.0,0.050,50
2026-06-25 10:29:30,32.89,65.22,1005.00,50.00,500,0.500,99400,29.0,41.0,50.0,YES,YES,UNKNOWN_ANALYSIS_IAQ50_VOC0.50ppm,47582.0,0,5.0,0.050,50
2026-06-25 10:29:41,32.89,65.22,1005.00,50.00,500,0.500,99400,29.0,41.0,49.0,YES,YES,UNKNOWN_ANALYSIS_IAQ50_VOC0.50ppm,47592.4,0,5.0,0.050,50
2026-06-25 10:29:50,32.89,65.22,1005.00,50.00,500,0.500,99400,30.0,42.0,50.0,YES,YES,UNKNOWN_ANALYSIS_IAQ50_VOC0.50ppm,47601.8,0,5.0,0.050,50
2026-06-25 10:30:00,32.89,65.22,1005.00,50.00,500,0.500,99400,29.0,42.0,50.0,YES,YES,UNKNOWN_ANALYSIS_IAQ50_VOC0.50ppm,47612.3,0,5.0,0.050,50
2026-06-25 10:30:11,32.89,65.22,1005.00,50.00,500,0.500,99400,28.0,41.0,50.0,YES,YES,UNKNOWN_ANALYSIS_IAQ50_VOC0.50ppm,47622.7,0,5.0,0.050,50
2026-06-25 10:30:20,32.89,65.22,1005.00,50.00,500,0.500,99400,29.0,42.0,52.0,YES,YES,UNKNOWN_ANALYSIS_IAQ50_VOC0.50ppm,47632.1,0,5.0,0.050,50
2026-06-25 10:30:31,32.89,65.22,1005.00,50.00,500,0.500,99400,30.0,41.0,51.0,YES,YES,UNKNOWN_ANALYSIS_IAQ50_VOC0.50ppm,47642.5,0,5.0,0.050,50
PMS7003: Unknown error
2026-06-25 10:30:40,32.89,65.22,1005.00,50.00,500,0.500,99400,30.0,41.0,51.0,YES,YES,UNKNOWN_ANALYSIS_IAQ50_VOC0.50ppm,47651.9,0,5.0,0.050,50
2026-06-25 10:30:51,32.89,65.22,1005.00,50.00,500,0.500,99400,30.0,41.0,50.0,YES,YES,UNKNOWN_ANALYSIS_IAQ50_VOC0.50ppm,47662.4,0,5.0,0.050,50
2026-06-25 10:31:01,32.89,65.22,1005.00,50.00,500,0.500,99400,30.0,42.0,50.0,YES,YES,UNKNOWN_ANALYSIS_IAQ50_VOC0.50ppm,47672.8,0,5.0,0.050,50
2026-06-25 10:31:10,32.89,65.22,1005.00,50.00,500,0.500,99400,28.0,42.0,51.0,YES,YES,UNKNOWN_ANALYSIS_IAQ50_VOC0.50ppm,47682.2,0,5.0,0.050,50
2026-06-25 10:31:21,32.89,65.22,1005.00,50.00,500,0.500,99400,30.0,43.0,52.0,YES,YES,UNKNOWN_ANALYSIS_IAQ50_VOC0.50ppm,47692.7,0,5.0,0.050,50
2026-06-25 10:31:30,32.89,65.22,1005.00,50.00,500,0.500,99400,30.0,43.0,52.0,YES,YES,UNKNOWN_ANALYSIS_IAQ50_VOC0.50ppm,47702.1,0,5.0,0.050,50
2026-06-25 10:31:41,32.89,65.22,1005.00,50.00,500,0.500,99400,30.0,42.0,52.0,YES,YES,UNKNOWN_ANALYSIS_IAQ50_VOC0.50ppm,47712.5,0,5.0,0.050,50
2026-06-25 10:31:51,32.89,65.22,1005.00,50.00,500,0.500,99400,30.0,42.0,52.0,YES,YES,UNKNOWN_ANALYSIS_IAQ50_VOC0.50ppm,47722.9,0,5.0,0.050,50
2026-06-25 10:32:00,32.89,65.22,1005.00,50.00,500,0.500,99400,30.0,42.0,52.0,YES,YES,UNKNOWN_ANALYSIS_IAQ50_VOC0.50ppm,47732.3,0,5.0,0.050,50
2026-06-25 10:32:11,32.89,65.22,1005.00,50.00,500,0.500,99400,31.0,43.0,52.0,YES,YES,UNKNOWN_ANALYSIS_IAQ50_VOC0.50ppm,47742.8,0,5.0,0.050,50
2026-06-25 10:32:21,32.89,65.22,1005.00,50.00,500,0.500,99400,31.0,43.0,52.0,YES,YES,UNKNOWN_ANALYSIS_IAQ50_VOC0.50ppm,47753.2,0,5.0,0.050,50
2026-06-25 10:32:31,32.89,65.22,1005.00,50.00,500,0.500,99400,30.0,42.0,52.0,YES,YES,UNKNOWN_ANALYSIS_IAQ50_VOC0.50ppm,47762.6,0,5.0,0.050,50
2026-06-25 10:32:41,32.91,65.20,1005.00,50.00,500,0.500,100900,30.0,42.0,52.0,YES,YES,MASKED_ATTACK_GAS_LOAD_IAQ:50.0_VOC:0.500_GasRes:100900Ω,47773.1,0,5.0,0.050,50
2026-06-25 10:32:51,32.91,65.20,1005.00,50.00,500,0.500,100900,29.0,41.0,51.0,YES,YES,MASKED_ATTACK_GAS_LOAD_IAQ:50.0_VOC:0.500_GasRes:100900Ω,47782.4,0,5.0,0.050,50
2026-06-25 10:33:01,32.91,65.20,1005.00,50.00,500,0.500,100900,31.0,43.0,52.0,YES,YES,MASKED_ATTACK_GAS_LOAD_IAQ:50.0_VOC:0.500_GasRes:100900Ω,47792.9,0,5.0,0.050,50
2026-06-25 10:33:11,32.91,65.20,1005.00,50.00,500,0.500,100900,31.0,44.0,54.0,YES,YES,MASKED_ATTACK_GAS_LOAD_IAQ:50.0_VOC:0.500_GasRes:100900Ω,47803.3,0,5.0,0.050,50
2026-06-25 10:33:21,32.91,65.20,1005.00,50.00,500,0.500,100900,31.0,44.0,56.0,YES,YES,MASKED_ATTACK_GAS_LOAD_IAQ:50.0_VOC:0.500_GasRes:100900Ω,47812.7,0,5.0,0.050,50
2026-06-25 10:33:31,32.91,65.20,1005.00,50.00,500,0.500,100900,31.0,44.0,56.0,YES,YES,MASKED_ATTACK_GAS_LOAD_IAQ:50.0_VOC:0.500_GasRes:100900Ω,47823.2,0,5.0,0.050,50
PMS7003: Unknown error
2026-06-25 10:33:41,32.91,65.20,1005.00,50.00,500,0.500,100900,31.0,44.0,56.0,YES,YES,MASKED_ATTACK_GAS_LOAD_IAQ:50.0_VOC:0.500_GasRes:100900Ω,47832.5,0,5.0,0.050,50
2026-06-25 10:33:51,32.91,65.20,1005.00,50.00,500,0.500,100900,30.0,43.0,52.0,YES,YES,MASKED_ATTACK_GAS_LOAD_IAQ:50.0_VOC:0.500_GasRes:100900Ω,47843.0,0,5.0,0.050,50
2026-06-25 10:34:02,32.91,65.20,1005.00,50.00,500,0.500,100900,30.0,42.0,51.0,YES,YES,MASKED_ATTACK_GAS_LOAD_IAQ:50.0_VOC:0.500_GasRes:100900Ω,47853.4,0,5.0,0.050,50
2026-06-25 10:34:11,32.91,65.20,1005.00,50.00,500,0.500,100900,30.0,43.0,51.0,YES,YES,MASKED_ATTACK_GAS_LOAD_IAQ:50.0_VOC:0.500_GasRes:100900Ω,47862.8,0,5.0,0.050,50
2026-06-25 10:34:21,32.91,65.20,1005.00,50.00,500,0.500,100900,30.0,44.0,53.0,YES,YES,MASKED_ATTACK_GAS_LOAD_IAQ:50.0_VOC:0.500_GasRes:100900Ω,47873.3,0,5.0,0.050,50
2026-06-25 10:34:31,32.91,65.20,1005.00,50.00,500,0.500,100900,29.0,43.0,52.0,YES,YES,MASKED_ATTACK_GAS_LOAD_IAQ:50.0_VOC:0.500_GasRes:100900Ω,47882.7,0,5.0,0.050,50
2026-06-25 10:34:41,32.91,65.20,1005.00,50.00,500,0.500,100900,30.0,44.0,52.0,YES,YES,MASKED_ATTACK_GAS_LOAD_IAQ:50.0_VOC:0.500_GasRes:100900Ω,47893.1,0,5.0,0.050,50
2026-06-25 10:34:52,32.91,65.20,1005.00,50.00,500,0.500,100900,29.0,43.0,51.0,YES,YES,MASKED_ATTACK_GAS_LOAD_IAQ:50.0_VOC:0.500_GasRes:100900Ω,47903.6,0,5.0,0.050,50
2026-06-25 10:35:01,32.91,65.20,1005.00,50.00,500,0.500,100900,29.0,42.0,51.0,YES,YES,MASKED_ATTACK_GAS_LOAD_IAQ:50.0_VOC:0.500_GasRes:100900Ω,47913.0,0,5.0,0.050,50
2026-06-25 10:35:12,32.91,65.20,1005.00,50.00,500,0.500,100900,29.0,42.0,51.0,YES,YES,MASKED_ATTACK_GAS_LOAD_IAQ:50.0_VOC:0.500_GasRes:100900Ω,47923.4,0,5.0,0.050,50
2026-06-25 10:35:21,32.91,65.20,1005.00,50.00,500,0.500,100900,29.0,42.0,51.0,YES,YES,MASKED_ATTACK_GAS_LOAD_IAQ:50.0_VOC:0.500_GasRes:100900Ω,47932.8,0,5.0,0.050,50
2026-06-25 10:35:31,32.91,65.20,1005.00,50.00,500,0.500,100900,30.0,42.0,52.0,YES,YES,MASKED_ATTACK_GAS_LOAD_IAQ:50.0_VOC:0.500_GasRes:100900Ω,47943.2,0,5.0,0.050,50
2026-06-25 10:35:42,32.91,65.20,1005.00,50.00,500,0.500,100900,31.0,42.0,54.0,YES,YES,MASKED_ATTACK_GAS_LOAD_IAQ:50.0_VOC:0.500_GasRes:100900Ω,47953.7,0,5.0,0.050,50
2026-06-25 10:35:51,32.91,65.20,1005.00,50.00,500,0.500,100900,31.0,43.0,53.0,YES,YES,MASKED_ATTACK_GAS_LOAD_IAQ:50.0_VOC:0.500_GasRes:100900Ω,47963.1,0,5.0,0.050,50
2026-06-25 10:36:02,32.91,65.20,1005.00,50.00,500,0.500,100900,31.0,44.0,53.0,YES,YES,MASKED_ATTACK_GAS_LOAD_IAQ:50.0_VOC:0.500_GasRes:100900Ω,47973.5,0,5.0,0.050,50
2026-06-25 10:36:11,32.91,65.20,1005.00,50.00,500,0.500,100900,31.0,43.0,53.0,YES,YES,MASKED_ATTACK_GAS_LOAD_IAQ:50.0_VOC:0.500_GasRes:100900Ω,47982.9,0,5.0,0.050,50
2026-06-25 10:36:21,32.91,65.20,1005.00,50.00,500,0.500,100900,30.0,42.0,52.0,YES,YES,MASKED_ATTACK_GAS_LOAD_IAQ:50.0_VOC:0.500_GasRes:100900Ω,47993.3,0,5.0,0.050,50
2026-06-25 10:36:32,32.91,65.20,1005.00,50.00,500,0.500,100900,31.0,44.0,53.0,YES,YES,MASKED_ATTACK_GAS_LOAD_IAQ:50.0_VOC:0.500_GasRes:100900Ω,48003.8,0,5.0,0.050,50
2026-06-25 10:36:41,32.91,65.20,1005.00,50.00,500,0.500,100900,30.0,42.0,51.0,YES,YES,MASKED_ATTACK_GAS_LOAD_IAQ:50.0_VOC:0.500_GasRes:100900Ω,48013.2,0,5.0,0.050,50
2026-06-25 10:36:52,32.91,65.20,1005.00,50.00,500,0.500,100900,31.0,43.0,52.0,YES,YES,MASKED_ATTACK_GAS_LOAD_IAQ:50.0_VOC:0.500_GasRes:100900Ω,48023.6,0,5.0,0.050,50
2026-06-25 10:37:02,32.91,65.20,1005.00,50.00,500,0.500,100900,31.0,43.0,52.0,YES,YES,MASKED_ATTACK_GAS_LOAD_IAQ:50.0_VOC:0.500_GasRes:100900Ω,48034.1,0,5.0,0.050,50
2026-06-25 10:37:12,32.91,65.20,1005.00,50.00,500,0.500,100900,30.0,43.0,52.0,YES,YES,MASKED_ATTACK_GAS_LOAD_IAQ:50.0_VOC:0.500_GasRes:100900Ω,48043.5,0,5.0,0.050,50
2026-06-25 10:37:22,32.91,65.20,1005.00,50.00,500,0.500,100900,31.0,44.0,55.0,YES,YES,MASKED_ATTACK_GAS_LOAD_IAQ:50.0_VOC:0.500_GasRes:100900Ω,48053.9,0,5.0,0.050,50
2026-06-25 10:37:31,32.91,65.20,1005.00,50.00,500,0.500,100900,31.0,43.0,53.0,YES,YES,MASKED_ATTACK_GAS_LOAD_IAQ:50.0_VOC:0.500_GasRes:100900Ω,48063.3,0,5.0,0.050,50
2026-06-25 10:37:42,33.02,65.19,1005.00,51.66,548,0.558,99800,30.0,42.0,51.0,YES,YES,UNKNOWN_ANALYSIS_IAQ52_VOC0.56ppm,48073.7,0,5.0,0.050,50
2026-06-25 10:37:52,33.02,65.19,1005.00,51.66,548,0.558,99800,30.0,41.0,50.0,YES,YES,UNKNOWN_ANALYSIS_IAQ52_VOC0.56ppm,48084.2,0,5.0,0.050,50
2026-06-25 10:38:02,33.02,65.19,1005.00,51.66,548,0.558,99800,30.0,42.0,51.0,YES,YES,UNKNOWN_ANALYSIS_IAQ52_VOC0.56ppm,48093.6,0,5.0,0.050,50
2026-06-25 10:38:12,33.02,65.19,1005.00,51.66,548,0.558,99800,30.0,42.0,51.0,YES,YES,UNKNOWN_ANALYSIS_IAQ52_VOC0.56ppm,48104.0,0,5.0,0.050,50
2026-06-25 10:38:22,33.02,65.19,1005.00,51.66,548,0.558,99800,30.0,42.0,51.0,YES,YES,UNKNOWN_ANALYSIS_IAQ52_VOC0.56ppm,48113.4,0,5.0,0.050,50
2026-06-25 10:38:32,33.02,65.19,1005.00,51.66,548,0.558,99800,31.0,43.0,51.0,YES,YES,UNKNOWN_ANALYSIS_IAQ52_VOC0.56ppm,48123.9,0,5.0,0.050,50
2026-06-25 10:38:42,33.02,65.19,1005.00,51.66,548,0.558,99800,29.0,42.0,49.0,YES,YES,UNKNOWN_ANALYSIS_IAQ52_VOC0.56ppm,48134.3,0,5.0,0.050,50
2026-06-25 10:38:52,33.02,65.19,1005.00,51.66,548,0.558,99800,30.0,42.0,51.0,YES,YES,UNKNOWN_ANALYSIS_IAQ52_VOC0.56ppm,48143.7,0,5.0,0.050,50
2026-06-25 10:39:02,33.02,65.19,1005.00,51.66,548,0.558,99800,31.0,42.0,52.0,YES,YES,UNKNOWN_ANALYSIS_IAQ52_VOC0.56ppm,48154.1,0,5.0,0.050,50
2026-06-25 10:39:12,33.02,65.19,1005.00,51.66,548,0.558,99800,31.0,42.0,51.0,YES,YES,UNKNOWN_ANALYSIS_IAQ52_VOC0.56ppm,48163.5,0,5.0,0.050,50
2026-06-25 10:39:22,33.02,65.19,1005.00,51.66,548,0.558,99800,30.0,42.0,51.0,YES,YES,UNKNOWN_ANALYSIS_IAQ52_VOC0.56ppm,48174.0,0,5.0,0.050,50
2026-06-25 10:39:33,33.02,65.19,1005.00,51.66,548,0.558,99800,29.0,41.0,49.0,YES,YES,UNKNOWN_ANALYSIS_IAQ52_VOC0.56ppm,48184.4,0,5.0,0.050,50
2026-06-25 10:39:42,33.02,65.19,1005.00,51.66,548,0.558,99800,29.0,43.0,51.0,YES,YES,UNKNOWN_ANALYSIS_IAQ52_VOC0.56ppm,48193.8,0,5.0,0.050,50
2026-06-25 10:39:52,33.02,65.19,1005.00,51.66,548,0.558,99800,29.0,43.0,51.0,YES,YES,UNKNOWN_ANALYSIS_IAQ52_VOC0.56ppm,48204.2,0,5.0,0.050,50
2026-06-25 10:40:02,33.02,65.19,1005.00,51.66,548,0.558,99800,29.0,41.0,49.0,YES,YES,UNKNOWN_ANALYSIS_IAQ52_VOC0.56ppm,48213.7,0,5.0,0.050,50
2026-06-25 10:40:12,33.02,65.19,1005.00,51.66,548,0.558,99800,30.0,41.0,49.0,YES,YES,UNKNOWN_ANALYSIS_IAQ52_VOC0.56ppm,48224.1,0,5.0,0.050,50
2026-06-25 10:40:23,33.02,65.19,1005.00,51.66,548,0.558,99800,30.0,41.0,49.0,YES,YES,UNKNOWN_ANALYSIS_IAQ52_VOC0.56ppm,48234.5,0,5.0,0.050,50
2026-06-25 10:40:32,33.02,65.19,1005.00,51.66,548,0.558,99800,29.0,41.0,49.0,YES,YES,UNKNOWN_ANALYSIS_IAQ52_VOC0.56ppm,48243.9,0,5.0,0.050,50
2026-06-25 10:40:43,33.02,65.19,1005.00,51.66,548,0.558,99800,30.0,43.0,51.0,YES,YES,UNKNOWN_ANALYSIS_IAQ52_VOC0.56ppm,48254.4,0,5.0,0.050,50
2026-06-25 10:40:53,33.02,65.19,1005.00,51.66,548,0.558,99800,29.0,43.0,51.0,YES,YES,UNKNOWN_ANALYSIS_IAQ52_VOC0.56ppm,48264.8,0,5.0,0.050,50
2026-06-25 10:41:02,33.02,65.19,1005.00,51.66,548,0.558,99800,30.0,43.0,51.0,YES,YES,UNKNOWN_ANALYSIS_IAQ52_VOC0.56ppm,48274.2,0,5.0,0.050,50
2026-06-25 10:41:13,33.02,65.19,1005.00,51.66,548,0.558,99800,30.0,42.0,50.0,YES,YES,UNKNOWN_ANALYSIS_IAQ52_VOC0.56ppm,48284.7,0,5.0,0.050,50
2026-06-25 10:41:22,33.02,65.19,1005.00,51.66,548,0.558,99800,30.0,42.0,51.0,YES,YES,UNKNOWN_ANALYSIS_IAQ52_VOC0.56ppm,48294.1,0,5.0,0.050,50
2026-06-25 10:41:33,33.02,65.19,1005.00,51.66,548,0.558,99800,29.0,41.0,50.0,YES,YES,UNKNOWN_ANALYSIS_IAQ52_VOC0.56ppm,48304.5,0,5.0,0.050,50
2026-06-25 10:41:43,33.02,65.19,1005.00,51.66,548,0.558,99800,29.0,41.0,49.0,YES,YES,UNKNOWN_ANALYSIS_IAQ52_VOC0.56ppm,48314.9,0,5.0,0.050,50
2026-06-25 10:41:52,33.02,65.19,1005.00,51.66,548,0.558,99800,30.0,42.0,52.0,YES,YES,UNKNOWN_ANALYSIS_IAQ52_VOC0.56ppm,48324.3,0,5.0,0.050,50
2026-06-25 10:42:03,33.02,65.19,1005.00,51.66,548,0.558,99800,29.0,42.0,51.0,YES,YES,UNKNOWN_ANALYSIS_IAQ52_VOC0.56ppm,48334.8,0,5.0,0.050,50
2026-06-25 10:42:12,33.02,65.19,1005.00,51.66,548,0.558,99800,30.0,43.0,53.0,YES,YES,UNKNOWN_ANALYSIS_IAQ52_VOC0.56ppm,48344.2,0,5.0,0.050,50
2026-06-25 10:42:23,33.02,65.19,1005.00,51.66,548,0.558,99800,29.0,43.0,52.0,YES,YES,UNKNOWN_ANALYSIS_IAQ52_VOC0.56ppm,48354.6,0,5.0,0.050,50
2026-06-25 10:42:33,33.02,65.19,1005.00,51.66,548,0.558,99800,29.0,42.0,52.0,YES,YES,UNKNOWN_ANALYSIS_IAQ52_VOC0.56ppm,48365.1,0,5.0,0.050,50
2026-06-25 10:42:43,33.11,65.26,1005.00,55.19,651,0.703,97800,28.0,41.0,49.0,YES,YES,UNKNOWN_ANALYSIS_IAQ55_VOC0.70ppm,48374.5,0,5.0,0.050,50
2026-06-25 10:42:53,33.11,65.26,1005.00,55.19,651,0.703,97800,28.0,41.0,48.0,YES,YES,UNKNOWN_ANALYSIS_IAQ55_VOC0.70ppm,48384.9,0,5.0,0.050,50
2026-06-25 10:43:02,33.11,65.26,1005.00,55.19,651,0.703,97800,28.0,41.0,49.0,YES,YES,UNKNOWN_ANALYSIS_IAQ55_VOC0.70ppm,48394.3,0,5.0,0.050,50
2026-06-25 10:43:13,33.11,65.26,1005.00,55.19,651,0.703,97800,29.0,42.0,51.0,YES,YES,UNKNOWN_ANALYSIS_IAQ55_VOC0.70ppm,48404.7,0,5.0,0.050,50
2026-06-25 10:43:23,33.11,65.26,1005.00,55.19,651,0.703,97800,31.0,44.0,52.0,YES,YES,UNKNOWN_ANALYSIS_IAQ55_VOC0.70ppm,48415.2,0,5.0,0.050,50
2026-06-25 10:43:33,33.11,65.26,1005.00,55.19,651,0.703,97800,30.0,43.0,51.0,YES,YES,UNKNOWN_ANALYSIS_IAQ55_VOC0.70ppm,48424.6,0,5.0,0.050,50
2026-06-25 10:43:43,33.11,65.26,1005.00,55.19,651,0.703,97800,30.0,42.0,51.0,YES,YES,UNKNOWN_ANALYSIS_IAQ55_VOC0.70ppm,48435.0,0,5.0,0.050,50
2026-06-25 10:43:53,33.11,65.26,1005.00,55.19,651,0.703,97800,31.0,43.0,52.0,YES,YES,UNKNOWN_ANALYSIS_IAQ55_VOC0.70ppm,48444.4,0,5.0,0.050,50
2026-06-25 10:44:03,33.11,65.26,1005.00,55.19,651,0.703,97800,29.0,41.0,50.0,YES,YES,UNKNOWN_ANALYSIS_IAQ55_VOC0.70ppm,48454.8,0,5.0,0.050,50
2026-06-25 10:44:13,33.11,65.26,1005.00,55.19,651,0.703,97800,30.0,42.0,51.0,YES,YES,UNKNOWN_ANALYSIS_IAQ55_VOC0.70ppm,48465.3,0,5.0,0.050,50
2026-06-25 10:44:23,33.11,65.26,1005.00,55.19,651,0.703,97800,30.0,43.0,51.0,YES,YES,UNKNOWN_ANALYSIS_IAQ55_VOC0.70ppm,48474.7,0,5.0,0.050,50
2026-06-25 10:44:33,33.11,65.26,1005.00,55.19,651,0.703,97800,31.0,43.0,51.0,YES,YES,UNKNOWN_ANALYSIS_IAQ55_VOC0.70ppm,48485.1,0,5.0,0.050,50
2026-06-25 10:44:44,33.11,65.26,1005.00,55.19,651,0.703,97800,31.0,43.0,53.0,YES,YES,UNKNOWN_ANALYSIS_IAQ55_VOC0.70ppm,48495.5,0,5.0,0.050,50
2026-06-25 10:44:53,33.11,65.26,1005.00,55.19,651,0.703,97800,31.0,43.0,53.0,YES,YES,UNKNOWN_ANALYSIS_IAQ55_VOC0.70ppm,48504.9,0,5.0,0.050,50
2026-06-25 10:45:04,33.11,65.26,1005.00,55.19,651,0.703,97800,30.0,41.0,51.0,YES,YES,UNKNOWN_ANALYSIS_IAQ55_VOC0.70ppm,48515.4,0,5.0,0.050,50
2026-06-25 10:45:13,33.11,65.26,1005.00,55.19,651,0.703,97800,30.0,42.0,51.0,YES,YES,UNKNOWN_ANALYSIS_IAQ55_VOC0.70ppm,48524.8,0,5.0,0.050,50
2026-06-25 10:45:23,33.11,65.26,1005.00,55.19,651,0.703,97800,31.0,43.0,52.0,YES,YES,UNKNOWN_ANALYSIS_IAQ55_VOC0.70ppm,48535.2,0,5.0,0.050,50
2026-06-25 10:45:34,33.11,65.26,1005.00,55.19,651,0.703,97800,31.0,43.0,53.0,YES,YES,UNKNOWN_ANALYSIS_IAQ55_VOC0.70ppm,48545.7,0,5.0,0.050,50
2026-06-25 10:45:43,33.11,65.26,1005.00,55.19,651,0.703,97800,31.0,43.0,55.0,YES,YES,UNKNOWN_ANALYSIS_IAQ55_VOC0.70ppm,48555.0,0,5.0,0.050,50
2026-06-25 10:45:54,33.11,65.26,1005.00,55.19,651,0.703,97800,30.0,42.0,51.0,YES,YES,UNKNOWN_ANALYSIS_IAQ55_VOC0.70ppm,48565.5,0,5.0,0.050,50
2026-06-25 10:46:04,33.11,65.26,1005.00,55.19,651,0.703,97800,30.0,43.0,51.0,YES,YES,UNKNOWN_ANALYSIS_IAQ55_VOC0.70ppm,48575.9,0,5.0,0.050,50
2026-06-25 10:46:13,33.11,65.26,1005.00,55.19,651,0.703,97800,30.0,43.0,54.0,YES,YES,UNKNOWN_ANALYSIS_IAQ55_VOC0.70ppm,48585.3,0,5.0,0.050,50
2026-06-25 10:46:24,33.11,65.26,1005.00,55.19,651,0.703,97800,31.0,44.0,54.0,YES,YES,UNKNOWN_ANALYSIS_IAQ55_VOC0.70ppm,48595.8,0,5.0,0.050,50
2026-06-25 10:46:33,33.11,65.26,1005.00,55.19,651,0.703,97800,31.0,44.0,52.0,YES,YES,UNKNOWN_ANALYSIS_IAQ55_VOC0.70ppm,48605.2,0,5.0,0.050,50
2026-06-25 10:46:44,33.11,65.26,1005.00,55.19,651,0.703,97800,30.0,43.0,51.0,YES,YES,UNKNOWN_ANALYSIS_IAQ55_VOC0.70ppm,48615.6,0,5.0,0.050,50
2026-06-25 10:46:54,33.11,65.26,1005.00,55.19,651,0.703,97800,30.0,43.0,53.0,YES,YES,UNKNOWN_ANALYSIS_IAQ55_VOC0.70ppm,48626.0,0,5.0,0.050,50
2026-06-25 10:47:04,33.11,65.26,1005.00,55.19,651,0.703,97800,29.0,43.0,51.0,YES,YES,UNKNOWN_ANALYSIS_IAQ55_VOC0.70ppm,48635.4,0,5.0,0.050,50
2026-06-25 10:47:14,33.11,65.26,1005.00,55.19,651,0.703,97800,31.0,44.0,52.0,YES,YES,UNKNOWN_ANALYSIS_IAQ55_VOC0.70ppm,48645.9,0,5.0,0.050,50
2026-06-25 10:47:23,33.11,65.26,1005.00,55.19,651,0.703,97800,29.0,43.0,50.0,YES,YES,UNKNOWN_ANALYSIS_IAQ55_VOC0.70ppm,48655.3,0,5.0,0.050,50
2026-06-25 10:47:34,33.11,65.26,1005.00,55.19,651,0.703,97800,29.0,43.0,51.0,YES,YES,UNKNOWN_ANALYSIS_IAQ55_VOC0.70ppm,48665.7,0,5.0,0.050,50
2026-06-25 10:47:44,33.12,65.23,1005.00,52.50,572,0.589,99100,29.0,43.0,51.0,YES,YES,UNKNOWN_ANALYSIS_IAQ53_VOC0.59ppm,48676.1,0,5.0,0.050,50
2026-06-25 10:47:54,33.12,65.23,1005.00,52.50,572,0.589,99100,30.0,43.0,51.0,YES,YES,UNKNOWN_ANALYSIS_IAQ53_VOC0.59ppm,48685.5,0,5.0,0.050,50
2026-06-25 10:48:04,33.12,65.23,1005.00,52.50,572,0.589,99100,31.0,43.0,52.0,YES,YES,UNKNOWN_ANALYSIS_IAQ53_VOC0.59ppm,48696.0,0,5.0,0.050,50
PMS7003: Unknown error
2026-06-25 10:48:13,33.12,65.23,1005.00,52.50,572,0.589,99100,31.0,43.0,52.0,YES,YES,UNKNOWN_ANALYSIS_IAQ53_VOC0.59ppm,48705.4,0,5.0,0.050,50
2026-06-25 10:48:24,33.12,65.23,1005.00,52.50,572,0.589,99100,31.0,43.0,52.0,YES,YES,UNKNOWN_ANALYSIS_IAQ53_VOC0.59ppm,48715.8,0,5.0,0.050,50
2026-06-25 10:48:34,33.12,65.23,1005.00,52.50,572,0.589,99100,30.0,42.0,52.0,YES,YES,UNKNOWN_ANALYSIS_IAQ53_VOC0.59ppm,48726.3,0,5.0,0.050,50
2026-06-25 10:48:44,33.12,65.23,1005.00,52.50,572,0.589,99100,30.0,41.0,51.0,YES,YES,UNKNOWN_ANALYSIS_IAQ53_VOC0.59ppm,48735.7,0,5.0,0.050,50
2026-06-25 10:48:54,33.12,65.23,1005.00,52.50,572,0.589,99100,31.0,43.0,53.0,YES,YES,UNKNOWN_ANALYSIS_IAQ53_VOC0.59ppm,48746.1,0,5.0,0.050,50
2026-06-25 10:49:04,33.12,65.23,1005.00,52.50,572,0.589,99100,30.0,42.0,52.0,YES,YES,UNKNOWN_ANALYSIS_IAQ53_VOC0.59ppm,48755.5,0,5.0,0.050,50
2026-06-25 10:49:14,33.12,65.23,1005.00,52.50,572,0.589,99100,31.0,44.0,53.0,YES,YES,UNKNOWN_ANALYSIS_IAQ53_VOC0.59ppm,48765.9,0,5.0,0.050,50
2026-06-25 10:49:25,33.12,65.23,1005.00,52.50,572,0.589,99100,31.0,44.0,52.0,YES,YES,UNKNOWN_ANALYSIS_IAQ53_VOC0.59ppm,48776.4,0,5.0,0.050,50
2026-06-25 10:49:34,33.12,65.23,1005.00,52.50,572,0.589,99100,31.0,44.0,52.0,YES,YES,UNKNOWN_ANALYSIS_IAQ53_VOC0.59ppm,48785.8,0,5.0,0.050,50
2026-06-25 10:49:44,33.12,65.23,1005.00,52.50,572,0.589,99100,31.0,44.0,54.0,YES,YES,UNKNOWN_ANALYSIS_IAQ53_VOC0.59ppm,48796.2,0,5.0,0.050,50
2026-06-25 10:49:55,33.12,65.23,1005.00,52.50,572,0.589,99100,30.0,43.0,52.0,YES,YES,UNKNOWN_ANALYSIS_IAQ53_VOC0.59ppm,48806.6,0,5.0,0.050,50
2026-06-25 10:50:04,33.12,65.23,1005.00,52.50,572,0.589,99100,30.0,43.0,52.0,YES,YES,UNKNOWN_ANALYSIS_IAQ53_VOC0.59ppm,48816.0,0,5.0,0.050,50
2026-06-25 10:50:15,33.12,65.23,1005.00,52.50,572,0.589,99100,30.0,43.0,51.0,YES,YES,UNKNOWN_ANALYSIS_IAQ53_VOC0.59ppm,48826.5,0,5.0,0.050,50
2026-06-25 10:50:24,33.12,65.23,1005.00,52.50,572,0.589,99100,31.0,44.0,52.0,YES,YES,UNKNOWN_ANALYSIS_IAQ53_VOC0.59ppm,48835.9,0,5.0,0.050,50
2026-06-25 10:50:34,33.12,65.23,1005.00,52.50,572,0.589,99100,31.0,44.0,52.0,YES,YES,UNKNOWN_ANALYSIS_IAQ53_VOC0.59ppm,48846.3,0,5.0,0.050,50
2026-06-25 10:50:45,33.12,65.23,1005.00,52.50,572,0.589,99100,30.0,43.0,52.0,YES,YES,UNKNOWN_ANALYSIS_IAQ53_VOC0.59ppm,48856.8,0,5.0,0.050,50
2026-06-25 10:50:54,33.12,65.23,1005.00,52.50,572,0.589,99100,30.0,43.0,51.0,YES,YES,UNKNOWN_ANALYSIS_IAQ53_VOC0.59ppm,48866.2,0,5.0,0.050,50
2026-06-25 10:51:05,33.12,65.23,1005.00,52.50,572,0.589,99100,30.0,42.0,51.0,YES,YES,UNKNOWN_ANALYSIS_IAQ53_VOC0.59ppm,48876.6,0,5.0,0.050,50
2026-06-25 10:51:14,33.12,65.23,1005.00,52.50,572,0.589,99100,30.0,42.0,50.0,YES,YES,UNKNOWN_ANALYSIS_IAQ53_VOC0.59ppm,48886.0,0,5.0,0.050,50
2026-06-25 10:51:25,33.12,65.23,1005.00,52.50,572,0.589,99100,29.0,41.0,49.0,YES,YES,UNKNOWN_ANALYSIS_IAQ53_VOC0.59ppm,48896.4,0,5.0,0.050,50
2026-06-25 10:51:35,33.12,65.23,1005.00,52.50,572,0.589,99100,30.0,43.0,52.0,YES,YES,UNKNOWN_ANALYSIS_IAQ53_VOC0.59ppm,48906.9,0,5.0,0.050,50
2026-06-25 10:51:44,33.12,65.23,1005.00,52.50,572,0.589,99100,30.0,42.0,52.0,YES,YES,UNKNOWN_ANALYSIS_IAQ53_VOC0.59ppm,48916.3,0,5.0,0.050,50
2026-06-25 10:51:55,33.12,65.23,1005.00,52.50,572,0.589,99100,29.0,43.0,52.0,YES,YES,UNKNOWN_ANALYSIS_IAQ53_VOC0.59ppm,48926.7,0,5.0,0.050,50
2026-06-25 10:52:04,33.12,65.23,1005.00,52.50,572,0.589,99100,30.0,44.0,53.0,YES,YES,UNKNOWN_ANALYSIS_IAQ53_VOC0.59ppm,48936.1,0,5.0,0.050,50
2026-06-25 10:52:15,33.12,65.23,1005.00,52.50,572,0.589,99100,29.0,43.0,52.0,YES,YES,UNKNOWN_ANALYSIS_IAQ53_VOC0.59ppm,48946.5,0,5.0,0.050,50
2026-06-25 10:52:25,33.12,65.23,1005.00,52.50,572,0.589,99100,31.0,44.0,53.0,YES,YES,UNKNOWN_ANALYSIS_IAQ53_VOC0.59ppm,48957.0,0,5.0,0.050,50
2026-06-25 10:52:34,33.12,65.23,1005.00,52.50,572,0.589,99100,31.0,43.0,52.0,YES,YES,UNKNOWN_ANALYSIS_IAQ53_VOC0.59ppm,48966.4,0,5.0,0.050,50
2026-06-25 10:52:45,33.16,65.23,1005.00,53.74,608,0.639,98400,30.0,42.0,50.0,YES,YES,UNKNOWN_ANALYSIS_IAQ54_VOC0.64ppm,48976.8,0,5.0,0.050,50
2026-06-25 10:52:54,33.16,65.23,1005.00,53.74,608,0.639,98400,30.0,41.0,49.0,YES,YES,UNKNOWN_ANALYSIS_IAQ54_VOC0.64ppm,48986.2,0,5.0,0.050,50
2026-06-25 10:53:05,33.16,65.23,1005.00,53.74,608,0.639,98400,29.0,41.0,51.0,YES,YES,UNKNOWN_ANALYSIS_IAQ54_VOC0.64ppm,48996.7,0,5.0,0.050,50
2026-06-25 10:53:15,33.16,65.23,1005.00,53.74,608,0.639,98400,29.0,42.0,51.0,YES,YES,UNKNOWN_ANALYSIS_IAQ54_VOC0.64ppm,49007.1,0,5.0,0.050,50
2026-06-25 10:53:25,33.16,65.23,1005.00,53.74,608,0.639,98400,30.0,42.0,52.0,YES,YES,UNKNOWN_ANALYSIS_IAQ54_VOC0.64ppm,49016.5,0,5.0,0.050,50
2026-06-25 10:53:35,33.16,65.23,1005.00,53.74,608,0.639,98400,30.0,42.0,51.0,YES,YES,UNKNOWN_ANALYSIS_IAQ54_VOC0.64ppm,49026.9,0,5.0,0.050,50
2026-06-25 10:53:46,33.16,65.23,1005.00,53.74,608,0.639,98400,31.0,43.0,51.0,YES,YES,UNKNOWN_ANALYSIS_IAQ54_VOC0.64ppm,49037.4,0,5.0,0.050,50
2026-06-25 10:53:55,33.16,65.23,1005.00,53.74,608,0.639,98400,30.0,42.0,49.0,YES,YES,UNKNOWN_ANALYSIS_IAQ54_VOC0.64ppm,49046.8,0,5.0,0.050,50
2026-06-25 10:54:05,33.16,65.23,1005.00,53.74,608,0.639,98400,29.0,42.0,51.0,YES,YES,UNKNOWN_ANALYSIS_IAQ54_VOC0.64ppm,49057.2,0,5.0,0.050,50
2026-06-25 10:54:15,33.16,65.23,1005.00,53.74,608,0.639,98400,29.0,42.0,50.0,YES,YES,UNKNOWN_ANALYSIS_IAQ54_VOC0.64ppm,49066.6,0,5.0,0.050,50
2026-06-25 10:54:25,33.16,65.23,1005.00,53.74,608,0.639,98400,30.0,43.0,51.0,YES,YES,UNKNOWN_ANALYSIS_IAQ54_VOC0.64ppm,49077.1,0,5.0,0.050,50
2026-06-25 10:54:36,33.16,65.23,1005.00,53.74,608,0.639,98400,29.0,41.0,49.0,YES,YES,UNKNOWN_ANALYSIS_IAQ54_VOC0.64ppm,49087.5,0,5.0,0.050,50
2026-06-25 10:54:45,33.16,65.23,1005.00,53.74,608,0.639,98400,30.0,42.0,50.0,YES,YES,UNKNOWN_ANALYSIS_IAQ54_VOC0.64ppm,49096.9,0,5.0,0.050,50
2026-06-25 10:54:55,33.16,65.23,1005.00,53.74,608,0.639,98400,30.0,43.0,50.0,YES,YES,UNKNOWN_ANALYSIS_IAQ54_VOC0.64ppm,49107.3,0,5.0,0.050,50
2026-06-25 10:55:06,33.16,65.23,1005.00,53.74,608,0.639,98400,29.0,42.0,50.0,YES,YES,UNKNOWN_ANALYSIS_IAQ54_VOC0.64ppm,49117.8,0,5.0,0.050,50
2026-06-25 10:55:15,33.16,65.23,1005.00,53.74,608,0.639,98400,31.0,43.0,52.0,YES,YES,UNKNOWN_ANALYSIS_IAQ54_VOC0.64ppm,49127.2,0,5.0,0.050,50
2026-06-25 10:55:26,33.16,65.23,1005.00,53.74,608,0.639,98400,31.0,43.0,51.0,YES,YES,UNKNOWN_ANALYSIS_IAQ54_VOC0.64ppm,49137.6,0,5.0,0.050,50
2026-06-25 10:55:35,33.16,65.23,1005.00,53.74,608,0.639,98400,30.0,43.0,51.0,YES,YES,UNKNOWN_ANALYSIS_IAQ54_VOC0.64ppm,49147.0,0,5.0,0.050,50
2026-06-25 10:55:46,33.16,65.23,1005.00,53.74,608,0.639,98400,31.0,43.0,52.0,YES,YES,UNKNOWN_ANALYSIS_IAQ54_VOC0.64ppm,49157.5,0,5.0,0.050,50
2026-06-25 10:55:56,33.16,65.23,1005.00,53.74,608,0.639,98400,30.0,42.0,51.0,YES,YES,UNKNOWN_ANALYSIS_IAQ54_VOC0.64ppm,49167.9,0,5.0,0.050,50
2026-06-25 10:56:05,33.16,65.23,1005.00,53.74,608,0.639,98400,31.0,43.0,52.0,YES,YES,UNKNOWN_ANALYSIS_IAQ54_VOC0.64ppm,49177.3,0,5.0,0.050,50
2026-06-25 10:56:16,33.16,65.23,1005.00,53.74,608,0.639,98400,29.0,42.0,51.0,YES,YES,UNKNOWN_ANALYSIS_IAQ54_VOC0.64ppm,49187.7,0,5.0,0.050,50
2026-06-25 10:56:25,33.16,65.23,1005.00,53.74,608,0.639,98400,29.0,43.0,51.0,YES,YES,UNKNOWN_ANALYSIS_IAQ54_VOC0.64ppm,49197.1,0,5.0,0.050,50
2026-06-25 10:56:36,33.16,65.23,1005.00,53.74,608,0.639,98400,30.0,44.0,53.0,YES,YES,UNKNOWN_ANALYSIS_IAQ54_VOC0.64ppm,49207.6,0,5.0,0.050,50
2026-06-25 10:56:46,33.16,65.23,1005.00,53.74,608,0.639,98400,30.0,43.0,52.0,YES,YES,UNKNOWN_ANALYSIS_IAQ54_VOC0.64ppm,49218.0,0,5.0,0.050,50
2026-06-25 10:56:56,33.16,65.23,1005.00,53.74,608,0.639,98400,31.0,43.0,52.0,YES,YES,UNKNOWN_ANALYSIS_IAQ54_VOC0.64ppm,49227.4,0,5.0,0.050,50
2026-06-25 10:57:06,33.16,65.23,1005.00,53.74,608,0.639,98400,30.0,42.0,51.0,YES,YES,UNKNOWN_ANALYSIS_IAQ54_VOC0.64ppm,49237.8,0,5.0,0.050,50
2026-06-25 10:57:15,33.16,65.23,1005.00,53.74,608,0.639,98400,31.0,43.0,52.0,YES,YES,UNKNOWN_ANALYSIS_IAQ54_VOC0.64ppm,49247.2,0,5.0,0.050,50
2026-06-25 10:57:26,33.16,65.23,1005.00,53.74,608,0.639,98400,30.0,43.0,51.0,YES,YES,UNKNOWN_ANALYSIS_IAQ54_VOC0.64ppm,49257.7,0,5.0,0.050,50
2026-06-25 10:57:36,33.23,65.18,1005.00,51.80,552,0.562,99200,30.0,42.0,51.0,YES,YES,UNKNOWN_ANALYSIS_IAQ52_VOC0.56ppm,49268.1,0,5.0,0.050,50
2026-06-25 10:57:46,33.23,65.18,1005.00,51.80,552,0.562,99200,31.0,43.0,51.0,YES,YES,UNKNOWN_ANALYSIS_IAQ52_VOC0.56ppm,49277.5,0,5.0,0.050,50
2026-06-25 10:57:56,33.23,65.18,1005.00,51.80,552,0.562,99200,31.0,44.0,53.0,YES,YES,UNKNOWN_ANALYSIS_IAQ52_VOC0.56ppm,49288.0,0,5.0,0.050,50
2026-06-25 10:58:05,33.23,65.18,1005.00,51.80,552,0.562,99200,30.0,42.0,51.0,YES,YES,UNKNOWN_ANALYSIS_IAQ52_VOC0.56ppm,49297.4,0,5.0,0.050,50
2026-06-25 10:58:16,33.23,65.18,1005.00,51.80,552,0.562,99200,31.0,43.0,50.0,YES,YES,UNKNOWN_ANALYSIS_IAQ52_VOC0.56ppm,49307.8,0,5.0,0.050,50
2026-06-25 10:58:26,33.23,65.18,1005.00,51.80,552,0.562,99200,30.0,42.0,50.0,YES,YES,UNKNOWN_ANALYSIS_IAQ52_VOC0.56ppm,49318.3,0,5.0,0.050,50
2026-06-25 10:58:36,33.23,65.18,1005.00,51.80,552,0.562,99200,31.0,43.0,52.0,YES,YES,UNKNOWN_ANALYSIS_IAQ52_VOC0.56ppm,49327.7,0,5.0,0.050,50
2026-06-25 10:58:46,33.23,65.18,1005.00,51.80,552,0.562,99200,30.0,43.0,50.0,YES,YES,UNKNOWN_ANALYSIS_IAQ52_VOC0.56ppm,49338.1,0,5.0,0.050,50
2026-06-25 10:58:56,33.23,65.18,1005.00,51.80,552,0.562,99200,30.0,43.0,50.0,YES,YES,UNKNOWN_ANALYSIS_IAQ52_VOC0.56ppm,49347.5,0,5.0,0.050,50
2026-06-25 10:59:06,33.23,65.18,1005.00,51.80,552,0.562,99200,30.0,43.0,52.0,YES,YES,UNKNOWN_ANALYSIS_IAQ52_VOC0.56ppm,49357.9,0,5.0,0.050,50
2026-06-25 10:59:17,33.23,65.18,1005.00,51.80,552,0.562,99200,31.0,43.0,52.0,YES,YES,UNKNOWN_ANALYSIS_IAQ52_VOC0.56ppm,49368.4,0,5.0,0.050,50
2026-06-25 10:59:26,33.23,65.18,1005.00,51.80,552,0.562,99200,31.0,43.0,52.0,YES,YES,UNKNOWN_ANALYSIS_IAQ52_VOC0.56ppm,49377.8,0,5.0,0.050,50
2026-06-25 10:59:36,33.23,65.18,1005.00,51.80,552,0.562,99200,30.0,42.0,51.0,YES,YES,UNKNOWN_ANALYSIS_IAQ52_VOC0.56ppm,49388.2,0,5.0,0.050,50
2026-06-25 10:59:46,33.23,65.18,1005.00,51.80,552,0.562,99200,30.0,42.0,51.0,YES,YES,UNKNOWN_ANALYSIS_IAQ52_VOC0.56ppm,49397.6,0,5.0,0.050,50
2026-06-25 10:59:56,33.23,65.18,1005.00,51.80,552,0.562,99200,30.0,42.0,51.0,YES,YES,UNKNOWN_ANALYSIS_IAQ52_VOC0.56ppm,49408.1,0,5.0,0.050,50
2026-06-25 11:00:07,33.23,65.18,1005.00,51.80,552,0.562,99200,31.0,43.0,52.0,YES,YES,UNKNOWN_ANALYSIS_IAQ52_VOC0.56ppm,49418.5,0,5.0,0.050,50
2026-06-25 11:00:16,33.23,65.18,1005.00,51.80,552,0.562,99200,30.0,42.0,52.0,YES,YES,UNKNOWN_ANALYSIS_IAQ52_VOC0.56ppm,49427.9,0,5.0,0.050,50
2026-06-25 11:00:26,33.23,65.18,1005.00,51.80,552,0.562,99200,30.0,43.0,52.0,YES,YES,UNKNOWN_ANALYSIS_IAQ52_VOC0.56ppm,49438.3,0,5.0,0.050,50
2026-06-25 11:00:37,33.23,65.18,1005.00,51.80,552,0.562,99200,29.0,42.0,51.0,YES,YES,UNKNOWN_ANALYSIS_IAQ52_VOC0.56ppm,49448.8,0,5.0,0.050,50
2026-06-25 11:00:46,33.23,65.18,1005.00,51.80,552,0.562,99200,30.0,43.0,51.0,YES,YES,UNKNOWN_ANALYSIS_IAQ52_VOC0.56ppm,49458.2,0,5.0,0.050,50
2026-06-25 11:00:57,33.23,65.18,1005.00,51.80,552,0.562,99200,30.0,43.0,52.0,YES,YES,UNKNOWN_ANALYSIS_IAQ52_VOC0.56ppm,49468.6,0,5.0,0.050,50
2026-06-25 11:01:06,33.23,65.18,1005.00,51.80,552,0.562,99200,31.0,43.0,52.0,YES,YES,UNKNOWN_ANALYSIS_IAQ52_VOC0.56ppm,49478.0,0,5.0,0.050,50
2026-06-25 11:01:17,33.23,65.18,1005.00,51.80,552,0.562,99200,30.0,41.0,51.0,YES,YES,UNKNOWN_ANALYSIS_IAQ52_VOC0.56ppm,49488.5,0,5.0,0.050,50
2026-06-25 11:01:27,33.23,65.18,1005.00,51.80,552,0.562,99200,31.0,43.0,52.0,YES,YES,UNKNOWN_ANALYSIS_IAQ52_VOC0.56ppm,49498.9,0,5.0,0.050,50
2026-06-25 11:01:36,33.23,65.18,1005.00,51.80,552,0.562,99200,31.0,43.0,53.0,YES,YES,UNKNOWN_ANALYSIS_IAQ52_VOC0.56ppm,49508.3,0,5.0,0.050,50
2026-06-25 11:01:47,33.23,65.18,1005.00,51.80,552,0.562,99200,31.0,43.0,53.0,YES,YES,UNKNOWN_ANALYSIS_IAQ52_VOC0.56ppm,49518.8,0,5.0,0.050,50
2026-06-25 11:01:56,33.23,65.18,1005.00,51.80,552,0.562,99200,31.0,42.0,52.0,YES,YES,UNKNOWN_ANALYSIS_IAQ52_VOC0.56ppm,49528.2,0,5.0,0.050,50
2026-06-25 11:02:07,33.23,65.18,1005.00,51.80,552,0.562,99200,29.0,42.0,50.0,YES,YES,UNKNOWN_ANALYSIS_IAQ52_VOC0.56ppm,49538.6,0,5.0,0.050,50
2026-06-25 11:02:17,33.23,65.18,1005.00,51.80,552,0.562,99200,31.0,43.0,52.0,YES,YES,UNKNOWN_ANALYSIS_IAQ52_VOC0.56ppm,49549.1,0,5.0,0.050,50
2026-06-25 11:02:27,33.23,65.18,1005.00,51.80,552,0.562,99200,30.0,43.0,52.0,YES,YES,UNKNOWN_ANALYSIS_IAQ52_VOC0.56ppm,49558.5,0,5.0,0.050,50
2026-06-25 11:02:37,33.29,65.05,1005.00,50.00,500,0.500,101500,30.0,43.0,52.0,YES,YES,MASKED_ATTACK_GAS_LOAD_IAQ:50.0_VOC:0.500_GasRes:101500Ω,49568.9,0,5.0,0.050,50
2026-06-25 11:02:46,33.29,65.05,1005.00,50.00,500,0.500,101500,30.0,43.0,52.0,YES,YES,MASKED_ATTACK_GAS_LOAD_IAQ:50.0_VOC:0.500_GasRes:101500Ω,49578.3,0,5.0,0.050,50
2026-06-25 11:02:57,33.29,65.05,1005.00,50.00,500,0.500,101500,31.0,44.0,55.0,YES,YES,MASKED_ATTACK_GAS_LOAD_IAQ:50.0_VOC:0.500_GasRes:101500Ω,49588.7,0,5.0,0.050,50
2026-06-25 11:03:07,33.29,65.05,1005.00,50.00,500,0.500,101500,30.0,43.0,52.0,YES,YES,MASKED_ATTACK_GAS_LOAD_IAQ:50.0_VOC:0.500_GasRes:101500Ω,49599.2,0,5.0,0.050,50
2026-06-25 11:03:17,33.29,65.05,1005.00,50.00,500,0.500,101500,30.0,43.0,52.0,YES,YES,MASKED_ATTACK_GAS_LOAD_IAQ:50.0_VOC:0.500_GasRes:101500Ω,49608.6,0,5.0,0.050,50
2026-06-25 11:03:27,33.29,65.05,1005.00,50.00,500,0.500,101500,30.0,43.0,51.0,YES,YES,MASKED_ATTACK_GAS_LOAD_IAQ:50.0_VOC:0.500_GasRes:101500Ω,49619.0,0,5.0,0.050,50
2026-06-25 11:03:37,33.29,65.05,1005.00,50.00,500,0.500,101500,31.0,44.0,52.0,YES,YES,MASKED_ATTACK_GAS_LOAD_IAQ:50.0_VOC:0.500_GasRes:101500Ω,49628.4,0,5.0,0.050,50
2026-06-25 11:03:47,33.29,65.05,1005.00,50.00,500,0.500,101500,30.0,43.0,51.0,YES,YES,MASKED_ATTACK_GAS_LOAD_IAQ:50.0_VOC:0.500_GasRes:101500Ω,49638.9,0,5.0,0.050,50
2026-06-25 11:03:57,33.29,65.05,1005.00,50.00,500,0.500,101500,29.0,43.0,51.0,YES,YES,MASKED_ATTACK_GAS_LOAD_IAQ:50.0_VOC:0.500_GasRes:101500Ω,49649.3,0,5.0,0.050,50
2026-06-25 11:04:07,33.29,65.05,1005.00,50.00,500,0.500,101500,30.0,43.0,51.0,YES,YES,MASKED_ATTACK_GAS_LOAD_IAQ:50.0_VOC:0.500_GasRes:101500Ω,49658.7,0,5.0,0.050,50
2026-06-25 11:04:17,33.29,65.05,1005.00,50.00,500,0.500,101500,31.0,43.0,52.0,YES,YES,MASKED_ATTACK_GAS_LOAD_IAQ:50.0_VOC:0.500_GasRes:101500Ω,49669.2,0,5.0,0.050,50
2026-06-25 11:04:27,33.29,65.05,1005.00,50.00,500,0.500,101500,30.0,43.0,53.0,YES,YES,MASKED_ATTACK_GAS_LOAD_IAQ:50.0_VOC:0.500_GasRes:101500Ω,49678.6,0,5.0,0.050,50
2026-06-25 11:04:37,33.29,65.05,1005.00,50.00,500,0.500,101500,30.0,42.0,52.0,YES,YES,MASKED_ATTACK_GAS_LOAD_IAQ:50.0_VOC:0.500_GasRes:101500Ω,49689.0,0,5.0,0.050,50
2026-06-25 11:04:48,33.29,65.05,1005.00,50.00,500,0.500,101500,30.0,42.0,51.0,YES,YES,MASKED_ATTACK_GAS_LOAD_IAQ:50.0_VOC:0.500_GasRes:101500Ω,49699.5,0,5.0,0.050,50
2026-06-25 11:04:57,33.29,65.05,1005.00,50.00,500,0.500,101500,31.0,44.0,52.0,YES,YES,MASKED_ATTACK_GAS_LOAD_IAQ:50.0_VOC:0.500_GasRes:101500Ω,49708.9,0,5.0,0.050,50
2026-06-25 11:05:07,33.29,65.05,1005.00,50.00,500,0.500,101500,31.0,44.0,52.0,YES,YES,MASKED_ATTACK_GAS_LOAD_IAQ:50.0_VOC:0.500_GasRes:101500Ω,49719.3,0,5.0,0.050,50
2026-06-25 11:05:17,33.29,65.05,1005.00,50.00,500,0.500,101500,31.0,44.0,53.0,YES,YES,MASKED_ATTACK_GAS_LOAD_IAQ:50.0_VOC:0.500_GasRes:101500Ω,49728.7,0,5.0,0.050,50
2026-06-25 11:05:27,33.29,65.05,1005.00,50.00,500,0.500,101500,31.0,44.0,53.0,YES,YES,MASKED_ATTACK_GAS_LOAD_IAQ:50.0_VOC:0.500_GasRes:101500Ω,49739.2,0,5.0,0.050,50
2026-06-25 11:05:38,33.29,65.05,1005.00,50.00,500,0.500,101500,31.0,44.0,53.0,YES,YES,MASKED_ATTACK_GAS_LOAD_IAQ:50.0_VOC:0.500_GasRes:101500Ω,49749.6,0,5.0,0.050,50
2026-06-25 11:05:47,33.29,65.05,1005.00,50.00,500,0.500,101500,31.0,44.0,53.0,YES,YES,MASKED_ATTACK_GAS_LOAD_IAQ:50.0_VOC:0.500_GasRes:101500Ω,49759.0,0,5.0,0.050,50
2026-06-25 11:05:58,33.29,65.05,1005.00,50.00,500,0.500,101500,30.0,42.0,50.0,YES,YES,MASKED_ATTACK_GAS_LOAD_IAQ:50.0_VOC:0.500_GasRes:101500Ω,49769.4,0,5.0,0.050,50
2026-06-25 11:06:07,33.29,65.05,1005.00,50.00,500,0.500,101500,31.0,43.0,52.0,YES,YES,MASKED_ATTACK_GAS_LOAD_IAQ:50.0_VOC:0.500_GasRes:101500Ω,49778.9,0,5.0,0.050,50
2026-06-25 11:06:17,33.29,65.05,1005.00,50.00,500,0.500,101500,30.0,42.0,51.0,YES,YES,MASKED_ATTACK_GAS_LOAD_IAQ:50.0_VOC:0.500_GasRes:101500Ω,49789.3,0,5.0,0.050,50
2026-06-25 11:06:28,33.29,65.05,1005.00,50.00,500,0.500,101500,30.0,42.0,49.0,YES,YES,MASKED_ATTACK_GAS_LOAD_IAQ:50.0_VOC:0.500_GasRes:101500Ω,49799.7,0,5.0,0.050,50
2026-06-25 11:06:37,33.29,65.05,1005.00,50.00,500,0.500,101500,31.0,43.0,51.0,YES,YES,MASKED_ATTACK_GAS_LOAD_IAQ:50.0_VOC:0.500_GasRes:101500Ω,49809.1,0,5.0,0.050,50
2026-06-25 11:06:48,33.29,65.05,1005.00,50.00,500,0.500,101500,31.0,42.0,51.0,YES,YES,MASKED_ATTACK_GAS_LOAD_IAQ:50.0_VOC:0.500_GasRes:101500Ω,49819.6,0,5.0,0.050,50
2026-06-25 11:06:57,33.29,65.05,1005.00,50.00,500,0.500,101500,29.0,41.0,49.0,YES,YES,MASKED_ATTACK_GAS_LOAD_IAQ:50.0_VOC:0.500_GasRes:101500Ω,49829.0,0,5.0,0.050,50
2026-06-25 11:07:08,33.29,65.05,1005.00,50.00,500,0.500,101500,30.0,42.0,51.0,YES,YES,MASKED_ATTACK_GAS_LOAD_IAQ:50.0_VOC:0.500_GasRes:101500Ω,49839.4,0,5.0,0.050,50
2026-06-25 11:07:18,33.29,65.05,1005.00,50.00,500,0.500,101500,31.0,43.0,53.0,YES,YES,MASKED_ATTACK_GAS_LOAD_IAQ:50.0_VOC:0.500_GasRes:101500Ω,49849.9,0,5.0,0.050,50
2026-06-25 11:07:27,33.29,65.05,1005.00,50.00,500,0.500,101500,29.0,42.0,52.0,YES,YES,MASKED_ATTACK_GAS_LOAD_IAQ:50.0_VOC:0.500_GasRes:101500Ω,49859.3,0,5.0,0.050,50
2026-06-25 11:07:38,33.38,65.00,1005.00,50.00,500,0.500,102400,31.0,43.0,50.0,YES,YES,MASKED_ATTACK_GAS_LOAD_IAQ:50.0_VOC:0.500_GasRes:102400Ω,49869.7,0,5.0,0.050,50
2026-06-25 11:07:47,33.38,65.00,1005.00,50.00,500,0.500,102400,31.0,42.0,50.0,YES,YES,MASKED_ATTACK_GAS_LOAD_IAQ:50.0_VOC:0.500_GasRes:102400Ω,49879.1,0,5.0,0.050,50
2026-06-25 11:07:58,33.38,65.00,1005.00,50.00,500,0.500,102400,31.0,43.0,51.0,YES,YES,MASKED_ATTACK_GAS_LOAD_IAQ:50.0_VOC:0.500_GasRes:102400Ω,49889.6,0,5.0,0.050,50
2026-06-25 11:08:08,33.38,65.00,1005.00,50.00,500,0.500,102400,30.0,42.0,49.0,YES,YES,MASKED_ATTACK_GAS_LOAD_IAQ:50.0_VOC:0.500_GasRes:102400Ω,49900.0,0,5.0,0.050,50
2026-06-25 11:08:18,33.38,65.00,1005.00,50.00,500,0.500,102400,31.0,44.0,52.0,YES,YES,MASKED_ATTACK_GAS_LOAD_IAQ:50.0_VOC:0.500_GasRes:102400Ω,49909.4,0,5.0,0.050,50
2026-06-25 11:08:28,33.38,65.00,1005.00,50.00,500,0.500,102400,31.0,43.0,52.0,YES,YES,MASKED_ATTACK_GAS_LOAD_IAQ:50.0_VOC:0.500_GasRes:102400Ω,49919.8,0,5.0,0.050,50
2026-06-25 11:08:37,33.38,65.00,1005.00,50.00,500,0.500,102400,31.0,43.0,52.0,YES,YES,MASKED_ATTACK_GAS_LOAD_IAQ:50.0_VOC:0.500_GasRes:102400Ω,49929.2,0,5.0,0.050,50
2026-06-25 11:08:48,33.38,65.00,1005.00,50.00,500,0.500,102400,30.0,42.0,50.0,YES,YES,MASKED_ATTACK_GAS_LOAD_IAQ:50.0_VOC:0.500_GasRes:102400Ω,49939.7,0,5.0,0.050,50
2026-06-25 11:08:58,33.38,65.00,1005.00,50.00,500,0.500,102400,30.0,44.0,52.0,YES,YES,MASKED_ATTACK_GAS_LOAD_IAQ:50.0_VOC:0.500_GasRes:102400Ω,49950.1,0,5.0,0.050,50
2026-06-25 11:09:08,33.38,65.00,1005.00,50.00,500,0.500,102400,30.0,44.0,52.0,YES,YES,MASKED_ATTACK_GAS_LOAD_IAQ:50.0_VOC:0.500_GasRes:102400Ω,49959.5,0,5.0,0.050,50
2026-06-25 11:09:18,33.38,65.00,1005.00,50.00,500,0.500,102400,29.0,42.0,50.0,YES,YES,MASKED_ATTACK_GAS_LOAD_IAQ:50.0_VOC:0.500_GasRes:102400Ω,49970.0,0,5.0,0.050,50
2026-06-25 11:09:27,33.38,65.00,1005.00,50.00,500,0.500,102400,30.0,43.0,52.0,YES,YES,MASKED_ATTACK_GAS_LOAD_IAQ:50.0_VOC:0.500_GasRes:102400Ω,49979.3,0,5.0,0.050,50
2026-06-25 11:09:38,33.38,65.00,1005.00,50.00,500,0.500,102400,30.0,43.0,51.0,YES,YES,MASKED_ATTACK_GAS_LOAD_IAQ:50.0_VOC:0.500_GasRes:102400Ω,49989.8,0,5.0,0.050,50
2026-06-25 11:09:48,33.38,65.00,1005.00,50.00,500,0.500,102400,30.0,42.0,49.0,YES,YES,MASKED_ATTACK_GAS_LOAD_IAQ:50.0_VOC:0.500_GasRes:102400Ω,50000.2,0,5.0,0.050,50
2026-06-25 11:09:58,33.38,65.00,1005.00,50.00,500,0.500,102400,30.0,42.0,49.0,YES,YES,MASKED_ATTACK_GAS_LOAD_IAQ:50.0_VOC:0.500_GasRes:102400Ω,50009.6,0,5.0,0.050,50
2026-06-25 11:10:08,33.38,65.00,1005.00,50.00,500,0.500,102400,31.0,42.0,50.0,YES,YES,MASKED_ATTACK_GAS_LOAD_IAQ:50.0_VOC:0.500_GasRes:102400Ω,50020.1,0,5.0,0.050,50
2026-06-25 11:10:18,33.38,65.00,1005.00,50.00,500,0.500,102400,30.0,41.0,49.0,YES,YES,MASKED_ATTACK_GAS_LOAD_IAQ:50.0_VOC:0.500_GasRes:102400Ω,50029.5,0,5.0,0.050,50
2026-06-25 11:10:28,33.38,65.00,1005.00,50.00,500,0.500,102400,31.0,42.0,50.0,YES,YES,MASKED_ATTACK_GAS_LOAD_IAQ:50.0_VOC:0.500_GasRes:102400Ω,50039.9,0,5.0,0.050,50
2026-06-25 11:10:38,33.38,65.00,1005.00,50.00,500,0.500,102400,30.0,41.0,49.0,YES,YES,MASKED_ATTACK_GAS_LOAD_IAQ:50.0_VOC:0.500_GasRes:102400Ω,50050.4,0,5.0,0.050,50
2026-06-25 11:10:48,33.38,65.00,1005.00,50.00,500,0.500,102400,30.0,42.0,50.0,YES,YES,MASKED_ATTACK_GAS_LOAD_IAQ:50.0_VOC:0.500_GasRes:102400Ω,50059.8,0,5.0,0.050,50
2026-06-25 11:10:58,33.38,65.00,1005.00,50.00,500,0.500,102400,31.0,43.0,52.0,YES,YES,MASKED_ATTACK_GAS_LOAD_IAQ:50.0_VOC:0.500_GasRes:102400Ω,50070.2,0,5.0,0.050,50
2026-06-25 11:11:09,33.38,65.00,1005.00,50.00,500,0.500,102400,30.0,41.0,51.0,YES,YES,MASKED_ATTACK_GAS_LOAD_IAQ:50.0_VOC:0.500_GasRes:102400Ω,50080.6,0,5.0,0.050,50
2026-06-25 11:11:18,33.38,65.00,1005.00,50.00,500,0.500,102400,31.0,43.0,52.0,YES,YES,MASKED_ATTACK_GAS_LOAD_IAQ:50.0_VOC:0.500_GasRes:102400Ω,50090.0,0,5.0,0.050,50
2026-06-25 11:11:29,33.38,65.00,1005.00,50.00,500,0.500,102400,31.0,44.0,53.0,YES,YES,MASKED_ATTACK_GAS_LOAD_IAQ:50.0_VOC:0.500_GasRes:102400Ω,50100.5,0,5.0,0.050,50
2026-06-25 11:11:38,33.38,65.00,1005.00,50.00,500,0.500,102400,31.0,43.0,52.0,YES,YES,MASKED_ATTACK_GAS_LOAD_IAQ:50.0_VOC:0.500_GasRes:102400Ω,50109.9,0,5.0,0.050,50
2026-06-25 11:11:48,33.38,65.00,1005.00,50.00,500,0.500,102400,30.0,42.0,51.0,YES,YES,MASKED_ATTACK_GAS_LOAD_IAQ:50.0_VOC:0.500_GasRes:102400Ω,50120.3,0,5.0,0.050,50
2026-06-25 11:11:59,33.38,65.00,1005.00,50.00,500,0.500,102400,31.0,42.0,51.0,YES,YES,MASKED_ATTACK_GAS_LOAD_IAQ:50.0_VOC:0.500_GasRes:102400Ω,50130.8,0,5.0,0.050,50
2026-06-25 11:12:08,33.38,65.00,1005.00,50.00,500,0.500,102400,30.0,41.0,52.0,YES,YES,MASKED_ATTACK_GAS_LOAD_IAQ:50.0_VOC:0.500_GasRes:102400Ω,50140.2,0,5.0,0.050,50
2026-06-25 11:12:19,33.38,65.00,1005.00,50.00,500,0.500,102400,29.0,40.0,51.0,YES,YES,MASKED_ATTACK_GAS_LOAD_IAQ:50.0_VOC:0.500_GasRes:102400Ω,50150.6,0,5.0,0.050,50
2026-06-25 11:12:28,33.38,65.00,1005.00,50.00,500,0.500,102400,31.0,41.0,52.0,YES,YES,MASKED_ATTACK_GAS_LOAD_IAQ:50.0_VOC:0.500_GasRes:102400Ω,50160.0,0,5.0,0.050,50
2026-06-25 11:12:39,33.35,64.93,1005.00,50.00,500,0.500,103500,31.0,42.0,52.0,YES,YES,MASKED_ATTACK_GAS_LOAD_IAQ:50.0_VOC:0.500_GasRes:103500Ω,50170.5,0,5.0,0.050,50
2026-06-25 11:12:49,33.35,64.93,1005.00,50.00,500,0.500,103500,31.0,43.0,53.0,YES,YES,MASKED_ATTACK_GAS_LOAD_IAQ:50.0_VOC:0.500_GasRes:103500Ω,50180.9,0,5.0,0.050,50
2026-06-25 11:12:58,33.35,64.93,1005.00,50.00,500,0.500,103500,30.0,42.0,51.0,YES,YES,MASKED_ATTACK_GAS_LOAD_IAQ:50.0_VOC:0.500_GasRes:103500Ω,50190.3,0,5.0,0.050,50
2026-06-25 11:13:09,33.35,64.93,1005.00,50.00,500,0.500,103500,30.0,42.0,51.0,YES,YES,MASKED_ATTACK_GAS_LOAD_IAQ:50.0_VOC:0.500_GasRes:103500Ω,50200.8,0,5.0,0.050,50
2026-06-25 11:13:18,33.35,64.93,1005.00,50.00,500,0.500,103500,29.0,42.0,52.0,YES,YES,MASKED_ATTACK_GAS_LOAD_IAQ:50.0_VOC:0.500_GasRes:103500Ω,50210.1,0,5.0,0.050,50
2026-06-25 11:13:29,33.35,64.93,1005.00,50.00,500,0.500,103500,29.0,42.0,51.0,YES,YES,MASKED_ATTACK_GAS_LOAD_IAQ:50.0_VOC:0.500_GasRes:103500Ω,50220.6,0,5.0,0.050,50
2026-06-25 11:13:39,33.35,64.93,1005.00,50.00,500,0.500,103500,29.0,42.0,51.0,YES,YES,MASKED_ATTACK_GAS_LOAD_IAQ:50.0_VOC:0.500_GasRes:103500Ω,50231.0,0,5.0,0.050,50
2026-06-25 11:13:49,33.35,64.93,1005.00,50.00,500,0.500,103500,31.0,44.0,54.0,YES,YES,MASKED_ATTACK_GAS_LOAD_IAQ:50.0_VOC:0.500_GasRes:103500Ω,50240.4,0,5.0,0.050,50
2026-06-25 11:13:59,33.35,64.93,1005.00,50.00,500,0.500,103500,31.0,44.0,53.0,YES,YES,MASKED_ATTACK_GAS_LOAD_IAQ:50.0_VOC:0.500_GasRes:103500Ω,50250.9,0,5.0,0.050,50
2026-06-25 11:14:08,33.35,64.93,1005.00,50.00,500,0.500,103500,31.0,44.0,54.0,YES,YES,MASKED_ATTACK_GAS_LOAD_IAQ:50.0_VOC:0.500_GasRes:103500Ω,50260.3,0,5.0,0.050,50
2026-06-25 11:14:19,33.35,64.93,1005.00,50.00,500,0.500,103500,30.0,43.0,54.0,YES,YES,MASKED_ATTACK_GAS_LOAD_IAQ:50.0_VOC:0.500_GasRes:103500Ω,50270.7,0,5.0,0.050,50
2026-06-25 11:14:29,33.35,64.93,1005.00,50.00,500,0.500,103500,30.0,43.0,54.0,YES,YES,MASKED_ATTACK_GAS_LOAD_IAQ:50.0_VOC:0.500_GasRes:103500Ω,50281.2,0,5.0,0.050,50
2026-06-25 11:14:39,33.35,64.93,1005.00,50.00,500,0.500,103500,31.0,44.0,54.0,YES,YES,MASKED_ATTACK_GAS_LOAD_IAQ:50.0_VOC:0.500_GasRes:103500Ω,50290.6,0,5.0,0.050,50
2026-06-25 11:14:49,33.35,64.93,1005.00,50.00,500,0.500,103500,31.0,43.0,53.0,YES,YES,MASKED_ATTACK_GAS_LOAD_IAQ:50.0_VOC:0.500_GasRes:103500Ω,50301.0,0,5.0,0.050,50
2026-06-25 11:14:59,33.35,64.93,1005.00,50.00,500,0.500,103500,30.0,42.0,51.0,YES,YES,MASKED_ATTACK_GAS_LOAD_IAQ:50.0_VOC:0.500_GasRes:103500Ω,50310.4,0,5.0,0.050,50
2026-06-25 11:15:09,33.35,64.93,1005.00,50.00,500,0.500,103500,31.0,43.0,55.0,YES,YES,MASKED_ATTACK_GAS_LOAD_IAQ:50.0_VOC:0.500_GasRes:103500Ω,50320.9,0,5.0,0.050,50
2026-06-25 11:15:19,33.35,64.93,1005.00,50.00,500,0.500,103500,31.0,43.0,54.0,YES,YES,MASKED_ATTACK_GAS_LOAD_IAQ:50.0_VOC:0.500_GasRes:103500Ω,50331.3,0,5.0,0.050,50
2026-06-25 11:15:29,33.35,64.93,1005.00,50.00,500,0.500,103500,30.0,43.0,54.0,YES,YES,MASKED_ATTACK_GAS_LOAD_IAQ:50.0_VOC:0.500_GasRes:103500Ω,50340.7,0,5.0,0.050,50
2026-06-25 11:15:39,33.35,64.93,1005.00,50.00,500,0.500,103500,30.0,43.0,52.0,YES,YES,MASKED_ATTACK_GAS_LOAD_IAQ:50.0_VOC:0.500_GasRes:103500Ω,50351.1,0,5.0,0.050,50
💾 Baseline state saved to EEPROM
💾 SAVED - IAQ: 5.0, VOC: 0.050 ppm, CO2: 50 ppm

=== SPIKE HISTORY ===
2026-06-25 11:15:49,33.35,64.93,1005.00,50.00,500,0.500,103500,30.0,43.0,52.0,YES,YES,MASKED_ATTACK_GAS_LOAD_IAQ:50.0_VOC:0.500_GasRes:103500Ω,50360.5,0,5.0,0.050,50
2026-06-25 11:15:59,33.35,64.93,1005.00,50.00,500,0.500,103500,30.0,43.0,52.0,YES,YES,MASKED_ATTACK_GAS_LOAD_IAQ:50.0_VOC:0.500_GasRes:103500Ω,50371.0,0,5.0,0.050,50
2026-06-25 11:16:10,33.35,64.93,1005.00,50.00,500,0.500,103500,31.0,43.0,52.0,YES,YES,MASKED_ATTACK_GAS_LOAD_IAQ:50.0_VOC:0.500_GasRes:103500Ω,50381.4,0,5.0,0.050,50
2026-06-25 11:16:19,33.35,64.93,1005.00,50.00,500,0.500,103500,30.0,43.0,51.0,YES,YES,MASKED_ATTACK_GAS_LOAD_IAQ:50.0_VOC:0.500_GasRes:103500Ω,50390.8,0,5.0,0.050,50
2026-06-25 11:16:29,33.35,64.93,1005.00,50.00,500,0.500,103500,31.0,44.0,53.0,YES,YES,MASKED_ATTACK_GAS_LOAD_IAQ:50.0_VOC:0.500_GasRes:103500Ω,50401.3,0,5.0,0.050,50
2026-06-25 11:16:40,33.35,64.93,1005.00,50.00,500,0.500,103500,32.0,44.0,53.0,YES,YES,MASKED_ATTACK_GAS_LOAD_IAQ:50.0_VOC:0.500_GasRes:103500Ω,50411.7,0,5.0,0.050,50
2026-06-25 11:16:49,33.35,64.93,1005.00,50.00,500,0.500,103500,33.0,45.0,53.0,YES,YES,MASKED_ATTACK_GAS_LOAD_IAQ:50.0_VOC:0.500_GasRes:103500Ω,50421.1,0,5.0,0.050,50
2026-06-25 11:17:00,33.35,64.93,1005.00,50.00,500,0.500,103500,31.0,45.0,53.0,YES,YES,MASKED_ATTACK_GAS_LOAD_IAQ:50.0_VOC:0.500_GasRes:103500Ω,50431.5,0,5.0,0.050,50
2026-06-25 11:17:09,33.35,64.93,1005.00,50.00,500,0.500,103500,30.0,44.0,53.0,YES,YES,MASKED_ATTACK_GAS_LOAD_IAQ:50.0_VOC:0.500_GasRes:103500Ω,50440.9,0,5.0,0.050,50
2026-06-25 11:17:20,33.35,64.93,1005.00,50.00,500,0.500,103500,30.0,43.0,53.0,YES,YES,MASKED_ATTACK_GAS_LOAD_IAQ:50.0_VOC:0.500_GasRes:103500Ω,50451.4,0,5.0,0.050,50
2026-06-25 11:17:30,33.35,64.93,1005.00,50.00,500,0.500,103500,30.0,43.0,53.0,YES,YES,MASKED_ATTACK_GAS_LOAD_IAQ:50.0_VOC:0.500_GasRes:103500Ω,50461.8,0,5.0,0.050,50
2026-06-25 11:17:39,33.23,65.10,1005.00,54.79,642,0.690,101200,30.0,43.0,52.0,YES,YES,MASKED_ATTACK_GAS_LOAD_IAQ:54.8_VOC:0.690_GasRes:101200Ω,50471.2,0,5.0,0.050,50
2026-06-25 11:17:50,33.23,65.10,1005.00,54.79,642,0.690,101200,30.0,43.0,52.0,YES,YES,MASKED_ATTACK_GAS_LOAD_IAQ:54.8_VOC:0.690_GasRes:101200Ω,50481.7,0,5.0,0.050,50
2026-06-25 11:17:59,33.23,65.10,1005.00,54.79,642,0.690,101200,31.0,44.0,53.0,YES,YES,MASKED_ATTACK_GAS_LOAD_IAQ:54.8_VOC:0.690_GasRes:101200Ω,50491.1,0,5.0,0.050,50
2026-06-25 11:18:10,33.23,65.10,1005.00,54.79,642,0.690,101200,30.0,43.0,54.0,YES,YES,MASKED_ATTACK_GAS_LOAD_IAQ:54.8_VOC:0.690_GasRes:101200Ω,50501.5,0,5.0,0.050,50
2026-06-25 11:18:20,33.23,65.10,1005.00,54.79,642,0.690,101200,32.0,44.0,53.0,YES,YES,MASKED_ATTACK_GAS_LOAD_IAQ:54.8_VOC:0.690_GasRes:101200Ω,50511.9,0,5.0,0.050,50
2026-06-25 11:18:29,33.23,65.10,1005.00,54.79,642,0.690,101200,32.0,43.0,53.0,YES,YES,MASKED_ATTACK_GAS_LOAD_IAQ:54.8_VOC:0.690_GasRes:101200Ω,50521.3,0,5.0,0.050,50
2026-06-25 11:18:40,33.23,65.10,1005.00,54.79,642,0.690,101200,32.0,45.0,54.0,YES,YES,MASKED_ATTACK_GAS_LOAD_IAQ:54.8_VOC:0.690_GasRes:101200Ω,50531.8,0,5.0,0.050,50
2026-06-25 11:18:49,33.23,65.10,1005.00,54.79,642,0.690,101200,32.0,45.0,54.0,YES,YES,MASKED_ATTACK_GAS_LOAD_IAQ:54.8_VOC:0.690_GasRes:101200Ω,50541.2,0,5.0,0.050,50
2026-06-25 11:19:00,33.23,65.10,1005.00,54.79,642,0.690,101200,31.0,44.0,53.0,YES,YES,MASKED_ATTACK_GAS_LOAD_IAQ:54.8_VOC:0.690_GasRes:101200Ω,50551.6,0,5.0,0.050,50
2026-06-25 11:19:10,33.23,65.10,1005.00,54.79,642,0.690,101200,32.0,45.0,55.0,YES,YES,MASKED_ATTACK_GAS_LOAD_IAQ:54.8_VOC:0.690_GasRes:101200Ω,50562.1,0,5.0,0.050,50
2026-06-25 11:19:20,33.23,65.10,1005.00,54.79,642,0.690,101200,31.0,44.0,54.0,YES,YES,MASKED_ATTACK_GAS_LOAD_IAQ:54.8_VOC:0.690_GasRes:101200Ω,50571.5,0,5.0,0.050,50
2026-06-25 11:19:30,33.23,65.10,1005.00,54.79,642,0.690,101200,32.0,45.0,55.0,YES,YES,MASKED_ATTACK_GAS_LOAD_IAQ:54.8_VOC:0.690_GasRes:101200Ω,50581.9,0,5.0,0.050,50
2026-06-25 11:19:39,33.23,65.10,1005.00,54.79,642,0.690,101200,32.0,45.0,54.0,YES,YES,MASKED_ATTACK_GAS_LOAD_IAQ:54.8_VOC:0.690_GasRes:101200Ω,50591.3,0,5.0,0.050,50
2026-06-25 11:19:50,33.23,65.10,1005.00,54.79,642,0.690,101200,31.0,44.0,53.0,YES,YES,MASKED_ATTACK_GAS_LOAD_IAQ:54.8_VOC:0.690_GasRes:101200Ω,50601.8,0,5.0,0.050,50
2026-06-25 11:20:00,33.23,65.10,1005.00,54.79,642,0.690,101200,32.0,44.0,53.0,YES,YES,MASKED_ATTACK_GAS_LOAD_IAQ:54.8_VOC:0.690_GasRes:101200Ω,50612.2,0,5.0,0.050,50
2026-06-25 11:20:10,33.23,65.10,1005.00,54.79,642,0.690,101200,31.0,44.0,52.0,YES,YES,MASKED_ATTACK_GAS_LOAD_IAQ:54.8_VOC:0.690_GasRes:101200Ω,50621.6,0,5.0,0.050,50
2026-06-25 11:20:20,33.23,65.10,1005.00,54.79,642,0.690,101200,30.0,43.0,51.0,YES,YES,MASKED_ATTACK_GAS_LOAD_IAQ:54.8_VOC:0.690_GasRes:101200Ω,50632.1,0,5.0,0.050,50
2026-06-25 11:20:31,33.23,65.10,1005.00,54.79,642,0.690,101200,30.0,43.0,54.0,YES,YES,MASKED_ATTACK_GAS_LOAD_IAQ:54.8_VOC:0.690_GasRes:101200Ω,50642.5,0,5.0,0.050,50
2026-06-25 11:20:40,33.23,65.10,1005.00,54.79,642,0.690,101200,31.0,44.0,55.0,YES,YES,MASKED_ATTACK_GAS_LOAD_IAQ:54.8_VOC:0.690_GasRes:101200Ω,50651.9,0,5.0,0.050,50
2026-06-25 11:20:50,33.23,65.10,1005.00,54.79,642,0.690,101200,31.0,45.0,55.0,YES,YES,MASKED_ATTACK_GAS_LOAD_IAQ:54.8_VOC:0.690_GasRes:101200Ω,50662.3,0,5.0,0.050,50
2026-06-25 11:21:00,33.23,65.10,1005.00,54.79,642,0.690,101200,31.0,44.0,54.0,YES,YES,MASKED_ATTACK_GAS_LOAD_IAQ:54.8_VOC:0.690_GasRes:101200Ω,50671.8,0,5.0,0.050,50
2026-06-25 11:21:10,33.23,65.10,1005.00,54.79,642,0.690,101200,32.0,45.0,55.0,YES,YES,MASKED_ATTACK_GAS_LOAD_IAQ:54.8_VOC:0.690_GasRes:101200Ω,50682.2,0,5.0,0.050,50
2026-06-25 11:21:21,33.23,65.10,1005.00,54.79,642,0.690,101200,31.0,43.0,52.0,YES,YES,MASKED_ATTACK_GAS_LOAD_IAQ:54.8_VOC:0.690_GasRes:101200Ω,50692.6,0,5.0,0.050,50
2026-06-25 11:21:30,33.23,65.10,1005.00,54.79,642,0.690,101200,32.0,44.0,53.0,YES,YES,MASKED_ATTACK_GAS_LOAD_IAQ:54.8_VOC:0.690_GasRes:101200Ω,50702.0,0,5.0,0.050,50
2026-06-25 11:21:41,33.23,65.10,1005.00,54.79,642,0.690,101200,31.0,43.0,54.0,YES,YES,MASKED_ATTACK_GAS_LOAD_IAQ:54.8_VOC:0.690_GasRes:101200Ω,50712.5,0,5.0,0.050,50
2026-06-25 11:21:50,33.23,65.10,1005.00,54.79,642,0.690,101200,32.0,45.0,55.0,YES,YES,MASKED_ATTACK_GAS_LOAD_IAQ:54.8_VOC:0.690_GasRes:101200Ω,50721.9,0,5.0,0.050,50
2026-06-25 11:22:00,33.23,65.10,1005.00,54.79,642,0.690,101200,31.0,44.0,54.0,YES,YES,MASKED_ATTACK_GAS_LOAD_IAQ:54.8_VOC:0.690_GasRes:101200Ω,50732.3,0,5.0,0.050,50
2026-06-25 11:22:10,33.23,65.10,1005.00,54.79,642,0.690,101200,32.0,45.0,53.0,YES,YES,MASKED_ATTACK_GAS_LOAD_IAQ:54.8_VOC:0.690_GasRes:101200Ω,50741.7,0,5.0,0.050,50
2026-06-25 11:22:20,33.23,65.10,1005.00,54.79,642,0.690,101200,32.0,46.0,55.0,YES,YES,MASKED_ATTACK_GAS_LOAD_IAQ:54.8_VOC:0.690_GasRes:101200Ω,50752.2,0,5.0,0.050,50
2026-06-25 11:22:31,33.23,65.10,1005.00,54.79,642,0.690,101200,33.0,45.0,55.0,YES,YES,MASKED_ATTACK_GAS_LOAD_IAQ:54.8_VOC:0.690_GasRes:101200Ω,50762.6,0,5.0,0.050,50
2026-06-25 11:22:40,33.21,65.28,1005.00,62.41,867,1.149,97300,32.0,45.0,55.0,YES,YES,UNKNOWN_ANALYSIS_IAQ62_VOC1.15ppm,50772.0,0,5.0,0.050,50
2026-06-25 11:22:51,33.21,65.28,1005.00,62.41,867,1.149,97300,31.0,44.0,54.0,YES,YES,UNKNOWN_ANALYSIS_IAQ62_VOC1.15ppm,50782.5,0,5.0,0.050,50
2026-06-25 11:23:01,33.21,65.28,1005.00,62.41,867,1.149,97300,31.0,44.0,54.0,YES,YES,UNKNOWN_ANALYSIS_IAQ62_VOC1.15ppm,50792.9,0,5.0,0.050,50
2026-06-25 11:23:10,33.21,65.28,1005.00,62.41,867,1.149,97300,33.0,44.0,55.0,YES,YES,UNKNOWN_ANALYSIS_IAQ62_VOC1.15ppm,50802.3,0,5.0,0.050,50
2026-06-25 11:23:21,33.21,65.28,1005.00,62.41,867,1.149,97300,31.0,43.0,53.0,YES,YES,UNKNOWN_ANALYSIS_IAQ62_VOC1.15ppm,50812.8,0,5.0,0.050,50
2026-06-25 11:23:30,33.21,65.28,1005.00,62.41,867,1.149,97300,32.0,44.0,54.0,YES,YES,UNKNOWN_ANALYSIS_IAQ62_VOC1.15ppm,50822.1,0,5.0,0.050,50
2026-06-25 11:23:41,33.21,65.28,1005.00,62.41,867,1.149,97300,33.0,44.0,53.0,YES,YES,UNKNOWN_ANALYSIS_IAQ62_VOC1.15ppm,50832.6,0,5.0,0.050,50
2026-06-25 11:23:51,33.21,65.28,1005.00,62.41,867,1.149,97300,31.0,43.0,52.0,YES,YES,UNKNOWN_ANALYSIS_IAQ62_VOC1.15ppm,50843.0,0,5.0,0.050,50
2026-06-25 11:24:01,33.21,65.28,1005.00,62.41,867,1.149,97300,31.0,45.0,54.0,YES,YES,UNKNOWN_ANALYSIS_IAQ62_VOC1.15ppm,50852.4,0,5.0,0.050,50
2026-06-25 11:24:11,33.21,65.28,1005.00,62.41,867,1.149,97300,32.0,45.0,56.0,YES,YES,UNKNOWN_ANALYSIS_IAQ62_VOC1.15ppm,50862.9,0,5.0,0.050,50
2026-06-25 11:24:20,33.21,65.28,1005.00,62.41,867,1.149,97300,32.0,46.0,55.0,YES,YES,UNKNOWN_ANALYSIS_IAQ62_VOC1.15ppm,50872.3,0,5.0,0.050,50
2026-06-25 11:24:31,33.21,65.28,1005.00,62.41,867,1.149,97300,31.0,44.0,54.0,YES,YES,UNKNOWN_ANALYSIS_IAQ62_VOC1.15ppm,50882.7,0,5.0,0.050,50
2026-06-25 11:24:41,33.21,65.28,1005.00,62.41,867,1.149,97300,30.0,44.0,54.0,YES,YES,UNKNOWN_ANALYSIS_IAQ62_VOC1.15ppm,50893.2,0,5.0,0.050,50
2026-06-25 11:24:51,33.21,65.28,1005.00,62.41,867,1.149,97300,31.0,45.0,55.0,YES,YES,UNKNOWN_ANALYSIS_IAQ62_VOC1.15ppm,50902.6,0,5.0,0.050,50
2026-06-25 11:25:01,33.21,65.28,1005.00,62.41,867,1.149,97300,30.0,44.0,53.0,YES,YES,UNKNOWN_ANALYSIS_IAQ62_VOC1.15ppm,50913.0,0,5.0,0.050,50
2026-06-25 11:25:11,33.21,65.28,1005.00,62.41,867,1.149,97300,32.0,45.0,53.0,YES,YES,UNKNOWN_ANALYSIS_IAQ62_VOC1.15ppm,50922.4,0,5.0,0.050,50
2026-06-25 11:25:21,33.21,65.28,1005.00,62.41,867,1.149,97300,31.0,44.0,52.0,YES,YES,UNKNOWN_ANALYSIS_IAQ62_VOC1.15ppm,50932.8,0,5.0,0.050,50
2026-06-25 11:25:31,33.21,65.28,1005.00,62.41,867,1.149,97300,31.0,45.0,54.0,YES,YES,UNKNOWN_ANALYSIS_IAQ62_VOC1.15ppm,50943.3,0,5.0,0.050,50
2026-06-25 11:25:41,33.21,65.28,1005.00,62.41,867,1.149,97300,31.0,44.0,54.0,YES,YES,UNKNOWN_ANALYSIS_IAQ62_VOC1.15ppm,50952.7,0,5.0,0.050,50
2026-06-25 11:25:51,33.21,65.28,1005.00,62.41,867,1.149,97300,33.0,45.0,54.0,YES,YES,UNKNOWN_ANALYSIS_IAQ62_VOC1.15ppm,50963.1,0,5.0,0.050,50
2026-06-25 11:26:01,33.21,65.28,1005.00,62.41,867,1.149,97300,32.0,46.0,55.0,YES,YES,UNKNOWN_ANALYSIS_IAQ62_VOC1.15ppm,50972.5,0,5.0,0.050,50
2026-06-25 11:26:11,33.21,65.28,1005.00,62.41,867,1.149,97300,30.0,44.0,53.0,YES,YES,UNKNOWN_ANALYSIS_IAQ62_VOC1.15ppm,50983.0,0,5.0,0.050,50
2026-06-25 11:26:22,33.21,65.28,1005.00,62.41,867,1.149,97300,30.0,45.0,54.0,YES,YES,UNKNOWN_ANALYSIS_IAQ62_VOC1.15ppm,50993.4,0,5.0,0.050,50
2026-06-25 11:26:31,33.21,65.28,1005.00,62.41,867,1.149,97300,32.0,46.0,55.0,YES,YES,UNKNOWN_ANALYSIS_IAQ62_VOC1.15ppm,51002.8,0,5.0,0.050,50
2026-06-25 11:26:41,33.21,65.28,1005.00,62.41,867,1.149,97300,32.0,45.0,55.0,YES,YES,UNKNOWN_ANALYSIS_IAQ62_VOC1.15ppm,51013.3,0,5.0,0.050,50
2026-06-25 11:26:51,33.21,65.28,1005.00,62.41,867,1.149,97300,32.0,46.0,56.0,YES,YES,UNKNOWN_ANALYSIS_IAQ62_VOC1.15ppm,51022.6,0,5.0,0.050,50
2026-06-25 11:27:01,33.21,65.28,1005.00,62.41,867,1.149,97300,32.0,45.0,53.0,YES,YES,UNKNOWN_ANALYSIS_IAQ62_VOC1.15ppm,51033.1,0,5.0,0.050,50
2026-06-25 11:27:12,33.21,65.28,1005.00,62.41,867,1.149,97300,32.0,45.0,53.0,YES,YES,UNKNOWN_ANALYSIS_IAQ62_VOC1.15ppm,51043.5,0,5.0,0.050,50
2026-06-25 11:27:21,33.21,65.28,1005.00,62.41,867,1.149,97300,32.0,44.0,53.0,YES,YES,UNKNOWN_ANALYSIS_IAQ62_VOC1.15ppm,51052.9,0,5.0,0.050,50
2026-06-25 11:27:32,33.21,65.28,1005.00,62.41,867,1.149,97300,31.0,44.0,52.0,YES,YES,UNKNOWN_ANALYSIS_IAQ62_VOC1.15ppm,51063.4,0,5.0,0.050,50
2026-06-25 11:27:42,33.31,65.29,1005.00,65.80,966,1.438,95400,31.0,43.0,52.0,YES,YES,UNKNOWN_ANALYSIS_IAQ66_VOC1.44ppm,51073.8,0,5.0,0.050,50
2026-06-25 11:27:51,33.31,65.29,1005.00,65.80,966,1.438,95400,32.0,45.0,55.0,YES,YES,UNKNOWN_ANALYSIS_IAQ66_VOC1.44ppm,51083.2,0,5.0,0.050,50
2026-06-25 11:28:02,33.31,65.29,1005.00,65.80,966,1.438,95400,32.0,45.0,55.0,YES,YES,UNKNOWN_ANALYSIS_IAQ66_VOC1.44ppm,51093.7,0,5.0,0.050,50
2026-06-25 11:28:11,33.31,65.29,1005.00,65.80,966,1.438,95400,32.0,45.0,54.0,YES,YES,UNKNOWN_ANALYSIS_IAQ66_VOC1.44ppm,51103.1,0,5.0,0.050,50
2026-06-25 11:28:22,33.31,65.29,1005.00,65.80,966,1.438,95400,31.0,45.0,54.0,YES,YES,UNKNOWN_ANALYSIS_IAQ66_VOC1.44ppm,51113.5,0,5.0,0.050,50
2026-06-25 11:28:32,33.31,65.29,1005.00,65.80,966,1.438,95400,31.0,44.0,52.0,YES,YES,UNKNOWN_ANALYSIS_IAQ66_VOC1.44ppm,51123.9,0,5.0,0.050,50
2026-06-25 11:28:41,33.31,65.29,1005.00,65.80,966,1.438,95400,31.0,45.0,54.0,YES,YES,UNKNOWN_ANALYSIS_IAQ66_VOC1.44ppm,51133.3,0,5.0,0.050,50
2026-06-25 11:28:52,33.31,65.29,1005.00,65.80,966,1.438,95400,31.0,45.0,55.0,YES,YES,UNKNOWN_ANALYSIS_IAQ66_VOC1.44ppm,51143.8,0,5.0,0.050,50
2026-06-25 11:29:01,33.31,65.29,1005.00,65.80,966,1.438,95400,32.0,46.0,57.0,YES,YES,UNKNOWN_ANALYSIS_IAQ66_VOC1.44ppm,51153.2,0,5.0,0.050,50
2026-06-25 11:29:12,33.31,65.29,1005.00,65.80,966,1.438,95400,31.0,45.0,55.0,YES,YES,UNKNOWN_ANALYSIS_IAQ66_VOC1.44ppm,51163.6,0,5.0,0.050,50
2026-06-25 11:29:22,33.31,65.29,1005.00,65.80,966,1.438,95400,33.0,45.0,55.0,YES,YES,UNKNOWN_ANALYSIS_IAQ66_VOC1.44ppm,51174.1,0,5.0,0.050,50
2026-06-25 11:29:32,33.31,65.29,1005.00,65.80,966,1.438,95400,31.0,45.0,55.0,YES,YES,UNKNOWN_ANALYSIS_IAQ66_VOC1.44ppm,51183.5,0,5.0,0.050,50
2026-06-25 11:29:42,33.31,65.29,1005.00,65.80,966,1.438,95400,32.0,47.0,58.0,YES,YES,UNKNOWN_ANALYSIS_IAQ66_VOC1.44ppm,51193.9,0,5.0,0.050,50
2026-06-25 11:29:51,33.31,65.29,1005.00,65.80,966,1.438,95400,33.0,46.0,57.0,YES,YES,UNKNOWN_ANALYSIS_IAQ66_VOC1.44ppm,51203.3,0,5.0,0.050,50
2026-06-25 11:30:02,33.31,65.29,1005.00,65.80,966,1.438,95400,33.0,46.0,57.0,YES,YES,UNKNOWN_ANALYSIS_IAQ66_VOC1.44ppm,51213.8,0,5.0,0.050,50
2026-06-25 11:30:12,33.31,65.29,1005.00,65.80,966,1.438,95400,32.0,45.0,55.0,YES,YES,UNKNOWN_ANALYSIS_IAQ66_VOC1.44ppm,51224.2,0,5.0,0.050,50
2026-06-25 11:30:22,33.31,65.29,1005.00,65.80,966,1.438,95400,33.0,46.0,57.0,YES,YES,UNKNOWN_ANALYSIS_IAQ66_VOC1.44ppm,51233.6,0,5.0,0.050,50
2026-06-25 11:30:32,33.31,65.29,1005.00,65.80,966,1.438,95400,32.0,46.0,55.0,YES,YES,UNKNOWN_ANALYSIS_IAQ66_VOC1.44ppm,51244.0,0,5.0,0.050,50
2026-06-25 11:30:43,33.31,65.29,1005.00,65.80,966,1.438,95400,33.0,46.0,55.0,YES,YES,UNKNOWN_ANALYSIS_IAQ66_VOC1.44ppm,51254.5,0,5.0,0.050,50
2026-06-25 11:30:52,33.31,65.29,1005.00,65.80,966,1.438,95400,33.0,46.0,56.0,YES,YES,UNKNOWN_ANALYSIS_IAQ66_VOC1.44ppm,51263.9,0,5.0,0.050,50
2026-06-25 11:31:02,33.31,65.29,1005.00,65.80,966,1.438,95400,33.0,46.0,55.0,YES,YES,UNKNOWN_ANALYSIS_IAQ66_VOC1.44ppm,51274.3,0,5.0,0.050,50
2026-06-25 11:31:12,33.31,65.29,1005.00,65.80,966,1.438,95400,32.0,45.0,54.0,YES,YES,UNKNOWN_ANALYSIS_IAQ66_VOC1.44ppm,51283.7,0,5.0,0.050,50
2026-06-25 11:31:22,33.31,65.29,1005.00,65.80,966,1.438,95400,32.0,45.0,54.0,YES,YES,UNKNOWN_ANALYSIS_IAQ66_VOC1.44ppm,51294.2,0,5.0,0.050,50
2026-06-25 11:31:33,33.31,65.29,1005.00,65.80,966,1.438,95400,32.0,44.0,54.0,YES,YES,UNKNOWN_ANALYSIS_IAQ66_VOC1.44ppm,51304.6,0,5.0,0.050,50
2026-06-25 11:31:42,33.31,65.29,1005.00,65.80,966,1.438,95400,33.0,46.0,55.0,YES,YES,UNKNOWN_ANALYSIS_IAQ66_VOC1.44ppm,51314.0,0,5.0,0.050,50
2026-06-25 11:31:53,33.31,65.29,1005.00,65.80,966,1.438,95400,32.0,44.0,53.0,YES,YES,UNKNOWN_ANALYSIS_IAQ66_VOC1.44ppm,51324.5,0,5.0,0.050,50
2026-06-25 11:32:02,33.31,65.29,1005.00,65.80,966,1.438,95400,33.0,46.0,55.0,YES,YES,UNKNOWN_ANALYSIS_IAQ66_VOC1.44ppm,51333.9,0,5.0,0.050,50
2026-06-25 11:32:12,33.31,65.29,1005.00,65.80,966,1.438,95400,32.0,47.0,56.0,YES,YES,UNKNOWN_ANALYSIS_IAQ66_VOC1.44ppm,51344.3,0,5.0,0.050,50
2026-06-25 11:32:23,33.31,65.29,1005.00,65.80,966,1.438,95400,33.0,47.0,57.0,YES,YES,UNKNOWN_ANALYSIS_IAQ66_VOC1.44ppm,51354.8,0,5.0,0.050,50
2026-06-25 11:32:32,33.31,65.29,1005.00,65.80,966,1.438,95400,32.0,45.0,55.0,YES,YES,UNKNOWN_ANALYSIS_IAQ66_VOC1.44ppm,51364.2,0,5.0,0.050,50
2026-06-25 11:32:43,33.34,65.21,1005.00,62.05,854,1.115,97200,32.0,45.0,56.0,YES,YES,UNKNOWN_ANALYSIS_IAQ62_VOC1.12ppm,51374.6,0,5.0,0.050,50
2026-06-25 11:32:52,33.34,65.21,1005.00,62.05,854,1.115,97200,33.0,47.0,57.0,YES,YES,UNKNOWN_ANALYSIS_IAQ62_VOC1.12ppm,51384.0,0,5.0,0.050,50
2026-06-25 11:33:03,33.34,65.21,1005.00,62.05,854,1.115,97200,32.0,45.0,54.0,YES,YES,UNKNOWN_ANALYSIS_IAQ62_VOC1.12ppm,51394.4,0,5.0,0.050,50
2026-06-25 11:33:13,33.34,65.21,1005.00,62.05,854,1.115,97200,33.0,47.0,56.0,YES,YES,UNKNOWN_ANALYSIS_IAQ62_VOC1.12ppm,51404.9,0,5.0,0.050,50
2026-06-25 11:33:22,33.34,65.21,1005.00,62.05,854,1.115,97200,32.0,46.0,55.0,YES,YES,UNKNOWN_ANALYSIS_IAQ62_VOC1.12ppm,51414.3,0,5.0,0.050,50
2026-06-25 11:33:33,33.34,65.21,1005.00,62.05,854,1.115,97200,33.0,46.0,55.0,YES,YES,UNKNOWN_ANALYSIS_IAQ62_VOC1.12ppm,51424.7,0,5.0,0.050,50
2026-06-25 11:33:42,33.34,65.21,1005.00,62.05,854,1.115,97200,33.0,46.0,55.0,YES,YES,UNKNOWN_ANALYSIS_IAQ62_VOC1.12ppm,51434.1,0,5.0,0.050,50
2026-06-25 11:33:53,33.34,65.21,1005.00,62.05,854,1.115,97200,33.0,47.0,56.0,YES,YES,UNKNOWN_ANALYSIS_IAQ62_VOC1.12ppm,51444.6,0,5.0,0.050,50
2026-06-25 11:34:03,33.34,65.21,1005.00,62.05,854,1.115,97200,32.0,45.0,55.0,YES,YES,UNKNOWN_ANALYSIS_IAQ62_VOC1.12ppm,51455.0,0,5.0,0.050,50
2026-06-25 11:34:13,33.34,65.21,1005.00,62.05,854,1.115,97200,32.0,46.0,55.0,YES,YES,UNKNOWN_ANALYSIS_IAQ62_VOC1.12ppm,51464.4,0,5.0,0.050,50
2026-06-25 11:34:23,33.34,65.21,1005.00,62.05,854,1.115,97200,32.0,45.0,55.0,YES,YES,UNKNOWN_ANALYSIS_IAQ62_VOC1.12ppm,51474.9,0,5.0,0.050,50
2026-06-25 11:34:32,33.34,65.21,1005.00,62.05,854,1.115,97200,33.0,47.0,57.0,YES,YES,UNKNOWN_ANALYSIS_IAQ62_VOC1.12ppm,51484.3,0,5.0,0.050,50
2026-06-25 11:34:43,33.34,65.21,1005.00,62.05,854,1.115,97200,33.0,46.0,56.0,YES,YES,UNKNOWN_ANALYSIS_IAQ62_VOC1.12ppm,51494.7,0,5.0,0.050,50
2026-06-25 11:34:53,33.34,65.21,1005.00,62.05,854,1.115,97200,32.0,45.0,54.0,YES,YES,UNKNOWN_ANALYSIS_IAQ62_VOC1.12ppm,51505.2,0,5.0,0.050,50
2026-06-25 11:35:03,33.34,65.21,1005.00,62.05,854,1.115,97200,31.0,45.0,54.0,YES,YES,UNKNOWN_ANALYSIS_IAQ62_VOC1.12ppm,51514.6,0,5.0,0.050,50
2026-06-25 11:35:13,33.34,65.21,1005.00,62.05,854,1.115,97200,32.0,45.0,54.0,YES,YES,UNKNOWN_ANALYSIS_IAQ62_VOC1.12ppm,51525.0,0,5.0,0.050,50
2026-06-25 11:35:23,33.34,65.21,1005.00,62.05,854,1.115,97200,32.0,45.0,55.0,YES,YES,UNKNOWN_ANALYSIS_IAQ62_VOC1.12ppm,51534.4,0,5.0,0.050,50
2026-06-25 11:35:33,33.34,65.21,1005.00,62.05,854,1.115,97200,32.0,45.0,55.0,YES,YES,UNKNOWN_ANALYSIS_IAQ62_VOC1.12ppm,51544.9,0,5.0,0.050,50
2026-06-25 11:35:43,33.34,65.21,1005.00,62.05,854,1.115,97200,31.0,45.0,54.0,YES,YES,UNKNOWN_ANALYSIS_IAQ62_VOC1.12ppm,51555.3,0,5.0,0.050,50
2026-06-25 11:35:53,33.34,65.21,1005.00,62.05,854,1.115,97200,31.0,45.0,53.0,YES,YES,UNKNOWN_ANALYSIS_IAQ62_VOC1.12ppm,51564.7,0,5.0,0.050,50
2026-06-25 11:36:03,33.34,65.21,1005.00,62.05,854,1.115,97200,32.0,45.0,54.0,YES,YES,UNKNOWN_ANALYSIS_IAQ62_VOC1.12ppm,51575.2,0,5.0,0.050,50
2026-06-25 11:36:13,33.34,65.21,1005.00,62.05,854,1.115,97200,32.0,46.0,55.0,YES,YES,UNKNOWN_ANALYSIS_IAQ62_VOC1.12ppm,51584.6,0,5.0,0.050,50
2026-06-25 11:36:23,33.34,65.21,1005.00,62.05,854,1.115,97200,32.0,46.0,56.0,YES,YES,UNKNOWN_ANALYSIS_IAQ62_VOC1.12ppm,51595.0,0,5.0,0.050,50
2026-06-25 11:36:33,33.34,65.21,1005.00,62.05,854,1.115,97200,31.0,44.0,54.0,YES,YES,UNKNOWN_ANALYSIS_IAQ62_VOC1.12ppm,51604.4,0,5.0,0.050,50
2026-06-25 11:36:43,33.34,65.21,1005.00,62.05,854,1.115,97200,32.0,45.0,55.0,YES,YES,UNKNOWN_ANALYSIS_IAQ62_VOC1.12ppm,51614.8,0,5.0,0.050,50
2026-06-25 11:36:53,33.34,65.21,1005.00,62.05,854,1.115,97200,33.0,46.0,56.0,YES,YES,UNKNOWN_ANALYSIS_IAQ62_VOC1.12ppm,51625.3,0,5.0,0.050,50
2026-06-25 11:37:03,33.34,65.21,1005.00,62.05,854,1.115,97200,33.0,46.0,56.0,YES,YES,UNKNOWN_ANALYSIS_IAQ62_VOC1.12ppm,51634.7,0,5.0,0.050,50
2026-06-25 11:37:13,33.34,65.21,1005.00,62.05,854,1.115,97200,33.0,46.0,55.0,YES,YES,UNKNOWN_ANALYSIS_IAQ62_VOC1.12ppm,51645.1,0,5.0,0.050,50
2026-06-25 11:37:23,33.34,65.21,1005.00,62.05,854,1.115,97200,32.0,45.0,54.0,YES,YES,UNKNOWN_ANALYSIS_IAQ62_VOC1.12ppm,51654.5,0,5.0,0.050,50
2026-06-25 11:37:33,33.34,65.21,1005.00,62.05,854,1.115,97200,33.0,45.0,55.0,YES,YES,UNKNOWN_ANALYSIS_IAQ62_VOC1.12ppm,51665.0,0,5.0,0.050,50
2026-06-25 11:37:44,33.41,65.22,1005.00,62.91,878,1.178,96600,31.0,44.0,54.0,YES,YES,UNKNOWN_ANALYSIS_IAQ63_VOC1.18ppm,51675.4,0,5.0,0.050,50
2026-06-25 11:37:53,33.41,65.22,1005.00,62.91,878,1.178,96600,33.0,46.0,57.0,YES,YES,UNKNOWN_ANALYSIS_IAQ63_VOC1.18ppm,51684.8,0,5.0,0.050,50
2026-06-25 11:38:03,33.41,65.22,1005.00,62.91,878,1.178,96600,33.0,47.0,57.0,YES,YES,UNKNOWN_ANALYSIS_IAQ63_VOC1.18ppm,51695.3,0,5.0,0.050,50
2026-06-25 11:38:13,33.41,65.22,1005.00,62.91,878,1.178,96600,32.0,46.0,55.0,YES,YES,UNKNOWN_ANALYSIS_IAQ63_VOC1.18ppm,51704.7,0,5.0,0.050,50
2026-06-25 11:38:23,33.41,65.22,1005.00,62.91,878,1.178,96600,33.0,46.0,56.0,YES,YES,UNKNOWN_ANALYSIS_IAQ63_VOC1.18ppm,51715.1,0,5.0,0.050,50
2026-06-25 11:38:34,33.41,65.22,1005.00,62.91,878,1.178,96600,32.0,46.0,55.0,YES,YES,UNKNOWN_ANALYSIS_IAQ63_VOC1.18ppm,51725.6,0,5.0,0.050,50
2026-06-25 11:38:43,33.41,65.22,1005.00,62.91,878,1.178,96600,33.0,46.0,55.0,YES,YES,UNKNOWN_ANALYSIS_IAQ63_VOC1.18ppm,51735.0,0,5.0,0.050,50
2026-06-25 11:38:54,33.41,65.22,1005.00,62.91,878,1.178,96600,33.0,47.0,57.0,YES,YES,UNKNOWN_ANALYSIS_IAQ63_VOC1.18ppm,51745.4,0,5.0,0.050,50
2026-06-25 11:39:04,33.41,65.22,1005.00,62.91,878,1.178,96600,33.0,47.0,57.0,YES,YES,UNKNOWN_ANALYSIS_IAQ63_VOC1.18ppm,51755.8,0,5.0,0.050,50
2026-06-25 11:39:13,33.41,65.22,1005.00,62.91,878,1.178,96600,34.0,47.0,57.0,YES,YES,UNKNOWN_ANALYSIS_IAQ63_VOC1.18ppm,51765.2,0,5.0,0.050,50
2026-06-25 11:39:24,33.41,65.22,1005.00,62.91,878,1.178,96600,33.0,47.0,58.0,YES,YES,UNKNOWN_ANALYSIS_IAQ63_VOC1.18ppm,51775.7,0,5.0,0.050,50
2026-06-25 11:39:33,33.41,65.22,1005.00,62.91,878,1.178,96600,33.0,47.0,57.0,YES,YES,UNKNOWN_ANALYSIS_IAQ63_VOC1.18ppm,51785.1,0,5.0,0.050,50
2026-06-25 11:39:44,33.41,65.22,1005.00,62.91,878,1.178,96600,32.0,45.0,55.0,YES,YES,UNKNOWN_ANALYSIS_IAQ63_VOC1.18ppm,51795.5,0,5.0,0.050,50
2026-06-25 11:39:54,33.41,65.22,1005.00,62.91,878,1.178,96600,33.0,46.0,56.0,YES,YES,UNKNOWN_ANALYSIS_IAQ63_VOC1.18ppm,51806.0,0,5.0,0.050,50
2026-06-25 11:40:03,33.41,65.22,1005.00,62.91,878,1.178,96600,33.0,46.0,56.0,YES,YES,UNKNOWN_ANALYSIS_IAQ63_VOC1.18ppm,51815.4,0,5.0,0.050,50
2026-06-25 11:40:14,33.41,65.22,1005.00,62.91,878,1.178,96600,32.0,45.0,56.0,YES,YES,UNKNOWN_ANALYSIS_IAQ63_VOC1.18ppm,51825.8,0,5.0,0.050,50
2026-06-25 11:40:23,33.41,65.22,1005.00,62.91,878,1.178,96600,32.0,46.0,56.0,YES,YES,UNKNOWN_ANALYSIS_IAQ63_VOC1.18ppm,51835.2,0,5.0,0.050,50
2026-06-25 11:40:34,33.41,65.22,1005.00,62.91,878,1.178,96600,33.0,48.0,57.0,YES,YES,UNKNOWN_ANALYSIS_IAQ63_VOC1.18ppm,51845.6,0,5.0,0.050,50
2026-06-25 11:40:44,33.41,65.22,1005.00,62.91,878,1.178,96600,33.0,47.0,57.0,YES,YES,UNKNOWN_ANALYSIS_IAQ63_VOC1.18ppm,51856.1,0,5.0,0.050,50
2026-06-25 11:40:54,33.41,65.22,1005.00,62.91,878,1.178,96600,33.0,47.0,58.0,YES,YES,UNKNOWN_ANALYSIS_IAQ63_VOC1.18ppm,51865.5,0,5.0,0.050,50
2026-06-25 11:41:04,33.41,65.22,1005.00,62.91,878,1.178,96600,32.0,46.0,58.0,YES,YES,UNKNOWN_ANALYSIS_IAQ63_VOC1.18ppm,51875.9,0,5.0,0.050,50
2026-06-25 11:41:13,33.41,65.22,1005.00,62.91,878,1.178,96600,33.0,46.0,58.0,YES,YES,UNKNOWN_ANALYSIS_IAQ63_VOC1.18ppm,51885.3,0,5.0,0.050,50
2026-06-25 11:41:24,33.41,65.22,1005.00,62.91,878,1.178,96600,32.0,45.0,56.0,YES,YES,UNKNOWN_ANALYSIS_IAQ63_VOC1.18ppm,51895.8,0,5.0,0.050,50
2026-06-25 11:41:34,33.41,65.22,1005.00,62.91,878,1.178,96600,32.0,45.0,56.0,YES,YES,UNKNOWN_ANALYSIS_IAQ63_VOC1.18ppm,51906.2,0,5.0,0.050,50
2026-06-25 11:41:44,33.41,65.22,1005.00,62.91,878,1.178,96600,33.0,46.0,57.0,YES,YES,UNKNOWN_ANALYSIS_IAQ63_VOC1.18ppm,51915.6,0,5.0,0.050,50
2026-06-25 11:41:54,33.41,65.22,1005.00,62.91,878,1.178,96600,32.0,46.0,56.0,YES,YES,UNKNOWN_ANALYSIS_IAQ63_VOC1.18ppm,51926.1,0,5.0,0.050,50
2026-06-25 11:42:04,33.41,65.22,1005.00,62.91,878,1.178,96600,32.0,45.0,54.0,YES,YES,UNKNOWN_ANALYSIS_IAQ63_VOC1.18ppm,51935.5,0,5.0,0.050,50
2026-06-25 11:42:14,33.41,65.22,1005.00,62.91,878,1.178,96600,32.0,46.0,55.0,YES,YES,UNKNOWN_ANALYSIS_IAQ63_VOC1.18ppm,51945.9,0,5.0,0.050,50
2026-06-25 11:42:24,33.41,65.22,1005.00,62.91,878,1.178,96600,33.0,47.0,56.0,YES,YES,UNKNOWN_ANALYSIS_IAQ63_VOC1.18ppm,51956.3,0,5.0,0.050,50
2026-06-25 11:42:34,33.41,65.22,1005.00,62.91,878,1.178,96600,32.0,46.0,57.0,YES,YES,UNKNOWN_ANALYSIS_IAQ63_VOC1.18ppm,51965.8,0,5.0,0.050,50
2026-06-25 11:42:44,33.48,65.20,1004.00,64.06,910,1.267,95900,33.0,45.0,56.0,YES,YES,UNKNOWN_ANALYSIS_IAQ64_VOC1.27ppm,51976.2,0,5.0,0.050,50
2026-06-25 11:42:54,33.48,65.20,1004.00,64.06,910,1.267,95900,34.0,46.0,57.0,YES,YES,UNKNOWN_ANALYSIS_IAQ64_VOC1.27ppm,51985.6,0,5.0,0.050,50
2026-06-25 11:43:04,33.48,65.20,1004.00,64.06,910,1.267,95900,33.0,45.0,56.0,YES,YES,UNKNOWN_ANALYSIS_IAQ64_VOC1.27ppm,51996.0,0,5.0,0.050,50
2026-06-25 11:43:15,33.48,65.20,1004.00,64.06,910,1.267,95900,34.0,47.0,58.0,YES,YES,UNKNOWN_ANALYSIS_IAQ64_VOC1.27ppm,52006.5,0,5.0,0.050,50
2026-06-25 11:43:24,33.48,65.20,1004.00,64.06,910,1.267,95900,32.0,46.0,56.0,YES,YES,UNKNOWN_ANALYSIS_IAQ64_VOC1.27ppm,52015.9,0,5.0,0.050,50
2026-06-25 11:43:34,33.48,65.20,1004.00,64.06,910,1.267,95900,32.0,45.0,55.0,YES,YES,UNKNOWN_ANALYSIS_IAQ64_VOC1.27ppm,52026.3,0,5.0,0.050,50
2026-06-25 11:43:44,33.48,65.20,1004.00,64.06,910,1.267,95900,32.0,46.0,56.0,YES,YES,UNKNOWN_ANALYSIS_IAQ64_VOC1.27ppm,52035.7,0,5.0,0.050,50
2026-06-25 11:43:54,33.48,65.20,1004.00,64.06,910,1.267,95900,33.0,48.0,58.0,YES,YES,UNKNOWN_ANALYSIS_IAQ64_VOC1.27ppm,52046.2,0,5.0,0.050,50
2026-06-25 11:44:05,33.48,65.20,1004.00,64.06,910,1.267,95900,33.0,47.0,58.0,YES,YES,UNKNOWN_ANALYSIS_IAQ64_VOC1.27ppm,52056.6,0,5.0,0.050,50
2026-06-25 11:44:14,33.48,65.20,1004.00,64.06,910,1.267,95900,32.0,45.0,55.0,YES,YES,UNKNOWN_ANALYSIS_IAQ64_VOC1.27ppm,52066.0,0,5.0,0.050,50
2026-06-25 11:44:25,33.48,65.20,1004.00,64.06,910,1.267,95900,32.0,46.0,57.0,YES,YES,UNKNOWN_ANALYSIS_IAQ64_VOC1.27ppm,52076.5,0,5.0,0.050,50
2026-06-25 11:44:34,33.48,65.20,1004.00,64.06,910,1.267,95900,32.0,45.0,56.0,YES,YES,UNKNOWN_ANALYSIS_IAQ64_VOC1.27ppm,52085.9,0,5.0,0.050,50
2026-06-25 11:44:44,33.48,65.20,1004.00,64.06,910,1.267,95900,32.0,46.0,56.0,YES,YES,UNKNOWN_ANALYSIS_IAQ64_VOC1.27ppm,52096.3,0,5.0,0.050,50
2026-06-25 11:44:55,33.48,65.20,1004.00,64.06,910,1.267,95900,33.0,47.0,57.0,YES,YES,UNKNOWN_ANALYSIS_IAQ64_VOC1.27ppm,52106.8,0,5.0,0.050,50
2026-06-25 11:45:04,33.48,65.20,1004.00,64.06,910,1.267,95900,33.0,46.0,56.0,YES,YES,UNKNOWN_ANALYSIS_IAQ64_VOC1.27ppm,52116.1,0,5.0,0.050,50
2026-06-25 11:45:15,33.48,65.20,1004.00,64.06,910,1.267,95900,32.0,45.0,55.0,YES,YES,UNKNOWN_ANALYSIS_IAQ64_VOC1.27ppm,52126.6,0,5.0,0.050,50
2026-06-25 11:45:24,33.48,65.20,1004.00,64.06,910,1.267,95900,33.0,45.0,56.0,YES,YES,UNKNOWN_ANALYSIS_IAQ64_VOC1.27ppm,52136.0,0,5.0,0.050,50
2026-06-25 11:45:35,33.48,65.20,1004.00,64.06,910,1.267,95900,33.0,46.0,55.0,YES,YES,UNKNOWN_ANALYSIS_IAQ64_VOC1.27ppm,52146.4,0,5.0,0.050,50
2026-06-25 11:45:45,33.48,65.20,1004.00,64.06,910,1.267,95900,33.0,46.0,55.0,YES,YES,UNKNOWN_ANALYSIS_IAQ64_VOC1.27ppm,52156.9,0,5.0,0.050,50
2026-06-25 11:45:54,33.48,65.20,1004.00,64.06,910,1.267,95900,32.0,45.0,55.0,YES,YES,UNKNOWN_ANALYSIS_IAQ64_VOC1.27ppm,52166.3,0,5.0,0.050,50
2026-06-25 11:46:05,33.48,65.20,1004.00,64.06,910,1.267,95900,33.0,46.0,56.0,YES,YES,UNKNOWN_ANALYSIS_IAQ64_VOC1.27ppm,52176.7,0,5.0,0.050,50
2026-06-25 11:46:14,33.48,65.20,1004.00,64.06,910,1.267,95900,34.0,48.0,57.0,YES,YES,UNKNOWN_ANALYSIS_IAQ64_VOC1.27ppm,52186.1,0,5.0,0.050,50
2026-06-25 11:46:25,33.48,65.20,1004.00,64.06,910,1.267,95900,33.0,47.0,56.0,YES,YES,UNKNOWN_ANALYSIS_IAQ64_VOC1.27ppm,52196.6,0,5.0,0.050,50
2026-06-25 11:46:35,33.48,65.20,1004.00,64.06,910,1.267,95900,34.0,48.0,59.0,YES,YES,UNKNOWN_ANALYSIS_IAQ64_VOC1.27ppm,52207.0,0,5.0,0.050,50
2026-06-25 11:46:45,33.48,65.20,1004.00,64.06,910,1.267,95900,32.0,47.0,59.0,YES,YES,UNKNOWN_ANALYSIS_IAQ64_VOC1.27ppm,52216.4,0,5.0,0.050,50
2026-06-25 11:46:55,33.48,65.20,1004.00,64.06,910,1.267,95900,32.0,47.0,57.0,YES,YES,UNKNOWN_ANALYSIS_IAQ64_VOC1.27ppm,52226.9,0,5.0,0.050,50
2026-06-25 11:47:04,33.48,65.20,1004.00,64.06,910,1.267,95900,33.0,47.0,56.0,YES,YES,UNKNOWN_ANALYSIS_IAQ64_VOC1.27ppm,52236.3,0,5.0,0.050,50
2026-06-25 11:47:15,33.48,65.20,1004.00,64.06,910,1.267,95900,33.0,47.0,57.0,YES,YES,UNKNOWN_ANALYSIS_IAQ64_VOC1.27ppm,52246.7,0,5.0,0.050,50
2026-06-25 11:47:25,33.48,65.20,1004.00,64.06,910,1.267,95900,35.0,48.0,58.0,YES,YES,UNKNOWN_ANALYSIS_IAQ64_VOC1.27ppm,52257.1,0,5.0,0.050,50
2026-06-25 11:47:35,33.48,65.20,1004.00,64.06,910,1.267,95900,35.0,48.0,60.0,YES,YES,UNKNOWN_ANALYSIS_IAQ64_VOC1.27ppm,52266.5,0,5.0,0.050,50
2026-06-25 11:47:45,33.48,65.21,1004.00,65.31,945,1.371,95300,32.0,47.0,57.0,YES,YES,UNKNOWN_ANALYSIS_IAQ65_VOC1.37ppm,52277.0,0,5.0,0.050,50
2026-06-25 11:47:56,33.48,65.21,1004.00,65.31,945,1.371,95300,33.0,48.0,59.0,YES,YES,UNKNOWN_ANALYSIS_IAQ65_VOC1.37ppm,52287.4,0,5.0,0.050,50
2026-06-25 11:48:05,33.48,65.21,1004.00,65.31,945,1.371,95300,32.0,47.0,58.0,YES,YES,UNKNOWN_ANALYSIS_IAQ65_VOC1.37ppm,52296.8,0,5.0,0.050,50
2026-06-25 11:48:15,33.48,65.21,1004.00,65.31,945,1.371,95300,33.0,48.0,60.0,YES,YES,UNKNOWN_ANALYSIS_IAQ65_VOC1.37ppm,52307.3,0,5.0,0.050,50
2026-06-25 11:48:25,33.48,65.21,1004.00,65.31,945,1.371,95300,34.0,48.0,59.0,YES,YES,UNKNOWN_ANALYSIS_IAQ65_VOC1.37ppm,52316.7,0,5.0,0.050,50
2026-06-25 11:48:35,33.48,65.21,1004.00,65.31,945,1.371,95300,33.0,45.0,57.0,YES,YES,UNKNOWN_ANALYSIS_IAQ65_VOC1.37ppm,52327.1,0,5.0,0.050,50
2026-06-25 11:48:45,33.48,65.21,1004.00,65.31,945,1.371,95300,33.0,46.0,56.0,YES,YES,UNKNOWN_ANALYSIS_IAQ65_VOC1.37ppm,52336.5,0,5.0,0.050,50
2026-06-25 11:48:55,33.48,65.21,1004.00,65.31,945,1.371,95300,34.0,47.0,57.0,YES,YES,UNKNOWN_ANALYSIS_IAQ65_VOC1.37ppm,52347.0,0,5.0,0.050,50
2026-06-25 11:49:06,33.48,65.21,1004.00,65.31,945,1.371,95300,34.0,47.0,57.0,YES,YES,UNKNOWN_ANALYSIS_IAQ65_VOC1.37ppm,52357.4,0,5.0,0.050,50
2026-06-25 11:49:15,33.48,65.21,1004.00,65.31,945,1.371,95300,32.0,46.0,56.0,YES,YES,UNKNOWN_ANALYSIS_IAQ65_VOC1.37ppm,52366.8,0,5.0,0.050,50
2026-06-25 11:49:25,33.48,65.21,1004.00,65.31,945,1.371,95300,32.0,46.0,57.0,YES,YES,UNKNOWN_ANALYSIS_IAQ65_VOC1.37ppm,52377.3,0,5.0,0.050,50
2026-06-25 11:49:35,33.48,65.21,1004.00,65.31,945,1.371,95300,33.0,47.0,57.0,YES,YES,UNKNOWN_ANALYSIS_IAQ65_VOC1.37ppm,52386.7,0,5.0,0.050,50
2026-06-25 11:49:45,33.48,65.21,1004.00,65.31,945,1.371,95300,33.0,46.0,55.0,YES,YES,UNKNOWN_ANALYSIS_IAQ65_VOC1.37ppm,52397.1,0,5.0,0.050,50
2026-06-25 11:49:56,33.48,65.21,1004.00,65.31,945,1.371,95300,32.0,45.0,54.0,YES,YES,UNKNOWN_ANALYSIS_IAQ65_VOC1.37ppm,52407.6,0,5.0,0.050,50
2026-06-25 11:50:05,33.48,65.21,1004.00,65.31,945,1.371,95300,32.0,45.0,55.0,YES,YES,UNKNOWN_ANALYSIS_IAQ65_VOC1.37ppm,52417.0,0,5.0,0.050,50
2026-06-25 11:50:16,33.48,65.21,1004.00,65.31,945,1.371,95300,32.0,45.0,54.0,YES,YES,UNKNOWN_ANALYSIS_IAQ65_VOC1.37ppm,52427.4,0,5.0,0.050,50
2026-06-25 11:50:25,33.48,65.21,1004.00,65.31,945,1.371,95300,33.0,46.0,54.0,YES,YES,UNKNOWN_ANALYSIS_IAQ65_VOC1.37ppm,52436.8,0,5.0,0.050,50
2026-06-25 11:50:35,33.48,65.21,1004.00,65.31,945,1.371,95300,33.0,46.0,55.0,YES,YES,UNKNOWN_ANALYSIS_IAQ65_VOC1.37ppm,52447.2,0,5.0,0.050,50
2026-06-25 11:50:46,33.48,65.21,1004.00,65.31,945,1.371,95300,33.0,46.0,55.0,YES,YES,UNKNOWN_ANALYSIS_IAQ65_VOC1.37ppm,52457.7,0,5.0,0.050,50
2026-06-25 11:50:55,33.48,65.21,1004.00,65.31,945,1.371,95300,32.0,45.0,54.0,YES,YES,UNKNOWN_ANALYSIS_IAQ65_VOC1.37ppm,52467.1,0,5.0,0.050,50
2026-06-25 11:51:06,33.48,65.21,1004.00,65.31,945,1.371,95300,33.0,46.0,55.0,YES,YES,UNKNOWN_ANALYSIS_IAQ65_VOC1.37ppm,52477.5,0,5.0,0.050,50
2026-06-25 11:51:15,33.48,65.21,1004.00,65.31,945,1.371,95300,32.0,45.0,55.0,YES,YES,UNKNOWN_ANALYSIS_IAQ65_VOC1.37ppm,52486.9,0,5.0,0.050,50
2026-06-25 11:51:26,33.48,65.21,1004.00,65.31,945,1.371,95300,34.0,46.0,57.0,YES,YES,UNKNOWN_ANALYSIS_IAQ65_VOC1.37ppm,52497.4,0,5.0,0.050,50
2026-06-25 11:51:36,33.48,65.21,1004.00,65.31,945,1.371,95300,32.0,46.0,57.0,YES,YES,UNKNOWN_ANALYSIS_IAQ65_VOC1.37ppm,52507.8,0,5.0,0.050,50
2026-06-25 11:51:45,33.48,65.21,1004.00,65.31,945,1.371,95300,33.0,46.0,57.0,YES,YES,UNKNOWN_ANALYSIS_IAQ65_VOC1.37ppm,52517.2,0,5.0,0.050,50
2026-06-25 11:51:56,33.48,65.21,1004.00,65.31,945,1.371,95300,34.0,47.0,57.0,YES,YES,UNKNOWN_ANALYSIS_IAQ65_VOC1.37ppm,52527.7,0,5.0,0.050,50
2026-06-25 11:52:05,33.48,65.21,1004.00,65.31,945,1.371,95300,33.0,48.0,57.0,YES,YES,UNKNOWN_ANALYSIS_IAQ65_VOC1.37ppm,52537.1,0,5.0,0.050,50
2026-06-25 11:52:16,33.48,65.21,1004.00,65.31,945,1.371,95300,32.0,47.0,57.0,YES,YES,UNKNOWN_ANALYSIS_IAQ65_VOC1.37ppm,52547.5,0,5.0,0.050,50
2026-06-25 11:52:26,33.48,65.21,1004.00,65.31,945,1.371,95300,33.0,47.0,57.0,YES,YES,UNKNOWN_ANALYSIS_IAQ65_VOC1.37ppm,52558.0,0,5.0,0.050,50
2026-06-25 11:52:35,33.48,65.21,1004.00,65.31,945,1.371,95300,34.0,48.0,58.0,YES,YES,UNKNOWN_ANALYSIS_IAQ65_VOC1.37ppm,52567.4,0,5.0,0.050,50
2026-06-25 11:52:46,33.49,65.11,1004.00,59.55,777,0.936,98100,34.0,48.0,58.0,YES,YES,UNKNOWN_ANALYSIS_IAQ60_VOC0.94ppm,52577.8,0,5.0,0.050,50
2026-06-25 11:52:56,33.49,65.11,1004.00,59.55,777,0.936,98100,34.0,48.0,59.0,YES,YES,UNKNOWN_ANALYSIS_IAQ60_VOC0.94ppm,52588.2,0,5.0,0.050,50
2026-06-25 11:53:06,33.49,65.11,1004.00,59.55,777,0.936,98100,35.0,49.0,59.0,YES,YES,UNKNOWN_ANALYSIS_IAQ60_VOC0.94ppm,52597.6,0,5.0,0.050,50
2026-06-25 11:53:16,33.49,65.11,1004.00,59.55,777,0.936,98100,35.0,49.0,60.0,YES,YES,UNKNOWN_ANALYSIS_IAQ60_VOC0.94ppm,52608.1,0,5.0,0.050,50
2026-06-25 11:53:26,33.49,65.11,1004.00,59.55,777,0.936,98100,34.0,48.0,60.0,YES,YES,UNKNOWN_ANALYSIS_IAQ60_VOC0.94ppm,52617.5,0,5.0,0.050,50
2026-06-25 11:53:36,33.49,65.11,1004.00,59.55,777,0.936,98100,34.0,49.0,60.0,YES,YES,UNKNOWN_ANALYSIS_IAQ60_VOC0.94ppm,52627.9,0,5.0,0.050,50
2026-06-25 11:53:46,33.49,65.11,1004.00,59.55,777,0.936,98100,35.0,49.0,61.0,YES,YES,UNKNOWN_ANALYSIS_IAQ60_VOC0.94ppm,52638.4,0,5.0,0.050,50
2026-06-25 11:53:56,33.49,65.11,1004.00,59.55,777,0.936,98100,33.0,48.0,60.0,YES,YES,UNKNOWN_ANALYSIS_IAQ60_VOC0.94ppm,52647.8,0,5.0,0.050,50
2026-06-25 11:54:06,33.49,65.11,1004.00,59.55,777,0.936,98100,34.0,49.0,60.0,YES,YES,UNKNOWN_ANALYSIS_IAQ60_VOC0.94ppm,52658.2,0,5.0,0.050,50
2026-06-25 11:54:16,33.49,65.11,1004.00,59.55,777,0.936,98100,33.0,47.0,59.0,YES,YES,UNKNOWN_ANALYSIS_IAQ60_VOC0.94ppm,52667.6,0,5.0,0.050,50
2026-06-25 11:54:26,33.49,65.11,1004.00,59.55,777,0.936,98100,34.0,48.0,58.0,YES,YES,UNKNOWN_ANALYSIS_IAQ60_VOC0.94ppm,52678.1,0,5.0,0.050,50
2026-06-25 11:54:37,33.49,65.11,1004.00,59.55,777,0.936,98100,34.0,48.0,58.0,YES,YES,UNKNOWN_ANALYSIS_IAQ60_VOC0.94ppm,52688.5,0,5.0,0.050,50
2026-06-25 11:54:46,33.49,65.11,1004.00,59.55,777,0.936,98100,34.0,48.0,60.0,YES,YES,UNKNOWN_ANALYSIS_IAQ60_VOC0.94ppm,52697.9,0,5.0,0.050,50
2026-06-25 11:54:56,33.49,65.11,1004.00,59.55,777,0.936,98100,33.0,47.0,57.0,YES,YES,UNKNOWN_ANALYSIS_IAQ60_VOC0.94ppm,52708.3,0,5.0,0.050,50
2026-06-25 11:55:06,33.49,65.11,1004.00,59.55,777,0.936,98100,34.0,48.0,58.0,YES,YES,UNKNOWN_ANALYSIS_IAQ60_VOC0.94ppm,52717.7,0,5.0,0.050,50
2026-06-25 11:55:16,33.49,65.11,1004.00,59.55,777,0.936,98100,33.0,47.0,57.0,YES,YES,UNKNOWN_ANALYSIS_IAQ60_VOC0.94ppm,52728.2,0,5.0,0.050,50
2026-06-25 11:55:27,33.49,65.11,1004.00,59.55,777,0.936,98100,34.0,48.0,59.0,YES,YES,UNKNOWN_ANALYSIS_IAQ60_VOC0.94ppm,52738.6,0,5.0,0.050,50
2026-06-25 11:55:36,33.49,65.11,1004.00,59.55,777,0.936,98100,33.0,47.0,58.0,YES,YES,UNKNOWN_ANALYSIS_IAQ60_VOC0.94ppm,52748.0,0,5.0,0.050,50
2026-06-25 11:55:47,33.49,65.11,1004.00,59.55,777,0.936,98100,33.0,47.0,57.0,YES,YES,UNKNOWN_ANALYSIS_IAQ60_VOC0.94ppm,52758.5,0,5.0,0.050,50
2026-06-25 11:55:56,33.49,65.11,1004.00,59.55,777,0.936,98100,32.0,46.0,56.0,YES,YES,UNKNOWN_ANALYSIS_IAQ60_VOC0.94ppm,52767.9,0,5.0,0.050,50
2026-06-25 11:56:06,33.49,65.11,1004.00,59.55,777,0.936,98100,34.0,47.0,58.0,YES,YES,UNKNOWN_ANALYSIS_IAQ60_VOC0.94ppm,52778.3,0,5.0,0.050,50
2026-06-25 11:56:16,33.49,65.11,1004.00,59.55,777,0.936,98100,33.0,45.0,56.0,YES,YES,UNKNOWN_ANALYSIS_IAQ60_VOC0.94ppm,52787.7,0,5.0,0.050,50
2026-06-25 11:56:26,33.49,65.11,1004.00,59.55,777,0.936,98100,34.0,47.0,58.0,YES,YES,UNKNOWN_ANALYSIS_IAQ60_VOC0.94ppm,52798.2,0,5.0,0.050,50
2026-06-25 11:56:37,33.49,65.11,1004.00,59.55,777,0.936,98100,33.0,46.0,57.0,YES,YES,UNKNOWN_ANALYSIS_IAQ60_VOC0.94ppm,52808.6,0,5.0,0.050,50
2026-06-25 11:56:46,33.49,65.11,1004.00,59.55,777,0.936,98100,33.0,46.0,56.0,YES,YES,UNKNOWN_ANALYSIS_IAQ60_VOC0.94ppm,52818.0,0,5.0,0.050,50
2026-06-25 11:56:57,33.49,65.11,1004.00,59.55,777,0.936,98100,32.0,45.0,54.0,YES,YES,UNKNOWN_ANALYSIS_IAQ60_VOC0.94ppm,52828.5,0,5.0,0.050,50
2026-06-25 11:57:06,33.49,65.11,1004.00,59.55,777,0.936,98100,33.0,47.0,57.0,YES,YES,UNKNOWN_ANALYSIS_IAQ60_VOC0.94ppm,52837.9,0,5.0,0.050,50
2026-06-25 11:57:16,33.49,65.11,1004.00,59.55,777,0.936,98100,32.0,46.0,56.0,YES,YES,UNKNOWN_ANALYSIS_IAQ60_VOC0.94ppm,52848.3,0,5.0,0.050,50
2026-06-25 11:57:27,33.49,65.11,1004.00,59.55,777,0.936,98100,33.0,47.0,58.0,YES,YES,UNKNOWN_ANALYSIS_IAQ60_VOC0.94ppm,52858.8,0,5.0,0.050,50
2026-06-25 11:57:36,33.49,65.11,1004.00,59.55,777,0.936,98100,32.0,45.0,56.0,YES,YES,UNKNOWN_ANALYSIS_IAQ60_VOC0.94ppm,52868.2,0,5.0,0.050,50
2026-06-25 11:57:47,33.50,64.94,1004.00,50.85,525,0.529,102500,32.0,45.0,56.0,YES,YES,MASKED_ATTACK_GAS_LOAD_IAQ:50.9_VOC:0.529_GasRes:102500Ω,52878.6,0,5.0,0.050,50
2026-06-25 11:57:56,33.50,64.94,1004.00,50.85,525,0.529,102500,32.0,45.0,56.0,YES,YES,MASKED_ATTACK_GAS_LOAD_IAQ:50.9_VOC:0.529_GasRes:102500Ω,52888.0,0,5.0,0.050,50
2026-06-25 11:58:07,33.50,64.94,1004.00,50.85,525,0.529,102500,33.0,46.0,56.0,YES,YES,MASKED_ATTACK_GAS_LOAD_IAQ:50.9_VOC:0.529_GasRes:102500Ω,52898.5,0,5.0,0.050,50
2026-06-25 11:58:17,33.50,64.94,1004.00,50.85,525,0.529,102500,32.0,45.0,55.0,YES,YES,MASKED_ATTACK_GAS_LOAD_IAQ:50.9_VOC:0.529_GasRes:102500Ω,52908.9,0,5.0,0.050,50
2026-06-25 11:58:26,33.50,64.94,1004.00,50.85,525,0.529,102500,32.0,44.0,54.0,YES,YES,MASKED_ATTACK_GAS_LOAD_IAQ:50.9_VOC:0.529_GasRes:102500Ω,52918.3,0,5.0,0.050,50
2026-06-25 11:58:37,33.50,64.94,1004.00,50.85,525,0.529,102500,33.0,45.0,55.0,YES,YES,MASKED_ATTACK_GAS_LOAD_IAQ:50.9_VOC:0.529_GasRes:102500Ω,52928.7,0,5.0,0.050,50
2026-06-25 11:58:46,33.50,64.94,1004.00,50.85,525,0.529,102500,33.0,45.0,55.0,YES,YES,MASKED_ATTACK_GAS_LOAD_IAQ:50.9_VOC:0.529_GasRes:102500Ω,52938.1,0,5.0,0.050,50
2026-06-25 11:58:57,33.50,64.94,1004.00,50.85,525,0.529,102500,33.0,46.0,56.0,YES,YES,MASKED_ATTACK_GAS_LOAD_IAQ:50.9_VOC:0.529_GasRes:102500Ω,52948.6,0,5.0,0.050,50
2026-06-25 11:59:07,33.50,64.94,1004.00,50.85,525,0.529,102500,32.0,45.0,55.0,YES,YES,MASKED_ATTACK_GAS_LOAD_IAQ:50.9_VOC:0.529_GasRes:102500Ω,52959.0,0,5.0,0.050,50
2026-06-25 11:59:17,33.50,64.94,1004.00,50.85,525,0.529,102500,33.0,46.0,56.0,YES,YES,MASKED_ATTACK_GAS_LOAD_IAQ:50.9_VOC:0.529_GasRes:102500Ω,52968.4,0,5.0,0.050,50
2026-06-25 11:59:27,33.50,64.94,1004.00,50.85,525,0.529,102500,33.0,45.0,55.0,YES,YES,MASKED_ATTACK_GAS_LOAD_IAQ:50.9_VOC:0.529_GasRes:102500Ω,52978.9,0,5.0,0.050,50
2026-06-25 11:59:37,33.50,64.94,1004.00,50.85,525,0.529,102500,33.0,46.0,55.0,YES,YES,MASKED_ATTACK_GAS_LOAD_IAQ:50.9_VOC:0.529_GasRes:102500Ω,52989.3,0,5.0,0.050,50
2026-06-25 11:59:47,33.50,64.94,1004.00,50.85,525,0.529,102500,33.0,46.0,55.0,YES,YES,MASKED_ATTACK_GAS_LOAD_IAQ:50.9_VOC:0.529_GasRes:102500Ω,52998.7,0,5.0,0.050,50
2026-06-25 11:59:57,33.50,64.94,1004.00,50.85,525,0.529,102500,33.0,46.0,55.0,YES,YES,MASKED_ATTACK_GAS_LOAD_IAQ:50.9_VOC:0.529_GasRes:102500Ω,53009.2,0,5.0,0.050,50
2026-06-25 12:00:07,33.50,64.94,1004.00,50.85,525,0.529,102500,33.0,46.0,55.0,YES,YES,MASKED_ATTACK_GAS_LOAD_IAQ:50.9_VOC:0.529_GasRes:102500Ω,53018.6,0,5.0,0.050,50
2026-06-25 12:00:17,33.50,64.94,1004.00,50.85,525,0.529,102500,32.0,45.0,54.0,YES,YES,MASKED_ATTACK_GAS_LOAD_IAQ:50.9_VOC:0.529_GasRes:102500Ω,53029.0,0,5.0,0.050,50
2026-06-25 12:00:28,33.50,64.94,1004.00,50.85,525,0.529,102500,32.0,45.0,54.0,YES,YES,MASKED_ATTACK_GAS_LOAD_IAQ:50.9_VOC:0.529_GasRes:102500Ω,53039.5,0,5.0,0.050,50
2026-06-25 12:00:37,33.50,64.94,1004.00,50.85,525,0.529,102500,33.0,46.0,55.0,YES,YES,MASKED_ATTACK_GAS_LOAD_IAQ:50.9_VOC:0.529_GasRes:102500Ω,53048.9,0,5.0,0.050,50
2026-06-25 12:00:47,33.50,64.94,1004.00,50.85,525,0.529,102500,33.0,46.0,55.0,YES,YES,MASKED_ATTACK_GAS_LOAD_IAQ:50.9_VOC:0.529_GasRes:102500Ω,53059.3,0,5.0,0.050,50
2026-06-25 12:00:57,33.50,64.94,1004.00,50.85,525,0.529,102500,32.0,45.0,55.0,YES,YES,MASKED_ATTACK_GAS_LOAD_IAQ:50.9_VOC:0.529_GasRes:102500Ω,53068.7,0,5.0,0.050,50
2026-06-25 12:01:07,33.50,64.94,1004.00,50.85,525,0.529,102500,33.0,46.0,56.0,YES,YES,MASKED_ATTACK_GAS_LOAD_IAQ:50.9_VOC:0.529_GasRes:102500Ω,53079.1,0,5.0,0.050,50
2026-06-25 12:01:18,33.50,64.94,1004.00,50.85,525,0.529,102500,32.0,46.0,55.0,YES,YES,MASKED_ATTACK_GAS_LOAD_IAQ:50.9_VOC:0.529_GasRes:102500Ω,53089.6,0,5.0,0.050,50
2026-06-25 12:01:27,33.50,64.94,1004.00,50.85,525,0.529,102500,32.0,45.0,55.0,YES,YES,MASKED_ATTACK_GAS_LOAD_IAQ:50.9_VOC:0.529_GasRes:102500Ω,53099.0,0,5.0,0.050,50
2026-06-25 12:01:38,33.50,64.94,1004.00,50.85,525,0.529,102500,33.0,46.0,55.0,YES,YES,MASKED_ATTACK_GAS_LOAD_IAQ:50.9_VOC:0.529_GasRes:102500Ω,53109.4,0,5.0,0.050,50
2026-06-25 12:01:47,33.50,64.94,1004.00,50.85,525,0.529,102500,32.0,45.0,54.0,YES,YES,MASKED_ATTACK_GAS_LOAD_IAQ:50.9_VOC:0.529_GasRes:102500Ω,53118.8,0,5.0,0.050,50
2026-06-25 12:01:57,33.50,64.94,1004.00,50.85,525,0.529,102500,32.0,45.0,53.0,YES,YES,MASKED_ATTACK_GAS_LOAD_IAQ:50.9_VOC:0.529_GasRes:102500Ω,53129.3,0,5.0,0.050,50
2026-06-25 12:02:08,33.50,64.94,1004.00,50.85,525,0.529,102500,31.0,44.0,52.0,YES,YES,MASKED_ATTACK_GAS_LOAD_IAQ:50.9_VOC:0.529_GasRes:102500Ω,53139.7,0,5.0,0.050,50
2026-06-25 12:02:17,33.50,64.94,1004.00,50.85,525,0.529,102500,32.0,45.0,53.0,YES,YES,MASKED_ATTACK_GAS_LOAD_IAQ:50.9_VOC:0.529_GasRes:102500Ω,53149.1,0,5.0,0.050,50
2026-06-25 12:02:28,33.50,64.94,1004.00,50.85,525,0.529,102500,32.0,46.0,55.0,YES,YES,MASKED_ATTACK_GAS_LOAD_IAQ:50.9_VOC:0.529_GasRes:102500Ω,53159.6,0,5.0,0.050,50
2026-06-25 12:02:37,33.50,64.94,1004.00,50.85,525,0.529,102500,32.0,46.0,55.0,YES,YES,MASKED_ATTACK_GAS_LOAD_IAQ:50.9_VOC:0.529_GasRes:102500Ω,53169.0,0,5.0,0.050,50
2026-06-25 12:02:48,33.50,64.82,1004.00,50.00,500,0.500,106300,32.0,46.0,55.0,YES,YES,MASKED_ATTACK_GAS_LOAD_IAQ:50.0_VOC:0.500_GasRes:106300Ω,53179.4,0,5.0,0.050,50
2026-06-25 12:02:58,33.50,64.82,1004.00,50.00,500,0.500,106300,32.0,46.0,56.0,YES,YES,MASKED_ATTACK_GAS_LOAD_IAQ:50.0_VOC:0.500_GasRes:106300Ω,53189.8,0,5.0,0.050,50
2026-06-25 12:03:07,33.50,64.82,1004.00,50.00,500,0.500,106300,33.0,46.0,56.0,YES,YES,MASKED_ATTACK_GAS_LOAD_IAQ:50.0_VOC:0.500_GasRes:106300Ω,53199.2,0,5.0,0.050,50
2026-06-25 12:03:18,33.50,64.82,1004.00,50.00,500,0.500,106300,33.0,47.0,57.0,YES,YES,MASKED_ATTACK_GAS_LOAD_IAQ:50.0_VOC:0.500_GasRes:106300Ω,53209.7,0,5.0,0.050,50
2026-06-25 12:03:27,33.50,64.82,1004.00,50.00,500,0.500,106300,33.0,46.0,56.0,YES,YES,MASKED_ATTACK_GAS_LOAD_IAQ:50.0_VOC:0.500_GasRes:106300Ω,53219.1,0,5.0,0.050,50
2026-06-25 12:03:38,33.50,64.82,1004.00,50.00,500,0.500,106300,33.0,46.0,56.0,YES,YES,MASKED_ATTACK_GAS_LOAD_IAQ:50.0_VOC:0.500_GasRes:106300Ω,53229.5,0,5.0,0.050,50
2026-06-25 12:03:48,33.50,64.82,1004.00,50.00,500,0.500,106300,32.0,45.0,55.0,YES,YES,MASKED_ATTACK_GAS_LOAD_IAQ:50.0_VOC:0.500_GasRes:106300Ω,53240.0,0,5.0,0.050,50
2026-06-25 12:03:58,33.50,64.82,1004.00,50.00,500,0.500,106300,33.0,45.0,55.0,YES,YES,MASKED_ATTACK_GAS_LOAD_IAQ:50.0_VOC:0.500_GasRes:106300Ω,53249.4,0,5.0,0.050,50
2026-06-25 12:04:08,33.50,64.82,1004.00,50.00,500,0.500,106300,34.0,46.0,57.0,YES,YES,MASKED_ATTACK_GAS_LOAD_IAQ:50.0_VOC:0.500_GasRes:106300Ω,53259.8,0,5.0,0.050,50
2026-06-25 12:04:17,33.50,64.82,1004.00,50.00,500,0.500,106300,32.0,45.0,56.0,YES,YES,MASKED_ATTACK_GAS_LOAD_IAQ:50.0_VOC:0.500_GasRes:106300Ω,53269.2,0,5.0,0.050,50
2026-06-25 12:04:28,33.50,64.82,1004.00,50.00,500,0.500,106300,32.0,45.0,57.0,YES,YES,MASKED_ATTACK_GAS_LOAD_IAQ:50.0_VOC:0.500_GasRes:106300Ω,53279.7,0,5.0,0.050,50
2026-06-25 12:04:38,33.50,64.82,1004.00,50.00,500,0.500,106300,33.0,45.0,58.0,YES,YES,MASKED_ATTACK_GAS_LOAD_IAQ:50.0_VOC:0.500_GasRes:106300Ω,53290.1,0,5.0,0.050,50
2026-06-25 12:04:48,33.50,64.82,1004.00,50.00,500,0.500,106300,32.0,45.0,57.0,YES,YES,MASKED_ATTACK_GAS_LOAD_IAQ:50.0_VOC:0.500_GasRes:106300Ω,53299.5,0,5.0,0.050,50
2026-06-25 12:04:58,33.50,64.82,1004.00,50.00,500,0.500,106300,34.0,46.0,57.0,YES,YES,MASKED_ATTACK_GAS_LOAD_IAQ:50.0_VOC:0.500_GasRes:106300Ω,53310.0,0,5.0,0.050,50
2026-06-25 12:05:07,33.50,64.82,1004.00,50.00,500,0.500,106300,32.0,45.0,55.0,YES,YES,MASKED_ATTACK_GAS_LOAD_IAQ:50.0_VOC:0.500_GasRes:106300Ω,53319.4,0,5.0,0.050,50
2026-06-25 12:05:18,33.50,64.82,1004.00,50.00,500,0.500,106300,32.0,44.0,54.0,YES,YES,MASKED_ATTACK_GAS_LOAD_IAQ:50.0_VOC:0.500_GasRes:106300Ω,53329.8,0,5.0,0.050,50
2026-06-25 12:05:28,33.50,64.82,1004.00,50.00,500,0.500,106300,31.0,44.0,55.0,YES,YES,MASKED_ATTACK_GAS_LOAD_IAQ:50.0_VOC:0.500_GasRes:106300Ω,53340.2,0,5.0,0.050,50
2026-06-25 12:05:38,33.50,64.82,1004.00,50.00,500,0.500,106300,32.0,45.0,55.0,YES,YES,MASKED_ATTACK_GAS_LOAD_IAQ:50.0_VOC:0.500_GasRes:106300Ω,53349.6,0,5.0,0.050,50
2026-06-25 12:05:48,33.50,64.82,1004.00,50.00,500,0.500,106300,32.0,45.0,55.0,YES,YES,MASKED_ATTACK_GAS_LOAD_IAQ:50.0_VOC:0.500_GasRes:106300Ω,53360.1,0,5.0,0.050,50
2026-06-25 12:05:58,33.50,64.82,1004.00,50.00,500,0.500,106300,33.0,44.0,54.0,YES,YES,MASKED_ATTACK_GAS_LOAD_IAQ:50.0_VOC:0.500_GasRes:106300Ω,53369.5,0,5.0,0.050,50
2026-06-25 12:06:08,33.50,64.82,1004.00,50.00,500,0.500,106300,34.0,46.0,56.0,YES,YES,MASKED_ATTACK_GAS_LOAD_IAQ:50.0_VOC:0.500_GasRes:106300Ω,53379.9,0,5.0,0.050,50
2026-06-25 12:06:18,33.50,64.82,1004.00,50.00,500,0.500,106300,34.0,46.0,56.0,YES,YES,MASKED_ATTACK_GAS_LOAD_IAQ:50.0_VOC:0.500_GasRes:106300Ω,53390.4,0,5.0,0.050,50
2026-06-25 12:06:28,33.50,64.82,1004.00,50.00,500,0.500,106300,34.0,46.0,56.0,YES,YES,MASKED_ATTACK_GAS_LOAD_IAQ:50.0_VOC:0.500_GasRes:106300Ω,53399.8,0,5.0,0.050,50
2026-06-25 12:06:38,33.50,64.82,1004.00,50.00,500,0.500,106300,34.0,46.0,56.0,YES,YES,MASKED_ATTACK_GAS_LOAD_IAQ:50.0_VOC:0.500_GasRes:106300Ω,53410.2,0,5.0,0.050,50
2026-06-25 12:06:48,33.50,64.82,1004.00,50.00,500,0.500,106300,33.0,45.0,55.0,YES,YES,MASKED_ATTACK_GAS_LOAD_IAQ:50.0_VOC:0.500_GasRes:106300Ω,53419.6,0,5.0,0.050,50
2026-06-25 12:06:58,33.50,64.82,1004.00,50.00,500,0.500,106300,32.0,45.0,55.0,YES,YES,MASKED_ATTACK_GAS_LOAD_IAQ:50.0_VOC:0.500_GasRes:106300Ω,53430.0,0,5.0,0.050,50
2026-06-25 12:07:09,33.50,64.82,1004.00,50.00,500,0.500,106300,33.0,46.0,56.0,YES,YES,MASKED_ATTACK_GAS_LOAD_IAQ:50.0_VOC:0.500_GasRes:106300Ω,53440.5,0,5.0,0.050,50
2026-06-25 12:07:18,33.50,64.82,1004.00,50.00,500,0.500,106300,33.0,46.0,55.0,YES,YES,MASKED_ATTACK_GAS_LOAD_IAQ:50.0_VOC:0.500_GasRes:106300Ω,53449.9,0,5.0,0.050,50
2026-06-25 12:07:28,33.50,64.82,1004.00,50.00,500,0.500,106300,32.0,45.0,55.0,YES,YES,MASKED_ATTACK_GAS_LOAD_IAQ:50.0_VOC:0.500_GasRes:106300Ω,53460.3,0,5.0,0.050,50
2026-06-25 12:07:38,33.50,64.82,1004.00,50.00,500,0.500,106300,33.0,46.0,57.0,YES,YES,MASKED_ATTACK_GAS_LOAD_IAQ:50.0_VOC:0.500_GasRes:106300Ω,53469.7,0,5.0,0.050,50
2026-06-25 12:07:48,33.53,64.77,1004.00,50.00,500,0.500,108100,32.0,44.0,55.0,YES,YES,MASKED_ATTACK_GAS_LOAD_IAQ:50.0_VOC:0.500_GasRes:108100Ω,53480.2,0,5.0,0.050,50
2026-06-25 12:07:59,33.53,64.77,1004.00,50.00,500,0.500,108100,32.0,44.0,54.0,YES,YES,MASKED_ATTACK_GAS_LOAD_IAQ:50.0_VOC:0.500_GasRes:108100Ω,53490.6,0,5.0,0.050,50
2026-06-25 12:08:08,33.53,64.77,1004.00,50.00,500,0.500,108100,33.0,45.0,55.0,YES,YES,MASKED_ATTACK_GAS_LOAD_IAQ:50.0_VOC:0.500_GasRes:108100Ω,53500.0,0,5.0,0.050,50
2026-06-25 12:08:19,33.53,64.77,1004.00,50.00,500,0.500,108100,33.0,45.0,55.0,YES,YES,MASKED_ATTACK_GAS_LOAD_IAQ:50.0_VOC:0.500_GasRes:108100Ω,53510.5,0,5.0,0.050,50
2026-06-25 12:08:28,33.53,64.77,1004.00,50.00,500,0.500,108100,32.0,44.0,53.0,YES,YES,MASKED_ATTACK_GAS_LOAD_IAQ:50.0_VOC:0.500_GasRes:108100Ω,53519.9,0,5.0,0.050,50
2026-06-25 12:08:38,33.53,64.77,1004.00,50.00,500,0.500,108100,33.0,46.0,54.0,YES,YES,MASKED_ATTACK_GAS_LOAD_IAQ:50.0_VOC:0.500_GasRes:108100Ω,53530.3,0,5.0,0.050,50
2026-06-25 12:08:49,33.53,64.77,1004.00,50.00,500,0.500,108100,32.0,45.0,54.0,YES,YES,MASKED_ATTACK_GAS_LOAD_IAQ:50.0_VOC:0.500_GasRes:108100Ω,53540.7,0,5.0,0.050,50
2026-06-25 12:08:58,33.53,64.77,1004.00,50.00,500,0.500,108100,32.0,45.0,54.0,YES,YES,MASKED_ATTACK_GAS_LOAD_IAQ:50.0_VOC:0.500_GasRes:108100Ω,53550.1,0,5.0,0.050,50
2026-06-25 12:09:09,33.53,64.77,1004.00,50.00,500,0.500,108100,34.0,46.0,56.0,YES,YES,MASKED_ATTACK_GAS_LOAD_IAQ:50.0_VOC:0.500_GasRes:108100Ω,53560.6,0,5.0,0.050,50
2026-06-25 12:09:18,33.53,64.77,1004.00,50.00,500,0.500,108100,34.0,46.0,56.0,YES,YES,MASKED_ATTACK_GAS_LOAD_IAQ:50.0_VOC:0.500_GasRes:108100Ω,53570.0,0,5.0,0.050,50
2026-06-25 12:09:29,33.53,64.77,1004.00,50.00,500,0.500,108100,32.0,45.0,56.0,YES,YES,MASKED_ATTACK_GAS_LOAD_IAQ:50.0_VOC:0.500_GasRes:108100Ω,53580.4,0,5.0,0.050,50
2026-06-25 12:09:39,33.53,64.77,1004.00,50.00,500,0.500,108100,32.0,47.0,57.0,YES,YES,MASKED_ATTACK_GAS_LOAD_IAQ:50.0_VOC:0.500_GasRes:108100Ω,53590.9,0,5.0,0.050,50
2026-06-25 12:09:48,33.53,64.77,1004.00,50.00,500,0.500,108100,32.0,46.0,56.0,YES,YES,MASKED_ATTACK_GAS_LOAD_IAQ:50.0_VOC:0.500_GasRes:108100Ω,53600.3,0,5.0,0.050,50
2026-06-25 12:09:59,33.53,64.77,1004.00,50.00,500,0.500,108100,32.0,44.0,54.0,YES,YES,MASKED_ATTACK_GAS_LOAD_IAQ:50.0_VOC:0.500_GasRes:108100Ω,53610.7,0,5.0,0.050,50
2026-06-25 12:10:08,33.53,64.77,1004.00,50.00,500,0.500,108100,33.0,46.0,55.0,YES,YES,MASKED_ATTACK_GAS_LOAD_IAQ:50.0_VOC:0.500_GasRes:108100Ω,53620.1,0,5.0,0.050,50
2026-06-25 12:10:19,33.53,64.77,1004.00,50.00,500,0.500,108100,32.0,46.0,55.0,YES,YES,MASKED_ATTACK_GAS_LOAD_IAQ:50.0_VOC:0.500_GasRes:108100Ω,53630.6,0,5.0,0.050,50
2026-06-25 12:10:29,33.53,64.77,1004.00,50.00,500,0.500,108100,32.0,45.0,55.0,YES,YES,MASKED_ATTACK_GAS_LOAD_IAQ:50.0_VOC:0.500_GasRes:108100Ω,53641.0,0,5.0,0.050,50
2026-06-25 12:10:39,33.53,64.77,1004.00,50.00,500,0.500,108100,33.0,46.0,56.0,YES,YES,MASKED_ATTACK_GAS_LOAD_IAQ:50.0_VOC:0.500_GasRes:108100Ω,53650.4,0,5.0,0.050,50
2026-06-25 12:10:49,33.53,64.77,1004.00,50.00,500,0.500,108100,32.0,47.0,57.0,YES,YES,MASKED_ATTACK_GAS_LOAD_IAQ:50.0_VOC:0.500_GasRes:108100Ω,53660.8,0,5.0,0.050,50
2026-06-25 12:10:58,33.53,64.77,1004.00,50.00,500,0.500,108100,33.0,46.0,56.0,YES,YES,MASKED_ATTACK_GAS_LOAD_IAQ:50.0_VOC:0.500_GasRes:108100Ω,53670.3,0,5.0,0.050,50
2026-06-25 12:11:09,33.53,64.77,1004.00,50.00,500,0.500,108100,32.0,45.0,56.0,YES,YES,MASKED_ATTACK_GAS_LOAD_IAQ:50.0_VOC:0.500_GasRes:108100Ω,53680.7,0,5.0,0.050,50
2026-06-25 12:11:19,33.53,64.77,1004.00,50.00,500,0.500,108100,32.0,45.0,56.0,YES,YES,MASKED_ATTACK_GAS_LOAD_IAQ:50.0_VOC:0.500_GasRes:108100Ω,53691.1,0,5.0,0.050,50
2026-06-25 12:11:29,33.53,64.77,1004.00,50.00,500,0.500,108100,32.0,46.0,56.0,YES,YES,MASKED_ATTACK_GAS_LOAD_IAQ:50.0_VOC:0.500_GasRes:108100Ω,53700.5,0,5.0,0.050,50
2026-06-25 12:11:39,33.53,64.77,1004.00,50.00,500,0.500,108100,32.0,45.0,56.0,YES,YES,MASKED_ATTACK_GAS_LOAD_IAQ:50.0_VOC:0.500_GasRes:108100Ω,53711.0,0,5.0,0.050,50
2026-06-25 12:11:49,33.53,64.77,1004.00,50.00,500,0.500,108100,33.0,46.0,56.0,YES,YES,MASKED_ATTACK_GAS_LOAD_IAQ:50.0_VOC:0.500_GasRes:108100Ω,53720.4,0,5.0,0.050,50
2026-06-25 12:11:59,33.53,64.77,1004.00,50.00,500,0.500,108100,32.0,45.0,55.0,YES,YES,MASKED_ATTACK_GAS_LOAD_IAQ:50.0_VOC:0.500_GasRes:108100Ω,53730.8,0,5.0,0.050,50
2026-06-25 12:12:09,33.53,64.77,1004.00,50.00,500,0.500,108100,33.0,46.0,56.0,YES,YES,MASKED_ATTACK_GAS_LOAD_IAQ:50.0_VOC:0.500_GasRes:108100Ω,53741.3,0,5.0,0.050,50
2026-06-25 12:12:19,33.53,64.77,1004.00,50.00,500,0.500,108100,32.0,45.0,55.0,YES,YES,MASKED_ATTACK_GAS_LOAD_IAQ:50.0_VOC:0.500_GasRes:108100Ω,53750.7,0,5.0,0.050,50
2026-06-25 12:12:29,33.53,64.77,1004.00,50.00,500,0.500,108100,33.0,47.0,57.0,YES,YES,MASKED_ATTACK_GAS_LOAD_IAQ:50.0_VOC:0.500_GasRes:108100Ω,53761.1,0,5.0,0.050,50
2026-06-25 12:12:39,33.53,64.77,1004.00,50.00,500,0.500,108100,33.0,46.0,56.0,YES,YES,MASKED_ATTACK_GAS_LOAD_IAQ:50.0_VOC:0.500_GasRes:108100Ω,53770.5,0,5.0,0.050,50
2026-06-25 12:12:49,33.52,64.77,1004.00,50.00,500,0.500,108800,34.0,46.0,55.0,YES,YES,MASKED_ATTACK_GAS_LOAD_IAQ:50.0_VOC:0.500_GasRes:108800Ω,53781.0,0,5.0,0.050,50
2026-06-25 12:13:00,33.52,64.77,1004.00,50.00,500,0.500,108800,33.0,45.0,53.0,YES,YES,MASKED_ATTACK_GAS_LOAD_IAQ:50.0_VOC:0.500_GasRes:108800Ω,53791.4,0,5.0,0.050,50
2026-06-25 12:13:09,33.52,64.77,1004.00,50.00,500,0.500,108800,32.0,45.0,54.0,YES,YES,MASKED_ATTACK_GAS_LOAD_IAQ:50.0_VOC:0.500_GasRes:108800Ω,53800.8,0,5.0,0.050,50
2026-06-25 12:13:19,33.52,64.77,1004.00,50.00,500,0.500,108800,32.0,45.0,55.0,YES,YES,MASKED_ATTACK_GAS_LOAD_IAQ:50.0_VOC:0.500_GasRes:108800Ω,53811.2,0,5.0,0.050,50
2026-06-25 12:13:29,33.52,64.77,1004.00,50.00,500,0.500,108800,34.0,46.0,56.0,YES,YES,MASKED_ATTACK_GAS_LOAD_IAQ:50.0_VOC:0.500_GasRes:108800Ω,53820.6,0,5.0,0.050,50
2026-06-25 12:13:39,33.52,64.77,1004.00,50.00,500,0.500,108800,32.0,45.0,57.0,YES,YES,MASKED_ATTACK_GAS_LOAD_IAQ:50.0_VOC:0.500_GasRes:108800Ω,53831.1,0,5.0,0.050,50
2026-06-25 12:13:50,33.52,64.77,1004.00,50.00,500,0.500,108800,31.0,45.0,55.0,YES,YES,MASKED_ATTACK_GAS_LOAD_IAQ:50.0_VOC:0.500_GasRes:108800Ω,53841.5,0,5.0,0.050,50
2026-06-25 12:13:59,33.52,64.77,1004.00,50.00,500,0.500,108800,32.0,46.0,56.0,YES,YES,MASKED_ATTACK_GAS_LOAD_IAQ:50.0_VOC:0.500_GasRes:108800Ω,53850.9,0,5.0,0.050,50
2026-06-25 12:14:10,33.52,64.77,1004.00,50.00,500,0.500,108800,31.0,45.0,55.0,YES,YES,MASKED_ATTACK_GAS_LOAD_IAQ:50.0_VOC:0.500_GasRes:108800Ω,53861.4,0,5.0,0.050,50
2026-06-25 12:14:19,33.52,64.77,1004.00,50.00,500,0.500,108800,33.0,46.0,56.0,YES,YES,MASKED_ATTACK_GAS_LOAD_IAQ:50.0_VOC:0.500_GasRes:108800Ω,53870.8,0,5.0,0.050,50
2026-06-25 12:14:29,33.52,64.77,1004.00,50.00,500,0.500,108800,32.0,45.0,56.0,YES,YES,MASKED_ATTACK_GAS_LOAD_IAQ:50.0_VOC:0.500_GasRes:108800Ω,53881.2,0,5.0,0.050,50
2026-06-25 12:14:40,33.52,64.77,1004.00,50.00,500,0.500,108800,33.0,46.0,56.0,YES,YES,MASKED_ATTACK_GAS_LOAD_IAQ:50.0_VOC:0.500_GasRes:108800Ω,53891.7,0,5.0,0.050,50
2026-06-25 12:14:49,33.52,64.77,1004.00,50.00,500,0.500,108800,33.0,46.0,56.0,YES,YES,MASKED_ATTACK_GAS_LOAD_IAQ:50.0_VOC:0.500_GasRes:108800Ω,53901.0,0,5.0,0.050,50
2026-06-25 12:15:00,33.52,64.77,1004.00,50.00,500,0.500,108800,33.0,45.0,55.0,YES,YES,MASKED_ATTACK_GAS_LOAD_IAQ:50.0_VOC:0.500_GasRes:108800Ω,53911.5,0,5.0,0.050,50
2026-06-25 12:15:10,33.52,64.77,1004.00,50.00,500,0.500,108800,34.0,46.0,56.0,YES,YES,MASKED_ATTACK_GAS_LOAD_IAQ:50.0_VOC:0.500_GasRes:108800Ω,53921.9,0,5.0,0.050,50
2026-06-25 12:15:19,33.52,64.77,1004.00,50.00,500,0.500,108800,33.0,46.0,56.0,YES,YES,MASKED_ATTACK_GAS_LOAD_IAQ:50.0_VOC:0.500_GasRes:108800Ω,53931.3,0,5.0,0.050,50
2026-06-25 12:15:30,33.52,64.77,1004.00,50.00,500,0.500,108800,33.0,46.0,55.0,YES,YES,MASKED_ATTACK_GAS_LOAD_IAQ:50.0_VOC:0.500_GasRes:108800Ω,53941.8,0,5.0,0.050,50
2026-06-25 12:15:39,33.52,64.77,1004.00,50.00,500,0.500,108800,34.0,46.0,56.0,YES,YES,MASKED_ATTACK_GAS_LOAD_IAQ:50.0_VOC:0.500_GasRes:108800Ω,53951.2,0,5.0,0.050,50
💾 Baseline state saved to EEPROM
💾 SAVED - IAQ: 5.0, VOC: 0.050 ppm, CO2: 50 ppm

=== SPIKE HISTORY ===
2026-06-25 12:15:50,33.52,64.77,1004.00,50.00,500,0.500,108800,33.0,45.0,55.0,YES,YES,MASKED_ATTACK_GAS_LOAD_IAQ:50.0_VOC:0.500_GasRes:108800Ω,53961.6,0,5.0,0.050,50
2026-06-25 12:16:00,33.52,64.77,1004.00,50.00,500,0.500,108800,33.0,46.0,56.0,YES,YES,MASKED_ATTACK_GAS_LOAD_IAQ:50.0_VOC:0.500_GasRes:108800Ω,53972.1,0,5.0,0.050,50
2026-06-25 12:16:10,33.52,64.77,1004.00,50.00,500,0.500,108800,32.0,45.0,55.0,YES,YES,MASKED_ATTACK_GAS_LOAD_IAQ:50.0_VOC:0.500_GasRes:108800Ω,53981.5,0,5.0,0.050,50
2026-06-25 12:16:20,33.52,64.77,1004.00,50.00,500,0.500,108800,33.0,46.0,56.0,YES,YES,MASKED_ATTACK_GAS_LOAD_IAQ:50.0_VOC:0.500_GasRes:108800Ω,53991.9,0,5.0,0.050,50
2026-06-25 12:16:29,33.52,64.77,1004.00,50.00,500,0.500,108800,34.0,47.0,57.0,YES,YES,MASKED_ATTACK_GAS_LOAD_IAQ:50.0_VOC:0.500_GasRes:108800Ω,54001.3,0,5.0,0.050,50
2026-06-25 12:16:40,33.52,64.77,1004.00,50.00,500,0.500,108800,34.0,47.0,56.0,YES,YES,MASKED_ATTACK_GAS_LOAD_IAQ:50.0_VOC:0.500_GasRes:108800Ω,54011.7,0,5.0,0.050,50
2026-06-25 12:16:50,33.52,64.77,1004.00,50.00,500,0.500,108800,33.0,45.0,55.0,YES,YES,MASKED_ATTACK_GAS_LOAD_IAQ:50.0_VOC:0.500_GasRes:108800Ω,54022.2,0,5.0,0.050,50
2026-06-25 12:17:00,33.52,64.77,1004.00,50.00,500,0.500,108800,34.0,46.0,56.0,YES,YES,MASKED_ATTACK_GAS_LOAD_IAQ:50.0_VOC:0.500_GasRes:108800Ω,54031.6,0,5.0,0.050,50
2026-06-25 12:17:10,33.52,64.77,1004.00,50.00,500,0.500,108800,33.0,46.0,57.0,YES,YES,MASKED_ATTACK_GAS_LOAD_IAQ:50.0_VOC:0.500_GasRes:108800Ω,54042.0,0,5.0,0.050,50
2026-06-25 12:17:20,33.52,64.77,1004.00,50.00,500,0.500,108800,33.0,47.0,58.0,YES,YES,MASKED_ATTACK_GAS_LOAD_IAQ:50.0_VOC:0.500_GasRes:108800Ω,54051.4,0,5.0,0.050,50
2026-06-25 12:17:30,33.52,64.77,1004.00,50.00,500,0.500,108800,34.0,47.0,59.0,YES,YES,MASKED_ATTACK_GAS_LOAD_IAQ:50.0_VOC:0.500_GasRes:108800Ω,54061.9,0,5.0,0.050,50
2026-06-25 12:17:40,33.52,64.77,1004.00,50.00,500,0.500,108800,34.0,47.0,58.0,YES,YES,MASKED_ATTACK_GAS_LOAD_IAQ:50.0_VOC:0.500_GasRes:108800Ω,54072.3,0,5.0,0.050,50
2026-06-25 12:17:50,33.58,64.80,1004.00,53.93,620,0.657,106400,34.0,48.0,58.0,YES,YES,MASKED_ATTACK_GAS_LOAD_IAQ:53.9_VOC:0.657_GasRes:106400Ω,54081.7,0,5.0,0.050,50
2026-06-25 12:18:00,33.58,64.80,1004.00,53.93,620,0.657,106400,34.0,48.0,57.0,YES,YES,MASKED_ATTACK_GAS_LOAD_IAQ:53.9_VOC:0.657_GasRes:106400Ω,54092.2,0,5.0,0.050,50
2026-06-25 12:18:11,33.58,64.80,1004.00,53.93,620,0.657,106400,34.0,48.0,57.0,YES,YES,MASKED_ATTACK_GAS_LOAD_IAQ:53.9_VOC:0.657_GasRes:106400Ω,54102.6,0,5.0,0.050,50
2026-06-25 12:18:20,33.58,64.80,1004.00,53.93,620,0.657,106400,34.0,48.0,59.0,YES,YES,MASKED_ATTACK_GAS_LOAD_IAQ:53.9_VOC:0.657_GasRes:106400Ω,54112.0,0,5.0,0.050,50
2026-06-25 12:18:31,33.58,64.80,1004.00,53.93,620,0.657,106400,34.0,48.0,58.0,YES,YES,MASKED_ATTACK_GAS_LOAD_IAQ:53.9_VOC:0.657_GasRes:106400Ω,54122.4,0,5.0,0.050,50
2026-06-25 12:18:40,33.58,64.80,1004.00,53.93,620,0.657,106400,34.0,48.0,57.0,YES,YES,MASKED_ATTACK_GAS_LOAD_IAQ:53.9_VOC:0.657_GasRes:106400Ω,54131.9,0,5.0,0.050,50
2026-06-25 12:18:50,33.58,64.80,1004.00,53.93,620,0.657,106400,34.0,48.0,57.0,YES,YES,MASKED_ATTACK_GAS_LOAD_IAQ:53.9_VOC:0.657_GasRes:106400Ω,54142.3,0,5.0,0.050,50
2026-06-25 12:19:01,33.58,64.80,1004.00,53.93,620,0.657,106400,33.0,47.0,57.0,YES,YES,MASKED_ATTACK_GAS_LOAD_IAQ:53.9_VOC:0.657_GasRes:106400Ω,54152.7,0,5.0,0.050,50
2026-06-25 12:19:10,33.58,64.80,1004.00,53.93,620,0.657,106400,33.0,48.0,59.0,YES,YES,MASKED_ATTACK_GAS_LOAD_IAQ:53.9_VOC:0.657_GasRes:106400Ω,54162.1,0,5.0,0.050,50
2026-06-25 12:19:21,33.58,64.80,1004.00,53.93,620,0.657,106400,34.0,48.0,58.0,YES,YES,MASKED_ATTACK_GAS_LOAD_IAQ:53.9_VOC:0.657_GasRes:106400Ω,54172.6,0,5.0,0.050,50
2026-06-25 12:19:30,33.58,64.80,1004.00,53.93,620,0.657,106400,34.0,48.0,58.0,YES,YES,MASKED_ATTACK_GAS_LOAD_IAQ:53.9_VOC:0.657_GasRes:106400Ω,54182.0,0,5.0,0.050,50
2026-06-25 12:19:41,33.58,64.80,1004.00,53.93,620,0.657,106400,34.0,48.0,58.0,YES,YES,MASKED_ATTACK_GAS_LOAD_IAQ:53.9_VOC:0.657_GasRes:106400Ω,54192.4,0,5.0,0.050,50
2026-06-25 12:19:51,33.58,64.80,1004.00,53.93,620,0.657,106400,33.0,47.0,57.0,YES,YES,MASKED_ATTACK_GAS_LOAD_IAQ:53.9_VOC:0.657_GasRes:106400Ω,54202.9,0,5.0,0.050,50
2026-06-25 12:20:00,33.58,64.80,1004.00,53.93,620,0.657,106400,34.0,48.0,58.0,YES,YES,MASKED_ATTACK_GAS_LOAD_IAQ:53.9_VOC:0.657_GasRes:106400Ω,54212.3,0,5.0,0.050,50
2026-06-25 12:20:11,33.58,64.80,1004.00,53.93,620,0.657,106400,34.0,47.0,59.0,YES,YES,MASKED_ATTACK_GAS_LOAD_IAQ:53.9_VOC:0.657_GasRes:106400Ω,54222.7,0,5.0,0.050,50
2026-06-25 12:20:20,33.58,64.80,1004.00,53.93,620,0.657,106400,35.0,47.0,58.0,YES,YES,MASKED_ATTACK_GAS_LOAD_IAQ:53.9_VOC:0.657_GasRes:106400Ω,54232.1,0,5.0,0.050,50
2026-06-25 12:20:31,33.58,64.80,1004.00,53.93,620,0.657,106400,33.0,46.0,56.0,YES,YES,MASKED_ATTACK_GAS_LOAD_IAQ:53.9_VOC:0.657_GasRes:106400Ω,54242.6,0,5.0,0.050,50
2026-06-25 12:20:41,33.58,64.80,1004.00,53.93,620,0.657,106400,33.0,46.0,56.0,YES,YES,MASKED_ATTACK_GAS_LOAD_IAQ:53.9_VOC:0.657_GasRes:106400Ω,54253.0,0,5.0,0.050,50
2026-06-25 12:20:51,33.58,64.80,1004.00,53.93,620,0.657,106400,34.0,47.0,58.0,YES,YES,MASKED_ATTACK_GAS_LOAD_IAQ:53.9_VOC:0.657_GasRes:106400Ω,54262.4,0,5.0,0.050,50
2026-06-25 12:21:01,33.58,64.80,1004.00,53.93,620,0.657,106400,33.0,47.0,57.0,YES,YES,MASKED_ATTACK_GAS_LOAD_IAQ:53.9_VOC:0.657_GasRes:106400Ω,54272.9,0,5.0,0.050,50
2026-06-25 12:21:10,33.58,64.80,1004.00,53.93,620,0.657,106400,34.0,46.0,57.0,YES,YES,MASKED_ATTACK_GAS_LOAD_IAQ:53.9_VOC:0.657_GasRes:106400Ω,54282.2,0,5.0,0.050,50
2026-06-25 12:21:21,33.58,64.80,1004.00,53.93,620,0.657,106400,34.0,47.0,56.0,YES,YES,MASKED_ATTACK_GAS_LOAD_IAQ:53.9_VOC:0.657_GasRes:106400Ω,54292.7,0,5.0,0.050,50
2026-06-25 12:21:31,33.58,64.80,1004.00,53.93,620,0.657,106400,34.0,46.0,56.0,YES,YES,MASKED_ATTACK_GAS_LOAD_IAQ:53.9_VOC:0.657_GasRes:106400Ω,54303.1,0,5.0,0.050,50
2026-06-25 12:21:41,33.58,64.80,1004.00,53.93,620,0.657,106400,33.0,45.0,55.0,YES,YES,MASKED_ATTACK_GAS_LOAD_IAQ:53.9_VOC:0.657_GasRes:106400Ω,54312.5,0,5.0,0.050,50
2026-06-25 12:21:51,33.58,64.80,1004.00,53.93,620,0.657,106400,34.0,46.0,56.0,YES,YES,MASKED_ATTACK_GAS_LOAD_IAQ:53.9_VOC:0.657_GasRes:106400Ω,54323.0,0,5.0,0.050,50
2026-06-25 12:22:01,33.58,64.80,1004.00,53.93,620,0.657,106400,33.0,46.0,55.0,YES,YES,MASKED_ATTACK_GAS_LOAD_IAQ:53.9_VOC:0.657_GasRes:106400Ω,54332.4,0,5.0,0.050,50
2026-06-25 12:22:11,33.58,64.80,1004.00,53.93,620,0.657,106400,34.0,48.0,59.0,YES,YES,MASKED_ATTACK_GAS_LOAD_IAQ:53.9_VOC:0.657_GasRes:106400Ω,54342.8,0,5.0,0.050,50
2026-06-25 12:22:21,33.58,64.80,1004.00,53.93,620,0.657,106400,33.0,47.0,58.0,YES,YES,MASKED_ATTACK_GAS_LOAD_IAQ:53.9_VOC:0.657_GasRes:106400Ω,54353.3,0,5.0,0.050,50
2026-06-25 12:22:31,33.58,64.80,1004.00,53.93,620,0.657,106400,34.0,47.0,57.0,YES,YES,MASKED_ATTACK_GAS_LOAD_IAQ:53.9_VOC:0.657_GasRes:106400Ω,54362.7,0,5.0,0.050,50
2026-06-25 12:22:41,33.58,64.80,1004.00,53.93,620,0.657,106400,33.0,47.0,56.0,YES,YES,MASKED_ATTACK_GAS_LOAD_IAQ:53.9_VOC:0.657_GasRes:106400Ω,54373.1,0,5.0,0.050,50
2026-06-25 12:22:51,33.61,64.90,1004.00,59.52,790,0.965,103200,33.0,46.0,56.0,YES,YES,MASKED_ATTACK_GAS_LOAD_IAQ:59.5_VOC:0.965_GasRes:103200Ω,54382.5,0,5.0,0.050,50
2026-06-25 12:23:01,33.61,64.90,1004.00,59.52,790,0.965,103200,34.0,47.0,58.0,YES,YES,MASKED_ATTACK_GAS_LOAD_IAQ:59.5_VOC:0.965_GasRes:103200Ω,54392.9,0,5.0,0.050,50
2026-06-25 12:23:12,33.61,64.90,1004.00,59.52,790,0.965,103200,34.0,48.0,60.0,YES,YES,MASKED_ATTACK_GAS_LOAD_IAQ:59.5_VOC:0.965_GasRes:103200Ω,54403.4,0,5.0,0.050,50
2026-06-25 12:23:21,33.61,64.90,1004.00,59.52,790,0.965,103200,35.0,48.0,60.0,YES,YES,MASKED_ATTACK_GAS_LOAD_IAQ:59.5_VOC:0.965_GasRes:103200Ω,54412.8,0,5.0,0.050,50
2026-06-25 12:23:31,33.61,64.90,1004.00,59.52,790,0.965,103200,33.0,47.0,58.0,YES,YES,MASKED_ATTACK_GAS_LOAD_IAQ:59.5_VOC:0.965_GasRes:103200Ω,54423.2,0,5.0,0.050,50
2026-06-25 12:23:41,33.61,64.90,1004.00,59.52,790,0.965,103200,33.0,47.0,58.0,YES,YES,MASKED_ATTACK_GAS_LOAD_IAQ:59.5_VOC:0.965_GasRes:103200Ω,54432.6,0,5.0,0.050,50
2026-06-25 12:23:51,33.61,64.90,1004.00,59.52,790,0.965,103200,33.0,47.0,58.0,YES,YES,MASKED_ATTACK_GAS_LOAD_IAQ:59.5_VOC:0.965_GasRes:103200Ω,54443.1,0,5.0,0.050,50
2026-06-25 12:24:02,33.61,64.90,1004.00,59.52,790,0.965,103200,34.0,47.0,57.0,YES,YES,MASKED_ATTACK_GAS_LOAD_IAQ:59.5_VOC:0.965_GasRes:103200Ω,54453.5,0,5.0,0.050,50
2026-06-25 12:24:11,33.61,64.90,1004.00,59.52,790,0.965,103200,34.0,46.0,56.0,YES,YES,MASKED_ATTACK_GAS_LOAD_IAQ:59.5_VOC:0.965_GasRes:103200Ω,54462.9,0,5.0,0.050,50
2026-06-25 12:24:21,33.61,64.90,1004.00,59.52,790,0.965,103200,34.0,47.0,57.0,YES,YES,MASKED_ATTACK_GAS_LOAD_IAQ:59.5_VOC:0.965_GasRes:103200Ω,54473.4,0,5.0,0.050,50
2026-06-25 12:24:31,33.61,64.90,1004.00,59.52,790,0.965,103200,33.0,46.0,57.0,YES,YES,MASKED_ATTACK_GAS_LOAD_IAQ:59.5_VOC:0.965_GasRes:103200Ω,54482.8,0,5.0,0.050,50
2026-06-25 12:24:41,33.61,64.90,1004.00,59.52,790,0.965,103200,33.0,46.0,57.0,YES,YES,MASKED_ATTACK_GAS_LOAD_IAQ:59.5_VOC:0.965_GasRes:103200Ω,54493.2,0,5.0,0.050,50
2026-06-25 12:24:52,33.61,64.90,1004.00,59.52,790,0.965,103200,34.0,48.0,58.0,YES,YES,MASKED_ATTACK_GAS_LOAD_IAQ:59.5_VOC:0.965_GasRes:103200Ω,54503.7,0,5.0,0.050,50
2026-06-25 12:25:01,33.61,64.90,1004.00,59.52,790,0.965,103200,34.0,48.0,58.0,YES,YES,MASKED_ATTACK_GAS_LOAD_IAQ:59.5_VOC:0.965_GasRes:103200Ω,54513.1,0,5.0,0.050,50
2026-06-25 12:25:12,33.61,64.90,1004.00,59.52,790,0.965,103200,33.0,47.0,59.0,YES,YES,MASKED_ATTACK_GAS_LOAD_IAQ:59.5_VOC:0.965_GasRes:103200Ω,54523.5,0,5.0,0.050,50
2026-06-25 12:25:22,33.61,64.90,1004.00,59.52,790,0.965,103200,33.0,47.0,59.0,YES,YES,MASKED_ATTACK_GAS_LOAD_IAQ:59.5_VOC:0.965_GasRes:103200Ω,54533.9,0,5.0,0.050,50
2026-06-25 12:25:31,33.61,64.90,1004.00,59.52,790,0.965,103200,34.0,47.0,59.0,YES,YES,MASKED_ATTACK_GAS_LOAD_IAQ:59.5_VOC:0.965_GasRes:103200Ω,54543.3,0,5.0,0.050,50
2026-06-25 12:25:42,33.61,64.90,1004.00,59.52,790,0.965,103200,35.0,48.0,58.0,YES,YES,MASKED_ATTACK_GAS_LOAD_IAQ:59.5_VOC:0.965_GasRes:103200Ω,54553.8,0,5.0,0.050,50
2026-06-25 12:25:51,33.61,64.90,1004.00,59.52,790,0.965,103200,34.0,47.0,57.0,YES,YES,MASKED_ATTACK_GAS_LOAD_IAQ:59.5_VOC:0.965_GasRes:103200Ω,54563.2,0,5.0,0.050,50
2026-06-25 12:26:02,33.61,64.90,1004.00,59.52,790,0.965,103200,34.0,47.0,58.0,YES,YES,MASKED_ATTACK_GAS_LOAD_IAQ:59.5_VOC:0.965_GasRes:103200Ω,54573.6,0,5.0,0.050,50
2026-06-25 12:26:12,33.61,64.90,1004.00,59.52,790,0.965,103200,35.0,48.0,58.0,YES,YES,MASKED_ATTACK_GAS_LOAD_IAQ:59.5_VOC:0.965_GasRes:103200Ω,54584.1,0,5.0,0.050,50
2026-06-25 12:26:22,33.61,64.90,1004.00,59.52,790,0.965,103200,33.0,47.0,57.0,YES,YES,MASKED_ATTACK_GAS_LOAD_IAQ:59.5_VOC:0.965_GasRes:103200Ω,54593.5,0,5.0,0.050,50
2026-06-25 12:26:32,33.61,64.90,1004.00,59.52,790,0.965,103200,34.0,48.0,58.0,YES,YES,MASKED_ATTACK_GAS_LOAD_IAQ:59.5_VOC:0.965_GasRes:103200Ω,54603.9,0,5.0,0.050,50
2026-06-25 12:26:41,33.61,64.90,1004.00,59.52,790,0.965,103200,33.0,47.0,58.0,YES,YES,MASKED_ATTACK_GAS_LOAD_IAQ:59.5_VOC:0.965_GasRes:103200Ω,54613.3,0,5.0,0.050,50
2026-06-25 12:26:52,33.61,64.90,1004.00,59.52,790,0.965,103200,33.0,48.0,58.0,YES,YES,MASKED_ATTACK_GAS_LOAD_IAQ:59.5_VOC:0.965_GasRes:103200Ω,54623.7,0,5.0,0.050,50
2026-06-25 12:27:02,33.61,64.90,1004.00,59.52,790,0.965,103200,33.0,48.0,58.0,YES,YES,MASKED_ATTACK_GAS_LOAD_IAQ:59.5_VOC:0.965_GasRes:103200Ω,54634.2,0,5.0,0.050,50
2026-06-25 12:27:12,33.61,64.90,1004.00,59.52,790,0.965,103200,34.0,49.0,60.0,YES,YES,MASKED_ATTACK_GAS_LOAD_IAQ:59.5_VOC:0.965_GasRes:103200Ω,54643.6,0,5.0,0.050,50
2026-06-25 12:27:22,33.61,64.90,1004.00,59.52,790,0.965,103200,33.0,48.0,59.0,YES,YES,MASKED_ATTACK_GAS_LOAD_IAQ:59.5_VOC:0.965_GasRes:103200Ω,54654.0,0,5.0,0.050,50
2026-06-25 12:27:33,33.61,64.90,1004.00,59.52,790,0.965,103200,34.0,48.0,60.0,YES,YES,MASKED_ATTACK_GAS_LOAD_IAQ:59.5_VOC:0.965_GasRes:103200Ω,54664.5,0,5.0,0.050,50
2026-06-25 12:27:42,33.61,64.90,1004.00,59.52,790,0.965,103200,33.0,47.0,59.0,YES,YES,MASKED_ATTACK_GAS_LOAD_IAQ:59.5_VOC:0.965_GasRes:103200Ω,54673.9,0,5.0,0.050,50
2026-06-25 12:27:52,33.60,64.96,1004.00,59.48,788,0.961,103200,34.0,49.0,59.0,YES,YES,MASKED_ATTACK_GAS_LOAD_IAQ:59.5_VOC:0.961_GasRes:103200Ω,54684.3,0,5.0,0.050,50
2026-06-25 12:28:02,33.60,64.96,1004.00,59.48,788,0.961,103200,34.0,47.0,57.0,YES,YES,MASKED_ATTACK_GAS_LOAD_IAQ:59.5_VOC:0.961_GasRes:103200Ω,54693.7,0,5.0,0.050,50
2026-06-25 12:28:12,33.60,64.96,1004.00,59.48,788,0.961,103200,33.0,47.0,57.0,YES,YES,MASKED_ATTACK_GAS_LOAD_IAQ:59.5_VOC:0.961_GasRes:103200Ω,54704.1,0,5.0,0.050,50
2026-06-25 12:28:23,33.60,64.96,1004.00,59.48,788,0.961,103200,35.0,48.0,59.0,YES,YES,MASKED_ATTACK_GAS_LOAD_IAQ:59.5_VOC:0.961_GasRes:103200Ω,54714.6,0,5.0,0.050,50
2026-06-25 12:28:32,33.60,64.96,1004.00,59.48,788,0.961,103200,34.0,48.0,59.0,YES,YES,MASKED_ATTACK_GAS_LOAD_IAQ:59.5_VOC:0.961_GasRes:103200Ω,54724.0,0,5.0,0.050,50
2026-06-25 12:28:43,33.60,64.96,1004.00,59.48,788,0.961,103200,34.0,47.0,61.0,YES,YES,MASKED_ATTACK_GAS_LOAD_IAQ:59.5_VOC:0.961_GasRes:103200Ω,54734.4,0,5.0,0.050,50
2026-06-25 12:28:52,33.60,64.96,1004.00,59.48,788,0.961,103200,35.0,48.0,60.0,YES,YES,MASKED_ATTACK_GAS_LOAD_IAQ:59.5_VOC:0.961_GasRes:103200Ω,54743.8,0,5.0,0.050,50
2026-06-25 12:29:02,33.60,64.96,1004.00,59.48,788,0.961,103200,35.0,47.0,59.0,YES,YES,MASKED_ATTACK_GAS_LOAD_IAQ:59.5_VOC:0.961_GasRes:103200Ω,54754.3,0,5.0,0.050,50
2026-06-25 12:29:13,33.60,64.96,1004.00,59.48,788,0.961,103200,34.0,47.0,59.0,YES,YES,MASKED_ATTACK_GAS_LOAD_IAQ:59.5_VOC:0.961_GasRes:103200Ω,54764.7,0,5.0,0.050,50
2026-06-25 12:29:22,33.60,64.96,1004.00,59.48,788,0.961,103200,35.0,49.0,61.0,YES,YES,MASKED_ATTACK_GAS_LOAD_IAQ:59.5_VOC:0.961_GasRes:103200Ω,54774.1,0,5.0,0.050,50
2026-06-25 12:29:33,33.60,64.96,1004.00,59.48,788,0.961,103200,35.0,48.0,59.0,YES,YES,MASKED_ATTACK_GAS_LOAD_IAQ:59.5_VOC:0.961_GasRes:103200Ω,54784.6,0,5.0,0.050,50
2026-06-25 12:29:42,33.60,64.96,1004.00,59.48,788,0.961,103200,34.0,48.0,60.0,YES,YES,MASKED_ATTACK_GAS_LOAD_IAQ:59.5_VOC:0.961_GasRes:103200Ω,54794.0,0,5.0,0.050,50
2026-06-25 12:29:53,33.60,64.96,1004.00,59.48,788,0.961,103200,34.0,47.0,59.0,YES,YES,MASKED_ATTACK_GAS_LOAD_IAQ:59.5_VOC:0.961_GasRes:103200Ω,54804.4,0,5.0,0.050,50
2026-06-25 12:30:03,33.60,64.96,1004.00,59.48,788,0.961,103200,35.0,49.0,60.0,YES,YES,MASKED_ATTACK_GAS_LOAD_IAQ:59.5_VOC:0.961_GasRes:103200Ω,54814.9,0,5.0,0.050,50
2026-06-25 12:30:12,33.60,64.96,1004.00,59.48,788,0.961,103200,36.0,48.0,58.0,YES,YES,MASKED_ATTACK_GAS_LOAD_IAQ:59.5_VOC:0.961_GasRes:103200Ω,54824.3,0,5.0,0.050,50
2026-06-25 12:30:23,33.60,64.96,1004.00,59.48,788,0.961,103200,34.0,47.0,56.0,YES,YES,MASKED_ATTACK_GAS_LOAD_IAQ:59.5_VOC:0.961_GasRes:103200Ω,54834.7,0,5.0,0.050,50
2026-06-25 12:30:32,33.60,64.96,1004.00,59.48,788,0.961,103200,34.0,47.0,58.0,YES,YES,MASKED_ATTACK_GAS_LOAD_IAQ:59.5_VOC:0.961_GasRes:103200Ω,54844.1,0,5.0,0.050,50
2026-06-25 12:30:43,33.60,64.96,1004.00,59.48,788,0.961,103200,34.0,47.0,59.0,YES,YES,MASKED_ATTACK_GAS_LOAD_IAQ:59.5_VOC:0.961_GasRes:103200Ω,54854.5,0,5.0,0.050,50
2026-06-25 12:30:53,33.60,64.96,1004.00,59.48,788,0.961,103200,34.0,47.0,60.0,YES,YES,MASKED_ATTACK_GAS_LOAD_IAQ:59.5_VOC:0.961_GasRes:103200Ω,54865.0,0,5.0,0.050,50
2026-06-25 12:31:03,33.60,64.96,1004.00,59.48,788,0.961,103200,35.0,48.0,60.0,YES,YES,MASKED_ATTACK_GAS_LOAD_IAQ:59.5_VOC:0.961_GasRes:103200Ω,54874.4,0,5.0,0.050,50
2026-06-25 12:31:13,33.60,64.96,1004.00,59.48,788,0.961,103200,36.0,49.0,61.0,YES,YES,MASKED_ATTACK_GAS_LOAD_IAQ:59.5_VOC:0.961_GasRes:103200Ω,54884.8,0,5.0,0.050,50
2026-06-25 12:31:22,33.60,64.96,1004.00,59.48,788,0.961,103200,35.0,49.0,60.0,YES,YES,MASKED_ATTACK_GAS_LOAD_IAQ:59.5_VOC:0.961_GasRes:103200Ω,54894.2,0,5.0,0.050,50
2026-06-25 12:31:33,33.60,64.96,1004.00,59.48,788,0.961,103200,36.0,50.0,62.0,YES,YES,MASKED_ATTACK_GAS_LOAD_IAQ:59.5_VOC:0.961_GasRes:103200Ω,54904.7,0,5.0,0.050,50
2026-06-25 12:31:43,33.60,64.96,1004.00,59.48,788,0.961,103200,35.0,49.0,61.0,YES,YES,MASKED_ATTACK_GAS_LOAD_IAQ:59.5_VOC:0.961_GasRes:103200Ω,54915.1,0,5.0,0.050,50
2026-06-25 12:31:53,33.60,64.96,1004.00,59.48,788,0.961,103200,35.0,48.0,60.0,YES,YES,MASKED_ATTACK_GAS_LOAD_IAQ:59.5_VOC:0.961_GasRes:103200Ω,54924.5,0,5.0,0.050,50
2026-06-25 12:32:03,33.60,64.96,1004.00,59.48,788,0.961,103200,35.0,49.0,60.0,YES,YES,MASKED_ATTACK_GAS_LOAD_IAQ:59.5_VOC:0.961_GasRes:103200Ω,54935.0,0,5.0,0.050,50
2026-06-25 12:32:12,33.60,64.96,1004.00,59.48,788,0.961,103200,34.0,49.0,60.0,YES,YES,MASKED_ATTACK_GAS_LOAD_IAQ:59.5_VOC:0.961_GasRes:103200Ω,54944.3,0,5.0,0.050,50
2026-06-25 12:32:23,33.60,64.96,1004.00,59.48,788,0.961,103200,34.0,48.0,59.0,YES,YES,MASKED_ATTACK_GAS_LOAD_IAQ:59.5_VOC:0.961_GasRes:103200Ω,54954.8,0,5.0,0.050,50
2026-06-25 12:32:33,33.60,64.96,1004.00,59.48,788,0.961,103200,34.0,48.0,59.0,YES,YES,MASKED_ATTACK_GAS_LOAD_IAQ:59.5_VOC:0.961_GasRes:103200Ω,54965.2,0,5.0,0.050,50
2026-06-25 12:32:43,33.60,64.96,1004.00,59.48,788,0.961,103200,35.0,48.0,58.0,YES,YES,MASKED_ATTACK_GAS_LOAD_IAQ:59.5_VOC:0.961_GasRes:103200Ω,54974.6,0,5.0,0.050,50
2026-06-25 12:32:53,33.53,64.96,1004.00,59.44,786,0.955,103400,35.0,48.0,59.0,YES,YES,MASKED_ATTACK_GAS_LOAD_IAQ:59.4_VOC:0.955_GasRes:103400Ω,54985.1,0,5.0,0.050,50
2026-06-25 12:33:04,33.53,64.96,1004.00,59.44,786,0.955,103400,34.0,48.0,59.0,YES,YES,MASKED_ATTACK_GAS_LOAD_IAQ:59.4_VOC:0.955_GasRes:103400Ω,54995.5,0,5.0,0.050,50
2026-06-25 12:33:13,33.53,64.96,1004.00,59.44,786,0.955,103400,34.0,48.0,60.0,YES,YES,MASKED_ATTACK_GAS_LOAD_IAQ:59.4_VOC:0.955_GasRes:103400Ω,55004.9,0,5.0,0.050,50
2026-06-25 12:33:23,33.53,64.96,1004.00,59.44,786,0.955,103400,33.0,48.0,58.0,YES,YES,MASKED_ATTACK_GAS_LOAD_IAQ:59.4_VOC:0.955_GasRes:103400Ω,55015.4,0,5.0,0.050,50
2026-06-25 12:33:33,33.53,64.96,1004.00,59.44,786,0.955,103400,34.0,48.0,60.0,YES,YES,MASKED_ATTACK_GAS_LOAD_IAQ:59.4_VOC:0.955_GasRes:103400Ω,55024.8,0,5.0,0.050,50
2026-06-25 12:33:43,33.53,64.96,1004.00,59.44,786,0.955,103400,35.0,48.0,60.0,YES,YES,MASKED_ATTACK_GAS_LOAD_IAQ:59.4_VOC:0.955_GasRes:103400Ω,55035.2,0,5.0,0.050,50
2026-06-25 12:33:54,33.53,64.96,1004.00,59.44,786,0.955,103400,34.0,47.0,59.0,YES,YES,MASKED_ATTACK_GAS_LOAD_IAQ:59.4_VOC:0.955_GasRes:103400Ω,55045.6,0,5.0,0.050,50
2026-06-25 12:34:03,33.53,64.96,1004.00,59.44,786,0.955,103400,34.0,47.0,59.0,YES,YES,MASKED_ATTACK_GAS_LOAD_IAQ:59.4_VOC:0.955_GasRes:103400Ω,55055.0,0,5.0,0.050,50
2026-06-25 12:34:14,33.53,64.96,1004.00,59.44,786,0.955,103400,34.0,47.0,59.0,YES,YES,MASKED_ATTACK_GAS_LOAD_IAQ:59.4_VOC:0.955_GasRes:103400Ω,55065.5,0,5.0,0.050,50
2026-06-25 12:34:23,33.53,64.96,1004.00,59.44,786,0.955,103400,34.0,47.0,59.0,YES,YES,MASKED_ATTACK_GAS_LOAD_IAQ:59.4_VOC:0.955_GasRes:103400Ω,55074.9,0,5.0,0.050,50
2026-06-25 12:34:33,33.53,64.96,1004.00,59.44,786,0.955,103400,35.0,49.0,61.0,YES,YES,MASKED_ATTACK_GAS_LOAD_IAQ:59.4_VOC:0.955_GasRes:103400Ω,55085.3,0,5.0,0.050,50
2026-06-25 12:34:44,33.53,64.96,1004.00,59.44,786,0.955,103400,34.0,49.0,60.0,YES,YES,MASKED_ATTACK_GAS_LOAD_IAQ:59.4_VOC:0.955_GasRes:103400Ω,55095.8,0,5.0,0.050,50
2026-06-25 12:34:53,33.53,64.96,1004.00,59.44,786,0.955,103400,34.0,49.0,60.0,YES,YES,MASKED_ATTACK_GAS_LOAD_IAQ:59.4_VOC:0.955_GasRes:103400Ω,55105.1,0,5.0,0.050,50
2026-06-25 12:35:04,33.53,64.96,1004.00,59.44,786,0.955,103400,34.0,48.0,60.0,YES,YES,MASKED_ATTACK_GAS_LOAD_IAQ:59.4_VOC:0.955_GasRes:103400Ω,55115.6,0,5.0,0.050,50
2026-06-25 12:35:14,33.53,64.96,1004.00,59.44,786,0.955,103400,34.0,48.0,60.0,YES,YES,MASKED_ATTACK_GAS_LOAD_IAQ:59.4_VOC:0.955_GasRes:103400Ω,55126.0,0,5.0,0.050,50
2026-06-25 12:35:24,33.53,64.96,1004.00,59.44,786,0.955,103400,35.0,48.0,61.0,YES,YES,MASKED_ATTACK_GAS_LOAD_IAQ:59.4_VOC:0.955_GasRes:103400Ω,55135.4,0,5.0,0.050,50
2026-06-25 12:35:34,33.53,64.96,1004.00,59.44,786,0.955,103400,34.0,47.0,60.0,YES,YES,MASKED_ATTACK_GAS_LOAD_IAQ:59.4_VOC:0.955_GasRes:103400Ω,55145.9,0,5.0,0.050,50
2026-06-25 12:35:43,33.53,64.96,1004.00,59.44,786,0.955,103400,35.0,48.0,60.0,YES,YES,MASKED_ATTACK_GAS_LOAD_IAQ:59.4_VOC:0.955_GasRes:103400Ω,55155.3,0,5.0,0.050,50
2026-06-25 12:35:54,33.53,64.96,1004.00,59.44,786,0.955,103400,34.0,47.0,60.0,YES,YES,MASKED_ATTACK_GAS_LOAD_IAQ:59.4_VOC:0.955_GasRes:103400Ω,55165.7,0,5.0,0.050,50
2026-06-25 12:36:04,33.53,64.96,1004.00,59.44,786,0.955,103400,34.0,48.0,59.0,YES,YES,MASKED_ATTACK_GAS_LOAD_IAQ:59.4_VOC:0.955_GasRes:103400Ω,55176.1,0,5.0,0.050,50
2026-06-25 12:36:14,33.53,64.96,1004.00,59.44,786,0.955,103400,35.0,49.0,60.0,YES,YES,MASKED_ATTACK_GAS_LOAD_IAQ:59.4_VOC:0.955_GasRes:103400Ω,55185.5,0,5.0,0.050,50
2026-06-25 12:36:24,33.53,64.96,1004.00,59.44,786,0.955,103400,34.0,49.0,59.0,YES,YES,MASKED_ATTACK_GAS_LOAD_IAQ:59.4_VOC:0.955_GasRes:103400Ω,55196.0,0,5.0,0.050,50
2026-06-25 12:36:33,33.53,64.96,1004.00,59.44,786,0.955,103400,34.0,48.0,58.0,YES,YES,MASKED_ATTACK_GAS_LOAD_IAQ:59.4_VOC:0.955_GasRes:103400Ω,55205.4,0,5.0,0.050,50
2026-06-25 12:36:44,33.53,64.96,1004.00,59.44,786,0.955,103400,35.0,49.0,60.0,YES,YES,MASKED_ATTACK_GAS_LOAD_IAQ:59.4_VOC:0.955_GasRes:103400Ω,55215.8,0,5.0,0.050,50
2026-06-25 12:36:54,33.53,64.96,1004.00,59.44,786,0.955,103400,35.0,50.0,61.0,YES,YES,MASKED_ATTACK_GAS_LOAD_IAQ:59.4_VOC:0.955_GasRes:103400Ω,55226.2,0,5.0,0.050,50
2026-06-25 12:37:04,33.53,64.96,1004.00,59.44,786,0.955,103400,34.0,49.0,60.0,YES,YES,MASKED_ATTACK_GAS_LOAD_IAQ:59.4_VOC:0.955_GasRes:103400Ω,55235.6,0,5.0,0.050,50
2026-06-25 12:37:14,33.53,64.96,1004.00,59.44,786,0.955,103400,35.0,49.0,60.0,YES,YES,MASKED_ATTACK_GAS_LOAD_IAQ:59.4_VOC:0.955_GasRes:103400Ω,55246.1,0,5.0,0.050,50
2026-06-25 12:37:24,33.53,64.96,1004.00,59.44,786,0.955,103400,36.0,50.0,61.0,YES,YES,MASKED_ATTACK_GAS_LOAD_IAQ:59.4_VOC:0.955_GasRes:103400Ω,55255.5,0,5.0,0.050,50
2026-06-25 12:37:34,33.53,64.96,1004.00,59.44,786,0.955,103400,35.0,49.0,61.0,YES,YES,MASKED_ATTACK_GAS_LOAD_IAQ:59.4_VOC:0.955_GasRes:103400Ω,55265.9,0,5.0,0.050,50
2026-06-25 12:37:44,33.53,64.96,1004.00,59.44,786,0.955,103400,35.0,49.0,61.0,YES,YES,MASKED_ATTACK_GAS_LOAD_IAQ:59.4_VOC:0.955_GasRes:103400Ω,55276.4,0,5.0,0.050,50
2026-06-25 12:37:54,33.51,65.06,1004.00,62.62,881,1.185,101700,36.0,50.0,61.0,YES,YES,MASKED_ATTACK_GAS_LOAD_IAQ:62.6_VOC:1.185_GasRes:101700Ω,55285.8,0,5.0,0.050,50
2026-06-25 12:38:04,33.51,65.06,1004.00,62.62,881,1.185,101700,35.0,48.0,59.0,YES,YES,MASKED_ATTACK_GAS_LOAD_IAQ:62.6_VOC:1.185_GasRes:101700Ω,55296.2,0,5.0,0.050,50
2026-06-25 12:38:14,33.51,65.06,1004.00,62.62,881,1.185,101700,34.0,47.0,57.0,YES,YES,MASKED_ATTACK_GAS_LOAD_IAQ:62.6_VOC:1.185_GasRes:101700Ω,55305.6,0,5.0,0.050,50
2026-06-25 12:38:24,33.51,65.06,1004.00,62.62,881,1.185,101700,34.0,48.0,57.0,YES,YES,MASKED_ATTACK_GAS_LOAD_IAQ:62.6_VOC:1.185_GasRes:101700Ω,55316.0,0,5.0,0.050,50
2026-06-25 12:38:35,33.51,65.06,1004.00,62.62,881,1.185,101700,34.0,48.0,58.0,YES,YES,MASKED_ATTACK_GAS_LOAD_IAQ:62.6_VOC:1.185_GasRes:101700Ω,55326.5,0,5.0,0.050,50
2026-06-25 12:38:44,33.51,65.06,1004.00,62.62,881,1.185,101700,33.0,47.0,57.0,YES,YES,MASKED_ATTACK_GAS_LOAD_IAQ:62.6_VOC:1.185_GasRes:101700Ω,55335.9,0,5.0,0.050,50
2026-06-25 12:38:54,33.51,65.06,1004.00,62.62,881,1.185,101700,34.0,48.0,59.0,YES,YES,MASKED_ATTACK_GAS_LOAD_IAQ:62.6_VOC:1.185_GasRes:101700Ω,55346.3,0,5.0,0.050,50
2026-06-25 12:39:05,33.51,65.06,1004.00,62.62,881,1.185,101700,34.0,48.0,59.0,YES,YES,MASKED_ATTACK_GAS_LOAD_IAQ:62.6_VOC:1.185_GasRes:101700Ω,55356.8,0,5.0,0.050,50
2026-06-25 12:39:14,33.51,65.06,1004.00,62.62,881,1.185,101700,34.0,49.0,58.0,YES,YES,MASKED_ATTACK_GAS_LOAD_IAQ:62.6_VOC:1.185_GasRes:101700Ω,55366.2,0,5.0,0.050,50
2026-06-25 12:39:25,33.51,65.06,1004.00,62.62,881,1.185,101700,35.0,49.0,60.0,YES,YES,MASKED_ATTACK_GAS_LOAD_IAQ:62.6_VOC:1.185_GasRes:101700Ω,55376.6,0,5.0,0.050,50
2026-06-25 12:39:34,33.51,65.06,1004.00,62.62,881,1.185,101700,34.0,49.0,60.0,YES,YES,MASKED_ATTACK_GAS_LOAD_IAQ:62.6_VOC:1.185_GasRes:101700Ω,55386.0,0,5.0,0.050,50
2026-06-25 12:39:45,33.51,65.06,1004.00,62.62,881,1.185,101700,34.0,49.0,60.0,YES,YES,MASKED_ATTACK_GAS_LOAD_IAQ:62.6_VOC:1.185_GasRes:101700Ω,55396.5,0,5.0,0.050,50
2026-06-25 12:39:55,33.51,65.06,1004.00,62.62,881,1.185,101700,36.0,50.0,60.0,YES,YES,MASKED_ATTACK_GAS_LOAD_IAQ:62.6_VOC:1.185_GasRes:101700Ω,55406.9,0,5.0,0.050,50
2026-06-25 12:40:04,33.51,65.06,1004.00,62.62,881,1.185,101700,36.0,49.0,60.0,YES,YES,MASKED_ATTACK_GAS_LOAD_IAQ:62.6_VOC:1.185_GasRes:101700Ω,55416.3,0,5.0,0.050,50
2026-06-25 12:40:15,33.51,65.06,1004.00,62.62,881,1.185,101700,36.0,49.0,60.0,YES,YES,MASKED_ATTACK_GAS_LOAD_IAQ:62.6_VOC:1.185_GasRes:101700Ω,55426.7,0,5.0,0.050,50
2026-06-25 12:40:24,33.51,65.06,1004.00,62.62,881,1.185,101700,34.0,48.0,58.0,YES,YES,MASKED_ATTACK_GAS_LOAD_IAQ:62.6_VOC:1.185_GasRes:101700Ω,55436.1,0,5.0,0.050,50
2026-06-25 12:40:35,33.51,65.06,1004.00,62.62,881,1.185,101700,34.0,49.0,59.0,YES,YES,MASKED_ATTACK_GAS_LOAD_IAQ:62.6_VOC:1.185_GasRes:101700Ω,55446.6,0,5.0,0.050,50
2026-06-25 12:40:45,33.51,65.06,1004.00,62.62,881,1.185,101700,35.0,49.0,59.0,YES,YES,MASKED_ATTACK_GAS_LOAD_IAQ:62.6_VOC:1.185_GasRes:101700Ω,55457.0,0,5.0,0.050,50
2026-06-25 12:40:55,33.51,65.06,1004.00,62.62,881,1.185,101700,35.0,49.0,59.0,YES,YES,MASKED_ATTACK_GAS_LOAD_IAQ:62.6_VOC:1.185_GasRes:101700Ω,55466.4,0,5.0,0.050,50
2026-06-25 12:41:05,33.51,65.06,1004.00,62.62,881,1.185,101700,35.0,49.0,60.0,YES,YES,MASKED_ATTACK_GAS_LOAD_IAQ:62.6_VOC:1.185_GasRes:101700Ω,55476.9,0,5.0,0.050,50
2026-06-25 12:41:14,33.51,65.06,1004.00,62.62,881,1.185,101700,36.0,50.0,62.0,YES,YES,MASKED_ATTACK_GAS_LOAD_IAQ:62.6_VOC:1.185_GasRes:101700Ω,55486.3,0,5.0,0.050,50
2026-06-25 12:41:25,33.51,65.06,1004.00,62.62,881,1.185,101700,34.0,48.0,60.0,YES,YES,MASKED_ATTACK_GAS_LOAD_IAQ:62.6_VOC:1.185_GasRes:101700Ω,55496.7,0,5.0,0.050,50
2026-06-25 12:41:35,33.51,65.06,1004.00,62.62,881,1.185,101700,34.0,48.0,59.0,YES,YES,MASKED_ATTACK_GAS_LOAD_IAQ:62.6_VOC:1.185_GasRes:101700Ω,55507.1,0,5.0,0.050,50
2026-06-25 12:41:45,33.51,65.06,1004.00,62.62,881,1.185,101700,35.0,49.0,60.0,YES,YES,MASKED_ATTACK_GAS_LOAD_IAQ:62.6_VOC:1.185_GasRes:101700Ω,55516.5,0,5.0,0.050,50
2026-06-25 12:41:55,33.51,65.06,1004.00,62.62,881,1.185,101700,34.0,49.0,60.0,YES,YES,MASKED_ATTACK_GAS_LOAD_IAQ:62.6_VOC:1.185_GasRes:101700Ω,55527.0,0,5.0,0.050,50
2026-06-25 12:42:05,33.51,65.06,1004.00,62.62,881,1.185,101700,35.0,49.0,60.0,YES,YES,MASKED_ATTACK_GAS_LOAD_IAQ:62.6_VOC:1.185_GasRes:101700Ω,55536.4,0,5.0,0.050,50
2026-06-25 12:42:15,33.51,65.06,1004.00,62.62,881,1.185,101700,36.0,49.0,60.0,YES,YES,MASKED_ATTACK_GAS_LOAD_IAQ:62.6_VOC:1.185_GasRes:101700Ω,55546.8,0,5.0,0.050,50
2026-06-25 12:42:25,33.51,65.06,1004.00,62.62,881,1.185,101700,36.0,48.0,60.0,YES,YES,MASKED_ATTACK_GAS_LOAD_IAQ:62.6_VOC:1.185_GasRes:101700Ω,55557.3,0,5.0,0.050,50
2026-06-25 12:42:35,33.51,65.06,1004.00,62.62,881,1.185,101700,35.0,47.0,59.0,YES,YES,MASKED_ATTACK_GAS_LOAD_IAQ:62.6_VOC:1.185_GasRes:101700Ω,55566.7,0,5.0,0.050,50
2026-06-25 12:42:45,33.51,65.06,1004.00,62.62,881,1.185,101700,35.0,47.0,59.0,YES,YES,MASKED_ATTACK_GAS_LOAD_IAQ:62.6_VOC:1.185_GasRes:101700Ω,55577.1,0,5.0,0.050,50
2026-06-25 12:42:55,33.59,65.12,1004.00,66.21,987,1.509,99600,35.0,49.0,60.0,YES,YES,UNKNOWN_ANALYSIS_IAQ66_VOC1.51ppm,55586.5,0,5.0,0.050,50
2026-06-25 12:43:05,33.59,65.12,1004.00,66.21,987,1.509,99600,35.0,49.0,60.0,YES,YES,UNKNOWN_ANALYSIS_IAQ66_VOC1.51ppm,55596.9,0,5.0,0.050,50
2026-06-25 12:43:16,33.59,65.12,1004.00,66.21,987,1.509,99600,35.0,49.0,59.0,YES,YES,UNKNOWN_ANALYSIS_IAQ66_VOC1.51ppm,55607.4,0,5.0,0.050,50
2026-06-25 12:43:25,33.59,65.12,1004.00,66.21,987,1.509,99600,35.0,49.0,60.0,YES,YES,UNKNOWN_ANALYSIS_IAQ66_VOC1.51ppm,55616.8,0,5.0,0.050,50
2026-06-25 12:43:35,33.59,65.12,1004.00,66.21,987,1.509,99600,36.0,50.0,62.0,YES,YES,UNKNOWN_ANALYSIS_IAQ66_VOC1.51ppm,55627.2,0,5.0,0.050,50
2026-06-25 12:43:45,33.59,65.12,1004.00,66.21,987,1.509,99600,35.0,50.0,61.0,YES,YES,UNKNOWN_ANALYSIS_IAQ66_VOC1.51ppm,55636.6,0,5.0,0.050,50
2026-06-25 12:43:55,33.59,65.12,1004.00,66.21,987,1.509,99600,36.0,50.0,61.0,YES,YES,UNKNOWN_ANALYSIS_IAQ66_VOC1.51ppm,55647.1,0,5.0,0.050,50
2026-06-25 12:44:06,33.59,65.12,1004.00,66.21,987,1.509,99600,38.0,51.0,62.0,YES,YES,UNKNOWN_ANALYSIS_IAQ66_VOC1.51ppm,55657.5,0,5.0,0.050,50
2026-06-25 12:44:15,33.59,65.12,1004.00,66.21,987,1.509,99600,38.0,49.0,61.0,YES,YES,UNKNOWN_ANALYSIS_IAQ66_VOC1.51ppm,55666.9,0,5.0,0.050,50
2026-06-25 12:44:25,33.59,65.12,1004.00,66.21,987,1.509,99600,37.0,49.0,61.0,YES,YES,UNKNOWN_ANALYSIS_IAQ66_VOC1.51ppm,55677.3,0,5.0,0.050,50
2026-06-25 12:44:35,33.59,65.12,1004.00,66.21,987,1.509,99600,38.0,50.0,62.0,YES,YES,UNKNOWN_ANALYSIS_IAQ66_VOC1.51ppm,55686.7,0,5.0,0.050,50
2026-06-25 12:44:45,33.59,65.12,1004.00,66.21,987,1.509,99600,37.0,49.0,60.0,YES,YES,UNKNOWN_ANALYSIS_IAQ66_VOC1.51ppm,55697.2,0,5.0,0.050,50
2026-06-25 12:44:56,33.59,65.12,1004.00,66.21,987,1.509,99600,36.0,49.0,59.0,YES,YES,UNKNOWN_ANALYSIS_IAQ66_VOC1.51ppm,55707.6,0,5.0,0.050,50
2026-06-25 12:45:05,33.59,65.12,1004.00,66.21,987,1.509,99600,36.0,49.0,60.0,YES,YES,UNKNOWN_ANALYSIS_IAQ66_VOC1.51ppm,55717.0,0,5.0,0.050,50
2026-06-25 12:45:16,33.59,65.12,1004.00,66.21,987,1.509,99600,36.0,50.0,61.0,YES,YES,UNKNOWN_ANALYSIS_IAQ66_VOC1.51ppm,55727.5,0,5.0,0.050,50
2026-06-25 12:45:25,33.59,65.12,1004.00,66.21,987,1.509,99600,36.0,50.0,61.0,YES,YES,UNKNOWN_ANALYSIS_IAQ66_VOC1.51ppm,55736.9,0,5.0,0.050,50
2026-06-25 12:45:35,33.59,65.12,1004.00,66.21,987,1.509,99600,35.0,49.0,61.0,YES,YES,UNKNOWN_ANALYSIS_IAQ66_VOC1.51ppm,55747.3,0,5.0,0.050,50
2026-06-25 12:45:46,33.59,65.12,1004.00,66.21,987,1.509,99600,36.0,50.0,62.0,YES,YES,UNKNOWN_ANALYSIS_IAQ66_VOC1.51ppm,55757.8,0,5.0,0.050,50
2026-06-25 12:45:55,33.59,65.12,1004.00,66.21,987,1.509,99600,37.0,51.0,63.0,YES,YES,UNKNOWN_ANALYSIS_IAQ66_VOC1.51ppm,55767.2,0,5.0,0.050,50
2026-06-25 12:46:06,33.59,65.12,1004.00,66.21,987,1.509,99600,37.0,50.0,61.0,YES,YES,UNKNOWN_ANALYSIS_IAQ66_VOC1.51ppm,55777.6,0,5.0,0.050,50
2026-06-25 12:46:16,33.59,65.12,1004.00,66.21,987,1.509,99600,37.0,50.0,60.0,YES,YES,UNKNOWN_ANALYSIS_IAQ66_VOC1.51ppm,55788.0,0,5.0,0.050,50
2026-06-25 12:46:26,33.59,65.12,1004.00,66.21,987,1.509,99600,37.0,50.0,61.0,YES,YES,UNKNOWN_ANALYSIS_IAQ66_VOC1.51ppm,55797.4,0,5.0,0.050,50
2026-06-25 12:46:36,33.59,65.12,1004.00,66.21,987,1.509,99600,37.0,50.0,61.0,YES,YES,UNKNOWN_ANALYSIS_IAQ66_VOC1.51ppm,55807.9,0,5.0,0.050,50
2026-06-25 12:46:45,33.59,65.12,1004.00,66.21,987,1.509,99600,35.0,49.0,59.0,YES,YES,UNKNOWN_ANALYSIS_IAQ66_VOC1.51ppm,55817.3,0,5.0,0.050,50
2026-06-25 12:46:56,33.59,65.12,1004.00,66.21,987,1.509,99600,36.0,48.0,61.0,YES,YES,UNKNOWN_ANALYSIS_IAQ66_VOC1.51ppm,55827.7,0,5.0,0.050,50
2026-06-25 12:47:06,33.59,65.12,1004.00,66.21,987,1.509,99600,37.0,48.0,61.0,YES,YES,UNKNOWN_ANALYSIS_IAQ66_VOC1.51ppm,55838.2,0,5.0,0.050,50
2026-06-25 12:47:16,33.59,65.12,1004.00,66.21,987,1.509,99600,38.0,50.0,62.0,YES,YES,UNKNOWN_ANALYSIS_IAQ66_VOC1.51ppm,55847.6,0,5.0,0.050,50
2026-06-25 12:47:26,33.59,65.12,1004.00,66.21,987,1.509,99600,37.0,49.0,61.0,YES,YES,UNKNOWN_ANALYSIS_IAQ66_VOC1.51ppm,55858.0,0,5.0,0.050,50
2026-06-25 12:47:36,33.59,65.12,1004.00,66.21,987,1.509,99600,37.0,50.0,62.0,YES,YES,UNKNOWN_ANALYSIS_IAQ66_VOC1.51ppm,55867.4,0,5.0,0.050,50
2026-06-25 12:47:46,33.59,65.12,1004.00,66.21,987,1.509,99600,38.0,51.0,63.0,YES,YES,UNKNOWN_ANALYSIS_IAQ66_VOC1.51ppm,55877.9,0,5.0,0.050,50
2026-06-25 12:47:56,33.50,65.24,1003.00,69.44,1082,1.872,98100,37.0,51.0,63.0,YES,YES,UNKNOWN_ANALYSIS_IAQ69_VOC1.87ppm,55888.3,0,5.0,0.050,50
2026-06-25 12:48:06,33.50,65.24,1003.00,69.44,1082,1.872,98100,37.0,50.0,62.0,YES,YES,UNKNOWN_ANALYSIS_IAQ69_VOC1.87ppm,55897.7,0,5.0,0.050,50
2026-06-25 12:48:16,33.50,65.24,1003.00,69.44,1082,1.872,98100,37.0,51.0,63.0,YES,YES,UNKNOWN_ANALYSIS_IAQ69_VOC1.87ppm,55908.1,0,5.0,0.050,50
2026-06-25 12:48:26,33.50,65.24,1003.00,69.44,1082,1.872,98100,36.0,50.0,62.0,YES,YES,UNKNOWN_ANALYSIS_IAQ69_VOC1.87ppm,55917.5,0,5.0,0.050,50
2026-06-25 12:48:36,33.50,65.24,1003.00,69.44,1082,1.872,98100,35.0,50.0,62.0,YES,YES,UNKNOWN_ANALYSIS_IAQ69_VOC1.87ppm,55928.0,0,5.0,0.050,50
2026-06-25 12:48:47,33.50,65.24,1003.00,69.44,1082,1.872,98100,36.0,51.0,62.0,YES,YES,UNKNOWN_ANALYSIS_IAQ69_VOC1.87ppm,55938.4,0,5.0,0.050,50
2026-06-25 12:48:56,33.50,65.24,1003.00,69.44,1082,1.872,98100,37.0,50.0,61.0,YES,YES,UNKNOWN_ANALYSIS_IAQ69_VOC1.87ppm,55947.8,0,5.0,0.050,50
2026-06-25 12:49:06,33.50,65.24,1003.00,69.44,1082,1.872,98100,37.0,50.0,61.0,YES,YES,UNKNOWN_ANALYSIS_IAQ69_VOC1.87ppm,55958.3,0,5.0,0.050,50
2026-06-25 12:49:17,33.50,65.24,1003.00,69.44,1082,1.872,98100,37.0,51.0,62.0,YES,YES,UNKNOWN_ANALYSIS_IAQ69_VOC1.87ppm,55968.7,0,5.0,0.050,50
2026-06-25 12:49:26,33.50,65.24,1003.00,69.44,1082,1.872,98100,38.0,51.0,62.0,YES,YES,UNKNOWN_ANALYSIS_IAQ69_VOC1.87ppm,55978.1,0,5.0,0.050,50
2026-06-25 12:49:37,33.50,65.24,1003.00,69.44,1082,1.872,98100,38.0,50.0,61.0,YES,YES,UNKNOWN_ANALYSIS_IAQ69_VOC1.87ppm,55988.6,0,5.0,0.050,50
2026-06-25 12:49:46,33.50,65.24,1003.00,69.44,1082,1.872,98100,38.0,51.0,63.0,YES,YES,UNKNOWN_ANALYSIS_IAQ69_VOC1.87ppm,55998.0,0,5.0,0.050,50
2026-06-25 12:49:57,33.50,65.24,1003.00,69.44,1082,1.872,98100,38.0,50.0,62.0,YES,YES,UNKNOWN_ANALYSIS_IAQ69_VOC1.87ppm,56008.4,0,5.0,0.050,50
2026-06-25 12:50:07,33.50,65.24,1003.00,69.44,1082,1.872,98100,38.0,51.0,62.0,YES,YES,UNKNOWN_ANALYSIS_IAQ69_VOC1.87ppm,56018.8,0,5.0,0.050,50
2026-06-25 12:50:16,33.50,65.24,1003.00,69.44,1082,1.872,98100,38.0,51.0,61.0,YES,YES,UNKNOWN_ANALYSIS_IAQ69_VOC1.87ppm,56028.2,0,5.0,0.050,50
2026-06-25 12:50:27,33.50,65.24,1003.00,69.44,1082,1.872,98100,38.0,51.0,62.0,YES,YES,UNKNOWN_ANALYSIS_IAQ69_VOC1.87ppm,56038.7,0,5.0,0.050,50
2026-06-25 12:50:36,33.50,65.24,1003.00,69.44,1082,1.872,98100,37.0,49.0,60.0,YES,YES,UNKNOWN_ANALYSIS_IAQ69_VOC1.87ppm,56048.1,0,5.0,0.050,50
2026-06-25 12:50:47,33.50,65.24,1003.00,69.44,1082,1.872,98100,38.0,50.0,61.0,YES,YES,UNKNOWN_ANALYSIS_IAQ69_VOC1.87ppm,56058.5,0,5.0,0.050,50
2026-06-25 12:50:57,33.50,65.24,1003.00,69.44,1082,1.872,98100,37.0,50.0,61.0,YES,YES,UNKNOWN_ANALYSIS_IAQ69_VOC1.87ppm,56069.0,0,5.0,0.050,50
2026-06-25 12:51:07,33.50,65.24,1003.00,69.44,1082,1.872,98100,37.0,49.0,61.0,YES,YES,UNKNOWN_ANALYSIS_IAQ69_VOC1.87ppm,56078.4,0,5.0,0.050,50
2026-06-25 12:51:17,33.50,65.24,1003.00,69.44,1082,1.872,98100,37.0,51.0,62.0,YES,YES,UNKNOWN_ANALYSIS_IAQ69_VOC1.87ppm,56088.8,0,5.0,0.050,50
2026-06-25 12:51:26,33.50,65.24,1003.00,69.44,1082,1.872,98100,37.0,50.0,61.0,YES,YES,UNKNOWN_ANALYSIS_IAQ69_VOC1.87ppm,56098.2,0,5.0,0.050,50
2026-06-25 12:51:37,33.50,65.24,1003.00,69.44,1082,1.872,98100,36.0,50.0,61.0,YES,YES,UNKNOWN_ANALYSIS_IAQ69_VOC1.87ppm,56108.7,0,5.0,0.050,50
2026-06-25 12:51:47,33.50,65.24,1003.00,69.44,1082,1.872,98100,37.0,50.0,61.0,YES,YES,UNKNOWN_ANALYSIS_IAQ69_VOC1.87ppm,56119.1,0,5.0,0.050,50
2026-06-25 12:51:57,33.50,65.24,1003.00,69.44,1082,1.872,98100,37.0,50.0,62.0,YES,YES,UNKNOWN_ANALYSIS_IAQ69_VOC1.87ppm,56128.5,0,5.0,0.050,50
2026-06-25 12:52:07,33.50,65.24,1003.00,69.44,1082,1.872,98100,37.0,50.0,62.0,YES,YES,UNKNOWN_ANALYSIS_IAQ69_VOC1.87ppm,56138.9,0,5.0,0.050,50
2026-06-25 12:52:16,33.50,65.24,1003.00,69.44,1082,1.872,98100,35.0,49.0,60.0,YES,YES,UNKNOWN_ANALYSIS_IAQ69_VOC1.87ppm,56148.3,0,5.0,0.050,50
2026-06-25 12:52:27,33.50,65.24,1003.00,69.44,1082,1.872,98100,36.0,49.0,61.0,YES,YES,UNKNOWN_ANALYSIS_IAQ69_VOC1.87ppm,56158.8,0,5.0,0.050,50
2026-06-25 12:52:37,33.50,65.24,1003.00,69.44,1082,1.872,98100,35.0,48.0,59.0,YES,YES,UNKNOWN_ANALYSIS_IAQ69_VOC1.87ppm,56169.2,0,5.0,0.050,50
2026-06-25 12:52:47,33.50,65.24,1003.00,69.44,1082,1.872,98100,35.0,49.0,60.0,YES,YES,UNKNOWN_ANALYSIS_IAQ69_VOC1.87ppm,56178.6,0,5.0,0.050,50
2026-06-25 12:52:57,33.69,65.16,1003.00,69.62,1086,1.887,97600,37.0,50.0,62.0,YES,YES,UNKNOWN_ANALYSIS_IAQ70_VOC1.89ppm,56189.1,0,5.0,0.050,50
2026-06-25 12:53:07,33.69,65.16,1003.00,69.62,1086,1.887,97600,37.0,50.0,61.0,YES,YES,UNKNOWN_ANALYSIS_IAQ70_VOC1.89ppm,56198.5,0,5.0,0.050,50
2026-06-25 12:53:17,33.69,65.16,1003.00,69.62,1086,1.887,97600,38.0,50.0,62.0,YES,YES,UNKNOWN_ANALYSIS_IAQ70_VOC1.89ppm,56208.9,0,5.0,0.050,50
2026-06-25 12:53:27,33.69,65.16,1003.00,69.62,1086,1.887,97600,39.0,51.0,63.0,YES,YES,UNKNOWN_ANALYSIS_IAQ70_VOC1.89ppm,56219.4,0,5.0,0.050,50
2026-06-25 12:53:37,33.69,65.16,1003.00,69.62,1086,1.887,97600,37.0,51.0,62.0,YES,YES,UNKNOWN_ANALYSIS_IAQ70_VOC1.89ppm,56228.8,0,5.0,0.050,50
2026-06-25 12:53:47,33.69,65.16,1003.00,69.62,1086,1.887,97600,36.0,51.0,62.0,YES,YES,UNKNOWN_ANALYSIS_IAQ70_VOC1.89ppm,56239.2,0,5.0,0.050,50
2026-06-25 12:53:57,33.69,65.16,1003.00,69.62,1086,1.887,97600,36.0,50.0,62.0,YES,YES,UNKNOWN_ANALYSIS_IAQ70_VOC1.89ppm,56248.6,0,5.0,0.050,50
2026-06-25 12:54:07,33.69,65.16,1003.00,69.62,1086,1.887,97600,35.0,49.0,60.0,YES,YES,UNKNOWN_ANALYSIS_IAQ70_VOC1.89ppm,56259.0,0,5.0,0.050,50
2026-06-25 12:54:18,33.69,65.16,1003.00,69.62,1086,1.887,97600,35.0,49.0,61.0,YES,YES,UNKNOWN_ANALYSIS_IAQ70_VOC1.89ppm,56269.5,0,5.0,0.050,50
2026-06-25 12:54:27,33.69,65.16,1003.00,69.62,1086,1.887,97600,36.0,49.0,60.0,YES,YES,UNKNOWN_ANALYSIS_IAQ70_VOC1.89ppm,56278.9,0,5.0,0.050,50
2026-06-25 12:54:37,33.69,65.16,1003.00,69.62,1086,1.887,97600,36.0,49.0,60.0,YES,YES,UNKNOWN_ANALYSIS_IAQ70_VOC1.89ppm,56289.3,0,5.0,0.050,50
2026-06-25 12:54:47,33.69,65.16,1003.00,69.62,1086,1.887,97600,37.0,50.0,61.0,YES,YES,UNKNOWN_ANALYSIS_IAQ70_VOC1.89ppm,56298.7,0,5.0,0.050,50
2026-06-25 12:54:57,33.69,65.16,1003.00,69.62,1086,1.887,97600,36.0,49.0,61.0,YES,YES,UNKNOWN_ANALYSIS_IAQ70_VOC1.89ppm,56309.1,0,5.0,0.050,50
2026-06-25 12:55:08,33.69,65.16,1003.00,69.62,1086,1.887,97600,35.0,49.0,61.0,YES,YES,UNKNOWN_ANALYSIS_IAQ70_VOC1.89ppm,56319.6,0,5.0,0.050,50
2026-06-25 12:55:17,33.69,65.16,1003.00,69.62,1086,1.887,97600,36.0,50.0,62.0,YES,YES,UNKNOWN_ANALYSIS_IAQ70_VOC1.89ppm,56329.0,0,5.0,0.050,50
2026-06-25 12:55:28,33.69,65.16,1003.00,69.62,1086,1.887,97600,36.0,51.0,61.0,YES,YES,UNKNOWN_ANALYSIS_IAQ70_VOC1.89ppm,56339.4,0,5.0,0.050,50
2026-06-25 12:55:38,33.69,65.16,1003.00,69.62,1086,1.887,97600,36.0,50.0,60.0,YES,YES,UNKNOWN_ANALYSIS_IAQ70_VOC1.89ppm,56349.9,0,5.0,0.050,50
2026-06-25 12:55:47,33.69,65.16,1003.00,69.62,1086,1.887,97600,36.0,50.0,60.0,YES,YES,UNKNOWN_ANALYSIS_IAQ70_VOC1.89ppm,56359.3,0,5.0,0.050,50
2026-06-25 12:55:58,33.69,65.16,1003.00,69.62,1086,1.887,97600,36.0,50.0,60.0,YES,YES,UNKNOWN_ANALYSIS_IAQ70_VOC1.89ppm,56369.7,0,5.0,0.050,50
2026-06-25 12:56:07,33.69,65.16,1003.00,69.62,1086,1.887,97600,36.0,49.0,60.0,YES,YES,UNKNOWN_ANALYSIS_IAQ70_VOC1.89ppm,56379.1,0,5.0,0.050,50
2026-06-25 12:56:18,33.69,65.16,1003.00,69.62,1086,1.887,97600,36.0,49.0,60.0,YES,YES,UNKNOWN_ANALYSIS_IAQ70_VOC1.89ppm,56389.5,0,5.0,0.050,50
2026-06-25 12:56:28,33.69,65.16,1003.00,69.62,1086,1.887,97600,36.0,50.0,61.0,YES,YES,UNKNOWN_ANALYSIS_IAQ70_VOC1.89ppm,56400.0,0,5.0,0.050,50
2026-06-25 12:56:38,33.69,65.16,1003.00,69.62,1086,1.887,97600,36.0,49.0,60.0,YES,YES,UNKNOWN_ANALYSIS_IAQ70_VOC1.89ppm,56409.4,0,5.0,0.050,50
2026-06-25 12:56:48,33.69,65.16,1003.00,69.62,1086,1.887,97600,36.0,49.0,60.0,YES,YES,UNKNOWN_ANALYSIS_IAQ70_VOC1.89ppm,56419.8,0,5.0,0.050,50
2026-06-25 12:56:57,33.69,65.16,1003.00,69.62,1086,1.887,97600,35.0,49.0,59.0,YES,YES,UNKNOWN_ANALYSIS_IAQ70_VOC1.89ppm,56429.2,0,5.0,0.050,50
2026-06-25 12:57:08,33.69,65.16,1003.00,69.62,1086,1.887,97600,36.0,50.0,61.0,YES,YES,UNKNOWN_ANALYSIS_IAQ70_VOC1.89ppm,56439.7,0,5.0,0.050,50
2026-06-25 12:57:18,33.69,65.16,1003.00,69.62,1086,1.887,97600,35.0,49.0,61.0,YES,YES,UNKNOWN_ANALYSIS_IAQ70_VOC1.89ppm,56450.1,0,5.0,0.050,50
2026-06-25 12:57:28,33.69,65.16,1003.00,69.62,1086,1.887,97600,35.0,48.0,60.0,YES,YES,UNKNOWN_ANALYSIS_IAQ70_VOC1.89ppm,56459.5,0,5.0,0.050,50
2026-06-25 12:57:38,33.69,65.16,1003.00,69.62,1086,1.887,97600,36.0,50.0,61.0,YES,YES,UNKNOWN_ANALYSIS_IAQ70_VOC1.89ppm,56469.9,0,5.0,0.050,50
2026-06-25 12:57:47,33.69,65.16,1003.00,69.62,1086,1.887,97600,35.0,49.0,60.0,YES,YES,UNKNOWN_ANALYSIS_IAQ70_VOC1.89ppm,56479.3,0,5.0,0.050,50
2026-06-25 12:57:58,33.54,65.13,1003.00,65.03,947,1.378,100300,36.0,50.0,61.0,YES,YES,MASKED_ATTACK_GAS_LOAD_IAQ:65.0_VOC:1.378_GasRes:100300Ω,56489.8,0,5.0,0.050,50
2026-06-25 12:58:08,33.54,65.13,1003.00,65.03,947,1.378,100300,35.0,48.0,59.0,YES,YES,MASKED_ATTACK_GAS_LOAD_IAQ:65.0_VOC:1.378_GasRes:100300Ω,56500.2,0,5.0,0.050,50
2026-06-25 12:58:18,33.54,65.13,1003.00,65.03,947,1.378,100300,35.0,48.0,60.0,YES,YES,MASKED_ATTACK_GAS_LOAD_IAQ:65.0_VOC:1.378_GasRes:100300Ω,56509.6,0,5.0,0.050,50
2026-06-25 12:58:28,33.54,65.13,1003.00,65.03,947,1.378,100300,36.0,49.0,61.0,YES,YES,MASKED_ATTACK_GAS_LOAD_IAQ:65.0_VOC:1.378_GasRes:100300Ω,56520.1,0,5.0,0.050,50
2026-06-25 12:58:38,33.54,65.13,1003.00,65.03,947,1.378,100300,35.0,48.0,59.0,YES,YES,MASKED_ATTACK_GAS_LOAD_IAQ:65.0_VOC:1.378_GasRes:100300Ω,56529.5,0,5.0,0.050,50
2026-06-25 12:58:48,33.54,65.13,1003.00,65.03,947,1.378,100300,36.0,49.0,60.0,YES,YES,MASKED_ATTACK_GAS_LOAD_IAQ:65.0_VOC:1.378_GasRes:100300Ω,56539.9,0,5.0,0.050,50
2026-06-25 12:58:58,33.54,65.13,1003.00,65.03,947,1.378,100300,35.0,49.0,60.0,YES,YES,MASKED_ATTACK_GAS_LOAD_IAQ:65.0_VOC:1.378_GasRes:100300Ω,56550.4,0,5.0,0.050,50
2026-06-25 12:59:08,33.54,65.13,1003.00,65.03,947,1.378,100300,36.0,50.0,61.0,YES,YES,MASKED_ATTACK_GAS_LOAD_IAQ:65.0_VOC:1.378_GasRes:100300Ω,56559.8,0,5.0,0.050,50
2026-06-25 12:59:18,33.54,65.13,1003.00,65.03,947,1.378,100300,35.0,49.0,60.0,YES,YES,MASKED_ATTACK_GAS_LOAD_IAQ:65.0_VOC:1.378_GasRes:100300Ω,56570.2,0,5.0,0.050,50
2026-06-25 12:59:29,33.54,65.13,1003.00,65.03,947,1.378,100300,35.0,49.0,60.0,YES,YES,MASKED_ATTACK_GAS_LOAD_IAQ:65.0_VOC:1.378_GasRes:100300Ω,56580.6,0,5.0,0.050,50
2026-06-25 12:59:38,33.54,65.13,1003.00,65.03,947,1.378,100300,35.0,49.0,59.0,YES,YES,MASKED_ATTACK_GAS_LOAD_IAQ:65.0_VOC:1.378_GasRes:100300Ω,56590.0,0,5.0,0.050,50
2026-06-25 12:59:49,33.54,65.13,1003.00,65.03,947,1.378,100300,36.0,49.0,60.0,YES,YES,MASKED_ATTACK_GAS_LOAD_IAQ:65.0_VOC:1.378_GasRes:100300Ω,56600.5,0,5.0,0.050,50
2026-06-25 12:59:58,33.54,65.13,1003.00,65.03,947,1.378,100300,36.0,50.0,61.0,YES,YES,MASKED_ATTACK_GAS_LOAD_IAQ:65.0_VOC:1.378_GasRes:100300Ω,56609.9,0,5.0,0.050,50
2026-06-25 13:00:08,33.54,65.13,1003.00,65.03,947,1.378,100300,35.0,49.0,59.0,YES,YES,MASKED_ATTACK_GAS_LOAD_IAQ:65.0_VOC:1.378_GasRes:100300Ω,56620.3,0,5.0,0.050,50
2026-06-25 13:00:19,33.54,65.13,1003.00,65.03,947,1.378,100300,34.0,48.0,59.0,YES,YES,MASKED_ATTACK_GAS_LOAD_IAQ:65.0_VOC:1.378_GasRes:100300Ω,56630.8,0,5.0,0.050,50
2026-06-25 13:00:28,33.54,65.13,1003.00,65.03,947,1.378,100300,34.0,48.0,58.0,YES,YES,MASKED_ATTACK_GAS_LOAD_IAQ:65.0_VOC:1.378_GasRes:100300Ω,56640.2,0,5.0,0.050,50
2026-06-25 13:00:39,33.54,65.13,1003.00,65.03,947,1.378,100300,34.0,47.0,57.0,YES,YES,MASKED_ATTACK_GAS_LOAD_IAQ:65.0_VOC:1.378_GasRes:100300Ω,56650.6,0,5.0,0.050,50
2026-06-25 13:00:48,33.54,65.13,1003.00,65.03,947,1.378,100300,34.0,48.0,60.0,YES,YES,MASKED_ATTACK_GAS_LOAD_IAQ:65.0_VOC:1.378_GasRes:100300Ω,56660.0,0,5.0,0.050,50
2026-06-25 13:00:59,33.54,65.13,1003.00,65.03,947,1.378,100300,34.0,49.0,60.0,YES,YES,MASKED_ATTACK_GAS_LOAD_IAQ:65.0_VOC:1.378_GasRes:100300Ω,56670.4,0,5.0,0.050,50
2026-06-25 13:01:09,33.54,65.13,1003.00,65.03,947,1.378,100300,34.0,48.0,60.0,YES,YES,MASKED_ATTACK_GAS_LOAD_IAQ:65.0_VOC:1.378_GasRes:100300Ω,56680.9,0,5.0,0.050,50
2026-06-25 13:01:18,33.54,65.13,1003.00,65.03,947,1.378,100300,35.0,49.0,61.0,YES,YES,MASKED_ATTACK_GAS_LOAD_IAQ:65.0_VOC:1.378_GasRes:100300Ω,56690.3,0,5.0,0.050,50
2026-06-25 13:01:29,33.54,65.13,1003.00,65.03,947,1.378,100300,35.0,49.0,60.0,YES,YES,MASKED_ATTACK_GAS_LOAD_IAQ:65.0_VOC:1.378_GasRes:100300Ω,56700.7,0,5.0,0.050,50
2026-06-25 13:01:39,33.54,65.13,1003.00,65.03,947,1.378,100300,35.0,48.0,60.0,YES,YES,MASKED_ATTACK_GAS_LOAD_IAQ:65.0_VOC:1.378_GasRes:100300Ω,56711.2,0,5.0,0.050,50
2026-06-25 13:01:49,33.54,65.13,1003.00,65.03,947,1.378,100300,36.0,50.0,62.0,YES,YES,MASKED_ATTACK_GAS_LOAD_IAQ:65.0_VOC:1.378_GasRes:100300Ω,56720.6,0,5.0,0.050,50
2026-06-25 13:01:59,33.54,65.13,1003.00,65.03,947,1.378,100300,36.0,50.0,61.0,YES,YES,MASKED_ATTACK_GAS_LOAD_IAQ:65.0_VOC:1.378_GasRes:100300Ω,56731.0,0,5.0,0.050,50
2026-06-25 13:02:09,33.54,65.13,1003.00,65.03,947,1.378,100300,35.0,49.0,59.0,YES,YES,MASKED_ATTACK_GAS_LOAD_IAQ:65.0_VOC:1.378_GasRes:100300Ω,56740.4,0,5.0,0.050,50
2026-06-25 13:02:19,33.54,65.13,1003.00,65.03,947,1.378,100300,35.0,49.0,59.0,YES,YES,MASKED_ATTACK_GAS_LOAD_IAQ:65.0_VOC:1.378_GasRes:100300Ω,56750.8,0,5.0,0.050,50
2026-06-25 13:02:29,33.54,65.13,1003.00,65.03,947,1.378,100300,35.0,49.0,61.0,YES,YES,MASKED_ATTACK_GAS_LOAD_IAQ:65.0_VOC:1.378_GasRes:100300Ω,56761.3,0,5.0,0.050,50
2026-06-25 13:02:39,33.54,65.13,1003.00,65.03,947,1.378,100300,36.0,49.0,60.0,YES,YES,MASKED_ATTACK_GAS_LOAD_IAQ:65.0_VOC:1.378_GasRes:100300Ω,56770.7,0,5.0,0.050,50
2026-06-25 13:02:49,33.54,65.13,1003.00,65.03,947,1.378,100300,35.0,49.0,59.0,YES,YES,MASKED_ATTACK_GAS_LOAD_IAQ:65.0_VOC:1.378_GasRes:100300Ω,56781.1,0,5.0,0.050,50
2026-06-25 13:02:59,33.45,65.13,1003.00,61.39,838,1.075,102400,36.0,50.0,60.0,YES,YES,MASKED_ATTACK_GAS_LOAD_IAQ:61.4_VOC:1.075_GasRes:102400Ω,56790.5,0,5.0,0.050,50
2026-06-25 13:03:09,33.45,65.13,1003.00,61.39,838,1.075,102400,36.0,49.0,60.0,YES,YES,MASKED_ATTACK_GAS_LOAD_IAQ:61.4_VOC:1.075_GasRes:102400Ω,56801.0,0,5.0,0.050,50
2026-06-25 13:03:20,33.45,65.13,1003.00,61.39,838,1.075,102400,36.0,49.0,60.0,YES,YES,MASKED_ATTACK_GAS_LOAD_IAQ:61.4_VOC:1.075_GasRes:102400Ω,56811.4,0,5.0,0.050,50
2026-06-25 13:03:29,33.45,65.13,1003.00,61.39,838,1.075,102400,36.0,50.0,61.0,YES,YES,MASKED_ATTACK_GAS_LOAD_IAQ:61.4_VOC:1.075_GasRes:102400Ω,56820.8,0,5.0,0.050,50
2026-06-25 13:03:39,33.45,65.13,1003.00,61.39,838,1.075,102400,36.0,49.0,61.0,YES,YES,MASKED_ATTACK_GAS_LOAD_IAQ:61.4_VOC:1.075_GasRes:102400Ω,56831.2,0,5.0,0.050,50
2026-06-25 13:03:49,33.45,65.13,1003.00,61.39,838,1.075,102400,35.0,48.0,60.0,YES,YES,MASKED_ATTACK_GAS_LOAD_IAQ:61.4_VOC:1.075_GasRes:102400Ω,56840.6,0,5.0,0.050,50
2026-06-25 13:03:59,33.45,65.13,1003.00,61.39,838,1.075,102400,35.0,49.0,60.0,YES,YES,MASKED_ATTACK_GAS_LOAD_IAQ:61.4_VOC:1.075_GasRes:102400Ω,56851.1,0,5.0,0.050,50
2026-06-25 13:04:10,33.45,65.13,1003.00,61.39,838,1.075,102400,35.0,50.0,61.0,YES,YES,MASKED_ATTACK_GAS_LOAD_IAQ:61.4_VOC:1.075_GasRes:102400Ω,56861.5,0,5.0,0.050,50
2026-06-25 13:04:19,33.45,65.13,1003.00,61.39,838,1.075,102400,36.0,49.0,61.0,YES,YES,MASKED_ATTACK_GAS_LOAD_IAQ:61.4_VOC:1.075_GasRes:102400Ω,56870.9,0,5.0,0.050,50
2026-06-25 13:04:29,33.45,65.13,1003.00,61.39,838,1.075,102400,35.0,49.0,61.0,YES,YES,MASKED_ATTACK_GAS_LOAD_IAQ:61.4_VOC:1.075_GasRes:102400Ω,56881.4,0,5.0,0.050,50
2026-06-25 13:04:39,33.45,65.13,1003.00,61.39,838,1.075,102400,34.0,49.0,61.0,YES,YES,MASKED_ATTACK_GAS_LOAD_IAQ:61.4_VOC:1.075_GasRes:102400Ω,56890.8,0,5.0,0.050,50
2026-06-25 13:04:49,33.45,65.13,1003.00,61.39,838,1.075,102400,34.0,49.0,61.0,YES,YES,MASKED_ATTACK_GAS_LOAD_IAQ:61.4_VOC:1.075_GasRes:102400Ω,56901.2,0,5.0,0.050,50
2026-06-25 13:05:00,33.45,65.13,1003.00,61.39,838,1.075,102400,36.0,49.0,61.0,YES,YES,MASKED_ATTACK_GAS_LOAD_IAQ:61.4_VOC:1.075_GasRes:102400Ω,56911.6,0,5.0,0.050,50
2026-06-25 13:05:09,33.45,65.13,1003.00,61.39,838,1.075,102400,36.0,49.0,61.0,YES,YES,MASKED_ATTACK_GAS_LOAD_IAQ:61.4_VOC:1.075_GasRes:102400Ω,56921.0,0,5.0,0.050,50
2026-06-25 13:05:20,33.45,65.13,1003.00,61.39,838,1.075,102400,35.0,49.0,61.0,YES,YES,MASKED_ATTACK_GAS_LOAD_IAQ:61.4_VOC:1.075_GasRes:102400Ω,56931.5,0,5.0,0.050,50
2026-06-25 13:05:30,33.45,65.13,1003.00,61.39,838,1.075,102400,35.0,48.0,61.0,YES,YES,MASKED_ATTACK_GAS_LOAD_IAQ:61.4_VOC:1.075_GasRes:102400Ω,56941.9,0,5.0,0.050,50
2026-06-25 13:05:39,33.45,65.13,1003.00,61.39,838,1.075,102400,35.0,48.0,61.0,YES,YES,MASKED_ATTACK_GAS_LOAD_IAQ:61.4_VOC:1.075_GasRes:102400Ω,56951.3,0,5.0,0.050,50
2026-06-25 13:05:50,33.45,65.13,1003.00,61.39,838,1.075,102400,34.0,48.0,60.0,YES,YES,MASKED_ATTACK_GAS_LOAD_IAQ:61.4_VOC:1.075_GasRes:102400Ω,56961.8,0,5.0,0.050,50
2026-06-25 13:05:59,33.45,65.13,1003.00,61.39,838,1.075,102400,35.0,49.0,61.0,YES,YES,MASKED_ATTACK_GAS_LOAD_IAQ:61.4_VOC:1.075_GasRes:102400Ω,56971.2,0,5.0,0.050,50
2026-06-25 13:06:10,33.45,65.13,1003.00,61.39,838,1.075,102400,36.0,49.0,60.0,YES,YES,MASKED_ATTACK_GAS_LOAD_IAQ:61.4_VOC:1.075_GasRes:102400Ω,56981.6,0,5.0,0.050,50
2026-06-25 13:06:20,33.45,65.13,1003.00,61.39,838,1.075,102400,35.0,47.0,58.0,YES,YES,MASKED_ATTACK_GAS_LOAD_IAQ:61.4_VOC:1.075_GasRes:102400Ω,56992.0,0,5.0,0.050,50
2026-06-25 13:06:30,33.45,65.13,1003.00,61.39,838,1.075,102400,36.0,48.0,59.0,YES,YES,MASKED_ATTACK_GAS_LOAD_IAQ:61.4_VOC:1.075_GasRes:102400Ω,57001.4,0,5.0,0.050,50
2026-06-25 13:06:40,33.45,65.13,1003.00,61.39,838,1.075,102400,35.0,47.0,57.0,YES,YES,MASKED_ATTACK_GAS_LOAD_IAQ:61.4_VOC:1.075_GasRes:102400Ω,57011.9,0,5.0,0.050,50
2026-06-25 13:06:49,33.45,65.13,1003.00,61.39,838,1.075,102400,35.0,48.0,58.0,YES,YES,MASKED_ATTACK_GAS_LOAD_IAQ:61.4_VOC:1.075_GasRes:102400Ω,57021.3,0,5.0,0.050,50
2026-06-25 13:07:00,33.45,65.13,1003.00,61.39,838,1.075,102400,35.0,48.0,58.0,YES,YES,MASKED_ATTACK_GAS_LOAD_IAQ:61.4_VOC:1.075_GasRes:102400Ω,57031.7,0,5.0,0.050,50
2026-06-25 13:07:10,33.45,65.13,1003.00,61.39,838,1.075,102400,34.0,47.0,58.0,YES,YES,MASKED_ATTACK_GAS_LOAD_IAQ:61.4_VOC:1.075_GasRes:102400Ω,57042.2,0,5.0,0.050,50
2026-06-25 13:07:20,33.45,65.13,1003.00,61.39,838,1.075,102400,36.0,48.0,60.0,YES,YES,MASKED_ATTACK_GAS_LOAD_IAQ:61.4_VOC:1.075_GasRes:102400Ω,57051.5,0,5.0,0.050,50
2026-06-25 13:07:30,33.45,65.13,1003.00,61.39,838,1.075,102400,35.0,48.0,61.0,YES,YES,MASKED_ATTACK_GAS_LOAD_IAQ:61.4_VOC:1.075_GasRes:102400Ω,57062.0,0,5.0,0.050,50
2026-06-25 13:07:41,33.45,65.13,1003.00,61.39,838,1.075,102400,33.0,47.0,59.0,YES,YES,MASKED_ATTACK_GAS_LOAD_IAQ:61.4_VOC:1.075_GasRes:102400Ω,57072.4,0,5.0,0.050,50
2026-06-25 13:07:50,33.45,65.13,1003.00,61.39,838,1.075,102400,33.0,46.0,57.0,YES,YES,MASKED_ATTACK_GAS_LOAD_IAQ:61.4_VOC:1.075_GasRes:102400Ω,57081.8,0,5.0,0.050,50
2026-06-25 13:08:00,33.48,65.23,1003.00,67.79,1025,1.646,99000,34.0,48.0,60.0,YES,YES,UNKNOWN_ANALYSIS_IAQ68_VOC1.65ppm,57092.3,0,5.0,0.050,50
2026-06-25 13:08:10,33.48,65.23,1003.00,67.79,1025,1.646,99000,33.0,48.0,58.0,YES,YES,UNKNOWN_ANALYSIS_IAQ68_VOC1.65ppm,57101.7,0,5.0,0.050,50
2026-06-25 13:08:20,33.48,65.23,1003.00,67.79,1025,1.646,99000,34.0,49.0,60.0,YES,YES,UNKNOWN_ANALYSIS_IAQ68_VOC1.65ppm,57112.1,0,5.0,0.050,50
2026-06-25 13:08:31,33.48,65.23,1003.00,67.79,1025,1.646,99000,34.0,49.0,59.0,YES,YES,UNKNOWN_ANALYSIS_IAQ68_VOC1.65ppm,57122.5,0,5.0,0.050,50
2026-06-25 13:08:40,33.48,65.23,1003.00,67.79,1025,1.646,99000,34.0,48.0,57.0,YES,YES,UNKNOWN_ANALYSIS_IAQ68_VOC1.65ppm,57131.9,0,5.0,0.050,50
2026-06-25 13:08:51,33.48,65.23,1003.00,67.79,1025,1.646,99000,33.0,47.0,57.0,YES,YES,UNKNOWN_ANALYSIS_IAQ68_VOC1.65ppm,57142.4,0,5.0,0.050,50
2026-06-25 13:09:00,33.48,65.23,1003.00,67.79,1025,1.646,99000,33.0,47.0,57.0,YES,YES,UNKNOWN_ANALYSIS_IAQ68_VOC1.65ppm,57151.8,0,5.0,0.050,50
2026-06-25 13:09:10,33.48,65.23,1003.00,67.79,1025,1.646,99000,34.0,47.0,57.0,YES,YES,UNKNOWN_ANALYSIS_IAQ68_VOC1.65ppm,57162.2,0,5.0,0.050,50
2026-06-25 13:09:21,33.48,65.23,1003.00,67.79,1025,1.646,99000,35.0,48.0,58.0,YES,YES,UNKNOWN_ANALYSIS_IAQ68_VOC1.65ppm,57172.7,0,5.0,0.050,50
2026-06-25 13:09:30,33.48,65.23,1003.00,67.79,1025,1.646,99000,34.0,47.0,57.0,YES,YES,UNKNOWN_ANALYSIS_IAQ68_VOC1.65ppm,57182.1,0,5.0,0.050,50
2026-06-25 13:09:41,33.48,65.23,1003.00,67.79,1025,1.646,99000,34.0,47.0,59.0,YES,YES,UNKNOWN_ANALYSIS_IAQ68_VOC1.65ppm,57192.5,0,5.0,0.050,50
2026-06-25 13:09:50,33.48,65.23,1003.00,67.79,1025,1.646,99000,35.0,49.0,60.0,YES,YES,UNKNOWN_ANALYSIS_IAQ68_VOC1.65ppm,57201.9,0,5.0,0.050,50
2026-06-25 13:10:00,33.48,65.23,1003.00,67.79,1025,1.646,99000,35.0,48.0,59.0,YES,YES,UNKNOWN_ANALYSIS_IAQ68_VOC1.65ppm,57212.4,0,5.0,0.050,50
2026-06-25 13:10:11,33.48,65.23,1003.00,67.79,1025,1.646,99000,35.0,48.0,59.0,YES,YES,UNKNOWN_ANALYSIS_IAQ68_VOC1.65ppm,57222.8,0,5.0,0.050,50
2026-06-25 13:10:20,33.48,65.23,1003.00,67.79,1025,1.646,99000,35.0,48.0,57.0,YES,YES,UNKNOWN_ANALYSIS_IAQ68_VOC1.65ppm,57232.2,0,5.0,0.050,50
2026-06-25 13:10:31,33.48,65.23,1003.00,67.79,1025,1.646,99000,34.0,48.0,58.0,YES,YES,UNKNOWN_ANALYSIS_IAQ68_VOC1.65ppm,57242.6,0,5.0,0.050,50
2026-06-25 13:10:40,33.48,65.23,1003.00,67.79,1025,1.646,99000,33.0,47.0,57.0,YES,YES,UNKNOWN_ANALYSIS_IAQ68_VOC1.65ppm,57252.0,0,5.0,0.050,50
2026-06-25 13:10:51,33.48,65.23,1003.00,67.79,1025,1.646,99000,33.0,47.0,57.0,YES,YES,UNKNOWN_ANALYSIS_IAQ68_VOC1.65ppm,57262.5,0,5.0,0.050,50
2026-06-25 13:11:01,33.48,65.23,1003.00,67.79,1025,1.646,99000,34.0,48.0,59.0,YES,YES,UNKNOWN_ANALYSIS_IAQ68_VOC1.65ppm,57272.9,0,5.0,0.050,50
2026-06-25 13:11:10,33.48,65.23,1003.00,67.79,1025,1.646,99000,35.0,49.0,61.0,YES,YES,UNKNOWN_ANALYSIS_IAQ68_VOC1.65ppm,57282.3,0,5.0,0.050,50
2026-06-25 13:11:21,33.48,65.23,1003.00,67.79,1025,1.646,99000,36.0,50.0,62.0,YES,YES,UNKNOWN_ANALYSIS_IAQ68_VOC1.65ppm,57292.8,0,5.0,0.050,50
2026-06-25 13:11:30,33.48,65.23,1003.00,67.79,1025,1.646,99000,36.0,50.0,61.0,YES,YES,UNKNOWN_ANALYSIS_IAQ68_VOC1.65ppm,57302.2,0,5.0,0.050,50
2026-06-25 13:11:41,33.48,65.23,1003.00,67.79,1025,1.646,99000,35.0,50.0,60.0,YES,YES,UNKNOWN_ANALYSIS_IAQ68_VOC1.65ppm,57312.6,0,5.0,0.050,50
2026-06-25 13:11:51,33.48,65.23,1003.00,67.79,1025,1.646,99000,35.0,49.0,60.0,YES,YES,UNKNOWN_ANALYSIS_IAQ68_VOC1.65ppm,57323.0,0,5.0,0.050,50
2026-06-25 13:12:01,33.48,65.23,1003.00,67.79,1025,1.646,99000,35.0,49.0,59.0,YES,YES,UNKNOWN_ANALYSIS_IAQ68_VOC1.65ppm,57332.4,0,5.0,0.050,50
2026-06-25 13:12:11,33.48,65.23,1003.00,67.79,1025,1.646,99000,36.0,50.0,60.0,YES,YES,UNKNOWN_ANALYSIS_IAQ68_VOC1.65ppm,57342.9,0,5.0,0.050,50
2026-06-25 13:12:20,33.48,65.23,1003.00,67.79,1025,1.646,99000,35.0,48.0,59.0,YES,YES,UNKNOWN_ANALYSIS_IAQ68_VOC1.65ppm,57352.3,0,5.0,0.050,50
2026-06-25 13:12:31,33.48,65.23,1003.00,67.79,1025,1.646,99000,36.0,49.0,59.0,YES,YES,UNKNOWN_ANALYSIS_IAQ68_VOC1.65ppm,57362.7,0,5.0,0.050,50
2026-06-25 13:12:41,33.48,65.23,1003.00,67.79,1025,1.646,99000,34.0,48.0,60.0,YES,YES,UNKNOWN_ANALYSIS_IAQ68_VOC1.65ppm,57373.2,0,5.0,0.050,50
2026-06-25 13:12:51,33.48,65.23,1003.00,67.79,1025,1.646,99000,35.0,48.0,60.0,YES,YES,UNKNOWN_ANALYSIS_IAQ68_VOC1.65ppm,57382.6,0,5.0,0.050,50
2026-06-25 13:13:01,33.43,65.06,1003.00,58.11,739,0.859,104200,34.0,47.0,57.0,YES,YES,MASKED_ATTACK_GAS_LOAD_IAQ:58.1_VOC:0.859_GasRes:104200Ω,57393.0,0,5.0,0.050,50
2026-06-25 13:13:11,33.43,65.06,1003.00,58.11,739,0.859,104200,33.0,47.0,56.0,YES,YES,MASKED_ATTACK_GAS_LOAD_IAQ:58.1_VOC:0.859_GasRes:104200Ω,57402.4,0,5.0,0.050,50
2026-06-25 13:13:21,33.43,65.06,1003.00,58.11,739,0.859,104200,34.0,48.0,58.0,YES,YES,MASKED_ATTACK_GAS_LOAD_IAQ:58.1_VOC:0.859_GasRes:104200Ω,57412.9,0,5.0,0.050,50
2026-06-25 13:13:31,33.43,65.06,1003.00,58.11,739,0.859,104200,34.0,47.0,58.0,YES,YES,MASKED_ATTACK_GAS_LOAD_IAQ:58.1_VOC:0.859_GasRes:104200Ω,57423.3,0,5.0,0.050,50
2026-06-25 13:13:41,33.43,65.06,1003.00,58.11,739,0.859,104200,35.0,48.0,60.0,YES,YES,MASKED_ATTACK_GAS_LOAD_IAQ:58.1_VOC:0.859_GasRes:104200Ω,57432.7,0,5.0,0.050,50
2026-06-25 13:13:51,33.43,65.06,1003.00,58.11,739,0.859,104200,34.0,47.0,59.0,YES,YES,MASKED_ATTACK_GAS_LOAD_IAQ:58.1_VOC:0.859_GasRes:104200Ω,57443.1,0,5.0,0.050,50
2026-06-25 13:14:01,33.43,65.06,1003.00,58.11,739,0.859,104200,34.0,47.0,57.0,YES,YES,MASKED_ATTACK_GAS_LOAD_IAQ:58.1_VOC:0.859_GasRes:104200Ω,57452.5,0,5.0,0.050,50
2026-06-25 13:14:11,33.43,65.06,1003.00,58.11,739,0.859,104200,34.0,48.0,58.0,YES,YES,MASKED_ATTACK_GAS_LOAD_IAQ:58.1_VOC:0.859_GasRes:104200Ω,57463.0,0,5.0,0.050,50
2026-06-25 13:14:22,33.43,65.06,1003.00,58.11,739,0.859,104200,34.0,47.0,58.0,YES,YES,MASKED_ATTACK_GAS_LOAD_IAQ:58.1_VOC:0.859_GasRes:104200Ω,57473.4,0,5.0,0.050,50
2026-06-25 13:14:31,33.43,65.06,1003.00,58.11,739,0.859,104200,35.0,49.0,60.0,YES,YES,MASKED_ATTACK_GAS_LOAD_IAQ:58.1_VOC:0.859_GasRes:104200Ω,57482.8,0,5.0,0.050,50
2026-06-25 13:14:41,33.43,65.06,1003.00,58.11,739,0.859,104200,33.0,47.0,58.0,YES,YES,MASKED_ATTACK_GAS_LOAD_IAQ:58.1_VOC:0.859_GasRes:104200Ω,57493.3,0,5.0,0.050,50
2026-06-25 13:14:51,33.43,65.06,1003.00,58.11,739,0.859,104200,33.0,48.0,60.0,YES,YES,MASKED_ATTACK_GAS_LOAD_IAQ:58.1_VOC:0.859_GasRes:104200Ω,57502.6,0,5.0,0.050,50
2026-06-25 13:15:01,33.43,65.06,1003.00,58.11,739,0.859,104200,35.0,49.0,59.0,YES,YES,MASKED_ATTACK_GAS_LOAD_IAQ:58.1_VOC:0.859_GasRes:104200Ω,57513.1,0,5.0,0.050,50
2026-06-25 13:15:12,33.43,65.06,1003.00,58.11,739,0.859,104200,35.0,49.0,60.0,YES,YES,MASKED_ATTACK_GAS_LOAD_IAQ:58.1_VOC:0.859_GasRes:104200Ω,57523.5,0,5.0,0.050,50
2026-06-25 13:15:21,33.43,65.06,1003.00,58.11,739,0.859,104200,34.0,49.0,59.0,YES,YES,MASKED_ATTACK_GAS_LOAD_IAQ:58.1_VOC:0.859_GasRes:104200Ω,57532.9,0,5.0,0.050,50
2026-06-25 13:15:32,33.43,65.06,1003.00,58.11,739,0.859,104200,33.0,48.0,59.0,YES,YES,MASKED_ATTACK_GAS_LOAD_IAQ:58.1_VOC:0.859_GasRes:104200Ω,57543.4,0,5.0,0.050,50
2026-06-25 13:15:42,33.43,65.06,1003.00,58.11,739,0.859,104200,34.0,49.0,60.0,YES,YES,MASKED_ATTACK_GAS_LOAD_IAQ:58.1_VOC:0.859_GasRes:104200Ω,57553.8,0,5.0,0.050,50
💾 Baseline state saved to EEPROM
💾 SAVED - IAQ: 5.0, VOC: 0.050 ppm, CO2: 50 ppm

=== SPIKE HISTORY ===
2026-06-25 13:15:51,33.43,65.06,1003.00,58.11,739,0.859,104200,35.0,49.0,60.0,YES,YES,MASKED_ATTACK_GAS_LOAD_IAQ:58.1_VOC:0.859_GasRes:104200Ω,57563.2,0,5.0,0.050,50
2026-06-25 13:16:02,33.43,65.06,1003.00,58.11,739,0.859,104200,36.0,49.0,60.0,YES,YES,MASKED_ATTACK_GAS_LOAD_IAQ:58.1_VOC:0.859_GasRes:104200Ω,57573.7,0,5.0,0.050,50
2026-06-25 13:16:11,33.43,65.06,1003.00,58.11,739,0.859,104200,36.0,49.0,59.0,YES,YES,MASKED_ATTACK_GAS_LOAD_IAQ:58.1_VOC:0.859_GasRes:104200Ω,57583.1,0,5.0,0.050,50
2026-06-25 13:16:22,33.43,65.06,1003.00,58.11,739,0.859,104200,35.0,48.0,60.0,YES,YES,MASKED_ATTACK_GAS_LOAD_IAQ:58.1_VOC:0.859_GasRes:104200Ω,57593.5,0,5.0,0.050,50
2026-06-25 13:16:32,33.43,65.06,1003.00,58.11,739,0.859,104200,35.0,49.0,61.0,YES,YES,MASKED_ATTACK_GAS_LOAD_IAQ:58.1_VOC:0.859_GasRes:104200Ω,57603.9,0,5.0,0.050,50
2026-06-25 13:16:41,33.43,65.06,1003.00,58.11,739,0.859,104200,35.0,48.0,61.0,YES,YES,MASKED_ATTACK_GAS_LOAD_IAQ:58.1_VOC:0.859_GasRes:104200Ω,57613.3,0,5.0,0.050,50
2026-06-25 13:16:52,33.43,65.06,1003.00,58.11,739,0.859,104200,34.0,47.0,60.0,YES,YES,MASKED_ATTACK_GAS_LOAD_IAQ:58.1_VOC:0.859_GasRes:104200Ω,57623.8,0,5.0,0.050,50
2026-06-25 13:17:01,33.43,65.06,1003.00,58.11,739,0.859,104200,34.0,47.0,60.0,YES,YES,MASKED_ATTACK_GAS_LOAD_IAQ:58.1_VOC:0.859_GasRes:104200Ω,57633.2,0,5.0,0.050,50
2026-06-25 13:17:12,33.43,65.06,1003.00,58.11,739,0.859,104200,35.0,48.0,59.0,YES,YES,MASKED_ATTACK_GAS_LOAD_IAQ:58.1_VOC:0.859_GasRes:104200Ω,57643.6,0,5.0,0.050,50
2026-06-25 13:17:22,33.43,65.06,1003.00,58.11,739,0.859,104200,33.0,47.0,57.0,YES,YES,MASKED_ATTACK_GAS_LOAD_IAQ:58.1_VOC:0.859_GasRes:104200Ω,57654.1,0,5.0,0.050,50
2026-06-25 13:17:32,33.43,65.06,1003.00,58.11,739,0.859,104200,35.0,48.0,58.0,YES,YES,MASKED_ATTACK_GAS_LOAD_IAQ:58.1_VOC:0.859_GasRes:104200Ω,57663.5,0,5.0,0.050,50
2026-06-25 13:17:42,33.43,65.06,1003.00,58.11,739,0.859,104200,34.0,47.0,59.0,YES,YES,MASKED_ATTACK_GAS_LOAD_IAQ:58.1_VOC:0.859_GasRes:104200Ω,57673.9,0,5.0,0.050,50
2026-06-25 13:17:51,33.43,65.06,1003.00,58.11,739,0.859,104200,35.0,47.0,59.0,YES,YES,MASKED_ATTACK_GAS_LOAD_IAQ:58.1_VOC:0.859_GasRes:104200Ω,57683.3,0,5.0,0.050,50
2026-06-25 13:18:02,33.42,65.01,1003.00,54.43,630,0.671,106200,35.0,48.0,58.0,YES,YES,MASKED_ATTACK_GAS_LOAD_IAQ:54.4_VOC:0.671_GasRes:106200Ω,57693.8,0,5.0,0.050,50
2026-06-25 13:18:12,33.42,65.01,1003.00,54.43,630,0.671,106200,36.0,49.0,60.0,YES,YES,MASKED_ATTACK_GAS_LOAD_IAQ:54.4_VOC:0.671_GasRes:106200Ω,57704.2,0,5.0,0.050,50
2026-06-25 13:18:22,33.42,65.01,1003.00,54.43,630,0.671,106200,35.0,48.0,59.0,YES,YES,MASKED_ATTACK_GAS_LOAD_IAQ:54.4_VOC:0.671_GasRes:106200Ω,57713.6,0,5.0,0.050,50
2026-06-25 13:18:32,33.42,65.01,1003.00,54.43,630,0.671,106200,36.0,49.0,60.0,YES,YES,MASKED_ATTACK_GAS_LOAD_IAQ:54.4_VOC:0.671_GasRes:106200Ω,57724.0,0,5.0,0.050,50
2026-06-25 13:18:42,33.42,65.01,1003.00,54.43,630,0.671,106200,35.0,48.0,58.0,YES,YES,MASKED_ATTACK_GAS_LOAD_IAQ:54.4_VOC:0.671_GasRes:106200Ω,57733.4,0,5.0,0.050,50
2026-06-25 13:18:52,33.42,65.01,1003.00,54.43,630,0.671,106200,36.0,49.0,60.0,YES,YES,MASKED_ATTACK_GAS_LOAD_IAQ:54.4_VOC:0.671_GasRes:106200Ω,57743.9,0,5.0,0.050,50
2026-06-25 13:19:02,33.42,65.01,1003.00,54.43,630,0.671,106200,36.0,49.0,60.0,YES,YES,MASKED_ATTACK_GAS_LOAD_IAQ:54.4_VOC:0.671_GasRes:106200Ω,57754.3,0,5.0,0.050,50
2026-06-25 13:19:12,33.42,65.01,1003.00,54.43,630,0.671,106200,35.0,49.0,60.0,YES,YES,MASKED_ATTACK_GAS_LOAD_IAQ:54.4_VOC:0.671_GasRes:106200Ω,57763.7,0,5.0,0.050,50
2026-06-25 13:19:22,33.42,65.01,1003.00,54.43,630,0.671,106200,35.0,49.0,59.0,YES,YES,MASKED_ATTACK_GAS_LOAD_IAQ:54.4_VOC:0.671_GasRes:106200Ω,57774.2,0,5.0,0.050,50
2026-06-25 13:19:32,33.42,65.01,1003.00,54.43,630,0.671,106200,34.0,48.0,59.0,YES,YES,MASKED_ATTACK_GAS_LOAD_IAQ:54.4_VOC:0.671_GasRes:106200Ω,57783.6,0,5.0,0.050,50
2026-06-25 13:19:42,33.42,65.01,1003.00,54.43,630,0.671,106200,36.0,50.0,61.0,YES,YES,MASKED_ATTACK_GAS_LOAD_IAQ:54.4_VOC:0.671_GasRes:106200Ω,57794.0,0,5.0,0.050,50
2026-06-25 13:19:53,33.42,65.01,1003.00,54.43,630,0.671,106200,35.0,49.0,60.0,YES,YES,MASKED_ATTACK_GAS_LOAD_IAQ:54.4_VOC:0.671_GasRes:106200Ω,57804.5,0,5.0,0.050,50
2026-06-25 13:20:02,33.42,65.01,1003.00,54.43,630,0.671,106200,38.0,50.0,62.0,YES,YES,MASKED_ATTACK_GAS_LOAD_IAQ:54.4_VOC:0.671_GasRes:106200Ω,57813.9,0,5.0,0.050,50
2026-06-25 13:20:12,33.42,65.01,1003.00,54.43,630,0.671,106200,36.0,50.0,62.0,YES,YES,MASKED_ATTACK_GAS_LOAD_IAQ:54.4_VOC:0.671_GasRes:106200Ω,57824.3,0,5.0,0.050,50
2026-06-25 13:20:23,33.42,65.01,1003.00,54.43,630,0.671,106200,35.0,49.0,61.0,YES,YES,MASKED_ATTACK_GAS_LOAD_IAQ:54.4_VOC:0.671_GasRes:106200Ω,57834.7,0,5.0,0.050,50
2026-06-25 13:20:32,33.42,65.01,1003.00,54.43,630,0.671,106200,35.0,49.0,60.0,YES,YES,MASKED_ATTACK_GAS_LOAD_IAQ:54.4_VOC:0.671_GasRes:106200Ω,57844.1,0,5.0,0.050,50
2026-06-25 13:20:43,33.42,65.01,1003.00,54.43,630,0.671,106200,35.0,49.0,60.0,YES,YES,MASKED_ATTACK_GAS_LOAD_IAQ:54.4_VOC:0.671_GasRes:106200Ω,57854.6,0,5.0,0.050,50
2026-06-25 13:20:52,33.42,65.01,1003.00,54.43,630,0.671,106200,36.0,50.0,60.0,YES,YES,MASKED_ATTACK_GAS_LOAD_IAQ:54.4_VOC:0.671_GasRes:106200Ω,57864.0,0,5.0,0.050,50
2026-06-25 13:21:03,33.42,65.01,1003.00,54.43,630,0.671,106200,36.0,50.0,60.0,YES,YES,MASKED_ATTACK_GAS_LOAD_IAQ:54.4_VOC:0.671_GasRes:106200Ω,57874.4,0,5.0,0.050,50
2026-06-25 13:21:13,33.42,65.01,1003.00,54.43,630,0.671,106200,36.0,50.0,60.0,YES,YES,MASKED_ATTACK_GAS_LOAD_IAQ:54.4_VOC:0.671_GasRes:106200Ω,57884.9,0,5.0,0.050,50
2026-06-25 13:21:22,33.42,65.01,1003.00,54.43,630,0.671,106200,35.0,49.0,59.0,YES,YES,MASKED_ATTACK_GAS_LOAD_IAQ:54.4_VOC:0.671_GasRes:106200Ω,57894.3,0,5.0,0.050,50
2026-06-25 13:21:33,33.42,65.01,1003.00,54.43,630,0.671,106200,35.0,49.0,59.0,YES,YES,MASKED_ATTACK_GAS_LOAD_IAQ:54.4_VOC:0.671_GasRes:106200Ω,57904.7,0,5.0,0.050,50
2026-06-25 13:21:42,33.42,65.01,1003.00,54.43,630,0.671,106200,35.0,48.0,60.0,YES,YES,MASKED_ATTACK_GAS_LOAD_IAQ:54.4_VOC:0.671_GasRes:106200Ω,57914.1,0,5.0,0.050,50
2026-06-25 13:21:53,33.42,65.01,1003.00,54.43,630,0.671,106200,35.0,48.0,59.0,YES,YES,MASKED_ATTACK_GAS_LOAD_IAQ:54.4_VOC:0.671_GasRes:106200Ω,57924.6,0,5.0,0.050,50
2026-06-25 13:22:03,33.42,65.01,1003.00,54.43,630,0.671,106200,36.0,49.0,60.0,YES,YES,MASKED_ATTACK_GAS_LOAD_IAQ:54.4_VOC:0.671_GasRes:106200Ω,57935.0,0,5.0,0.050,50
2026-06-25 13:22:13,33.42,65.01,1003.00,54.43,630,0.671,106200,38.0,51.0,62.0,YES,YES,MASKED_ATTACK_GAS_LOAD_IAQ:54.4_VOC:0.671_GasRes:106200Ω,57944.4,0,5.0,0.050,50
2026-06-25 13:22:23,33.42,65.01,1003.00,54.43,630,0.671,106200,37.0,50.0,61.0,YES,YES,MASKED_ATTACK_GAS_LOAD_IAQ:54.4_VOC:0.671_GasRes:106200Ω,57954.9,0,5.0,0.050,50
2026-06-25 13:22:32,33.42,65.01,1003.00,54.43,630,0.671,106200,37.0,50.0,60.0,YES,YES,MASKED_ATTACK_GAS_LOAD_IAQ:54.4_VOC:0.671_GasRes:106200Ω,57964.3,0,5.0,0.050,50
2026-06-25 13:22:43,33.42,65.01,1003.00,54.43,630,0.671,106200,37.0,49.0,60.0,YES,YES,MASKED_ATTACK_GAS_LOAD_IAQ:54.4_VOC:0.671_GasRes:106200Ω,57974.7,0,5.0,0.050,50
2026-06-25 13:22:53,33.42,65.01,1003.00,54.43,630,0.671,106200,37.0,49.0,61.0,YES,YES,MASKED_ATTACK_GAS_LOAD_IAQ:54.4_VOC:0.671_GasRes:106200Ω,57985.1,0,5.0,0.050,50
2026-06-25 13:23:03,33.28,65.16,1003.00,58.53,749,0.880,104300,36.0,50.0,63.0,YES,YES,MASKED_ATTACK_GAS_LOAD_IAQ:58.5_VOC:0.880_GasRes:104300Ω,57994.6,0,5.0,0.050,50
2026-06-25 13:23:13,33.28,65.16,1003.00,58.53,749,0.880,104300,36.0,50.0,63.0,YES,YES,MASKED_ATTACK_GAS_LOAD_IAQ:58.5_VOC:0.880_GasRes:104300Ω,58005.0,0,5.0,0.050,50
2026-06-25 13:23:23,33.28,65.16,1003.00,58.53,749,0.880,104300,37.0,50.0,62.0,YES,YES,MASKED_ATTACK_GAS_LOAD_IAQ:58.5_VOC:0.880_GasRes:104300Ω,58014.4,0,5.0,0.050,50
2026-06-25 13:23:33,33.28,65.16,1003.00,58.53,749,0.880,104300,36.0,49.0,61.0,YES,YES,MASKED_ATTACK_GAS_LOAD_IAQ:58.5_VOC:0.880_GasRes:104300Ω,58024.8,0,5.0,0.050,50
2026-06-25 13:23:43,33.28,65.16,1003.00,58.53,749,0.880,104300,35.0,49.0,61.0,YES,YES,MASKED_ATTACK_GAS_LOAD_IAQ:58.5_VOC:0.880_GasRes:104300Ω,58035.3,0,5.0,0.050,50
2026-06-25 13:23:53,33.28,65.16,1003.00,58.53,749,0.880,104300,35.0,49.0,61.0,YES,YES,MASKED_ATTACK_GAS_LOAD_IAQ:58.5_VOC:0.880_GasRes:104300Ω,58044.7,0,5.0,0.050,50
2026-06-25 13:24:03,33.28,65.16,1003.00,58.53,749,0.880,104300,35.0,49.0,61.0,YES,YES,MASKED_ATTACK_GAS_LOAD_IAQ:58.5_VOC:0.880_GasRes:104300Ω,58055.1,0,5.0,0.050,50
2026-06-25 13:24:13,33.28,65.16,1003.00,58.53,749,0.880,104300,35.0,49.0,61.0,YES,YES,MASKED_ATTACK_GAS_LOAD_IAQ:58.5_VOC:0.880_GasRes:104300Ω,58064.5,0,5.0,0.050,50
2026-06-25 13:24:23,33.28,65.16,1003.00,58.53,749,0.880,104300,36.0,50.0,61.0,YES,YES,MASKED_ATTACK_GAS_LOAD_IAQ:58.5_VOC:0.880_GasRes:104300Ω,58075.0,0,5.0,0.050,50
2026-06-25 13:24:34,33.28,65.16,1003.00,58.53,749,0.880,104300,37.0,50.0,63.0,YES,YES,MASKED_ATTACK_GAS_LOAD_IAQ:58.5_VOC:0.880_GasRes:104300Ω,58085.4,0,5.0,0.050,50
2026-06-25 13:24:43,33.28,65.16,1003.00,58.53,749,0.880,104300,37.0,50.0,62.0,YES,YES,MASKED_ATTACK_GAS_LOAD_IAQ:58.5_VOC:0.880_GasRes:104300Ω,58094.8,0,5.0,0.050,50
2026-06-25 13:24:53,33.28,65.16,1003.00,58.53,749,0.880,104300,38.0,51.0,62.0,YES,YES,MASKED_ATTACK_GAS_LOAD_IAQ:58.5_VOC:0.880_GasRes:104300Ω,58105.2,0,5.0,0.050,50
2026-06-25 13:25:03,33.28,65.16,1003.00,58.53,749,0.880,104300,38.0,50.0,61.0,YES,YES,MASKED_ATTACK_GAS_LOAD_IAQ:58.5_VOC:0.880_GasRes:104300Ω,58114.6,0,5.0,0.050,50
2026-06-25 13:25:13,33.28,65.16,1003.00,58.53,749,0.880,104300,38.0,50.0,62.0,YES,YES,MASKED_ATTACK_GAS_LOAD_IAQ:58.5_VOC:0.880_GasRes:104300Ω,58125.1,0,5.0,0.050,50
2026-06-25 13:25:24,33.28,65.16,1003.00,58.53,749,0.880,104300,37.0,50.0,61.0,YES,YES,MASKED_ATTACK_GAS_LOAD_IAQ:58.5_VOC:0.880_GasRes:104300Ω,58135.5,0,5.0,0.050,50
2026-06-25 13:25:33,33.28,65.16,1003.00,58.53,749,0.880,104300,37.0,51.0,62.0,YES,YES,MASKED_ATTACK_GAS_LOAD_IAQ:58.5_VOC:0.880_GasRes:104300Ω,58144.9,0,5.0,0.050,50
2026-06-25 13:25:43,33.28,65.16,1003.00,58.53,749,0.880,104300,37.0,50.0,62.0,YES,YES,MASKED_ATTACK_GAS_LOAD_IAQ:58.5_VOC:0.880_GasRes:104300Ω,58155.4,0,5.0,0.050,50
2026-06-25 13:25:53,33.28,65.16,1003.00,58.53,749,0.880,104300,37.0,50.0,62.0,YES,YES,MASKED_ATTACK_GAS_LOAD_IAQ:58.5_VOC:0.880_GasRes:104300Ω,58164.8,0,5.0,0.050,50
2026-06-25 13:26:03,33.28,65.16,1003.00,58.53,749,0.880,104300,37.0,50.0,61.0,YES,YES,MASKED_ATTACK_GAS_LOAD_IAQ:58.5_VOC:0.880_GasRes:104300Ω,58175.2,0,5.0,0.050,50
2026-06-25 13:26:14,33.28,65.16,1003.00,58.53,749,0.880,104300,36.0,50.0,60.0,YES,YES,MASKED_ATTACK_GAS_LOAD_IAQ:58.5_VOC:0.880_GasRes:104300Ω,58185.7,0,5.0,0.050,50
2026-06-25 13:26:23,33.28,65.16,1003.00,58.53,749,0.880,104300,36.0,49.0,60.0,YES,YES,MASKED_ATTACK_GAS_LOAD_IAQ:58.5_VOC:0.880_GasRes:104300Ω,58195.1,0,5.0,0.050,50
2026-06-25 13:26:34,33.28,65.16,1003.00,58.53,749,0.880,104300,35.0,49.0,60.0,YES,YES,MASKED_ATTACK_GAS_LOAD_IAQ:58.5_VOC:0.880_GasRes:104300Ω,58205.5,0,5.0,0.050,50
2026-06-25 13:26:43,33.28,65.16,1003.00,58.53,749,0.880,104300,35.0,49.0,60.0,YES,YES,MASKED_ATTACK_GAS_LOAD_IAQ:58.5_VOC:0.880_GasRes:104300Ω,58214.9,0,5.0,0.050,50
2026-06-25 13:26:53,33.28,65.16,1003.00,58.53,749,0.880,104300,38.0,51.0,63.0,YES,YES,MASKED_ATTACK_GAS_LOAD_IAQ:58.5_VOC:0.880_GasRes:104300Ω,58225.3,0,5.0,0.050,50
2026-06-25 13:27:04,33.28,65.16,1003.00,58.53,749,0.880,104300,37.0,50.0,60.0,YES,YES,MASKED_ATTACK_GAS_LOAD_IAQ:58.5_VOC:0.880_GasRes:104300Ω,58235.8,0,5.0,0.050,50
2026-06-25 13:27:13,33.28,65.16,1003.00,58.53,749,0.880,104300,37.0,50.0,61.0,YES,YES,MASKED_ATTACK_GAS_LOAD_IAQ:58.5_VOC:0.880_GasRes:104300Ω,58245.2,0,5.0,0.050,50
2026-06-25 13:27:24,33.28,65.16,1003.00,58.53,749,0.880,104300,37.0,49.0,60.0,YES,YES,MASKED_ATTACK_GAS_LOAD_IAQ:58.5_VOC:0.880_GasRes:104300Ω,58255.6,0,5.0,0.050,50
2026-06-25 13:27:34,33.28,65.16,1003.00,58.53,749,0.880,104300,36.0,50.0,61.0,YES,YES,MASKED_ATTACK_GAS_LOAD_IAQ:58.5_VOC:0.880_GasRes:104300Ω,58266.1,0,5.0,0.050,50
2026-06-25 13:27:44,33.28,65.16,1003.00,58.53,749,0.880,104300,35.0,48.0,60.0,YES,YES,MASKED_ATTACK_GAS_LOAD_IAQ:58.5_VOC:0.880_GasRes:104300Ω,58275.5,0,5.0,0.050,50
2026-06-25 13:27:54,33.28,65.16,1003.00,58.53,749,0.880,104300,38.0,50.0,62.0,YES,YES,MASKED_ATTACK_GAS_LOAD_IAQ:58.5_VOC:0.880_GasRes:104300Ω,58285.9,0,5.0,0.050,50
2026-06-25 13:28:03,33.38,65.24,1003.00,64.58,925,1.309,100900,38.0,50.0,62.0,YES,YES,MASKED_ATTACK_GAS_LOAD_IAQ:64.6_VOC:1.309_GasRes:100900Ω,58295.3,0,5.0,0.050,50
2026-06-25 13:28:14,33.38,65.24,1003.00,64.58,925,1.309,100900,38.0,51.0,62.0,YES,YES,MASKED_ATTACK_GAS_LOAD_IAQ:64.6_VOC:1.309_GasRes:100900Ω,58305.8,0,5.0,0.050,50
2026-06-25 13:28:24,33.38,65.24,1003.00,64.58,925,1.309,100900,36.0,50.0,62.0,YES,YES,MASKED_ATTACK_GAS_LOAD_IAQ:64.6_VOC:1.309_GasRes:100900Ω,58316.2,0,5.0,0.050,50
2026-06-25 13:28:34,33.38,65.24,1003.00,64.58,925,1.309,100900,37.0,50.0,62.0,YES,YES,MASKED_ATTACK_GAS_LOAD_IAQ:64.6_VOC:1.309_GasRes:100900Ω,58325.6,0,5.0,0.050,50
2026-06-25 13:28:44,33.38,65.24,1003.00,64.58,925,1.309,100900,38.0,51.0,62.0,YES,YES,MASKED_ATTACK_GAS_LOAD_IAQ:64.6_VOC:1.309_GasRes:100900Ω,58336.0,0,5.0,0.050,50
2026-06-25 13:28:54,33.38,65.24,1003.00,64.58,925,1.309,100900,37.0,51.0,63.0,YES,YES,MASKED_ATTACK_GAS_LOAD_IAQ:64.6_VOC:1.309_GasRes:100900Ω,58345.4,0,5.0,0.050,50
2026-06-25 13:29:04,33.38,65.24,1003.00,64.58,925,1.309,100900,38.0,52.0,64.0,YES,YES,MASKED_ATTACK_GAS_LOAD_IAQ:64.6_VOC:1.309_GasRes:100900Ω,58355.9,0,5.0,0.050,50
2026-06-25 13:29:14,33.38,65.24,1003.00,64.58,925,1.309,100900,38.0,52.0,63.0,YES,YES,MASKED_ATTACK_GAS_LOAD_IAQ:64.6_VOC:1.309_GasRes:100900Ω,58366.3,0,5.0,0.050,50
2026-06-25 13:29:24,33.38,65.24,1003.00,64.58,925,1.309,100900,38.0,51.0,62.0,YES,YES,MASKED_ATTACK_GAS_LOAD_IAQ:64.6_VOC:1.309_GasRes:100900Ω,58375.7,0,5.0,0.050,50
2026-06-25 13:29:34,33.38,65.24,1003.00,64.58,925,1.309,100900,37.0,49.0,60.0,YES,YES,MASKED_ATTACK_GAS_LOAD_IAQ:64.6_VOC:1.309_GasRes:100900Ω,58386.1,0,5.0,0.050,50
2026-06-25 13:29:44,33.38,65.24,1003.00,64.58,925,1.309,100900,38.0,51.0,61.0,YES,YES,MASKED_ATTACK_GAS_LOAD_IAQ:64.6_VOC:1.309_GasRes:100900Ω,58395.5,0,5.0,0.050,50
2026-06-25 13:29:54,33.38,65.24,1003.00,64.58,925,1.309,100900,37.0,50.0,61.0,YES,YES,MASKED_ATTACK_GAS_LOAD_IAQ:64.6_VOC:1.309_GasRes:100900Ω,58406.0,0,5.0,0.050,50
2026-06-25 13:30:05,33.38,65.24,1003.00,64.58,925,1.309,100900,38.0,50.0,62.0,YES,YES,MASKED_ATTACK_GAS_LOAD_IAQ:64.6_VOC:1.309_GasRes:100900Ω,58416.4,0,5.0,0.050,50
2026-06-25 13:30:14,33.38,65.24,1003.00,64.58,925,1.309,100900,38.0,52.0,64.0,YES,YES,MASKED_ATTACK_GAS_LOAD_IAQ:64.6_VOC:1.309_GasRes:100900Ω,58425.8,0,5.0,0.050,50
2026-06-25 13:30:24,33.38,65.24,1003.00,64.58,925,1.309,100900,37.0,50.0,62.0,YES,YES,MASKED_ATTACK_GAS_LOAD_IAQ:64.6_VOC:1.309_GasRes:100900Ω,58436.3,0,5.0,0.050,50
2026-06-25 13:30:34,33.38,65.24,1003.00,64.58,925,1.309,100900,38.0,51.0,63.0,YES,YES,MASKED_ATTACK_GAS_LOAD_IAQ:64.6_VOC:1.309_GasRes:100900Ω,58445.7,0,5.0,0.050,50
2026-06-25 13:30:44,33.38,65.24,1003.00,64.58,925,1.309,100900,37.0,51.0,62.0,YES,YES,MASKED_ATTACK_GAS_LOAD_IAQ:64.6_VOC:1.309_GasRes:100900Ω,58456.1,0,5.0,0.050,50
2026-06-25 13:30:55,33.38,65.24,1003.00,64.58,925,1.309,100900,35.0,49.0,61.0,YES,YES,MASKED_ATTACK_GAS_LOAD_IAQ:64.6_VOC:1.309_GasRes:100900Ω,58466.5,0,5.0,0.050,50
2026-06-25 13:31:04,33.38,65.24,1003.00,64.58,925,1.309,100900,37.0,51.0,62.0,YES,YES,MASKED_ATTACK_GAS_LOAD_IAQ:64.6_VOC:1.309_GasRes:100900Ω,58475.9,0,5.0,0.050,50
2026-06-25 13:31:15,33.38,65.24,1003.00,64.58,925,1.309,100900,36.0,49.0,61.0,YES,YES,MASKED_ATTACK_GAS_LOAD_IAQ:64.6_VOC:1.309_GasRes:100900Ω,58486.4,0,5.0,0.050,50
2026-06-25 13:31:25,33.38,65.24,1003.00,64.58,925,1.309,100900,36.0,49.0,61.0,YES,YES,MASKED_ATTACK_GAS_LOAD_IAQ:64.6_VOC:1.309_GasRes:100900Ω,58496.8,0,5.0,0.050,50
2026-06-25 13:31:34,33.38,65.24,1003.00,64.58,925,1.309,100900,36.0,49.0,61.0,YES,YES,MASKED_ATTACK_GAS_LOAD_IAQ:64.6_VOC:1.309_GasRes:100900Ω,58506.2,0,5.0,0.050,50
2026-06-25 13:31:45,33.38,65.24,1003.00,64.58,925,1.309,100900,38.0,51.0,65.0,YES,YES,MASKED_ATTACK_GAS_LOAD_IAQ:64.6_VOC:1.309_GasRes:100900Ω,58516.6,0,5.0,0.050,50
2026-06-25 13:31:54,33.38,65.24,1003.00,64.58,925,1.309,100900,37.0,50.0,64.0,YES,YES,MASKED_ATTACK_GAS_LOAD_IAQ:64.6_VOC:1.309_GasRes:100900Ω,58526.1,0,5.0,0.050,50
2026-06-25 13:32:05,33.38,65.24,1003.00,64.58,925,1.309,100900,39.0,51.0,64.0,YES,YES,MASKED_ATTACK_GAS_LOAD_IAQ:64.6_VOC:1.309_GasRes:100900Ω,58536.5,0,5.0,0.050,50
2026-06-25 13:32:15,33.38,65.24,1003.00,64.58,925,1.309,100900,38.0,51.0,63.0,YES,YES,MASKED_ATTACK_GAS_LOAD_IAQ:64.6_VOC:1.309_GasRes:100900Ω,58546.9,0,5.0,0.050,50
2026-06-25 13:32:24,33.38,65.24,1003.00,64.58,925,1.309,100900,39.0,51.0,62.0,YES,YES,MASKED_ATTACK_GAS_LOAD_IAQ:64.6_VOC:1.309_GasRes:100900Ω,58556.3,0,5.0,0.050,50
2026-06-25 13:32:35,33.38,65.24,1003.00,64.58,925,1.309,100900,39.0,50.0,61.0,YES,YES,MASKED_ATTACK_GAS_LOAD_IAQ:64.6_VOC:1.309_GasRes:100900Ω,58566.8,0,5.0,0.050,50
2026-06-25 13:32:44,33.38,65.24,1003.00,64.58,925,1.309,100900,38.0,50.0,60.0,YES,YES,MASKED_ATTACK_GAS_LOAD_IAQ:64.6_VOC:1.309_GasRes:100900Ω,58576.2,0,5.0,0.050,50
2026-06-25 13:32:55,33.38,65.24,1003.00,64.58,925,1.309,100900,38.0,50.0,62.0,YES,YES,MASKED_ATTACK_GAS_LOAD_IAQ:64.6_VOC:1.309_GasRes:100900Ω,58586.6,0,5.0,0.050,50
2026-06-25 13:33:05,33.42,65.33,1003.00,70.74,1102,1.957,97700,38.0,50.0,61.0,YES,YES,UNKNOWN_ANALYSIS_IAQ71_VOC1.96ppm,58597.0,0,5.0,0.050,50
2026-06-25 13:33:15,33.42,65.33,1003.00,70.74,1102,1.957,97700,37.0,49.0,60.0,YES,YES,UNKNOWN_ANALYSIS_IAQ71_VOC1.96ppm,58606.4,0,5.0,0.050,50
2026-06-25 13:33:25,33.42,65.33,1003.00,70.74,1102,1.957,97700,38.0,51.0,63.0,YES,YES,UNKNOWN_ANALYSIS_IAQ71_VOC1.96ppm,58616.9,0,5.0,0.050,50
2026-06-25 13:33:34,33.42,65.33,1003.00,70.74,1102,1.957,97700,37.0,50.0,61.0,YES,YES,UNKNOWN_ANALYSIS_IAQ71_VOC1.96ppm,58626.3,0,5.0,0.050,50
2026-06-25 13:33:45,33.42,65.33,1003.00,70.74,1102,1.957,97700,38.0,52.0,63.0,YES,YES,UNKNOWN_ANALYSIS_IAQ71_VOC1.96ppm,58636.7,0,5.0,0.050,50
2026-06-25 13:33:55,33.42,65.33,1003.00,70.74,1102,1.957,97700,38.0,52.0,64.0,YES,YES,UNKNOWN_ANALYSIS_IAQ71_VOC1.96ppm,58647.2,0,5.0,0.050,50
2026-06-25 13:34:05,33.42,65.33,1003.00,70.74,1102,1.957,97700,39.0,51.0,64.0,YES,YES,UNKNOWN_ANALYSIS_IAQ71_VOC1.96ppm,58656.6,0,5.0,0.050,50
2026-06-25 13:34:15,33.42,65.33,1003.00,70.74,1102,1.957,97700,38.0,51.0,62.0,YES,YES,UNKNOWN_ANALYSIS_IAQ71_VOC1.96ppm,58667.0,0,5.0,0.050,50
2026-06-25 13:34:26,33.42,65.33,1003.00,70.74,1102,1.957,97700,38.0,51.0,63.0,YES,YES,UNKNOWN_ANALYSIS_IAQ71_VOC1.96ppm,58677.4,0,5.0,0.050,50
2026-06-25 13:34:35,33.42,65.33,1003.00,70.74,1102,1.957,97700,37.0,50.0,62.0,YES,YES,UNKNOWN_ANALYSIS_IAQ71_VOC1.96ppm,58686.8,0,5.0,0.050,50
2026-06-25 13:34:45,33.42,65.33,1003.00,70.74,1102,1.957,97700,38.0,51.0,64.0,YES,YES,UNKNOWN_ANALYSIS_IAQ71_VOC1.96ppm,58697.3,0,5.0,0.050,50
2026-06-25 13:34:55,33.42,65.33,1003.00,70.74,1102,1.957,97700,38.0,51.0,63.0,YES,YES,UNKNOWN_ANALYSIS_IAQ71_VOC1.96ppm,58706.7,0,5.0,0.050,50
2026-06-25 13:35:05,33.42,65.33,1003.00,70.74,1102,1.957,97700,38.0,51.0,63.0,YES,YES,UNKNOWN_ANALYSIS_IAQ71_VOC1.96ppm,58717.1,0,5.0,0.050,50
2026-06-25 13:35:16,33.42,65.33,1003.00,70.74,1102,1.957,97700,37.0,51.0,62.0,YES,YES,UNKNOWN_ANALYSIS_IAQ71_VOC1.96ppm,58727.6,0,5.0,0.050,50
2026-06-25 13:35:25,33.42,65.33,1003.00,70.74,1102,1.957,97700,37.0,50.0,61.0,YES,YES,UNKNOWN_ANALYSIS_IAQ71_VOC1.96ppm,58737.0,0,5.0,0.050,50
2026-06-25 13:35:36,33.42,65.33,1003.00,70.74,1102,1.957,97700,38.0,51.0,62.0,YES,YES,UNKNOWN_ANALYSIS_IAQ71_VOC1.96ppm,58747.4,0,5.0,0.050,50
2026-06-25 13:35:45,33.42,65.33,1003.00,70.74,1102,1.957,97700,37.0,50.0,62.0,YES,YES,UNKNOWN_ANALYSIS_IAQ71_VOC1.96ppm,58756.8,0,5.0,0.050,50
2026-06-25 13:35:55,33.42,65.33,1003.00,70.74,1102,1.957,97700,38.0,50.0,62.0,YES,YES,UNKNOWN_ANALYSIS_IAQ71_VOC1.96ppm,58767.3,0,5.0,0.050,50
2026-06-25 13:36:06,33.42,65.33,1003.00,70.74,1102,1.957,97700,36.0,49.0,61.0,YES,YES,UNKNOWN_ANALYSIS_IAQ71_VOC1.96ppm,58777.7,0,5.0,0.050,50
2026-06-25 13:36:15,33.42,65.33,1003.00,70.74,1102,1.957,97700,37.0,50.0,62.0,YES,YES,UNKNOWN_ANALYSIS_IAQ71_VOC1.96ppm,58787.1,0,5.0,0.050,50
2026-06-25 13:36:26,33.42,65.33,1003.00,70.74,1102,1.957,97700,37.0,51.0,63.0,YES,YES,UNKNOWN_ANALYSIS_IAQ71_VOC1.96ppm,58797.5,0,5.0,0.050,50
2026-06-25 13:36:35,33.42,65.33,1003.00,70.74,1102,1.957,97700,37.0,51.0,63.0,YES,YES,UNKNOWN_ANALYSIS_IAQ71_VOC1.96ppm,58806.9,0,5.0,0.050,50
2026-06-25 13:36:46,33.42,65.33,1003.00,70.74,1102,1.957,97700,37.0,51.0,62.0,YES,YES,UNKNOWN_ANALYSIS_IAQ71_VOC1.96ppm,58817.4,0,5.0,0.050,50
2026-06-25 13:36:56,33.42,65.33,1003.00,70.74,1102,1.957,97700,37.0,50.0,61.0,YES,YES,UNKNOWN_ANALYSIS_IAQ71_VOC1.96ppm,58827.8,0,5.0,0.050,50
2026-06-25 13:37:05,33.42,65.33,1003.00,70.74,1102,1.957,97700,38.0,52.0,62.0,YES,YES,UNKNOWN_ANALYSIS_IAQ71_VOC1.96ppm,58837.2,0,5.0,0.050,50
2026-06-25 13:37:16,33.42,65.33,1003.00,70.74,1102,1.957,97700,38.0,51.0,61.0,YES,YES,UNKNOWN_ANALYSIS_IAQ71_VOC1.96ppm,58847.7,0,5.0,0.050,50
2026-06-25 13:37:26,33.42,65.33,1003.00,70.74,1102,1.957,97700,38.0,50.0,61.0,YES,YES,UNKNOWN_ANALYSIS_IAQ71_VOC1.96ppm,58858.1,0,5.0,0.050,50
2026-06-25 13:37:36,33.42,65.33,1003.00,70.74,1102,1.957,97700,37.0,50.0,61.0,YES,YES,UNKNOWN_ANALYSIS_IAQ71_VOC1.96ppm,58867.5,0,5.0,0.050,50
2026-06-25 13:37:46,33.42,65.33,1003.00,70.74,1102,1.957,97700,38.0,51.0,62.0,YES,YES,UNKNOWN_ANALYSIS_IAQ71_VOC1.96ppm,58877.9,0,5.0,0.050,50
2026-06-25 13:37:55,33.54,65.34,1003.00,76.42,1264,2.828,94700,37.0,50.0,61.0,YES,YES,UNKNOWN_ANALYSIS_IAQ76_VOC2.83ppm,58887.3,0,5.0,0.050,50
2026-06-25 13:38:06,33.54,65.34,1003.00,76.42,1264,2.828,94700,37.0,52.0,62.0,YES,YES,UNKNOWN_ANALYSIS_IAQ76_VOC2.83ppm,58897.8,0,5.0,0.050,50
2026-06-25 13:38:16,33.54,65.34,1003.00,76.42,1264,2.828,94700,36.0,51.0,62.0,YES,YES,UNKNOWN_ANALYSIS_IAQ76_VOC2.83ppm,58908.2,0,5.0,0.050,50
2026-06-25 13:38:26,33.54,65.34,1003.00,76.42,1264,2.828,94700,35.0,49.0,60.0,YES,YES,UNKNOWN_ANALYSIS_IAQ76_VOC2.83ppm,58917.6,0,5.0,0.050,50
2026-06-25 13:38:36,33.54,65.34,1003.00,76.42,1264,2.828,94700,35.0,50.0,60.0,YES,YES,UNKNOWN_ANALYSIS_IAQ76_VOC2.83ppm,58928.1,0,5.0,0.050,50
2026-06-25 13:38:46,33.54,65.34,1003.00,76.42,1264,2.828,94700,35.0,50.0,60.0,YES,YES,UNKNOWN_ANALYSIS_IAQ76_VOC2.83ppm,58937.5,0,5.0,0.050,50
2026-06-25 13:38:56,33.54,65.34,1003.00,76.42,1264,2.828,94700,35.0,49.0,59.0,YES,YES,UNKNOWN_ANALYSIS_IAQ76_VOC2.83ppm,58947.9,0,5.0,0.050,50
2026-06-25 13:39:06,33.54,65.34,1003.00,76.42,1264,2.828,94700,34.0,48.0,59.0,YES,YES,UNKNOWN_ANALYSIS_IAQ76_VOC2.83ppm,58958.3,0,5.0,0.050,50
2026-06-25 13:39:16,33.54,65.34,1003.00,76.42,1264,2.828,94700,35.0,49.0,60.0,YES,YES,UNKNOWN_ANALYSIS_IAQ76_VOC2.83ppm,58967.7,0,5.0,0.050,50
2026-06-25 13:39:26,33.54,65.34,1003.00,76.42,1264,2.828,94700,36.0,50.0,61.0,YES,YES,UNKNOWN_ANALYSIS_IAQ76_VOC2.83ppm,58978.2,0,5.0,0.050,50
2026-06-25 13:39:36,33.54,65.34,1003.00,76.42,1264,2.828,94700,35.0,48.0,58.0,YES,YES,UNKNOWN_ANALYSIS_IAQ76_VOC2.83ppm,58987.6,0,5.0,0.050,50
2026-06-25 13:39:46,33.54,65.34,1003.00,76.42,1264,2.828,94700,34.0,47.0,58.0,YES,YES,UNKNOWN_ANALYSIS_IAQ76_VOC2.83ppm,58998.0,0,5.0,0.050,50
2026-06-25 13:39:57,33.54,65.34,1003.00,76.42,1264,2.828,94700,34.0,48.0,60.0,YES,YES,UNKNOWN_ANALYSIS_IAQ76_VOC2.83ppm,59008.5,0,5.0,0.050,50
2026-06-25 13:40:06,33.54,65.34,1003.00,76.42,1264,2.828,94700,34.0,48.0,61.0,YES,YES,UNKNOWN_ANALYSIS_IAQ76_VOC2.83ppm,59017.9,0,5.0,0.050,50
2026-06-25 13:40:16,33.54,65.34,1003.00,76.42,1264,2.828,94700,35.0,48.0,58.0,YES,YES,UNKNOWN_ANALYSIS_IAQ76_VOC2.83ppm,59028.3,0,5.0,0.050,50
2026-06-25 13:40:26,33.54,65.34,1003.00,76.42,1264,2.828,94700,34.0,48.0,58.0,YES,YES,UNKNOWN_ANALYSIS_IAQ76_VOC2.83ppm,59037.7,0,5.0,0.050,50
2026-06-25 13:40:36,33.54,65.34,1003.00,76.42,1264,2.828,94700,33.0,46.0,56.0,YES,YES,UNKNOWN_ANALYSIS_IAQ76_VOC2.83ppm,59048.1,0,5.0,0.050,50
2026-06-25 13:40:47,33.54,65.34,1003.00,76.42,1264,2.828,94700,33.0,46.0,55.0,YES,YES,UNKNOWN_ANALYSIS_IAQ76_VOC2.83ppm,59058.6,0,5.0,0.050,50
2026-06-25 13:40:56,33.54,65.34,1003.00,76.42,1264,2.828,94700,34.0,46.0,56.0,YES,YES,UNKNOWN_ANALYSIS_IAQ76_VOC2.83ppm,59068.0,0,5.0,0.050,50
2026-06-25 13:41:07,33.54,65.34,1003.00,76.42,1264,2.828,94700,33.0,45.0,55.0,YES,YES,UNKNOWN_ANALYSIS_IAQ76_VOC2.83ppm,59078.4,0,5.0,0.050,50
2026-06-25 13:41:16,33.54,65.34,1003.00,76.42,1264,2.828,94700,34.0,47.0,56.0,YES,YES,UNKNOWN_ANALYSIS_IAQ76_VOC2.83ppm,59087.8,0,5.0,0.050,50
2026-06-25 13:41:26,33.54,65.34,1003.00,76.42,1264,2.828,94700,33.0,47.0,56.0,YES,YES,UNKNOWN_ANALYSIS_IAQ76_VOC2.83ppm,59098.3,0,5.0,0.050,50
2026-06-25 13:41:37,33.54,65.34,1003.00,76.42,1264,2.828,94700,32.0,46.0,55.0,YES,YES,UNKNOWN_ANALYSIS_IAQ76_VOC2.83ppm,59108.7,0,5.0,0.050,50
2026-06-25 13:41:46,33.54,65.34,1003.00,76.42,1264,2.828,94700,33.0,46.0,56.0,YES,YES,UNKNOWN_ANALYSIS_IAQ76_VOC2.83ppm,59118.1,0,5.0,0.050,50
2026-06-25 13:41:57,33.54,65.34,1003.00,76.42,1264,2.828,94700,33.0,46.0,56.0,YES,YES,UNKNOWN_ANALYSIS_IAQ76_VOC2.83ppm,59128.6,0,5.0,0.050,50
2026-06-25 13:42:07,33.54,65.34,1003.00,76.42,1264,2.828,94700,33.0,45.0,56.0,YES,YES,UNKNOWN_ANALYSIS_IAQ76_VOC2.83ppm,59139.0,0,5.0,0.050,50
2026-06-25 13:42:17,33.54,65.34,1003.00,76.42,1264,2.828,94700,31.0,44.0,54.0,YES,YES,UNKNOWN_ANALYSIS_IAQ76_VOC2.83ppm,59148.4,0,5.0,0.050,50
2026-06-25 13:42:27,33.54,65.34,1003.00,76.42,1264,2.828,94700,32.0,44.0,54.0,YES,YES,UNKNOWN_ANALYSIS_IAQ76_VOC2.83ppm,59158.8,0,5.0,0.050,50
2026-06-25 13:42:36,33.54,65.34,1003.00,76.42,1264,2.828,94700,32.0,45.0,53.0,YES,YES,UNKNOWN_ANALYSIS_IAQ76_VOC2.83ppm,59168.2,0,5.0,0.050,50
2026-06-25 13:42:47,33.54,65.34,1003.00,76.42,1264,2.828,94700,31.0,44.0,53.0,YES,YES,UNKNOWN_ANALYSIS_IAQ76_VOC2.83ppm,59178.7,0,5.0,0.050,50
2026-06-25 13:42:57,33.49,65.35,1003.00,74.73,1213,2.518,95600,30.0,42.0,52.0,YES,YES,UNKNOWN_ANALYSIS_IAQ75_VOC2.52ppm,59189.1,0,5.0,0.050,50
2026-06-25 13:43:07,33.49,65.35,1003.00,74.73,1213,2.518,95600,30.0,43.0,52.0,YES,YES,UNKNOWN_ANALYSIS_IAQ75_VOC2.52ppm,59198.5,0,5.0,0.050,50
2026-06-25 13:43:17,33.49,65.35,1003.00,74.73,1213,2.518,95600,30.0,43.0,52.0,YES,YES,UNKNOWN_ANALYSIS_IAQ75_VOC2.52ppm,59209.0,0,5.0,0.050,50
2026-06-25 13:43:27,33.49,65.35,1003.00,74.73,1213,2.518,95600,30.0,43.0,52.0,YES,YES,UNKNOWN_ANALYSIS_IAQ75_VOC2.52ppm,59218.4,0,5.0,0.050,50
2026-06-25 13:43:37,33.49,65.35,1003.00,74.73,1213,2.518,95600,30.0,42.0,50.0,YES,YES,UNKNOWN_ANALYSIS_IAQ75_VOC2.52ppm,59228.8,0,5.0,0.050,50
2026-06-25 13:43:47,33.49,65.35,1003.00,74.73,1213,2.518,95600,30.0,41.0,49.0,YES,YES,UNKNOWN_ANALYSIS_IAQ75_VOC2.52ppm,59239.3,0,5.0,0.050,50
2026-06-25 13:43:57,33.49,65.35,1003.00,74.73,1213,2.518,95600,30.0,41.0,50.0,YES,YES,UNKNOWN_ANALYSIS_IAQ75_VOC2.52ppm,59248.7,0,5.0,0.050,50
2026-06-25 13:44:07,33.49,65.35,1003.00,74.73,1213,2.518,95600,30.0,40.0,48.0,YES,YES,UNKNOWN_ANALYSIS_IAQ75_VOC2.52ppm,59259.1,0,5.0,0.050,50
2026-06-25 13:44:17,33.49,65.35,1003.00,74.73,1213,2.518,95600,30.0,40.0,48.0,YES,YES,UNKNOWN_ANALYSIS_IAQ75_VOC2.52ppm,59268.5,0,5.0,0.050,50
