2026-07-30 07:42:31,30.61,62.68,1003.00,174.37,1898,11.897,82300,10.0,19.0,21.0,YES,UNKNOWN_ANALYSIS_IAQ174_VOC11.90ppm,581640.9,26,0.3,0.161,400
2026-07-30 07:42:41,30.61,62.68,1003.00,174.37,1898,11.897,82300,10.0,19.0,20.0,YES,UNKNOWN_ANALYSIS_IAQ174_VOC11.90ppm,581651.4,26,0.3,0.161,400
2026-07-30 07:42:51,30.61,62.68,1003.00,174.37,1898,11.897,82300,11.0,20.0,21.0,YES,UNKNOWN_ANALYSIS_IAQ174_VOC11.90ppm,581660.8,26,0.3,0.161,400
2026-07-30 07:43:01,30.61,62.68,1003.00,174.37,1898,11.897,82300,9.0,20.0,22.0,YES,UNKNOWN_ANALYSIS_IAQ174_VOC11.90ppm,581671.2,26,0.3,0.161,400
2026-07-30 07:43:11,30.61,62.68,1003.00,174.37,1898,11.897,82300,9.0,20.0,23.0,YES,UNKNOWN_ANALYSIS_IAQ174_VOC11.90ppm,581680.7,26,0.3,0.161,400
📊 Z-scores: IAQ=117.39 VOC=387178432.00 CO2=0.00 GasDrop=1117.95
2026-07-30 07:43:21,30.61,62.68,1003.00,174.37,1898,11.897,82300,9.0,20.0,21.0,YES,UNKNOWN_ANALYSIS_IAQ174_VOC11.90ppm,581691.1,26,0.3,0.161,400
2026-07-30 07:43:32,30.61,62.68,1003.00,174.37,1898,11.897,82300,9.0,20.0,21.0,YES,UNKNOWN_ANALYSIS_IAQ174_VOC11.90ppm,581701.6,26,0.3,0.161,400
2026-07-30 07:43:41,30.61,62.68,1003.00,174.37,1898,11.897,82300,10.0,20.0,21.0,YES,UNKNOWN_ANALYSIS_IAQ174_VOC11.90ppm,581711.0,26,0.3,0.161,400
2026-07-30 07:43:51,30.61,62.68,1003.00,174.37,1898,11.897,82300,11.0,20.0,21.0,YES,UNKNOWN_ANALYSIS_IAQ174_VOC11.90ppm,581721.4,26,0.3,0.161,400
2026-07-30 07:44:01,30.63,62.68,1003.00,166.55,1805,9.646,83500,10.0,20.0,21.0,YES,UNKNOWN_ANALYSIS_IAQ167_VOC9.65ppm,581730.8,26,0.3,0.161,400
2026-07-30 07:44:11,30.63,62.68,1003.00,166.55,1805,9.646,83500,12.0,22.0,24.0,YES,UNKNOWN_ANALYSIS_IAQ167_VOC9.65ppm,581741.3,26,0.3,0.161,400
PMS7003: Timeout error
📊 Z-scores: IAQ=112.12 VOC=312908416.00 CO2=0.00 GasDrop=1108.56
2026-07-30 07:44:22,30.63,62.68,1003.00,166.55,1805,9.646,83500,12.0,22.0,24.0,YES,UNKNOWN_ANALYSIS_IAQ167_VOC9.65ppm,581751.7,26,0.3,0.161,400
2026-07-30 07:44:31,30.63,62.68,1003.00,166.55,1805,9.646,83500,12.0,21.0,25.0,YES,UNKNOWN_ANALYSIS_IAQ167_VOC9.65ppm,581761.1,26,0.3,0.161,400
2026-07-30 07:44:42,30.63,62.68,1003.00,166.55,1805,9.646,83500,11.0,21.0,24.0,YES,UNKNOWN_ANALYSIS_IAQ167_VOC9.65ppm,581771.6,26,0.3,0.161,400
2026-07-30 07:44:51,30.63,62.68,1003.00,166.55,1805,9.646,83500,11.0,20.0,22.0,YES,UNKNOWN_ANALYSIS_IAQ167_VOC9.65ppm,581781.0,26,0.3,0.161,400
2026-07-30 07:45:01,30.63,62.68,1003.00,166.55,1805,9.646,83500,11.0,21.0,21.0,YES,UNKNOWN_ANALYSIS_IAQ167_VOC9.65ppm,581791.4,26,0.3,0.161,400
2026-07-30 07:45:11,30.63,62.68,1003.00,166.55,1805,9.646,83500,9.0,21.0,21.0,YES,UNKNOWN_ANALYSIS_IAQ167_VOC9.65ppm,581800.8,26,0.3,0.161,400
2026-07-30 07:45:21,30.63,62.68,1003.00,166.55,1805,9.646,83500,8.0,19.0,19.0,YES,UNKNOWN_ANALYSIS_IAQ167_VOC9.65ppm,581811.3,26,0.3,0.161,400
📊 Z-scores: IAQ=112.12 VOC=312908416.00 CO2=0.00 GasDrop=1108.56
2026-07-30 07:45:32,30.63,62.68,1003.00,166.55,1805,9.646,83500,10.0,20.0,21.0,YES,UNKNOWN_ANALYSIS_IAQ167_VOC9.65ppm,581821.7,26,0.3,0.161,400
2026-07-30 07:45:41,30.63,62.68,1003.00,166.55,1805,9.646,83500,10.0,20.0,20.0,YES,UNKNOWN_ANALYSIS_IAQ167_VOC9.65ppm,581831.2,26,0.3,0.161,400
2026-07-30 07:45:52,30.63,62.68,1003.00,166.55,1805,9.646,83500,11.0,21.0,21.0,YES,UNKNOWN_ANALYSIS_IAQ167_VOC9.65ppm,581841.6,26,0.3,0.161,400
2026-07-30 07:46:01,30.63,62.68,1003.00,166.55,1805,9.646,83500,11.0,20.0,20.0,YES,UNKNOWN_ANALYSIS_IAQ167_VOC9.65ppm,581851.0,26,0.3,0.161,400
2026-07-30 07:46:11,30.63,62.68,1003.00,166.55,1805,9.646,83500,9.0,19.0,19.0,YES,UNKNOWN_ANALYSIS_IAQ167_VOC9.65ppm,581861.5,26,0.3,0.161,400
2026-07-30 07:46:21,30.63,62.68,1003.00,166.55,1805,9.646,83500,10.0,19.0,20.0,YES,UNKNOWN_ANALYSIS_IAQ167_VOC9.65ppm,581870.9,26,0.3,0.161,400
2026-07-30 07:46:31,30.63,62.68,1003.00,166.55,1805,9.646,83500,9.0,19.0,20.0,YES,UNKNOWN_ANALYSIS_IAQ167_VOC9.65ppm,581881.3,26,0.3,0.161,400
📊 Z-scores: IAQ=112.12 VOC=312908416.00 CO2=0.00 GasDrop=1108.56
2026-07-30 07:46:42,30.63,62.68,1003.00,166.55,1805,9.646,83500,10.0,18.0,20.0,YES,UNKNOWN_ANALYSIS_IAQ167_VOC9.65ppm,581891.8,26,0.3,0.161,400
2026-07-30 07:46:51,30.63,62.68,1003.00,166.55,1805,9.646,83500,11.0,20.0,22.0,YES,UNKNOWN_ANALYSIS_IAQ167_VOC9.65ppm,581901.2,26,0.3,0.161,400
2026-07-30 07:47:02,30.63,62.68,1003.00,166.55,1805,9.646,83500,11.0,19.0,22.0,YES,UNKNOWN_ANALYSIS_IAQ167_VOC9.65ppm,581911.6,26,0.3,0.161,400
2026-07-30 07:47:11,30.63,62.68,1003.00,166.55,1805,9.646,83500,12.0,21.0,24.0,YES,UNKNOWN_ANALYSIS_IAQ167_VOC9.65ppm,581921.0,26,0.3,0.161,400
2026-07-30 07:47:21,30.63,62.68,1003.00,166.55,1805,9.646,83500,11.0,21.0,23.0,YES,UNKNOWN_ANALYSIS_IAQ167_VOC9.65ppm,581931.5,26,0.3,0.161,400
2026-07-30 07:47:31,30.63,62.68,1003.00,166.55,1805,9.646,83500,11.0,21.0,23.0,YES,UNKNOWN_ANALYSIS_IAQ167_VOC9.65ppm,581940.9,26,0.3,0.161,400
2026-07-30 07:47:41,30.63,62.68,1003.00,166.55,1805,9.646,83500,10.0,19.0,22.0,YES,UNKNOWN_ANALYSIS_IAQ167_VOC9.65ppm,581951.3,26,0.3,0.161,400
📊 Z-scores: IAQ=112.12 VOC=312908416.00 CO2=0.00 GasDrop=1108.56
2026-07-30 07:47:52,30.63,62.68,1003.00,166.55,1805,9.646,83500,10.0,20.0,21.0,YES,UNKNOWN_ANALYSIS_IAQ167_VOC9.65ppm,581961.8,26,0.3,0.161,400
2026-07-30 07:48:01,30.63,62.68,1003.00,166.55,1805,9.646,83500,12.0,21.0,21.0,YES,UNKNOWN_ANALYSIS_IAQ167_VOC9.65ppm,581971.2,26,0.3,0.161,400
2026-07-30 07:48:12,30.63,62.68,1003.00,166.55,1805,9.646,83500,11.0,20.0,20.0,YES,UNKNOWN_ANALYSIS_IAQ167_VOC9.65ppm,581981.7,26,0.3,0.161,400
2026-07-30 07:48:21,30.63,62.68,1003.00,166.55,1805,9.646,83500,10.0,19.0,20.0,YES,UNKNOWN_ANALYSIS_IAQ167_VOC9.65ppm,581991.1,26,0.3,0.161,400
2026-07-30 07:48:31,30.63,62.68,1003.00,166.55,1805,9.646,83500,10.0,19.0,22.0,YES,UNKNOWN_ANALYSIS_IAQ167_VOC9.65ppm,582001.5,26,0.3,0.161,400
PMS7003: Timeout error
2026-07-30 07:48:42,30.63,62.68,1003.00,166.55,1805,9.646,83500,10.0,19.0,22.0,YES,UNKNOWN_ANALYSIS_IAQ167_VOC9.65ppm,582011.9,26,0.3,0.161,400
2026-07-30 07:48:51,30.63,62.68,1003.00,166.55,1805,9.646,83500,10.0,20.0,21.0,YES,UNKNOWN_ANALYSIS_IAQ167_VOC9.65ppm,582021.4,26,0.3,0.161,400
📊 Z-scores: IAQ=107.59 VOC=260480464.00 CO2=0.00 GasDrop=1099.96
2026-07-30 07:49:02,30.62,62.67,1003.00,159.84,1726,8.057,84600,8.0,19.0,20.0,YES,UNKNOWN_ANALYSIS_IAQ160_VOC8.06ppm,582031.8,26,0.3,0.161,400
2026-07-30 07:49:11,30.62,62.67,1003.00,159.84,1726,8.057,84600,9.0,20.0,21.0,YES,UNKNOWN_ANALYSIS_IAQ160_VOC8.06ppm,582041.2,26,0.3,0.161,400
2026-07-30 07:49:22,30.62,62.67,1003.00,159.84,1726,8.057,84600,9.0,19.0,21.0,YES,UNKNOWN_ANALYSIS_IAQ160_VOC8.06ppm,582051.7,26,0.3,0.161,400
2026-07-30 07:49:31,30.62,62.67,1003.00,159.84,1726,8.057,84600,10.0,19.0,20.0,YES,UNKNOWN_ANALYSIS_IAQ160_VOC8.06ppm,582061.1,26,0.3,0.161,400
2026-07-30 07:49:41,30.62,62.67,1003.00,159.84,1726,8.057,84600,9.0,18.0,19.0,YES,UNKNOWN_ANALYSIS_IAQ160_VOC8.06ppm,582071.5,26,0.3,0.161,400
2026-07-30 07:49:52,30.62,62.67,1003.00,159.84,1726,8.057,84600,10.0,20.0,22.0,YES,UNKNOWN_ANALYSIS_IAQ160_VOC8.06ppm,582082.0,26,0.3,0.161,400
2026-07-30 07:50:01,30.62,62.67,1003.00,159.84,1726,8.057,84600,11.0,19.0,22.0,YES,UNKNOWN_ANALYSIS_IAQ160_VOC8.06ppm,582091.4,26,0.3,0.161,400
📊 Z-scores: IAQ=107.59 VOC=260480464.00 CO2=0.00 GasDrop=1099.96
2026-07-30 07:50:12,30.62,62.67,1003.00,159.84,1726,8.057,84600,11.0,19.0,22.0,YES,UNKNOWN_ANALYSIS_IAQ160_VOC8.06ppm,582101.8,26,0.3,0.161,400
2026-07-30 07:50:21,30.62,62.67,1003.00,159.84,1726,8.057,84600,11.0,20.0,22.0,YES,UNKNOWN_ANALYSIS_IAQ160_VOC8.06ppm,582111.2,26,0.3,0.161,400
2026-07-30 07:50:32,30.62,62.67,1003.00,159.84,1726,8.057,84600,9.0,20.0,21.0,YES,UNKNOWN_ANALYSIS_IAQ160_VOC8.06ppm,582121.7,26,0.3,0.161,400
2026-07-30 07:50:42,30.62,62.67,1003.00,159.84,1726,8.057,84600,9.0,19.0,20.0,YES,UNKNOWN_ANALYSIS_IAQ160_VOC8.06ppm,582132.1,26,0.3,0.161,400
2026-07-30 07:50:52,30.62,62.67,1003.00,159.84,1726,8.057,84600,9.0,20.0,21.0,YES,UNKNOWN_ANALYSIS_IAQ160_VOC8.06ppm,582141.5,26,0.3,0.161,400
2026-07-30 07:51:02,30.62,62.67,1003.00,159.84,1726,8.057,84600,10.0,21.0,21.0,YES,UNKNOWN_ANALYSIS_IAQ160_VOC8.06ppm,582152.0,26,0.3,0.161,400
2026-07-30 07:51:11,30.62,62.67,1003.00,159.84,1726,8.057,84600,9.0,20.0,21.0,YES,UNKNOWN_ANALYSIS_IAQ160_VOC8.06ppm,582161.4,26,0.3,0.161,400
📊 Z-scores: IAQ=107.59 VOC=260480464.00 CO2=0.00 GasDrop=1099.96
2026-07-30 07:51:22,30.62,62.67,1003.00,159.84,1726,8.057,84600,9.0,19.0,20.0,YES,UNKNOWN_ANALYSIS_IAQ160_VOC8.06ppm,582171.8,26,0.3,0.161,400
2026-07-30 07:51:31,30.62,62.67,1003.00,159.84,1726,8.057,84600,11.0,20.0,22.0,YES,UNKNOWN_ANALYSIS_IAQ160_VOC8.06ppm,582181.2,26,0.3,0.161,400
2026-07-30 07:51:42,30.62,62.67,1003.00,159.84,1726,8.057,84600,12.0,20.0,22.0,YES,UNKNOWN_ANALYSIS_IAQ160_VOC8.06ppm,582191.7,26,0.3,0.161,400
2026-07-30 07:51:52,30.62,62.67,1003.00,159.84,1726,8.057,84600,12.0,20.0,22.0,YES,UNKNOWN_ANALYSIS_IAQ160_VOC8.06ppm,582202.2,26,0.3,0.161,400
2026-07-30 07:52:02,30.62,62.67,1003.00,159.84,1726,8.057,84600,11.0,20.0,22.0,YES,UNKNOWN_ANALYSIS_IAQ160_VOC8.06ppm,582211.6,26,0.3,0.161,400
2026-07-30 07:52:12,30.62,62.67,1003.00,159.84,1726,8.057,84600,9.0,19.0,21.0,YES,UNKNOWN_ANALYSIS_IAQ160_VOC8.06ppm,582222.0,26,0.3,0.161,400
2026-07-30 07:52:21,30.62,62.67,1003.00,159.84,1726,8.057,84600,10.0,20.0,22.0,YES,UNKNOWN_ANALYSIS_IAQ160_VOC8.06ppm,582231.4,26,0.3,0.161,400
📊 Z-scores: IAQ=107.59 VOC=260480464.00 CO2=0.00 GasDrop=1099.96
2026-07-30 07:52:32,30.62,62.67,1003.00,159.84,1726,8.057,84600,11.0,20.0,24.0,YES,UNKNOWN_ANALYSIS_IAQ160_VOC8.06ppm,582241.9,26,0.3,0.161,400
2026-07-30 07:52:41,30.62,62.67,1003.00,159.84,1726,8.057,84600,9.0,19.0,22.0,YES,UNKNOWN_ANALYSIS_IAQ160_VOC8.06ppm,582251.3,26,0.3,0.161,400
2026-07-30 07:52:52,30.62,62.67,1003.00,159.84,1726,8.057,84600,9.0,19.0,20.0,YES,UNKNOWN_ANALYSIS_IAQ160_VOC8.06ppm,582261.7,26,0.3,0.161,400
2026-07-30 07:53:02,30.62,62.67,1003.00,159.84,1726,8.057,84600,10.0,19.0,20.0,YES,UNKNOWN_ANALYSIS_IAQ160_VOC8.06ppm,582272.2,26,0.3,0.161,400
2026-07-30 07:53:12,30.62,62.67,1003.00,159.84,1726,8.057,84600,10.0,20.0,21.0,YES,UNKNOWN_ANALYSIS_IAQ160_VOC8.06ppm,582281.6,26,0.3,0.161,400
2026-07-30 07:53:22,30.62,62.67,1003.00,159.84,1726,8.057,84600,9.0,19.0,23.0,YES,UNKNOWN_ANALYSIS_IAQ160_VOC8.06ppm,582292.0,26,0.3,0.161,400
2026-07-30 07:53:31,30.62,62.67,1003.00,159.84,1726,8.057,84600,8.0,18.0,22.0,YES,UNKNOWN_ANALYSIS_IAQ160_VOC8.06ppm,582301.4,26,0.3,0.161,400
📊 Z-scores: IAQ=107.59 VOC=260480464.00 CO2=0.00 GasDrop=1099.96
2026-07-30 07:53:42,30.62,62.67,1003.00,159.84,1726,8.057,84600,10.0,19.0,22.0,YES,UNKNOWN_ANALYSIS_IAQ160_VOC8.06ppm,582311.9,26,0.3,0.161,400
PMS7003: Timeout error
2026-07-30 07:53:52,30.62,62.67,1003.00,159.84,1726,8.057,84600,10.0,19.0,22.0,YES,UNKNOWN_ANALYSIS_IAQ160_VOC8.06ppm,582322.3,26,0.3,0.161,400
2026-07-30 07:54:02,30.63,62.63,1003.00,154.92,1667,7.049,85400,11.0,20.0,22.0,YES,UNKNOWN_ANALYSIS_IAQ155_VOC7.05ppm,582331.8,26,0.3,0.161,400
2026-07-30 07:54:12,30.63,62.63,1003.00,154.92,1667,7.049,85400,10.0,18.0,20.0,YES,UNKNOWN_ANALYSIS_IAQ155_VOC7.05ppm,582342.2,26,0.3,0.161,400
2026-07-30 07:54:22,30.63,62.63,1003.00,154.92,1667,7.049,85400,10.0,18.0,20.0,YES,UNKNOWN_ANALYSIS_IAQ155_VOC7.05ppm,582351.6,26,0.3,0.161,400
2026-07-30 07:54:32,30.63,62.63,1003.00,154.92,1667,7.049,85400,11.0,20.0,24.0,YES,UNKNOWN_ANALYSIS_IAQ155_VOC7.05ppm,582362.1,26,0.3,0.161,400
2026-07-30 07:54:41,30.63,62.63,1003.00,154.92,1667,7.049,85400,9.0,19.0,23.0,YES,UNKNOWN_ANALYSIS_IAQ155_VOC7.05ppm,582371.5,26,0.3,0.161,400
📊 Z-scores: IAQ=104.28 VOC=227242384.00 CO2=0.00 GasDrop=1093.70
2026-07-30 07:54:52,30.63,62.63,1003.00,154.92,1667,7.049,85400,7.0,19.0,22.0,YES,UNKNOWN_ANALYSIS_IAQ155_VOC7.05ppm,582381.9,26,0.3,0.161,400
2026-07-30 07:55:02,30.63,62.63,1003.00,154.92,1667,7.049,85400,10.0,21.0,24.0,YES,UNKNOWN_ANALYSIS_IAQ155_VOC7.05ppm,582392.4,26,0.3,0.161,400
2026-07-30 07:55:12,30.63,62.63,1003.00,154.92,1667,7.049,85400,9.0,21.0,23.0,YES,UNKNOWN_ANALYSIS_IAQ155_VOC7.05ppm,582401.8,26,0.3,0.161,400
2026-07-30 07:55:22,30.63,62.63,1003.00,154.92,1667,7.049,85400,9.0,20.0,21.0,YES,UNKNOWN_ANALYSIS_IAQ155_VOC7.05ppm,582412.2,26,0.3,0.161,400
2026-07-30 07:55:32,30.63,62.63,1003.00,154.92,1667,7.049,85400,8.0,20.0,22.0,YES,UNKNOWN_ANALYSIS_IAQ155_VOC7.05ppm,582421.6,26,0.3,0.161,400
2026-07-30 07:55:42,30.63,62.63,1003.00,154.92,1667,7.049,85400,10.0,20.0,23.0,YES,UNKNOWN_ANALYSIS_IAQ155_VOC7.05ppm,582432.1,26,0.3,0.161,400
2026-07-30 07:55:51,30.63,62.63,1003.00,154.92,1667,7.049,85400,10.0,20.0,22.0,YES,UNKNOWN_ANALYSIS_IAQ155_VOC7.05ppm,582441.5,26,0.3,0.161,400
📊 Z-scores: IAQ=104.28 VOC=227242384.00 CO2=0.00 GasDrop=1093.70
2026-07-30 07:56:02,30.63,62.63,1003.00,154.92,1667,7.049,85400,12.0,20.0,22.0,YES,UNKNOWN_ANALYSIS_IAQ155_VOC7.05ppm,582451.9,26,0.3,0.161,400
2026-07-30 07:56:12,30.63,62.63,1003.00,154.92,1667,7.049,85400,11.0,20.0,21.0,YES,UNKNOWN_ANALYSIS_IAQ155_VOC7.05ppm,582462.4,26,0.3,0.161,400
2026-07-30 07:56:22,30.63,62.63,1003.00,154.92,1667,7.049,85400,11.0,21.0,22.0,YES,UNKNOWN_ANALYSIS_IAQ155_VOC7.05ppm,582471.8,26,0.3,0.161,400
2026-07-30 07:56:32,30.63,62.63,1003.00,154.92,1667,7.049,85400,10.0,21.0,22.0,YES,UNKNOWN_ANALYSIS_IAQ155_VOC7.05ppm,582482.3,26,0.3,0.161,400
2026-07-30 07:56:42,30.63,62.63,1003.00,154.92,1667,7.049,85400,10.0,20.0,21.0,YES,UNKNOWN_ANALYSIS_IAQ155_VOC7.05ppm,582491.7,26,0.3,0.161,400
2026-07-30 07:56:52,30.63,62.63,1003.00,154.92,1667,7.049,85400,11.0,22.0,23.0,YES,UNKNOWN_ANALYSIS_IAQ155_VOC7.05ppm,582502.1,26,0.3,0.161,400
2026-07-30 07:57:01,30.63,62.63,1003.00,154.92,1667,7.049,85400,11.0,21.0,23.0,YES,UNKNOWN_ANALYSIS_IAQ155_VOC7.05ppm,582511.5,26,0.3,0.161,400
📊 Z-scores: IAQ=104.28 VOC=227242384.00 CO2=0.00 GasDrop=1093.70
2026-07-30 07:57:12,30.63,62.63,1003.00,154.92,1667,7.049,85400,10.0,20.0,22.0,YES,UNKNOWN_ANALYSIS_IAQ155_VOC7.05ppm,582522.0,26,0.3,0.161,400
2026-07-30 07:57:22,30.63,62.63,1003.00,154.92,1667,7.049,85400,9.0,20.0,21.0,YES,UNKNOWN_ANALYSIS_IAQ155_VOC7.05ppm,582532.4,26,0.3,0.161,400
2026-07-30 07:57:32,30.63,62.63,1003.00,154.92,1667,7.049,85400,11.0,21.0,23.0,YES,UNKNOWN_ANALYSIS_IAQ155_VOC7.05ppm,582541.8,26,0.3,0.161,400
2026-07-30 07:57:42,30.63,62.63,1003.00,154.92,1667,7.049,85400,10.0,21.0,22.0,YES,UNKNOWN_ANALYSIS_IAQ155_VOC7.05ppm,582552.3,26,0.3,0.161,400
2026-07-30 07:57:52,30.63,62.63,1003.00,154.92,1667,7.049,85400,9.0,20.0,21.0,YES,UNKNOWN_ANALYSIS_IAQ155_VOC7.05ppm,582561.7,26,0.3,0.161,400
2026-07-30 07:58:02,30.63,62.63,1003.00,154.92,1667,7.049,85400,10.0,20.0,22.0,YES,UNKNOWN_ANALYSIS_IAQ155_VOC7.05ppm,582572.1,26,0.3,0.161,400
📊 Z-scores: IAQ=104.28 VOC=227242384.00 CO2=0.00 GasDrop=1093.70
2026-07-30 07:58:13,30.63,62.63,1003.00,154.92,1667,7.049,85400,11.0,20.0,21.0,YES,UNKNOWN_ANALYSIS_IAQ155_VOC7.05ppm,582582.6,26,0.3,0.161,400
2026-07-30 07:58:22,30.63,62.63,1003.00,154.92,1667,7.049,85400,13.0,21.0,23.0,YES,UNKNOWN_ANALYSIS_IAQ155_VOC7.05ppm,582592.0,26,0.3,0.161,400
2026-07-30 07:58:32,30.63,62.63,1003.00,154.92,1667,7.049,85400,13.0,21.0,22.0,YES,UNKNOWN_ANALYSIS_IAQ155_VOC7.05ppm,582602.4,26,0.3,0.161,400
2026-07-30 07:58:42,30.63,62.63,1003.00,154.92,1667,7.049,85400,11.0,22.0,22.0,YES,UNKNOWN_ANALYSIS_IAQ155_VOC7.05ppm,582611.8,26,0.3,0.161,400
2026-07-30 07:58:52,30.63,62.63,1003.00,154.92,1667,7.049,85400,10.0,20.0,20.0,YES,UNKNOWN_ANALYSIS_IAQ155_VOC7.05ppm,582622.3,26,0.3,0.161,400
2026-07-30 07:59:02,30.67,62.63,1003.00,147.02,1575,5.726,86600,10.0,19.0,20.0,YES,UNKNOWN_ANALYSIS_IAQ147_VOC5.73ppm,582631.7,26,0.3,0.161,400
2026-07-30 07:59:12,30.67,62.63,1003.00,147.02,1575,5.726,86600,11.0,21.0,22.0,YES,UNKNOWN_ANALYSIS_IAQ147_VOC5.73ppm,582642.2,26,0.3,0.161,400
📊 Z-scores: IAQ=98.95 VOC=183598320.00 CO2=0.00 GasDrop=1084.31
2026-07-30 07:59:23,30.67,62.63,1003.00,147.02,1575,5.726,86600,10.0,20.0,22.0,YES,UNKNOWN_ANALYSIS_IAQ147_VOC5.73ppm,582652.6,26,0.3,0.161,400
2026-07-30 07:59:32,30.67,62.63,1003.00,147.02,1575,5.726,86600,12.0,21.0,24.0,YES,UNKNOWN_ANALYSIS_IAQ147_VOC5.73ppm,582662.0,26,0.3,0.161,400
2026-07-30 07:59:42,30.67,62.63,1003.00,147.02,1575,5.726,86600,13.0,23.0,26.0,YES,UNKNOWN_ANALYSIS_IAQ147_VOC5.73ppm,582672.5,26,0.3,0.161,400
2026-07-30 07:59:52,30.67,62.63,1003.00,147.02,1575,5.726,86600,11.0,22.0,24.0,YES,UNKNOWN_ANALYSIS_IAQ147_VOC5.73ppm,582681.9,26,0.3,0.161,400
💾 Saved baseline: IAQ=0.5 VOC=0.161 CO2=400 Gas=222217
2026-07-30 08:00:02,30.67,62.63,1003.00,147.02,1575,5.726,86600,12.0,21.0,24.0,YES,UNKNOWN_ANALYSIS_IAQ147_VOC5.73ppm,582692.3,26,0.3,0.161,400
PMS7003: Timeout error
2026-07-30 08:00:13,30.67,62.63,1003.00,147.02,1575,5.726,86600,12.0,21.0,24.0,YES,UNKNOWN_ANALYSIS_IAQ147_VOC5.73ppm,582702.7,26,0.3,0.161,400
2026-07-30 08:00:22,30.67,62.63,1003.00,147.02,1575,5.726,86600,14.0,22.0,24.0,YES,UNKNOWN_ANALYSIS_IAQ147_VOC5.73ppm,582712.2,26,0.3,0.161,400
📊 Z-scores: IAQ=98.95 VOC=183598320.00 CO2=0.00 GasDrop=1084.31
2026-07-30 08:00:33,30.67,62.63,1003.00,147.02,1575,5.726,86600,15.0,22.0,25.0,YES,UNKNOWN_ANALYSIS_IAQ147_VOC5.73ppm,582722.6,26,0.3,0.161,400
2026-07-30 08:00:42,30.67,62.63,1003.00,147.02,1575,5.726,86600,14.0,23.0,25.0,YES,UNKNOWN_ANALYSIS_IAQ147_VOC5.73ppm,582732.0,26,0.3,0.161,400
2026-07-30 08:00:52,30.67,62.63,1003.00,147.02,1575,5.726,86600,13.0,22.0,24.0,YES,UNKNOWN_ANALYSIS_IAQ147_VOC5.73ppm,582742.5,26,0.3,0.161,400
2026-07-30 08:01:02,30.67,62.63,1003.00,147.02,1575,5.726,86600,14.0,23.0,24.0,YES,UNKNOWN_ANALYSIS_IAQ147_VOC5.73ppm,582751.9,26,0.3,0.161,400
2026-07-30 08:01:12,30.67,62.63,1003.00,147.02,1575,5.726,86600,13.0,21.0,22.0,YES,UNKNOWN_ANALYSIS_IAQ147_VOC5.73ppm,582762.3,26,0.3,0.161,400
2026-07-30 08:01:23,30.67,62.63,1003.00,147.02,1575,5.726,86600,15.0,22.0,23.0,YES,UNKNOWN_ANALYSIS_IAQ147_VOC5.73ppm,582772.8,26,0.3,0.161,400
2026-07-30 08:01:32,30.67,62.63,1003.00,147.02,1575,5.726,86600,14.0,23.0,26.0,YES,UNKNOWN_ANALYSIS_IAQ147_VOC5.73ppm,582782.2,26,0.3,0.161,400
📊 Z-scores: IAQ=98.95 VOC=183598320.00 CO2=0.00 GasDrop=1084.31
2026-07-30 08:01:43,30.67,62.63,1003.00,147.02,1575,5.726,86600,12.0,22.0,23.0,YES,UNKNOWN_ANALYSIS_IAQ147_VOC5.73ppm,582792.7,26,0.3,0.161,400
2026-07-30 08:01:52,30.67,62.63,1003.00,147.02,1575,5.726,86600,13.0,23.0,25.0,YES,UNKNOWN_ANALYSIS_IAQ147_VOC5.73ppm,582802.1,26,0.3,0.161,400
2026-07-30 08:02:02,30.67,62.63,1003.00,147.02,1575,5.726,86600,13.0,22.0,22.0,YES,UNKNOWN_ANALYSIS_IAQ147_VOC5.73ppm,582812.5,26,0.3,0.161,400
2026-07-30 08:02:12,30.67,62.63,1003.00,147.02,1575,5.726,86600,14.0,21.0,22.0,YES,UNKNOWN_ANALYSIS_IAQ147_VOC5.73ppm,582821.9,26,0.3,0.161,400
2026-07-30 08:02:22,30.67,62.63,1003.00,147.02,1575,5.726,86600,15.0,23.0,24.0,YES,UNKNOWN_ANALYSIS_IAQ147_VOC5.73ppm,582832.4,26,0.3,0.161,400
2026-07-30 08:02:33,30.67,62.63,1003.00,147.02,1575,5.726,86600,13.0,22.0,23.0,YES,UNKNOWN_ANALYSIS_IAQ147_VOC5.73ppm,582842.8,26,0.3,0.161,400
2026-07-30 08:02:42,30.67,62.63,1003.00,147.02,1575,5.726,86600,14.0,22.0,24.0,YES,UNKNOWN_ANALYSIS_IAQ147_VOC5.73ppm,582852.2,26,0.3,0.161,400
📊 Z-scores: IAQ=98.95 VOC=183598320.00 CO2=0.00 GasDrop=1084.31
2026-07-30 08:02:53,30.67,62.63,1003.00,147.02,1575,5.726,86600,14.0,21.0,23.0,YES,UNKNOWN_ANALYSIS_IAQ147_VOC5.73ppm,582862.7,26,0.3,0.161,400
2026-07-30 08:03:02,30.67,62.63,1003.00,147.02,1575,5.726,86600,14.0,22.0,24.0,YES,UNKNOWN_ANALYSIS_IAQ147_VOC5.73ppm,582872.1,26,0.3,0.161,400
2026-07-30 08:03:12,30.67,62.63,1003.00,147.02,1575,5.726,86600,14.0,22.0,24.0,YES,UNKNOWN_ANALYSIS_IAQ147_VOC5.73ppm,582882.5,26,0.3,0.161,400
2026-07-30 08:03:23,30.67,62.63,1003.00,147.02,1575,5.726,86600,11.0,23.0,25.0,YES,UNKNOWN_ANALYSIS_IAQ147_VOC5.73ppm,582893.0,26,0.3,0.161,400
2026-07-30 08:03:32,30.67,62.63,1003.00,147.02,1575,5.726,86600,12.0,23.0,24.0,YES,UNKNOWN_ANALYSIS_IAQ147_VOC5.73ppm,582902.4,26,0.3,0.161,400
2026-07-30 08:03:43,30.67,62.63,1003.00,147.02,1575,5.726,86600,14.0,24.0,25.0,YES,UNKNOWN_ANALYSIS_IAQ147_VOC5.73ppm,582912.8,26,0.3,0.161,400
2026-07-30 08:03:52,30.67,62.63,1003.00,147.02,1575,5.726,86600,15.0,23.0,23.0,YES,UNKNOWN_ANALYSIS_IAQ147_VOC5.73ppm,582922.2,26,0.3,0.161,400
📊 Z-scores: IAQ=92.46 VOC=141910112.00 CO2=0.00 GasDrop=1071.79
2026-07-30 08:04:03,30.68,62.57,1003.00,137.40,1465,4.462,88200,15.0,23.0,23.0,YES,UNKNOWN_ANALYSIS_IAQ137_VOC4.46ppm,582932.7,26,0.3,0.161,400
2026-07-30 08:04:12,30.68,62.57,1003.00,137.40,1465,4.462,88200,16.0,23.0,25.0,YES,UNKNOWN_ANALYSIS_IAQ137_VOC4.46ppm,582942.1,26,0.3,0.161,400
2026-07-30 08:04:22,30.68,62.57,1003.00,137.40,1465,4.462,88200,15.0,21.0,24.0,YES,UNKNOWN_ANALYSIS_IAQ137_VOC4.46ppm,582952.5,26,0.3,0.161,400
2026-07-30 08:04:33,30.68,62.57,1003.00,137.40,1465,4.462,88200,15.0,21.0,22.0,YES,UNKNOWN_ANALYSIS_IAQ137_VOC4.46ppm,582963.0,26,0.3,0.161,400
2026-07-30 08:04:42,30.68,62.57,1003.00,137.40,1465,4.462,88200,15.0,22.0,25.0,YES,UNKNOWN_ANALYSIS_IAQ137_VOC4.46ppm,582972.4,26,0.3,0.161,400
2026-07-30 08:04:53,30.68,62.57,1003.00,137.40,1465,4.462,88200,15.0,23.0,26.0,YES,UNKNOWN_ANALYSIS_IAQ137_VOC4.46ppm,582982.8,26,0.3,0.161,400
2026-07-30 08:05:02,30.68,62.57,1003.00,137.40,1465,4.462,88200,15.0,22.0,25.0,YES,UNKNOWN_ANALYSIS_IAQ137_VOC4.46ppm,582992.2,26,0.3,0.161,400
📊 Z-scores: IAQ=92.46 VOC=141910112.00 CO2=0.00 GasDrop=1071.79
2026-07-30 08:05:13,30.68,62.57,1003.00,137.40,1465,4.462,88200,16.0,24.0,26.0,YES,UNKNOWN_ANALYSIS_IAQ137_VOC4.46ppm,583002.7,26,0.3,0.161,400
2026-07-30 08:05:23,30.68,62.57,1003.00,137.40,1465,4.462,88200,16.0,24.0,26.0,YES,UNKNOWN_ANALYSIS_IAQ137_VOC4.46ppm,583013.1,26,0.3,0.161,400
2026-07-30 08:05:32,30.68,62.57,1003.00,137.40,1465,4.462,88200,16.0,22.0,23.0,YES,UNKNOWN_ANALYSIS_IAQ137_VOC4.46ppm,583022.5,26,0.3,0.161,400
2026-07-30 08:05:43,30.68,62.57,1003.00,137.40,1465,4.462,88200,16.0,22.0,23.0,YES,UNKNOWN_ANALYSIS_IAQ137_VOC4.46ppm,583033.0,26,0.3,0.161,400
2026-07-30 08:05:52,30.68,62.57,1003.00,137.40,1465,4.462,88200,15.0,22.0,22.0,YES,UNKNOWN_ANALYSIS_IAQ137_VOC4.46ppm,583042.4,26,0.3,0.161,400
2026-07-30 08:06:03,30.68,62.57,1003.00,137.40,1465,4.462,88200,16.0,22.0,22.0,YES,UNKNOWN_ANALYSIS_IAQ137_VOC4.46ppm,583052.8,26,0.3,0.161,400
📊 Z-scores: IAQ=92.46 VOC=141910112.00 CO2=0.00 GasDrop=1071.79
2026-07-30 08:06:13,30.68,62.57,1003.00,137.40,1465,4.462,88200,16.0,22.0,23.0,YES,UNKNOWN_ANALYSIS_IAQ137_VOC4.46ppm,583063.3,26,0.3,0.161,400
2026-07-30 08:06:23,30.68,62.57,1003.00,137.40,1465,4.462,88200,17.0,23.0,24.0,YES,UNKNOWN_ANALYSIS_IAQ137_VOC4.46ppm,583072.7,26,0.3,0.161,400
2026-07-30 08:06:33,30.68,62.57,1003.00,137.40,1465,4.462,88200,17.0,22.0,23.0,YES,UNKNOWN_ANALYSIS_IAQ137_VOC4.46ppm,583083.1,26,0.3,0.161,400
2026-07-30 08:06:43,30.68,62.57,1003.00,137.40,1465,4.462,88200,17.0,22.0,23.0,YES,UNKNOWN_ANALYSIS_IAQ137_VOC4.46ppm,583092.5,26,0.3,0.161,400
2026-07-30 08:06:53,30.68,62.57,1003.00,137.40,1465,4.462,88200,16.0,22.0,23.0,YES,UNKNOWN_ANALYSIS_IAQ137_VOC4.46ppm,583103.0,26,0.3,0.161,400
2026-07-30 08:07:02,30.68,62.57,1003.00,137.40,1465,4.462,88200,17.0,24.0,25.0,YES,UNKNOWN_ANALYSIS_IAQ137_VOC4.46ppm,583112.4,26,0.3,0.161,400
2026-07-30 08:07:13,30.68,62.57,1003.00,137.40,1465,4.462,88200,17.0,23.0,25.0,YES,UNKNOWN_ANALYSIS_IAQ137_VOC4.46ppm,583122.9,26,0.3,0.161,400
📊 Z-scores: IAQ=92.46 VOC=141910112.00 CO2=0.00 GasDrop=1071.79
2026-07-30 08:07:23,30.68,62.57,1003.00,137.40,1465,4.462,88200,16.0,23.0,24.0,YES,UNKNOWN_ANALYSIS_IAQ137_VOC4.46ppm,583133.3,26,0.3,0.161,400
2026-07-30 08:07:33,30.68,62.57,1003.00,137.40,1465,4.462,88200,17.0,23.0,24.0,YES,UNKNOWN_ANALYSIS_IAQ137_VOC4.46ppm,583142.7,26,0.3,0.161,400
2026-07-30 08:07:43,30.68,62.57,1003.00,137.40,1465,4.462,88200,15.0,21.0,21.0,YES,UNKNOWN_ANALYSIS_IAQ137_VOC4.46ppm,583153.2,26,0.3,0.161,400
2026-07-30 08:07:53,30.68,62.57,1003.00,137.40,1465,4.462,88200,15.0,21.0,21.0,YES,UNKNOWN_ANALYSIS_IAQ137_VOC4.46ppm,583162.6,26,0.3,0.161,400
2026-07-30 08:08:03,30.68,62.57,1003.00,137.40,1465,4.462,88200,16.0,23.0,24.0,YES,UNKNOWN_ANALYSIS_IAQ137_VOC4.46ppm,583173.0,26,0.3,0.161,400
2026-07-30 08:08:12,30.68,62.57,1003.00,137.40,1465,4.462,88200,14.0,22.0,23.0,YES,UNKNOWN_ANALYSIS_IAQ137_VOC4.46ppm,583182.4,26,0.3,0.161,400
2026-07-30 08:08:23,30.68,62.57,1003.00,137.40,1465,4.462,88200,15.0,22.0,25.0,YES,UNKNOWN_ANALYSIS_IAQ137_VOC4.46ppm,583192.9,26,0.3,0.161,400
📊 Z-scores: IAQ=92.46 VOC=141910112.00 CO2=0.00 GasDrop=1071.79
2026-07-30 08:08:33,30.68,62.57,1003.00,137.40,1465,4.462,88200,14.0,22.0,23.0,YES,UNKNOWN_ANALYSIS_IAQ137_VOC4.46ppm,583203.3,26,0.3,0.161,400
2026-07-30 08:08:43,30.68,62.57,1003.00,137.40,1465,4.462,88200,14.0,24.0,25.0,YES,UNKNOWN_ANALYSIS_IAQ137_VOC4.46ppm,583212.7,26,0.3,0.161,400
2026-07-30 08:08:53,30.68,62.57,1003.00,137.40,1465,4.462,88200,15.0,23.0,25.0,YES,UNKNOWN_ANALYSIS_IAQ137_VOC4.46ppm,583223.2,26,0.3,0.161,400
2026-07-30 08:09:03,30.71,62.54,1003.00,128.74,1367,3.568,89600,16.0,24.0,24.0,YES,UNKNOWN_ANALYSIS_IAQ129_VOC3.57ppm,583232.6,26,0.3,0.161,400
2026-07-30 08:09:13,30.71,62.54,1003.00,128.74,1367,3.568,89600,14.0,22.0,22.0,YES,UNKNOWN_ANALYSIS_IAQ129_VOC3.57ppm,583243.1,26,0.3,0.161,400
2026-07-30 08:09:22,30.71,62.54,1003.00,128.74,1367,3.568,89600,15.0,23.0,25.0,YES,UNKNOWN_ANALYSIS_IAQ129_VOC3.57ppm,583252.5,26,0.3,0.161,400
2026-07-30 08:09:33,30.71,62.54,1003.00,128.74,1367,3.568,89600,15.0,24.0,25.0,YES,UNKNOWN_ANALYSIS_IAQ129_VOC3.57ppm,583262.9,26,0.3,0.161,400
📊 Z-scores: IAQ=86.63 VOC=112415872.00 CO2=0.00 GasDrop=1060.83
2026-07-30 08:09:43,30.71,62.54,1003.00,128.74,1367,3.568,89600,14.0,22.0,24.0,YES,UNKNOWN_ANALYSIS_IAQ129_VOC3.57ppm,583273.4,26,0.3,0.161,400
2026-07-30 08:09:53,30.71,62.54,1003.00,128.74,1367,3.568,89600,13.0,21.0,24.0,YES,UNKNOWN_ANALYSIS_IAQ129_VOC3.57ppm,583282.8,26,0.3,0.161,400
2026-07-30 08:10:03,30.71,62.54,1003.00,128.74,1367,3.568,89600,14.0,23.0,26.0,YES,UNKNOWN_ANALYSIS_IAQ129_VOC3.57ppm,583293.2,26,0.3,0.161,400
2026-07-30 08:10:13,30.71,62.54,1003.00,128.74,1367,3.568,89600,14.0,22.0,24.0,YES,UNKNOWN_ANALYSIS_IAQ129_VOC3.57ppm,583302.6,26,0.3,0.161,400
2026-07-30 08:10:23,30.71,62.54,1003.00,128.74,1367,3.568,89600,14.0,22.0,23.0,YES,UNKNOWN_ANALYSIS_IAQ129_VOC3.57ppm,583313.1,26,0.3,0.161,400
2026-07-30 08:10:32,30.71,62.54,1003.00,128.74,1367,3.568,89600,14.0,22.0,24.0,YES,UNKNOWN_ANALYSIS_IAQ129_VOC3.57ppm,583322.5,26,0.3,0.161,400
2026-07-30 08:10:43,30.71,62.54,1003.00,128.74,1367,3.568,89600,14.0,22.0,24.0,YES,UNKNOWN_ANALYSIS_IAQ129_VOC3.57ppm,583332.9,26,0.3,0.161,400
📊 Z-scores: IAQ=86.63 VOC=112415872.00 CO2=0.00 GasDrop=1060.83
2026-07-30 08:10:53,30.71,62.54,1003.00,128.74,1367,3.568,89600,15.0,22.0,23.0,YES,UNKNOWN_ANALYSIS_IAQ129_VOC3.57ppm,583343.4,26,0.3,0.161,400
2026-07-30 08:11:03,30.71,62.54,1003.00,128.74,1367,3.568,89600,13.0,21.0,23.0,YES,UNKNOWN_ANALYSIS_IAQ129_VOC3.57ppm,583352.8,26,0.3,0.161,400
2026-07-30 08:11:13,30.71,62.54,1003.00,128.74,1367,3.568,89600,13.0,21.0,24.0,YES,UNKNOWN_ANALYSIS_IAQ129_VOC3.57ppm,583363.2,26,0.3,0.161,400
2026-07-30 08:11:23,30.71,62.54,1003.00,128.74,1367,3.568,89600,13.0,21.0,24.0,YES,UNKNOWN_ANALYSIS_IAQ129_VOC3.57ppm,583372.6,26,0.3,0.161,400
2026-07-30 08:11:33,30.71,62.54,1003.00,128.74,1367,3.568,89600,12.0,22.0,23.0,YES,UNKNOWN_ANALYSIS_IAQ129_VOC3.57ppm,583383.1,26,0.3,0.161,400
2026-07-30 08:11:42,30.71,62.54,1003.00,128.74,1367,3.568,89600,14.0,23.0,24.0,YES,UNKNOWN_ANALYSIS_IAQ129_VOC3.57ppm,583392.5,26,0.3,0.161,400
2026-07-30 08:11:53,30.71,62.54,1003.00,128.74,1367,3.568,89600,13.0,22.0,24.0,YES,UNKNOWN_ANALYSIS_IAQ129_VOC3.57ppm,583402.9,26,0.3,0.161,400
📊 Z-scores: IAQ=86.63 VOC=112415872.00 CO2=0.00 GasDrop=1060.83
2026-07-30 08:12:03,30.71,62.54,1003.00,128.74,1367,3.568,89600,14.0,24.0,26.0,YES,UNKNOWN_ANALYSIS_IAQ129_VOC3.57ppm,583413.4,26,0.3,0.161,400
2026-07-30 08:12:13,30.71,62.54,1003.00,128.74,1367,3.568,89600,14.0,24.0,27.0,YES,UNKNOWN_ANALYSIS_IAQ129_VOC3.57ppm,583422.8,26,0.3,0.161,400
2026-07-30 08:12:23,30.71,62.54,1003.00,128.74,1367,3.568,89600,13.0,23.0,26.0,YES,UNKNOWN_ANALYSIS_IAQ129_VOC3.57ppm,583433.3,26,0.3,0.161,400
2026-07-30 08:12:33,30.71,62.54,1003.00,128.74,1367,3.568,89600,11.0,22.0,24.0,YES,UNKNOWN_ANALYSIS_IAQ129_VOC3.57ppm,583442.7,26,0.3,0.161,400
2026-07-30 08:12:43,30.71,62.54,1003.00,128.74,1367,3.568,89600,10.0,21.0,23.0,YES,UNKNOWN_ANALYSIS_IAQ129_VOC3.57ppm,583453.1,26,0.3,0.161,400
2026-07-30 08:12:54,30.71,62.54,1003.00,128.74,1367,3.568,89600,13.0,23.0,26.0,YES,UNKNOWN_ANALYSIS_IAQ129_VOC3.57ppm,583463.6,26,0.3,0.161,400
2026-07-30 08:13:03,30.71,62.54,1003.00,128.74,1367,3.568,89600,13.0,24.0,27.0,YES,UNKNOWN_ANALYSIS_IAQ129_VOC3.57ppm,583473.0,26,0.3,0.161,400
📊 Z-scores: IAQ=86.63 VOC=112415872.00 CO2=0.00 GasDrop=1060.83
2026-07-30 08:13:13,30.71,62.54,1003.00,128.74,1367,3.568,89600,13.0,23.0,25.0,YES,UNKNOWN_ANALYSIS_IAQ129_VOC3.57ppm,583483.4,26,0.3,0.161,400
2026-07-30 08:13:23,30.71,62.54,1003.00,128.74,1367,3.568,89600,10.0,21.0,22.0,YES,UNKNOWN_ANALYSIS_IAQ129_VOC3.57ppm,583492.8,26,0.3,0.161,400
2026-07-30 08:13:33,30.71,62.54,1003.00,128.74,1367,3.568,89600,11.0,22.0,23.0,YES,UNKNOWN_ANALYSIS_IAQ129_VOC3.57ppm,583503.3,26,0.3,0.161,400
2026-07-30 08:13:43,30.71,62.54,1003.00,128.74,1367,3.568,89600,11.0,21.0,24.0,YES,UNKNOWN_ANALYSIS_IAQ129_VOC3.57ppm,583512.7,26,0.3,0.161,400
2026-07-30 08:13:53,30.71,62.54,1003.00,128.74,1367,3.568,89600,11.0,22.0,23.0,YES,UNKNOWN_ANALYSIS_IAQ129_VOC3.57ppm,583523.1,26,0.3,0.161,400
2026-07-30 08:14:04,30.71,62.53,1003.00,121.11,1280,2.931,90900,12.0,21.0,22.0,YES,UNKNOWN_ANALYSIS_IAQ121_VOC2.93ppm,583533.6,26,0.3,0.161,400
2026-07-30 08:14:13,30.71,62.53,1003.00,121.11,1280,2.931,90900,13.0,23.0,25.0,YES,UNKNOWN_ANALYSIS_IAQ121_VOC2.93ppm,583543.0,26,0.3,0.161,400
📊 Z-scores: IAQ=81.48 VOC=91400384.00 CO2=0.00 GasDrop=1050.66
2026-07-30 08:14:23,30.71,62.53,1003.00,121.11,1280,2.931,90900,12.0,23.0,26.0,YES,UNKNOWN_ANALYSIS_IAQ121_VOC2.93ppm,583553.4,26,0.3,0.161,400
2026-07-30 08:14:33,30.71,62.53,1003.00,121.11,1280,2.931,90900,11.0,22.0,25.0,YES,UNKNOWN_ANALYSIS_IAQ121_VOC2.93ppm,583562.8,26,0.3,0.161,400
2026-07-30 08:14:43,30.71,62.53,1003.00,121.11,1280,2.931,90900,11.0,21.0,23.0,YES,UNKNOWN_ANALYSIS_IAQ121_VOC2.93ppm,583573.3,26,0.3,0.161,400
2026-07-30 08:14:54,30.71,62.53,1003.00,121.11,1280,2.931,90900,11.0,20.0,23.0,YES,UNKNOWN_ANALYSIS_IAQ121_VOC2.93ppm,583583.7,26,0.3,0.161,400
2026-07-30 08:15:03,30.71,62.53,1003.00,121.11,1280,2.931,90900,11.0,20.0,24.0,YES,UNKNOWN_ANALYSIS_IAQ121_VOC2.93ppm,583593.1,26,0.3,0.161,400
2026-07-30 08:15:14,30.71,62.53,1003.00,121.11,1280,2.931,90900,11.0,20.0,24.0,YES,UNKNOWN_ANALYSIS_IAQ121_VOC2.93ppm,583603.6,26,0.3,0.161,400
2026-07-30 08:15:23,30.71,62.53,1003.00,121.11,1280,2.931,90900,11.0,20.0,24.0,YES,UNKNOWN_ANALYSIS_IAQ121_VOC2.93ppm,583613.0,26,0.3,0.161,400
📊 Z-scores: IAQ=81.48 VOC=91400384.00 CO2=0.00 GasDrop=1050.66
2026-07-30 08:15:33,30.71,62.53,1003.00,121.11,1280,2.931,90900,11.0,20.0,23.0,YES,UNKNOWN_ANALYSIS_IAQ121_VOC2.93ppm,583623.4,26,0.3,0.161,400
2026-07-30 08:15:44,30.71,62.53,1003.00,121.11,1280,2.931,90900,12.0,20.0,24.0,YES,UNKNOWN_ANALYSIS_IAQ121_VOC2.93ppm,583633.9,26,0.3,0.161,400
2026-07-30 08:15:53,30.71,62.53,1003.00,121.11,1280,2.931,90900,13.0,22.0,24.0,YES,UNKNOWN_ANALYSIS_IAQ121_VOC2.93ppm,583643.3,26,0.3,0.161,400
2026-07-30 08:16:04,30.71,62.53,1003.00,121.11,1280,2.931,90900,12.0,20.0,22.0,YES,UNKNOWN_ANALYSIS_IAQ121_VOC2.93ppm,583653.7,26,0.3,0.161,400
2026-07-30 08:16:13,30.71,62.53,1003.00,121.11,1280,2.931,90900,13.0,21.0,25.0,YES,UNKNOWN_ANALYSIS_IAQ121_VOC2.93ppm,583663.1,26,0.3,0.161,400
2026-07-30 08:16:24,30.71,62.53,1003.00,121.11,1280,2.931,90900,11.0,21.0,24.0,YES,UNKNOWN_ANALYSIS_IAQ121_VOC2.93ppm,583673.6,26,0.3,0.161,400
2026-07-30 08:16:33,30.71,62.53,1003.00,121.11,1280,2.931,90900,11.0,21.0,23.0,YES,UNKNOWN_ANALYSIS_IAQ121_VOC2.93ppm,583683.0,26,0.3,0.161,400
📊 Z-scores: IAQ=81.48 VOC=91400384.00 CO2=0.00 GasDrop=1050.66
2026-07-30 08:16:43,30.71,62.53,1003.00,121.11,1280,2.931,90900,12.0,20.0,22.0,YES,UNKNOWN_ANALYSIS_IAQ121_VOC2.93ppm,583693.4,26,0.3,0.161,400
2026-07-30 08:16:54,30.71,62.53,1003.00,121.11,1280,2.931,90900,13.0,20.0,22.0,YES,UNKNOWN_ANALYSIS_IAQ121_VOC2.93ppm,583703.9,26,0.3,0.161,400
2026-07-30 08:17:03,30.71,62.53,1003.00,121.11,1280,2.931,90900,12.0,20.0,21.0,YES,UNKNOWN_ANALYSIS_IAQ121_VOC2.93ppm,583713.3,26,0.3,0.161,400
2026-07-30 08:17:14,30.71,62.53,1003.00,121.11,1280,2.931,90900,11.0,19.0,20.0,YES,UNKNOWN_ANALYSIS_IAQ121_VOC2.93ppm,583723.7,26,0.3,0.161,400
2026-07-30 08:17:23,30.71,62.53,1003.00,121.11,1280,2.931,90900,11.0,20.0,22.0,YES,UNKNOWN_ANALYSIS_IAQ121_VOC2.93ppm,583733.1,26,0.3,0.161,400
2026-07-30 08:17:34,30.71,62.53,1003.00,121.11,1280,2.931,90900,9.0,19.0,22.0,YES,UNKNOWN_ANALYSIS_IAQ121_VOC2.93ppm,583743.6,26,0.3,0.161,400
📊 Z-scores: IAQ=81.48 VOC=91400384.00 CO2=0.00 GasDrop=1050.66
2026-07-30 08:17:44,30.71,62.53,1003.00,121.11,1280,2.931,90900,9.0,20.0,23.0,YES,UNKNOWN_ANALYSIS_IAQ121_VOC2.93ppm,583754.0,26,0.3,0.161,400
2026-07-30 08:17:53,30.71,62.53,1003.00,121.11,1280,2.931,90900,11.0,22.0,24.0,YES,UNKNOWN_ANALYSIS_IAQ121_VOC2.93ppm,583763.4,26,0.3,0.161,400
2026-07-30 08:18:04,30.71,62.53,1003.00,121.11,1280,2.931,90900,11.0,22.0,24.0,YES,UNKNOWN_ANALYSIS_IAQ121_VOC2.93ppm,583773.9,26,0.3,0.161,400
2026-07-30 08:18:13,30.71,62.53,1003.00,121.11,1280,2.931,90900,9.0,20.0,24.0,YES,UNKNOWN_ANALYSIS_IAQ121_VOC2.93ppm,583783.3,26,0.3,0.161,400
2026-07-30 08:18:24,30.71,62.53,1003.00,121.11,1280,2.931,90900,9.0,20.0,23.0,YES,UNKNOWN_ANALYSIS_IAQ121_VOC2.93ppm,583793.8,26,0.3,0.161,400
2026-07-30 08:18:34,30.71,62.53,1003.00,121.11,1280,2.931,90900,8.0,20.0,20.0,YES,UNKNOWN_ANALYSIS_IAQ121_VOC2.93ppm,583804.2,26,0.3,0.161,400
2026-07-30 08:18:44,30.71,62.53,1003.00,121.11,1280,2.931,90900,10.0,19.0,21.0,YES,UNKNOWN_ANALYSIS_IAQ121_VOC2.93ppm,583813.6,26,0.3,0.161,400
📊 Z-scores: IAQ=81.48 VOC=91400384.00 CO2=0.00 GasDrop=1050.66
2026-07-30 08:18:54,30.71,62.53,1003.00,121.11,1280,2.931,90900,9.0,19.0,22.0,YES,UNKNOWN_ANALYSIS_IAQ121_VOC2.93ppm,583824.1,26,0.3,0.161,400
2026-07-30 08:19:03,30.72,62.51,1003.00,118.11,1244,2.704,91400,12.0,21.0,23.0,YES,UNKNOWN_ANALYSIS_IAQ118_VOC2.70ppm,583833.5,26,0.3,0.161,400
2026-07-30 08:19:14,30.72,62.51,1003.00,118.11,1244,2.704,91400,10.0,19.0,22.0,YES,UNKNOWN_ANALYSIS_IAQ118_VOC2.70ppm,583843.9,26,0.3,0.161,400
2026-07-30 08:19:24,30.72,62.51,1003.00,118.11,1244,2.704,91400,11.0,18.0,22.0,YES,UNKNOWN_ANALYSIS_IAQ118_VOC2.70ppm,583854.3,26,0.3,0.161,400
2026-07-30 08:19:34,30.72,62.51,1003.00,118.11,1244,2.704,91400,11.0,18.0,22.0,YES,UNKNOWN_ANALYSIS_IAQ118_VOC2.70ppm,583863.8,26,0.3,0.161,400
2026-07-30 08:19:44,30.72,62.51,1003.00,118.11,1244,2.704,91400,11.0,18.0,20.0,YES,UNKNOWN_ANALYSIS_IAQ118_VOC2.70ppm,583874.2,26,0.3,0.161,400
2026-07-30 08:19:54,30.72,62.51,1003.00,118.11,1244,2.704,91400,12.0,19.0,21.0,YES,UNKNOWN_ANALYSIS_IAQ118_VOC2.70ppm,583883.6,26,0.3,0.161,400
📊 Z-scores: IAQ=79.45 VOC=83909608.00 CO2=0.00 GasDrop=1046.75
2026-07-30 08:20:04,30.72,62.51,1003.00,118.11,1244,2.704,91400,11.0,18.0,19.0,YES,UNKNOWN_ANALYSIS_IAQ118_VOC2.70ppm,583894.1,26,0.3,0.161,400
2026-07-30 08:20:13,30.72,62.51,1003.00,118.11,1244,2.704,91400,10.0,18.0,21.0,YES,UNKNOWN_ANALYSIS_IAQ118_VOC2.70ppm,583903.5,26,0.3,0.161,400
2026-07-30 08:20:24,30.72,62.51,1003.00,118.11,1244,2.704,91400,9.0,17.0,21.0,YES,UNKNOWN_ANALYSIS_IAQ118_VOC2.70ppm,583913.9,26,0.3,0.161,400
2026-07-30 08:20:34,30.72,62.51,1003.00,118.11,1244,2.704,91400,8.0,18.0,20.0,YES,UNKNOWN_ANALYSIS_IAQ118_VOC2.70ppm,583924.4,26,0.3,0.161,400
2026-07-30 08:20:44,30.72,62.51,1003.00,118.11,1244,2.704,91400,8.0,18.0,19.0,YES,UNKNOWN_ANALYSIS_IAQ118_VOC2.70ppm,583933.8,26,0.3,0.161,400
2026-07-30 08:20:54,30.72,62.51,1003.00,118.11,1244,2.704,91400,9.0,18.0,19.0,YES,UNKNOWN_ANALYSIS_IAQ118_VOC2.70ppm,583944.2,26,0.3,0.161,400
2026-07-30 08:21:04,30.72,62.51,1003.00,118.11,1244,2.704,91400,8.0,18.0,19.0,YES,UNKNOWN_ANALYSIS_IAQ118_VOC2.70ppm,583953.6,26,0.3,0.161,400
📊 Z-scores: IAQ=79.45 VOC=83909608.00 CO2=0.00 GasDrop=1046.75
2026-07-30 08:21:14,30.72,62.51,1003.00,118.11,1244,2.704,91400,10.0,18.0,20.0,YES,UNKNOWN_ANALYSIS_IAQ118_VOC2.70ppm,583964.1,26,0.3,0.161,400
2026-07-30 08:21:24,30.72,62.51,1003.00,118.11,1244,2.704,91400,10.0,18.0,21.0,YES,UNKNOWN_ANALYSIS_IAQ118_VOC2.70ppm,583974.5,26,0.3,0.161,400
2026-07-30 08:21:34,30.72,62.51,1003.00,118.11,1244,2.704,91400,10.0,18.0,22.0,YES,UNKNOWN_ANALYSIS_IAQ118_VOC2.70ppm,583983.9,26,0.3,0.161,400
2026-07-30 08:21:44,30.72,62.51,1003.00,118.11,1244,2.704,91400,9.0,18.0,22.0,YES,UNKNOWN_ANALYSIS_IAQ118_VOC2.70ppm,583994.4,26,0.3,0.161,400
2026-07-30 08:21:54,30.72,62.51,1003.00,118.11,1244,2.704,91400,9.0,19.0,22.0,YES,UNKNOWN_ANALYSIS_IAQ118_VOC2.70ppm,584003.8,26,0.3,0.161,400
2026-07-30 08:22:04,30.72,62.51,1003.00,118.11,1244,2.704,91400,9.0,18.0,21.0,YES,UNKNOWN_ANALYSIS_IAQ118_VOC2.70ppm,584014.2,26,0.3,0.161,400
2026-07-30 08:22:14,30.72,62.51,1003.00,118.11,1244,2.704,91400,8.0,18.0,21.0,YES,UNKNOWN_ANALYSIS_IAQ118_VOC2.70ppm,584023.6,26,0.3,0.161,400
📊 Z-scores: IAQ=79.45 VOC=83909608.00 CO2=0.00 GasDrop=1046.75
2026-07-30 08:22:24,30.72,62.51,1003.00,118.11,1244,2.704,91400,9.0,19.0,23.0,YES,UNKNOWN_ANALYSIS_IAQ118_VOC2.70ppm,584034.1,26,0.3,0.161,400
2026-07-30 08:22:35,30.72,62.51,1003.00,118.11,1244,2.704,91400,8.0,17.0,22.0,YES,UNKNOWN_ANALYSIS_IAQ118_VOC2.70ppm,584044.5,26,0.3,0.161,400
2026-07-30 08:22:44,30.72,62.51,1003.00,118.11,1244,2.704,91400,9.0,19.0,24.0,YES,UNKNOWN_ANALYSIS_IAQ118_VOC2.70ppm,584053.9,26,0.3,0.161,400
2026-07-30 08:22:54,30.72,62.51,1003.00,118.11,1244,2.704,91400,11.0,20.0,23.0,YES,UNKNOWN_ANALYSIS_IAQ118_VOC2.70ppm,584064.4,26,0.3,0.161,400
2026-07-30 08:23:04,30.72,62.51,1003.00,118.11,1244,2.704,91400,11.0,20.0,22.0,YES,UNKNOWN_ANALYSIS_IAQ118_VOC2.70ppm,584073.8,26,0.3,0.161,400
2026-07-30 08:23:14,30.72,62.51,1003.00,118.11,1244,2.704,91400,9.0,20.0,20.0,YES,UNKNOWN_ANALYSIS_IAQ118_VOC2.70ppm,584084.2,26,0.3,0.161,400
📊 Z-scores: IAQ=79.45 VOC=83909608.00 CO2=0.00 GasDrop=1046.75
2026-07-30 08:23:25,30.72,62.51,1003.00,118.11,1244,2.704,91400,9.0,21.0,22.0,YES,UNKNOWN_ANALYSIS_IAQ118_VOC2.70ppm,584094.7,26,0.3,0.161,400
2026-07-30 08:23:34,30.72,62.51,1003.00,118.11,1244,2.704,91400,10.0,21.0,23.0,YES,UNKNOWN_ANALYSIS_IAQ118_VOC2.70ppm,584104.1,26,0.3,0.161,400
2026-07-30 08:23:45,30.72,62.51,1003.00,118.11,1244,2.704,91400,10.0,20.0,22.0,YES,UNKNOWN_ANALYSIS_IAQ118_VOC2.70ppm,584114.5,26,0.3,0.161,400
2026-07-30 08:23:54,30.72,62.51,1003.00,118.11,1244,2.704,91400,9.0,19.0,20.0,YES,UNKNOWN_ANALYSIS_IAQ118_VOC2.70ppm,584124.0,26,0.3,0.161,400
2026-07-30 08:24:04,30.70,62.53,1003.00,114.80,1206,2.478,92000,9.0,20.0,21.0,YES,UNKNOWN_ANALYSIS_IAQ115_VOC2.48ppm,584134.4,26,0.3,0.161,400
2026-07-30 08:24:14,30.70,62.53,1003.00,114.80,1206,2.478,92000,9.0,20.0,22.0,YES,UNKNOWN_ANALYSIS_IAQ115_VOC2.48ppm,584143.8,26,0.3,0.161,400
2026-07-30 08:24:24,30.70,62.53,1003.00,114.80,1206,2.478,92000,10.0,19.0,23.0,YES,UNKNOWN_ANALYSIS_IAQ115_VOC2.48ppm,584154.2,26,0.3,0.161,400
📊 Z-scores: IAQ=77.22 VOC=76425824.00 CO2=0.00 GasDrop=1042.06
2026-07-30 08:24:35,30.70,62.53,1003.00,114.80,1206,2.478,92000,11.0,20.0,24.0,YES,UNKNOWN_ANALYSIS_IAQ115_VOC2.48ppm,584164.7,26,0.3,0.161,400
2026-07-30 08:24:44,30.70,62.53,1003.00,114.80,1206,2.478,92000,10.0,20.0,24.0,YES,UNKNOWN_ANALYSIS_IAQ115_VOC2.48ppm,584174.1,26,0.3,0.161,400
2026-07-30 08:24:55,30.70,62.53,1003.00,114.80,1206,2.478,92000,12.0,20.0,24.0,YES,UNKNOWN_ANALYSIS_IAQ115_VOC2.48ppm,584184.5,26,0.3,0.161,400
2026-07-30 08:25:04,30.70,62.53,1003.00,114.80,1206,2.478,92000,13.0,21.0,24.0,YES,UNKNOWN_ANALYSIS_IAQ115_VOC2.48ppm,584194.0,26,0.3,0.161,400
2026-07-30 08:25:14,30.70,62.53,1003.00,114.80,1206,2.478,92000,12.0,19.0,23.0,YES,UNKNOWN_ANALYSIS_IAQ115_VOC2.48ppm,584204.4,26,0.3,0.161,400
2026-07-30 08:25:25,30.70,62.53,1003.00,114.80,1206,2.478,92000,12.0,20.0,24.0,YES,UNKNOWN_ANALYSIS_IAQ115_VOC2.48ppm,584214.8,26,0.3,0.161,400
2026-07-30 08:25:34,30.70,62.53,1003.00,114.80,1206,2.478,92000,12.0,20.0,24.0,YES,UNKNOWN_ANALYSIS_IAQ115_VOC2.48ppm,584224.2,26,0.3,0.161,400
📊 Z-scores: IAQ=77.22 VOC=76425824.00 CO2=0.00 GasDrop=1042.06
2026-07-30 08:25:45,30.70,62.53,1003.00,114.80,1206,2.478,92000,10.0,19.0,24.0,YES,UNKNOWN_ANALYSIS_IAQ115_VOC2.48ppm,584234.7,26,0.3,0.161,400
2026-07-30 08:25:54,30.70,62.53,1003.00,114.80,1206,2.478,92000,11.0,20.0,24.0,YES,UNKNOWN_ANALYSIS_IAQ115_VOC2.48ppm,584244.1,26,0.3,0.161,400
2026-07-30 08:26:05,30.70,62.53,1003.00,114.80,1206,2.478,92000,10.0,22.0,23.0,YES,UNKNOWN_ANALYSIS_IAQ115_VOC2.48ppm,584254.5,26,0.3,0.161,400
2026-07-30 08:26:15,30.70,62.53,1003.00,114.80,1206,2.478,92000,9.0,20.0,21.0,YES,UNKNOWN_ANALYSIS_IAQ115_VOC2.48ppm,584265.0,26,0.3,0.161,400
2026-07-30 08:26:24,30.70,62.53,1003.00,114.80,1206,2.478,92000,10.0,20.0,21.0,YES,UNKNOWN_ANALYSIS_IAQ115_VOC2.48ppm,584274.4,26,0.3,0.161,400
2026-07-30 08:26:35,30.70,62.53,1003.00,114.80,1206,2.478,92000,11.0,20.0,22.0,YES,UNKNOWN_ANALYSIS_IAQ115_VOC2.48ppm,584284.8,26,0.3,0.161,400
2026-07-30 08:26:44,30.70,62.53,1003.00,114.80,1206,2.478,92000,8.0,20.0,22.0,YES,UNKNOWN_ANALYSIS_IAQ115_VOC2.48ppm,584294.2,26,0.3,0.161,400
📊 Z-scores: IAQ=77.22 VOC=76425824.00 CO2=0.00 GasDrop=1042.06
2026-07-30 08:26:55,30.70,62.53,1003.00,114.80,1206,2.478,92000,9.0,20.0,22.0,YES,UNKNOWN_ANALYSIS_IAQ115_VOC2.48ppm,584304.7,26,0.3,0.161,400
PMS7003: Timeout error
2026-07-30 08:27:05,30.70,62.53,1003.00,114.80,1206,2.478,92000,9.0,20.0,22.0,YES,UNKNOWN_ANALYSIS_IAQ115_VOC2.48ppm,584315.1,26,0.3,0.161,400
2026-07-30 08:27:15,30.70,62.53,1003.00,114.80,1206,2.478,92000,9.0,20.0,22.0,YES,UNKNOWN_ANALYSIS_IAQ115_VOC2.48ppm,584324.5,26,0.3,0.161,400
2026-07-30 08:27:25,30.70,62.53,1003.00,114.80,1206,2.478,92000,9.0,19.0,21.0,YES,UNKNOWN_ANALYSIS_IAQ115_VOC2.48ppm,584335.0,26,0.3,0.161,400
2026-07-30 08:27:34,30.70,62.53,1003.00,114.80,1206,2.478,92000,9.0,20.0,21.0,YES,UNKNOWN_ANALYSIS_IAQ115_VOC2.48ppm,584344.4,26,0.3,0.161,400
2026-07-30 08:27:45,30.70,62.53,1003.00,114.80,1206,2.478,92000,9.0,20.0,20.0,YES,UNKNOWN_ANALYSIS_IAQ115_VOC2.48ppm,584354.9,26,0.3,0.161,400
2026-07-30 08:27:54,30.70,62.53,1003.00,114.80,1206,2.478,92000,8.0,19.0,21.0,YES,UNKNOWN_ANALYSIS_IAQ115_VOC2.48ppm,584364.3,26,0.3,0.161,400
📊 Z-scores: IAQ=77.22 VOC=76425824.00 CO2=0.00 GasDrop=1042.06
2026-07-30 08:28:05,30.70,62.53,1003.00,114.80,1206,2.478,92000,9.0,19.0,21.0,YES,UNKNOWN_ANALYSIS_IAQ115_VOC2.48ppm,584374.7,26,0.3,0.161,400
2026-07-30 08:28:15,30.70,62.53,1003.00,114.80,1206,2.478,92000,9.0,19.0,20.0,YES,UNKNOWN_ANALYSIS_IAQ115_VOC2.48ppm,584385.2,26,0.3,0.161,400
2026-07-30 08:28:25,30.70,62.53,1003.00,114.80,1206,2.478,92000,10.0,19.0,22.0,YES,UNKNOWN_ANALYSIS_IAQ115_VOC2.48ppm,584394.6,26,0.3,0.161,400
2026-07-30 08:28:35,30.70,62.53,1003.00,114.80,1206,2.478,92000,11.0,20.0,22.0,YES,UNKNOWN_ANALYSIS_IAQ115_VOC2.48ppm,584405.0,26,0.3,0.161,400
2026-07-30 08:28:44,30.70,62.53,1003.00,114.80,1206,2.478,92000,11.0,20.0,22.0,YES,UNKNOWN_ANALYSIS_IAQ115_VOC2.48ppm,584414.4,26,0.3,0.161,400
2026-07-30 08:28:55,30.70,62.53,1003.00,114.80,1206,2.478,92000,10.0,18.0,20.0,YES,UNKNOWN_ANALYSIS_IAQ115_VOC2.48ppm,584424.9,26,0.3,0.161,400
2026-07-30 08:29:04,30.67,62.50,1003.00,114.74,1203,2.461,92100,9.0,19.0,21.0,YES,UNKNOWN_ANALYSIS_IAQ115_VOC2.46ppm,584434.3,26,0.3,0.161,400
📊 Z-scores: IAQ=77.19 VOC=75868440.00 CO2=0.00 GasDrop=1041.27
2026-07-30 08:29:15,30.67,62.50,1003.00,114.74,1203,2.461,92100,11.0,20.0,23.0,YES,UNKNOWN_ANALYSIS_IAQ115_VOC2.46ppm,584444.7,26,0.3,0.161,400
2026-07-30 08:29:25,30.67,62.50,1003.00,114.74,1203,2.461,92100,11.0,21.0,23.0,YES,UNKNOWN_ANALYSIS_IAQ115_VOC2.46ppm,584455.2,26,0.3,0.161,400
2026-07-30 08:29:35,30.67,62.50,1003.00,114.74,1203,2.461,92100,11.0,22.0,24.0,YES,UNKNOWN_ANALYSIS_IAQ115_VOC2.46ppm,584464.6,26,0.3,0.161,400
2026-07-30 08:29:45,30.67,62.50,1003.00,114.74,1203,2.461,92100,12.0,22.0,23.0,YES,UNKNOWN_ANALYSIS_IAQ115_VOC2.46ppm,584475.0,26,0.3,0.161,400
2026-07-30 08:29:54,30.67,62.50,1003.00,114.74,1203,2.461,92100,12.0,20.0,21.0,YES,UNKNOWN_ANALYSIS_IAQ115_VOC2.46ppm,584484.4,26,0.3,0.161,400
2026-07-30 08:30:05,30.67,62.50,1003.00,114.74,1203,2.461,92100,12.0,20.0,21.0,YES,UNKNOWN_ANALYSIS_IAQ115_VOC2.46ppm,584494.9,26,0.3,0.161,400
📊 Z-scores: IAQ=77.19 VOC=75868440.00 CO2=0.00 GasDrop=1041.27
2026-07-30 08:30:15,30.67,62.50,1003.00,114.74,1203,2.461,92100,11.0,21.0,22.0,YES,UNKNOWN_ANALYSIS_IAQ115_VOC2.46ppm,584505.3,26,0.3,0.161,400
2026-07-30 08:30:25,30.67,62.50,1003.00,114.74,1203,2.461,92100,10.0,19.0,20.0,YES,UNKNOWN_ANALYSIS_IAQ115_VOC2.46ppm,584514.8,26,0.3,0.161,400
2026-07-30 08:30:35,30.67,62.50,1003.00,114.74,1203,2.461,92100,11.0,20.0,20.0,YES,UNKNOWN_ANALYSIS_IAQ115_VOC2.46ppm,584525.2,26,0.3,0.161,400
2026-07-30 08:30:45,30.67,62.50,1003.00,114.74,1203,2.461,92100,10.0,20.0,20.0,YES,UNKNOWN_ANALYSIS_IAQ115_VOC2.46ppm,584534.6,26,0.3,0.161,400
2026-07-30 08:30:55,30.67,62.50,1003.00,114.74,1203,2.461,92100,9.0,19.0,19.0,YES,UNKNOWN_ANALYSIS_IAQ115_VOC2.46ppm,584545.1,26,0.3,0.161,400
PMS7003: Unknown error
2026-07-30 08:31:05,30.67,62.50,1003.00,114.74,1203,2.461,92100,9.0,19.0,19.0,YES,UNKNOWN_ANALYSIS_IAQ115_VOC2.46ppm,584555.5,26,0.3,0.161,400
2026-07-30 08:31:15,30.67,62.50,1003.00,114.74,1203,2.461,92100,10.0,20.0,22.0,YES,UNKNOWN_ANALYSIS_IAQ115_VOC2.46ppm,584564.9,26,0.3,0.161,400
📊 Z-scores: IAQ=77.19 VOC=75868440.00 CO2=0.00 GasDrop=1041.27
2026-07-30 08:31:25,30.67,62.50,1003.00,114.74,1203,2.461,92100,12.0,21.0,23.0,YES,UNKNOWN_ANALYSIS_IAQ115_VOC2.46ppm,584575.4,26,0.3,0.161,400
2026-07-30 08:31:35,30.67,62.50,1003.00,114.74,1203,2.461,92100,11.0,20.0,21.0,YES,UNKNOWN_ANALYSIS_IAQ115_VOC2.46ppm,584584.8,26,0.3,0.161,400
2026-07-30 08:31:45,30.67,62.50,1003.00,114.74,1203,2.461,92100,11.0,19.0,21.0,YES,UNKNOWN_ANALYSIS_IAQ115_VOC2.46ppm,584595.2,26,0.3,0.161,400
2026-07-30 08:31:55,30.67,62.50,1003.00,114.74,1203,2.461,92100,11.0,19.0,21.0,YES,UNKNOWN_ANALYSIS_IAQ115_VOC2.46ppm,584604.6,26,0.3,0.161,400
2026-07-30 08:32:05,30.67,62.50,1003.00,114.74,1203,2.461,92100,12.0,20.0,23.0,YES,UNKNOWN_ANALYSIS_IAQ115_VOC2.46ppm,584615.1,26,0.3,0.161,400
2026-07-30 08:32:15,30.67,62.50,1003.00,114.74,1203,2.461,92100,13.0,21.0,23.0,YES,UNKNOWN_ANALYSIS_IAQ115_VOC2.46ppm,584625.5,26,0.3,0.161,400
2026-07-30 08:32:25,30.67,62.50,1003.00,114.74,1203,2.461,92100,13.0,21.0,24.0,YES,UNKNOWN_ANALYSIS_IAQ115_VOC2.46ppm,584634.9,26,0.3,0.161,400
📊 Z-scores: IAQ=77.19 VOC=75868440.00 CO2=0.00 GasDrop=1041.27
2026-07-30 08:32:35,30.67,62.50,1003.00,114.74,1203,2.461,92100,14.0,22.0,25.0,YES,UNKNOWN_ANALYSIS_IAQ115_VOC2.46ppm,584645.4,26,0.3,0.161,400
2026-07-30 08:32:45,30.67,62.50,1003.00,114.74,1203,2.461,92100,13.0,22.0,25.0,YES,UNKNOWN_ANALYSIS_IAQ115_VOC2.46ppm,584654.8,26,0.3,0.161,400
2026-07-30 08:32:55,30.67,62.50,1003.00,114.74,1203,2.461,92100,13.0,22.0,23.0,YES,UNKNOWN_ANALYSIS_IAQ115_VOC2.46ppm,584665.2,26,0.3,0.161,400
2026-07-30 08:33:06,30.67,62.50,1003.00,114.74,1203,2.461,92100,12.0,21.0,24.0,YES,UNKNOWN_ANALYSIS_IAQ115_VOC2.46ppm,584675.7,26,0.3,0.161,400
2026-07-30 08:33:15,30.67,62.50,1003.00,114.74,1203,2.461,92100,13.0,22.0,25.0,YES,UNKNOWN_ANALYSIS_IAQ115_VOC2.46ppm,584685.1,26,0.3,0.161,400
2026-07-30 08:33:26,30.67,62.50,1003.00,114.74,1203,2.461,92100,11.0,20.0,23.0,YES,UNKNOWN_ANALYSIS_IAQ115_VOC2.46ppm,584695.6,26,0.3,0.161,400
2026-07-30 08:33:35,30.67,62.50,1003.00,114.74,1203,2.461,92100,11.0,22.0,23.0,YES,UNKNOWN_ANALYSIS_IAQ115_VOC2.46ppm,584705.0,26,0.3,0.161,400
📊 Z-scores: IAQ=77.19 VOC=75868440.00 CO2=0.00 GasDrop=1041.27
2026-07-30 08:33:45,30.67,62.50,1003.00,114.74,1203,2.461,92100,9.0,22.0,23.0,YES,UNKNOWN_ANALYSIS_IAQ115_VOC2.46ppm,584715.4,26,0.3,0.161,400
2026-07-30 08:33:55,30.67,62.50,1003.00,114.74,1203,2.461,92100,10.0,23.0,23.0,YES,UNKNOWN_ANALYSIS_IAQ115_VOC2.46ppm,584724.8,26,0.3,0.161,400
2026-07-30 08:34:05,30.65,62.53,1003.00,120.80,1266,2.839,91100,9.0,20.0,21.0,YES,UNKNOWN_ANALYSIS_IAQ121_VOC2.84ppm,584735.3,26,0.3,0.161,400
2026-07-30 08:34:16,30.65,62.53,1003.00,120.80,1266,2.839,91100,10.0,21.0,22.0,YES,UNKNOWN_ANALYSIS_IAQ121_VOC2.84ppm,584745.7,26,0.3,0.161,400
2026-07-30 08:34:25,30.65,62.53,1003.00,120.80,1266,2.839,91100,11.0,21.0,23.0,YES,UNKNOWN_ANALYSIS_IAQ121_VOC2.84ppm,584755.1,26,0.3,0.161,400
2026-07-30 08:34:36,30.65,62.53,1003.00,120.80,1266,2.839,91100,12.0,22.0,25.0,YES,UNKNOWN_ANALYSIS_IAQ121_VOC2.84ppm,584765.6,26,0.3,0.161,400
2026-07-30 08:34:45,30.65,62.53,1003.00,120.80,1266,2.839,91100,12.0,21.0,24.0,YES,UNKNOWN_ANALYSIS_IAQ121_VOC2.84ppm,584775.0,26,0.3,0.161,400
📊 Z-scores: IAQ=81.27 VOC=88359624.00 CO2=0.00 GasDrop=1049.10
2026-07-30 08:34:55,30.65,62.53,1003.00,120.80,1266,2.839,91100,12.0,21.0,23.0,YES,UNKNOWN_ANALYSIS_IAQ121_VOC2.84ppm,584785.4,26,0.3,0.161,400
PMS7003: Timeout error
2026-07-30 08:35:06,30.65,62.53,1003.00,120.80,1266,2.839,91100,12.0,21.0,23.0,YES,UNKNOWN_ANALYSIS_IAQ121_VOC2.84ppm,584795.8,26,0.3,0.161,400
2026-07-30 08:35:15,30.65,62.53,1003.00,120.80,1266,2.839,91100,10.0,20.0,21.0,YES,UNKNOWN_ANALYSIS_IAQ121_VOC2.84ppm,584805.3,26,0.3,0.161,400
2026-07-30 08:35:26,30.65,62.53,1003.00,120.80,1266,2.839,91100,13.0,21.0,23.0,YES,UNKNOWN_ANALYSIS_IAQ121_VOC2.84ppm,584815.7,26,0.3,0.161,400
2026-07-30 08:35:35,30.65,62.53,1003.00,120.80,1266,2.839,91100,13.0,21.0,23.0,YES,UNKNOWN_ANALYSIS_IAQ121_VOC2.84ppm,584825.1,26,0.3,0.161,400
2026-07-30 08:35:46,30.65,62.53,1003.00,120.80,1266,2.839,91100,11.0,21.0,22.0,YES,UNKNOWN_ANALYSIS_IAQ121_VOC2.84ppm,584835.6,26,0.3,0.161,400
2026-07-30 08:35:55,30.65,62.53,1003.00,120.80,1266,2.839,91100,12.0,22.0,23.0,YES,UNKNOWN_ANALYSIS_IAQ121_VOC2.84ppm,584845.0,26,0.3,0.161,400
📊 Z-scores: IAQ=81.27 VOC=88359624.00 CO2=0.00 GasDrop=1049.10
2026-07-30 08:36:05,30.65,62.53,1003.00,120.80,1266,2.839,91100,13.0,23.0,25.0,YES,UNKNOWN_ANALYSIS_IAQ121_VOC2.84ppm,584855.5,26,0.3,0.161,400
2026-07-30 08:36:16,30.65,62.53,1003.00,120.80,1266,2.839,91100,12.0,20.0,23.0,YES,UNKNOWN_ANALYSIS_IAQ121_VOC2.84ppm,584865.9,26,0.3,0.161,400
2026-07-30 08:36:25,30.65,62.53,1003.00,120.80,1266,2.839,91100,12.0,21.0,23.0,YES,UNKNOWN_ANALYSIS_IAQ121_VOC2.84ppm,584875.3,26,0.3,0.161,400
2026-07-30 08:36:36,30.65,62.53,1003.00,120.80,1266,2.839,91100,11.0,21.0,23.0,YES,UNKNOWN_ANALYSIS_IAQ121_VOC2.84ppm,584885.8,26,0.3,0.161,400
2026-07-30 08:36:45,30.65,62.53,1003.00,120.80,1266,2.839,91100,10.0,20.0,21.0,YES,UNKNOWN_ANALYSIS_IAQ121_VOC2.84ppm,584895.2,26,0.3,0.161,400
2026-07-30 08:36:56,30.65,62.53,1003.00,120.80,1266,2.839,91100,10.0,20.0,21.0,YES,UNKNOWN_ANALYSIS_IAQ121_VOC2.84ppm,584905.6,26,0.3,0.161,400
2026-07-30 08:37:05,30.65,62.53,1003.00,120.80,1266,2.839,91100,11.0,22.0,23.0,YES,UNKNOWN_ANALYSIS_IAQ121_VOC2.84ppm,584915.0,26,0.3,0.161,400
📊 Z-scores: IAQ=81.27 VOC=88359624.00 CO2=0.00 GasDrop=1049.10
2026-07-30 08:37:15,30.65,62.53,1003.00,120.80,1266,2.839,91100,11.0,20.0,21.0,YES,UNKNOWN_ANALYSIS_IAQ121_VOC2.84ppm,584925.5,26,0.3,0.161,400
2026-07-30 08:37:26,30.65,62.53,1003.00,120.80,1266,2.839,91100,13.0,20.0,22.0,YES,UNKNOWN_ANALYSIS_IAQ121_VOC2.84ppm,584935.9,26,0.3,0.161,400
2026-07-30 08:37:35,30.65,62.53,1003.00,120.80,1266,2.839,91100,13.0,20.0,23.0,YES,UNKNOWN_ANALYSIS_IAQ121_VOC2.84ppm,584945.3,26,0.3,0.161,400
2026-07-30 08:37:46,30.65,62.53,1003.00,120.80,1266,2.839,91100,13.0,21.0,25.0,YES,UNKNOWN_ANALYSIS_IAQ121_VOC2.84ppm,584955.8,26,0.3,0.161,400
2026-07-30 08:37:55,30.65,62.53,1003.00,120.80,1266,2.839,91100,11.0,20.0,24.0,YES,UNKNOWN_ANALYSIS_IAQ121_VOC2.84ppm,584965.2,26,0.3,0.161,400
2026-07-30 08:38:06,30.65,62.53,1003.00,120.80,1266,2.839,91100,9.0,20.0,21.0,YES,UNKNOWN_ANALYSIS_IAQ121_VOC2.84ppm,584975.6,26,0.3,0.161,400
📊 Z-scores: IAQ=81.27 VOC=88359624.00 CO2=0.00 GasDrop=1049.10
2026-07-30 08:38:16,30.65,62.53,1003.00,120.80,1266,2.839,91100,11.0,22.0,22.0,YES,UNKNOWN_ANALYSIS_IAQ121_VOC2.84ppm,584986.1,26,0.3,0.161,400
2026-07-30 08:38:25,30.65,62.53,1003.00,120.80,1266,2.839,91100,12.0,22.0,23.0,YES,UNKNOWN_ANALYSIS_IAQ121_VOC2.84ppm,584995.5,26,0.3,0.161,400
2026-07-30 08:38:36,30.65,62.53,1003.00,120.80,1266,2.839,91100,13.0,20.0,23.0,YES,UNKNOWN_ANALYSIS_IAQ121_VOC2.84ppm,585005.9,26,0.3,0.161,400
2026-07-30 08:38:45,30.65,62.53,1003.00,120.80,1266,2.839,91100,12.0,20.0,23.0,YES,UNKNOWN_ANALYSIS_IAQ121_VOC2.84ppm,585015.3,26,0.3,0.161,400
2026-07-30 08:38:56,30.65,62.53,1003.00,120.80,1266,2.839,91100,9.0,18.0,21.0,YES,UNKNOWN_ANALYSIS_IAQ121_VOC2.84ppm,585025.8,26,0.3,0.161,400
2026-07-30 08:39:05,30.60,62.56,1003.00,125.55,1314,3.169,90400,11.0,19.0,22.0,YES,UNKNOWN_ANALYSIS_IAQ126_VOC3.17ppm,585035.2,26,0.3,0.161,400
2026-07-30 08:39:16,30.60,62.56,1003.00,125.55,1314,3.169,90400,11.0,20.0,22.0,YES,UNKNOWN_ANALYSIS_IAQ126_VOC3.17ppm,585045.6,26,0.3,0.161,400
📊 Z-scores: IAQ=84.47 VOC=99252208.00 CO2=0.00 GasDrop=1054.58
2026-07-30 08:39:26,30.60,62.56,1003.00,125.55,1314,3.169,90400,11.0,20.0,22.0,YES,UNKNOWN_ANALYSIS_IAQ126_VOC3.17ppm,585056.1,26,0.3,0.161,400
2026-07-30 08:39:35,30.60,62.56,1003.00,125.55,1314,3.169,90400,12.0,21.0,22.0,YES,UNKNOWN_ANALYSIS_IAQ126_VOC3.17ppm,585065.5,26,0.3,0.161,400
2026-07-30 08:39:46,30.60,62.56,1003.00,125.55,1314,3.169,90400,11.0,21.0,22.0,YES,UNKNOWN_ANALYSIS_IAQ126_VOC3.17ppm,585075.9,26,0.3,0.161,400
2026-07-30 08:39:55,30.60,62.56,1003.00,125.55,1314,3.169,90400,10.0,21.0,22.0,YES,UNKNOWN_ANALYSIS_IAQ126_VOC3.17ppm,585085.3,26,0.3,0.161,400
2026-07-30 08:40:06,30.60,62.56,1003.00,125.55,1314,3.169,90400,9.0,20.0,22.0,YES,UNKNOWN_ANALYSIS_IAQ126_VOC3.17ppm,585095.8,26,0.3,0.161,400
2026-07-30 08:40:16,30.60,62.56,1003.00,125.55,1314,3.169,90400,11.0,21.0,24.0,YES,UNKNOWN_ANALYSIS_IAQ126_VOC3.17ppm,585106.2,26,0.3,0.161,400
2026-07-30 08:40:26,30.60,62.56,1003.00,125.55,1314,3.169,90400,10.0,20.0,23.0,YES,UNKNOWN_ANALYSIS_IAQ126_VOC3.17ppm,585115.6,26,0.3,0.161,400
📊 Z-scores: IAQ=84.47 VOC=99252208.00 CO2=0.00 GasDrop=1054.58
2026-07-30 08:40:36,30.60,62.56,1003.00,125.55,1314,3.169,90400,11.0,20.0,24.0,YES,UNKNOWN_ANALYSIS_IAQ126_VOC3.17ppm,585126.1,26,0.3,0.161,400
2026-07-30 08:40:45,30.60,62.56,1003.00,125.55,1314,3.169,90400,10.0,18.0,22.0,YES,UNKNOWN_ANALYSIS_IAQ126_VOC3.17ppm,585135.5,26,0.3,0.161,400
2026-07-30 08:40:56,30.60,62.56,1003.00,125.55,1314,3.169,90400,12.0,19.0,21.0,YES,UNKNOWN_ANALYSIS_IAQ126_VOC3.17ppm,585145.9,26,0.3,0.161,400
2026-07-30 08:41:06,30.60,62.56,1003.00,125.55,1314,3.169,90400,11.0,20.0,20.0,YES,UNKNOWN_ANALYSIS_IAQ126_VOC3.17ppm,585156.4,26,0.3,0.161,400
2026-07-30 08:41:16,30.60,62.56,1003.00,125.55,1314,3.169,90400,11.0,21.0,21.0,YES,UNKNOWN_ANALYSIS_IAQ126_VOC3.17ppm,585165.8,26,0.3,0.161,400
2026-07-30 08:41:26,30.60,62.56,1003.00,125.55,1314,3.169,90400,12.0,21.0,22.0,YES,UNKNOWN_ANALYSIS_IAQ126_VOC3.17ppm,585176.2,26,0.3,0.161,400
2026-07-30 08:41:36,30.60,62.56,1003.00,125.55,1314,3.169,90400,11.0,21.0,23.0,YES,UNKNOWN_ANALYSIS_IAQ126_VOC3.17ppm,585185.6,26,0.3,0.161,400
📊 Z-scores: IAQ=84.47 VOC=99252208.00 CO2=0.00 GasDrop=1054.58
2026-07-30 08:41:46,30.60,62.56,1003.00,125.55,1314,3.169,90400,13.0,20.0,22.0,YES,UNKNOWN_ANALYSIS_IAQ126_VOC3.17ppm,585196.1,26,0.3,0.161,400
2026-07-30 08:41:56,30.60,62.56,1003.00,125.55,1314,3.169,90400,14.0,22.0,23.0,YES,UNKNOWN_ANALYSIS_IAQ126_VOC3.17ppm,585206.5,26,0.3,0.161,400
2026-07-30 08:42:06,30.60,62.56,1003.00,125.55,1314,3.169,90400,14.0,21.0,22.0,YES,UNKNOWN_ANALYSIS_IAQ126_VOC3.17ppm,585215.9,26,0.3,0.161,400
2026-07-30 08:42:16,30.60,62.56,1003.00,125.55,1314,3.169,90400,13.0,21.0,23.0,YES,UNKNOWN_ANALYSIS_IAQ126_VOC3.17ppm,585226.4,26,0.3,0.161,400
2026-07-30 08:42:26,30.60,62.56,1003.00,125.55,1314,3.169,90400,12.0,20.0,24.0,YES,UNKNOWN_ANALYSIS_IAQ126_VOC3.17ppm,585235.8,26,0.3,0.161,400
2026-07-30 08:42:36,30.60,62.56,1003.00,125.55,1314,3.169,90400,12.0,20.0,23.0,YES,UNKNOWN_ANALYSIS_IAQ126_VOC3.17ppm,585246.2,26,0.3,0.161,400
2026-07-30 08:42:46,30.60,62.56,1003.00,125.55,1314,3.169,90400,13.0,21.0,23.0,YES,UNKNOWN_ANALYSIS_IAQ126_VOC3.17ppm,585255.6,26,0.3,0.161,400
📊 Z-scores: IAQ=84.47 VOC=99252208.00 CO2=0.00 GasDrop=1054.58
2026-07-30 08:42:56,30.60,62.56,1003.00,125.55,1314,3.169,90400,11.0,19.0,22.0,YES,UNKNOWN_ANALYSIS_IAQ126_VOC3.17ppm,585266.1,26,0.3,0.161,400
2026-07-30 08:43:07,30.60,62.56,1003.00,125.55,1314,3.169,90400,11.0,19.0,22.0,YES,UNKNOWN_ANALYSIS_IAQ126_VOC3.17ppm,585276.5,26,0.3,0.161,400
2026-07-30 08:43:16,30.60,62.56,1003.00,125.55,1314,3.169,90400,10.0,21.0,22.0,YES,UNKNOWN_ANALYSIS_IAQ126_VOC3.17ppm,585285.9,26,0.3,0.161,400
2026-07-30 08:43:26,30.60,62.56,1003.00,125.55,1314,3.169,90400,10.0,21.0,24.0,YES,UNKNOWN_ANALYSIS_IAQ126_VOC3.17ppm,585296.4,26,0.3,0.161,400
2026-07-30 08:43:36,30.60,62.56,1003.00,125.55,1314,3.169,90400,10.0,22.0,25.0,YES,UNKNOWN_ANALYSIS_IAQ126_VOC3.17ppm,585305.8,26,0.3,0.161,400
2026-07-30 08:43:46,30.60,62.56,1003.00,125.55,1314,3.169,90400,10.0,21.0,26.0,YES,UNKNOWN_ANALYSIS_IAQ126_VOC3.17ppm,585316.3,26,0.3,0.161,400
2026-07-30 08:43:56,30.60,62.56,1003.00,125.55,1314,3.169,90400,9.0,20.0,24.0,YES,UNKNOWN_ANALYSIS_IAQ126_VOC3.17ppm,585325.7,26,0.3,0.161,400
📊 Z-scores: IAQ=85.83 VOC=103787480.00 CO2=0.00 GasDrop=1057.70
2026-07-30 08:44:06,30.63,62.56,1003.00,127.56,1333,3.307,90000,12.0,22.0,25.0,YES,UNKNOWN_ANALYSIS_IAQ128_VOC3.31ppm,585336.1,26,0.3,0.161,400
2026-07-30 08:44:17,30.63,62.56,1003.00,127.56,1333,3.307,90000,13.0,23.0,28.0,YES,UNKNOWN_ANALYSIS_IAQ128_VOC3.31ppm,585346.6,26,0.3,0.161,400
2026-07-30 08:44:26,30.63,62.56,1003.00,127.56,1333,3.307,90000,13.0,22.0,26.0,YES,UNKNOWN_ANALYSIS_IAQ128_VOC3.31ppm,585356.0,26,0.3,0.161,400
2026-07-30 08:44:36,30.63,62.56,1003.00,127.56,1333,3.307,90000,12.0,20.0,22.0,YES,UNKNOWN_ANALYSIS_IAQ128_VOC3.31ppm,585366.4,26,0.3,0.161,400
2026-07-30 08:44:46,30.63,62.56,1003.00,127.56,1333,3.307,90000,10.0,20.0,21.0,YES,UNKNOWN_ANALYSIS_IAQ128_VOC3.31ppm,585375.8,26,0.3,0.161,400
2026-07-30 08:44:56,30.63,62.56,1003.00,127.56,1333,3.307,90000,9.0,19.0,20.0,YES,UNKNOWN_ANALYSIS_IAQ128_VOC3.31ppm,585386.3,26,0.3,0.161,400
📊 Z-scores: IAQ=85.83 VOC=103787480.00 CO2=0.00 GasDrop=1057.70
2026-07-30 08:45:07,30.63,62.56,1003.00,127.56,1333,3.307,90000,10.0,19.0,22.0,YES,UNKNOWN_ANALYSIS_IAQ128_VOC3.31ppm,585396.7,26,0.3,0.161,400
2026-07-30 08:45:16,30.63,62.56,1003.00,127.56,1333,3.307,90000,9.0,19.0,22.0,YES,UNKNOWN_ANALYSIS_IAQ128_VOC3.31ppm,585406.1,26,0.3,0.161,400
2026-07-30 08:45:27,30.63,62.56,1003.00,127.56,1333,3.307,90000,8.0,18.0,19.0,YES,UNKNOWN_ANALYSIS_IAQ128_VOC3.31ppm,585416.6,26,0.3,0.161,400
2026-07-30 08:45:36,30.63,62.56,1003.00,127.56,1333,3.307,90000,8.0,18.0,19.0,YES,UNKNOWN_ANALYSIS_IAQ128_VOC3.31ppm,585426.0,26,0.3,0.161,400
2026-07-30 08:45:46,30.63,62.56,1003.00,127.56,1333,3.307,90000,10.0,20.0,22.0,YES,UNKNOWN_ANALYSIS_IAQ128_VOC3.31ppm,585436.4,26,0.3,0.161,400
2026-07-30 08:45:56,30.63,62.56,1003.00,127.56,1333,3.307,90000,11.0,20.0,23.0,YES,UNKNOWN_ANALYSIS_IAQ128_VOC3.31ppm,585445.8,26,0.3,0.161,400
2026-07-30 08:46:06,30.63,62.56,1003.00,127.56,1333,3.307,90000,10.0,19.0,22.0,YES,UNKNOWN_ANALYSIS_IAQ128_VOC3.31ppm,585456.3,26,0.3,0.161,400
📊 Z-scores: IAQ=85.83 VOC=103787480.00 CO2=0.00 GasDrop=1057.70
2026-07-30 08:46:17,30.63,62.56,1003.00,127.56,1333,3.307,90000,12.0,20.0,24.0,YES,UNKNOWN_ANALYSIS_IAQ128_VOC3.31ppm,585466.7,26,0.3,0.161,400
2026-07-30 08:46:26,30.63,62.56,1003.00,127.56,1333,3.307,90000,10.0,19.0,22.0,YES,UNKNOWN_ANALYSIS_IAQ128_VOC3.31ppm,585476.1,26,0.3,0.161,400
2026-07-30 08:46:37,30.63,62.56,1003.00,127.56,1333,3.307,90000,8.0,20.0,22.0,YES,UNKNOWN_ANALYSIS_IAQ128_VOC3.31ppm,585486.6,26,0.3,0.161,400
2026-07-30 08:46:46,30.63,62.56,1003.00,127.56,1333,3.307,90000,8.0,20.0,21.0,YES,UNKNOWN_ANALYSIS_IAQ128_VOC3.31ppm,585496.0,26,0.3,0.161,400
2026-07-30 08:46:56,30.63,62.56,1003.00,127.56,1333,3.307,90000,9.0,19.0,20.0,YES,UNKNOWN_ANALYSIS_IAQ128_VOC3.31ppm,585506.4,26,0.3,0.161,400
2026-07-30 08:47:07,30.63,62.56,1003.00,127.56,1333,3.307,90000,9.0,20.0,22.0,YES,UNKNOWN_ANALYSIS_IAQ128_VOC3.31ppm,585516.9,26,0.3,0.161,400
2026-07-30 08:47:16,30.63,62.56,1003.00,127.56,1333,3.307,90000,9.0,20.0,22.0,YES,UNKNOWN_ANALYSIS_IAQ128_VOC3.31ppm,585526.3,26,0.3,0.161,400
📊 Z-scores: IAQ=85.83 VOC=103787480.00 CO2=0.00 GasDrop=1057.70
2026-07-30 08:47:27,30.63,62.56,1003.00,127.56,1333,3.307,90000,9.0,20.0,24.0,YES,UNKNOWN_ANALYSIS_IAQ128_VOC3.31ppm,585536.7,26,0.3,0.161,400
2026-07-30 08:47:36,30.63,62.56,1003.00,127.56,1333,3.307,90000,9.0,20.0,22.0,YES,UNKNOWN_ANALYSIS_IAQ128_VOC3.31ppm,585546.1,26,0.3,0.161,400
2026-07-30 08:47:47,30.63,62.56,1003.00,127.56,1333,3.307,90000,8.0,19.0,22.0,YES,UNKNOWN_ANALYSIS_IAQ128_VOC3.31ppm,585556.6,26,0.3,0.161,400
2026-07-30 08:47:56,30.63,62.56,1003.00,127.56,1333,3.307,90000,9.0,20.0,21.0,YES,UNKNOWN_ANALYSIS_IAQ128_VOC3.31ppm,585566.0,26,0.3,0.161,400
2026-07-30 08:48:06,30.63,62.56,1003.00,127.56,1333,3.307,90000,10.0,20.0,20.0,YES,UNKNOWN_ANALYSIS_IAQ128_VOC3.31ppm,585576.5,26,0.3,0.161,400
2026-07-30 08:48:17,30.63,62.56,1003.00,127.56,1333,3.307,90000,8.0,18.0,20.0,YES,UNKNOWN_ANALYSIS_IAQ128_VOC3.31ppm,585586.9,26,0.3,0.161,400
2026-07-30 08:48:26,30.63,62.56,1003.00,127.56,1333,3.307,90000,10.0,19.0,21.0,YES,UNKNOWN_ANALYSIS_IAQ128_VOC3.31ppm,585596.3,26,0.3,0.161,400
📊 Z-scores: IAQ=85.83 VOC=103787480.00 CO2=0.00 GasDrop=1057.70
2026-07-30 08:48:37,30.63,62.56,1003.00,127.56,1333,3.307,90000,8.0,17.0,20.0,YES,UNKNOWN_ANALYSIS_IAQ128_VOC3.31ppm,585606.8,26,0.3,0.161,400
2026-07-30 08:48:46,30.63,62.56,1003.00,127.56,1333,3.307,90000,9.0,17.0,20.0,YES,UNKNOWN_ANALYSIS_IAQ128_VOC3.31ppm,585616.2,26,0.3,0.161,400
2026-07-30 08:48:57,30.63,62.56,1003.00,127.56,1333,3.307,90000,9.0,17.0,19.0,YES,UNKNOWN_ANALYSIS_IAQ128_VOC3.31ppm,585626.6,26,0.3,0.161,400
2026-07-30 08:49:07,30.65,62.57,1003.00,133.97,1399,3.838,88900,8.0,17.0,21.0,YES,UNKNOWN_ANALYSIS_IAQ134_VOC3.84ppm,585637.1,26,0.3,0.161,400
2026-07-30 08:49:16,30.65,62.57,1003.00,133.97,1399,3.838,88900,9.0,18.0,21.0,YES,UNKNOWN_ANALYSIS_IAQ134_VOC3.84ppm,585646.5,26,0.3,0.161,400
2026-07-30 08:49:27,30.65,62.57,1003.00,133.97,1399,3.838,88900,10.0,18.0,20.0,YES,UNKNOWN_ANALYSIS_IAQ134_VOC3.84ppm,585656.9,26,0.3,0.161,400
2026-07-30 08:49:36,30.65,62.57,1003.00,133.97,1399,3.838,88900,9.0,17.0,19.0,YES,UNKNOWN_ANALYSIS_IAQ134_VOC3.84ppm,585666.3,26,0.3,0.161,400
📊 Z-scores: IAQ=90.15 VOC=121322376.00 CO2=0.00 GasDrop=1066.31
2026-07-30 08:49:47,30.65,62.57,1003.00,133.97,1399,3.838,88900,8.0,19.0,21.0,YES,UNKNOWN_ANALYSIS_IAQ134_VOC3.84ppm,585676.8,26,0.3,0.161,400
PMS7003: Timeout error
2026-07-30 08:49:57,30.65,62.57,1003.00,133.97,1399,3.838,88900,8.0,19.0,21.0,YES,UNKNOWN_ANALYSIS_IAQ134_VOC3.84ppm,585687.2,26,0.3,0.161,400
2026-07-30 08:50:07,30.65,62.57,1003.00,133.97,1399,3.838,88900,7.0,19.0,20.0,YES,UNKNOWN_ANALYSIS_IAQ134_VOC3.84ppm,585696.6,26,0.3,0.161,400
2026-07-30 08:50:17,30.65,62.57,1003.00,133.97,1399,3.838,88900,7.0,17.0,20.0,YES,UNKNOWN_ANALYSIS_IAQ134_VOC3.84ppm,585707.1,26,0.3,0.161,400
2026-07-30 08:50:26,30.65,62.57,1003.00,133.97,1399,3.838,88900,8.0,17.0,20.0,YES,UNKNOWN_ANALYSIS_IAQ134_VOC3.84ppm,585716.5,26,0.3,0.161,400
2026-07-30 08:50:37,30.65,62.57,1003.00,133.97,1399,3.838,88900,8.0,17.0,21.0,YES,UNKNOWN_ANALYSIS_IAQ134_VOC3.84ppm,585726.9,26,0.3,0.161,400
2026-07-30 08:50:46,30.65,62.57,1003.00,133.97,1399,3.838,88900,8.0,17.0,20.0,YES,UNKNOWN_ANALYSIS_IAQ134_VOC3.84ppm,585736.3,26,0.3,0.161,400
📊 Z-scores: IAQ=90.15 VOC=121322376.00 CO2=0.00 GasDrop=1066.31
2026-07-30 08:50:57,30.65,62.57,1003.00,133.97,1399,3.838,88900,8.0,17.0,20.0,YES,UNKNOWN_ANALYSIS_IAQ134_VOC3.84ppm,585746.8,26,0.3,0.161,400
2026-07-30 08:51:07,30.65,62.57,1003.00,133.97,1399,3.838,88900,7.0,16.0,20.0,YES,UNKNOWN_ANALYSIS_IAQ134_VOC3.84ppm,585757.2,26,0.3,0.161,400
2026-07-30 08:51:17,30.65,62.57,1003.00,133.97,1399,3.838,88900,8.0,17.0,20.0,YES,UNKNOWN_ANALYSIS_IAQ134_VOC3.84ppm,585766.6,26,0.3,0.161,400
2026-07-30 08:51:27,30.65,62.57,1003.00,133.97,1399,3.838,88900,8.0,18.0,20.0,YES,UNKNOWN_ANALYSIS_IAQ134_VOC3.84ppm,585777.1,26,0.3,0.161,400
2026-07-30 08:51:36,30.65,62.57,1003.00,133.97,1399,3.838,88900,7.0,16.0,19.0,YES,UNKNOWN_ANALYSIS_IAQ134_VOC3.84ppm,585786.5,26,0.3,0.161,400
2026-07-30 08:51:47,30.65,62.57,1003.00,133.97,1399,3.838,88900,6.0,15.0,18.0,YES,UNKNOWN_ANALYSIS_IAQ134_VOC3.84ppm,585796.9,26,0.3,0.161,400
📊 Z-scores: IAQ=90.15 VOC=121322376.00 CO2=0.00 GasDrop=1066.31
2026-07-30 08:51:57,30.65,62.57,1003.00,133.97,1399,3.838,88900,7.0,16.0,19.0,YES,UNKNOWN_ANALYSIS_IAQ134_VOC3.84ppm,585807.4,26,0.3,0.161,400
2026-07-30 08:52:07,30.65,62.57,1003.00,133.97,1399,3.838,88900,7.0,15.0,16.0,YES,UNKNOWN_ANALYSIS_IAQ134_VOC3.84ppm,585816.8,26,0.3,0.161,400
2026-07-30 08:52:17,30.65,62.57,1003.00,133.97,1399,3.838,88900,8.0,17.0,18.0,YES,UNKNOWN_ANALYSIS_IAQ134_VOC3.84ppm,585827.2,26,0.3,0.161,400
2026-07-30 08:52:27,30.65,62.57,1003.00,133.97,1399,3.838,88900,7.0,16.0,17.0,YES,UNKNOWN_ANALYSIS_IAQ134_VOC3.84ppm,585836.6,26,0.3,0.161,400
2026-07-30 08:52:37,30.65,62.57,1003.00,133.97,1399,3.838,88900,8.0,16.0,18.0,YES,UNKNOWN_ANALYSIS_IAQ134_VOC3.84ppm,585847.1,26,0.3,0.161,400
2026-07-30 08:52:47,30.65,62.57,1003.00,133.97,1399,3.838,88900,7.0,15.0,17.0,YES,UNKNOWN_ANALYSIS_IAQ134_VOC3.84ppm,585857.5,26,0.3,0.161,400
2026-07-30 08:52:57,30.65,62.57,1003.00,133.97,1399,3.838,88900,7.0,15.0,17.0,YES,UNKNOWN_ANALYSIS_IAQ134_VOC3.84ppm,585867.0,26,0.3,0.161,400
📊 Z-scores: IAQ=90.15 VOC=121322376.00 CO2=0.00 GasDrop=1066.31
2026-07-30 08:53:07,30.65,62.57,1003.00,133.97,1399,3.838,88900,7.0,16.0,18.0,YES,UNKNOWN_ANALYSIS_IAQ134_VOC3.84ppm,585877.4,26,0.3,0.161,400
2026-07-30 08:53:17,30.65,62.57,1003.00,133.97,1399,3.838,88900,8.0,15.0,18.0,YES,UNKNOWN_ANALYSIS_IAQ134_VOC3.84ppm,585886.8,26,0.3,0.161,400
2026-07-30 08:53:27,30.65,62.57,1003.00,133.97,1399,3.838,88900,7.0,15.0,18.0,YES,UNKNOWN_ANALYSIS_IAQ134_VOC3.84ppm,585897.3,26,0.3,0.161,400
2026-07-30 08:53:38,30.65,62.57,1003.00,133.97,1399,3.838,88900,7.0,16.0,19.0,YES,UNKNOWN_ANALYSIS_IAQ134_VOC3.84ppm,585907.7,26,0.3,0.161,400
2026-07-30 08:53:47,30.65,62.57,1003.00,133.97,1399,3.838,88900,7.0,17.0,17.0,YES,UNKNOWN_ANALYSIS_IAQ134_VOC3.84ppm,585917.1,26,0.3,0.161,400
2026-07-30 08:53:58,30.65,62.57,1003.00,133.97,1399,3.838,88900,7.0,17.0,17.0,YES,UNKNOWN_ANALYSIS_IAQ134_VOC3.84ppm,585927.6,26,0.3,0.161,400
2026-07-30 08:54:07,30.58,62.60,1003.00,129.92,1353,3.456,89700,7.0,17.0,17.0,YES,UNKNOWN_ANALYSIS_IAQ130_VOC3.46ppm,585937.0,26,0.3,0.161,400
📊 Z-scores: IAQ=87.42 VOC=108702664.00 CO2=0.00 GasDrop=1060.05
2026-07-30 08:54:17,30.58,62.60,1003.00,129.92,1353,3.456,89700,6.0,16.0,18.0,YES,UNKNOWN_ANALYSIS_IAQ130_VOC3.46ppm,585947.4,26,0.3,0.161,400
PMS7003: Timeout error
2026-07-30 08:54:28,30.58,62.60,1003.00,129.92,1353,3.456,89700,6.0,16.0,18.0,YES,UNKNOWN_ANALYSIS_IAQ130_VOC3.46ppm,585957.8,26,0.3,0.161,400
2026-07-30 08:54:37,30.58,62.60,1003.00,129.92,1353,3.456,89700,7.0,15.0,17.0,YES,UNKNOWN_ANALYSIS_IAQ130_VOC3.46ppm,585967.3,26,0.3,0.161,400
2026-07-30 08:54:48,30.58,62.60,1003.00,129.92,1353,3.456,89700,7.0,15.0,16.0,YES,UNKNOWN_ANALYSIS_IAQ130_VOC3.46ppm,585977.7,26,0.3,0.161,400
2026-07-30 08:54:57,30.58,62.60,1003.00,129.92,1353,3.456,89700,7.0,15.0,16.0,YES,UNKNOWN_ANALYSIS_IAQ130_VOC3.46ppm,585987.1,26,0.3,0.161,400
2026-07-30 08:55:08,30.58,62.60,1003.00,129.92,1353,3.456,89700,6.0,12.0,14.0,YES,UNKNOWN_ANALYSIS_IAQ130_VOC3.46ppm,585997.6,26,0.3,0.161,400
PMS7003: Timeout error
📊 Z-scores: IAQ=87.42 VOC=108702664.00 CO2=0.00 GasDrop=1060.05
2026-07-30 08:55:18,30.58,62.60,1003.00,129.92,1353,3.456,89700,6.0,12.0,14.0,YES,UNKNOWN_ANALYSIS_IAQ130_VOC3.46ppm,586008.0,26,0.3,0.161,400
2026-07-30 08:55:27,30.58,62.60,1003.00,129.92,1353,3.456,89700,6.0,11.0,13.0,YES,UNKNOWN_ANALYSIS_IAQ130_VOC3.46ppm,586017.4,26,0.3,0.161,400
2026-07-30 08:55:38,30.58,62.60,1003.00,129.92,1353,3.456,89700,5.0,10.0,14.0,YES,UNKNOWN_ANALYSIS_IAQ130_VOC3.46ppm,586027.9,26,0.3,0.161,400
2026-07-30 08:55:47,30.58,62.60,1003.00,129.92,1353,3.456,89700,6.0,12.0,17.0,YES,UNKNOWN_ANALYSIS_IAQ130_VOC3.46ppm,586037.3,26,0.3,0.161,400
2026-07-30 08:55:58,30.58,62.60,1003.00,129.92,1353,3.456,89700,5.0,11.0,18.0,YES,UNKNOWN_ANALYSIS_IAQ130_VOC3.46ppm,586047.7,26,0.3,0.161,400
2026-07-30 08:56:07,30.58,62.60,1003.00,129.92,1353,3.456,89700,6.0,10.0,17.0,YES,UNKNOWN_ANALYSIS_IAQ130_VOC3.46ppm,586057.1,26,0.3,0.161,400
2026-07-30 08:56:18,30.58,62.60,1003.00,129.92,1353,3.456,89700,6.0,10.0,16.0,YES,UNKNOWN_ANALYSIS_IAQ130_VOC3.46ppm,586067.6,26,0.3,0.161,400
📊 Z-scores: IAQ=87.42 VOC=108702664.00 CO2=0.00 GasDrop=1060.05
2026-07-30 08:56:28,30.58,62.60,1003.00,129.92,1353,3.456,89700,6.0,12.0,16.0,YES,UNKNOWN_ANALYSIS_IAQ130_VOC3.46ppm,586078.0,26,0.3,0.161,400
2026-07-30 08:56:37,30.58,62.60,1003.00,129.92,1353,3.456,89700,7.0,13.0,18.0,YES,UNKNOWN_ANALYSIS_IAQ130_VOC3.46ppm,586087.4,26,0.3,0.161,400
2026-07-30 08:56:48,30.58,62.60,1003.00,129.92,1353,3.456,89700,7.0,13.0,18.0,YES,UNKNOWN_ANALYSIS_IAQ130_VOC3.46ppm,586097.9,26,0.3,0.161,400
2026-07-30 08:56:57,30.58,62.60,1003.00,129.92,1353,3.456,89700,5.0,13.0,16.0,YES,UNKNOWN_ANALYSIS_IAQ130_VOC3.46ppm,586107.3,26,0.3,0.161,400
2026-07-30 08:57:08,30.58,62.60,1003.00,129.92,1353,3.456,89700,7.0,15.0,17.0,YES,UNKNOWN_ANALYSIS_IAQ130_VOC3.46ppm,586117.7,26,0.3,0.161,400
2026-07-30 08:57:18,30.58,62.60,1003.00,129.92,1353,3.456,89700,7.0,14.0,18.0,YES,UNKNOWN_ANALYSIS_IAQ130_VOC3.46ppm,586128.2,26,0.3,0.161,400
2026-07-30 08:57:28,30.58,62.60,1003.00,129.92,1353,3.456,89700,6.0,14.0,18.0,YES,UNKNOWN_ANALYSIS_IAQ130_VOC3.46ppm,586137.6,26,0.3,0.161,400
📊 Z-scores: IAQ=87.42 VOC=108702664.00 CO2=0.00 GasDrop=1060.05
2026-07-30 08:57:38,30.58,62.60,1003.00,129.92,1353,3.456,89700,7.0,14.0,18.0,YES,UNKNOWN_ANALYSIS_IAQ130_VOC3.46ppm,586148.0,26,0.3,0.161,400
2026-07-30 08:57:47,30.58,62.60,1003.00,129.92,1353,3.456,89700,7.0,13.0,16.0,YES,UNKNOWN_ANALYSIS_IAQ130_VOC3.46ppm,586157.4,26,0.3,0.161,400
2026-07-30 08:57:58,30.58,62.60,1003.00,129.92,1353,3.456,89700,6.0,10.0,15.0,YES,UNKNOWN_ANALYSIS_IAQ130_VOC3.46ppm,586167.9,26,0.3,0.161,400
2026-07-30 08:58:07,30.58,62.60,1003.00,129.92,1353,3.456,89700,5.0,10.0,15.0,YES,UNKNOWN_ANALYSIS_IAQ130_VOC3.46ppm,586177.3,26,0.3,0.161,400
2026-07-30 08:58:18,30.58,62.60,1003.00,129.92,1353,3.456,89700,7.0,11.0,16.0,YES,UNKNOWN_ANALYSIS_IAQ130_VOC3.46ppm,586187.7,26,0.3,0.161,400
2026-07-30 08:58:28,30.58,62.60,1003.00,129.92,1353,3.456,89700,7.0,11.0,15.0,YES,UNKNOWN_ANALYSIS_IAQ130_VOC3.46ppm,586198.2,26,0.3,0.161,400
2026-07-30 08:58:38,30.58,62.60,1003.00,129.92,1353,3.456,89700,7.0,14.0,16.0,YES,UNKNOWN_ANALYSIS_IAQ130_VOC3.46ppm,586207.6,26,0.3,0.161,400
📊 Z-scores: IAQ=87.42 VOC=108702664.00 CO2=0.00 GasDrop=1060.05
2026-07-30 08:58:48,30.58,62.60,1003.00,129.92,1353,3.456,89700,7.0,14.0,18.0,YES,UNKNOWN_ANALYSIS_IAQ130_VOC3.46ppm,586218.0,26,0.3,0.161,400
2026-07-30 08:58:57,30.58,62.60,1003.00,129.92,1353,3.456,89700,5.0,14.0,19.0,YES,UNKNOWN_ANALYSIS_IAQ130_VOC3.46ppm,586227.4,26,0.3,0.161,400
2026-07-30 08:59:08,30.54,62.62,1003.00,121.86,1264,2.827,91100,6.0,15.0,20.0,YES,UNKNOWN_ANALYSIS_IAQ122_VOC2.83ppm,586237.9,26,0.3,0.161,400
2026-07-30 08:59:18,30.54,62.62,1003.00,121.86,1264,2.827,91100,6.0,15.0,18.0,YES,UNKNOWN_ANALYSIS_IAQ122_VOC2.83ppm,586248.3,26,0.3,0.161,400
2026-07-30 08:59:28,30.54,62.62,1003.00,121.86,1264,2.827,91100,5.0,13.0,16.0,YES,UNKNOWN_ANALYSIS_IAQ122_VOC2.83ppm,586257.7,26,0.3,0.161,400
2026-07-30 08:59:38,30.54,62.62,1003.00,121.86,1264,2.827,91100,6.0,13.0,17.0,YES,UNKNOWN_ANALYSIS_IAQ122_VOC2.83ppm,586268.2,26,0.3,0.161,400
2026-07-30 08:59:48,30.54,62.62,1003.00,121.86,1264,2.827,91100,6.0,15.0,17.0,YES,UNKNOWN_ANALYSIS_IAQ122_VOC2.83ppm,586277.6,26,0.3,0.161,400
💾 Saved baseline: IAQ=0.5 VOC=0.161 CO2=400 Gas=222217
📊 Z-scores: IAQ=81.99 VOC=87949688.00 CO2=0.00 GasDrop=1049.10
2026-07-30 08:59:58,30.54,62.62,1003.00,121.86,1264,2.827,91100,6.0,13.0,16.0,YES,UNKNOWN_ANALYSIS_IAQ122_VOC2.83ppm,586288.0,26,0.3,0.161,400
PMS7003: Timeout error
2026-07-30 09:00:08,30.54,62.62,1003.00,121.86,1264,2.827,91100,6.0,13.0,16.0,YES,UNKNOWN_ANALYSIS_IAQ122_VOC2.83ppm,586298.4,26,0.3,0.161,400
2026-07-30 09:00:18,30.54,62.62,1003.00,121.86,1264,2.827,91100,5.0,9.0,13.0,YES,UNKNOWN_ANALYSIS_IAQ122_VOC2.83ppm,586307.9,26,0.3,0.161,400
2026-07-30 09:00:28,30.54,62.62,1003.00,121.86,1264,2.827,91100,5.0,10.0,14.0,YES,UNKNOWN_ANALYSIS_IAQ122_VOC2.83ppm,586318.3,26,0.3,0.161,400
2026-07-30 09:00:38,30.54,62.62,1003.00,121.86,1264,2.827,91100,6.0,10.0,14.0,YES,UNKNOWN_ANALYSIS_IAQ122_VOC2.83ppm,586327.7,26,0.3,0.161,400
2026-07-30 09:00:48,30.54,62.62,1003.00,121.86,1264,2.827,91100,7.0,9.0,15.0,YES,UNKNOWN_ANALYSIS_IAQ122_VOC2.83ppm,586338.2,26,0.3,0.161,400
2026-07-30 09:00:58,30.54,62.62,1003.00,121.86,1264,2.827,91100,6.0,8.0,15.0,YES,UNKNOWN_ANALYSIS_IAQ122_VOC2.83ppm,586347.6,26,0.3,0.161,400
📊 Z-scores: IAQ=81.99 VOC=87949688.00 CO2=0.00 GasDrop=1049.10
2026-07-30 09:01:08,30.54,62.62,1003.00,121.86,1264,2.827,91100,5.0,8.0,14.0,YES,UNKNOWN_ANALYSIS_IAQ122_VOC2.83ppm,586358.1,26,0.3,0.161,400
2026-07-30 09:01:18,30.54,62.62,1003.00,121.86,1264,2.827,91100,6.0,10.0,14.0,YES,UNKNOWN_ANALYSIS_IAQ122_VOC2.83ppm,586368.5,26,0.3,0.161,400
2026-07-30 09:01:28,30.54,62.62,1003.00,121.86,1264,2.827,91100,6.0,10.0,13.0,YES,UNKNOWN_ANALYSIS_IAQ122_VOC2.83ppm,586377.9,26,0.3,0.161,400
2026-07-30 09:01:38,30.54,62.62,1003.00,121.86,1264,2.827,91100,6.0,10.0,13.0,YES,UNKNOWN_ANALYSIS_IAQ122_VOC2.83ppm,586388.4,26,0.3,0.161,400
2026-07-30 09:01:48,30.54,62.62,1003.00,121.86,1264,2.827,91100,6.0,9.0,13.0,YES,UNKNOWN_ANALYSIS_IAQ122_VOC2.83ppm,586397.8,26,0.3,0.161,400
2026-07-30 09:01:58,30.54,62.62,1003.00,121.86,1264,2.827,91100,6.0,10.0,13.0,YES,UNKNOWN_ANALYSIS_IAQ122_VOC2.83ppm,586408.2,26,0.3,0.161,400
📊 Z-scores: IAQ=81.99 VOC=87949688.00 CO2=0.00 GasDrop=1049.10
2026-07-30 09:02:09,30.54,62.62,1003.00,121.86,1264,2.827,91100,7.0,12.0,14.0,YES,UNKNOWN_ANALYSIS_IAQ122_VOC2.83ppm,586418.7,26,0.3,0.161,400
2026-07-30 09:02:18,30.54,62.62,1003.00,121.86,1264,2.827,91100,5.0,11.0,15.0,YES,UNKNOWN_ANALYSIS_IAQ122_VOC2.83ppm,586428.1,26,0.3,0.161,400
2026-07-30 09:02:28,30.54,62.62,1003.00,121.86,1264,2.827,91100,7.0,14.0,18.0,YES,UNKNOWN_ANALYSIS_IAQ122_VOC2.83ppm,586438.5,26,0.3,0.161,400
2026-07-30 09:02:38,30.54,62.62,1003.00,121.86,1264,2.827,91100,7.0,15.0,18.0,YES,UNKNOWN_ANALYSIS_IAQ122_VOC2.83ppm,586447.9,26,0.3,0.161,400
2026-07-30 09:02:48,30.54,62.62,1003.00,121.86,1264,2.827,91100,6.0,12.0,15.0,YES,UNKNOWN_ANALYSIS_IAQ122_VOC2.83ppm,586458.4,26,0.3,0.161,400
2026-07-30 09:02:58,30.54,62.62,1003.00,121.86,1264,2.827,91100,5.0,10.0,13.0,YES,UNKNOWN_ANALYSIS_IAQ122_VOC2.83ppm,586467.8,26,0.3,0.161,400
2026-07-30 09:03:08,30.54,62.62,1003.00,121.86,1264,2.827,91100,5.0,11.0,14.0,YES,UNKNOWN_ANALYSIS_IAQ122_VOC2.83ppm,586478.2,26,0.3,0.161,400
📊 Z-scores: IAQ=81.99 VOC=87949688.00 CO2=0.00 GasDrop=1049.10
2026-07-30 09:03:19,30.54,62.62,1003.00,121.86,1264,2.827,91100,6.0,13.0,15.0,YES,UNKNOWN_ANALYSIS_IAQ122_VOC2.83ppm,586488.7,26,0.3,0.161,400
2026-07-30 09:03:28,30.54,62.62,1003.00,121.86,1264,2.827,91100,6.0,11.0,13.0,YES,UNKNOWN_ANALYSIS_IAQ122_VOC2.83ppm,586498.1,26,0.3,0.161,400
2026-07-30 09:03:38,30.54,62.62,1003.00,121.86,1264,2.827,91100,5.0,8.0,11.0,YES,UNKNOWN_ANALYSIS_IAQ122_VOC2.83ppm,586508.5,26,0.3,0.161,400
2026-07-30 09:03:48,30.54,62.62,1003.00,121.86,1264,2.827,91100,5.0,10.0,12.0,YES,UNKNOWN_ANALYSIS_IAQ122_VOC2.83ppm,586517.9,26,0.3,0.161,400
2026-07-30 09:03:58,30.54,62.62,1003.00,121.86,1264,2.827,91100,4.0,9.0,10.0,YES,UNKNOWN_ANALYSIS_IAQ122_VOC2.83ppm,586528.4,26,0.3,0.161,400
2026-07-30 09:04:09,30.53,62.59,1003.00,127.61,1322,3.226,90200,4.0,9.0,10.0,YES,UNKNOWN_ANALYSIS_IAQ128_VOC3.23ppm,586538.8,26,0.3,0.161,400
2026-07-30 09:04:18,30.53,62.59,1003.00,127.61,1322,3.226,90200,5.0,8.0,9.0,YES,UNKNOWN_ANALYSIS_IAQ128_VOC3.23ppm,586548.3,26,0.3,0.161,400
📊 Z-scores: IAQ=85.86 VOC=101117000.00 CO2=0.00 GasDrop=1056.14
2026-07-30 09:04:29,30.53,62.59,1003.00,127.61,1322,3.226,90200,6.0,10.0,10.0,YES,UNKNOWN_ANALYSIS_IAQ128_VOC3.23ppm,586558.7,26,0.3,0.161,400
2026-07-30 09:04:38,30.53,62.59,1003.00,127.61,1322,3.226,90200,5.0,10.0,11.0,YES,UNKNOWN_ANALYSIS_IAQ128_VOC3.23ppm,586568.1,26,0.3,0.161,400
2026-07-30 09:04:49,30.53,62.59,1003.00,127.61,1322,3.226,90200,6.0,10.0,12.0,YES,UNKNOWN_ANALYSIS_IAQ128_VOC3.23ppm,586578.6,26,0.3,0.161,400
2026-07-30 09:04:59,30.53,62.59,1003.00,127.61,1322,3.226,90200,7.0,12.0,14.0,YES,UNKNOWN_ANALYSIS_IAQ128_VOC3.23ppm,586589.0,26,0.3,0.161,400
2026-07-30 09:05:08,30.53,62.59,1003.00,127.61,1322,3.226,90200,7.0,11.0,15.0,YES,UNKNOWN_ANALYSIS_IAQ128_VOC3.23ppm,586598.4,26,0.3,0.161,400
2026-07-30 09:05:19,30.53,62.59,1003.00,127.61,1322,3.226,90200,6.0,12.0,16.0,YES,UNKNOWN_ANALYSIS_IAQ128_VOC3.23ppm,586608.9,26,0.3,0.161,400
2026-07-30 09:05:28,30.53,62.59,1003.00,127.61,1322,3.226,90200,5.0,11.0,17.0,YES,UNKNOWN_ANALYSIS_IAQ128_VOC3.23ppm,586618.3,26,0.3,0.161,400
📊 Z-scores: IAQ=85.86 VOC=101117000.00 CO2=0.00 GasDrop=1056.14
2026-07-30 09:05:39,30.53,62.59,1003.00,127.61,1322,3.226,90200,4.0,9.0,14.0,YES,UNKNOWN_ANALYSIS_IAQ128_VOC3.23ppm,586628.7,26,0.3,0.161,400
2026-07-30 09:05:48,30.53,62.59,1003.00,127.61,1322,3.226,90200,5.0,11.0,16.0,YES,UNKNOWN_ANALYSIS_IAQ128_VOC3.23ppm,586638.1,26,0.3,0.161,400
2026-07-30 09:05:59,30.53,62.59,1003.00,127.61,1322,3.226,90200,5.0,8.0,14.0,YES,UNKNOWN_ANALYSIS_IAQ128_VOC3.23ppm,586648.6,26,0.3,0.161,400
2026-07-30 09:06:09,30.53,62.59,1003.00,127.61,1322,3.226,90200,6.0,8.0,11.0,YES,UNKNOWN_ANALYSIS_IAQ128_VOC3.23ppm,586659.0,26,0.3,0.161,400
2026-07-30 09:06:18,30.53,62.59,1003.00,127.61,1322,3.226,90200,6.0,9.0,11.0,YES,UNKNOWN_ANALYSIS_IAQ128_VOC3.23ppm,586668.5,26,0.3,0.161,400
2026-07-30 09:06:29,30.53,62.59,1003.00,127.61,1322,3.226,90200,7.0,12.0,13.0,YES,UNKNOWN_ANALYSIS_IAQ128_VOC3.23ppm,586678.9,26,0.3,0.161,400
2026-07-30 09:06:38,30.53,62.59,1003.00,127.61,1322,3.226,90200,6.0,11.0,12.0,YES,UNKNOWN_ANALYSIS_IAQ128_VOC3.23ppm,586688.3,26,0.3,0.161,400
📊 Z-scores: IAQ=85.86 VOC=101117000.00 CO2=0.00 GasDrop=1056.14
2026-07-30 09:06:49,30.53,62.59,1003.00,127.61,1322,3.226,90200,6.0,12.0,12.0,YES,UNKNOWN_ANALYSIS_IAQ128_VOC3.23ppm,586698.8,26,0.3,0.161,400
2026-07-30 09:06:58,30.53,62.59,1003.00,127.61,1322,3.226,90200,4.0,12.0,12.0,YES,UNKNOWN_ANALYSIS_IAQ128_VOC3.23ppm,586708.2,26,0.3,0.161,400
2026-07-30 09:07:09,30.53,62.59,1003.00,127.61,1322,3.226,90200,5.0,9.0,9.0,YES,UNKNOWN_ANALYSIS_IAQ128_VOC3.23ppm,586718.6,26,0.3,0.161,400
2026-07-30 09:07:19,30.53,62.59,1003.00,127.61,1322,3.226,90200,5.0,9.0,10.0,YES,UNKNOWN_ANALYSIS_IAQ128_VOC3.23ppm,586729.1,26,0.3,0.161,400
2026-07-30 09:07:28,30.53,62.59,1003.00,127.61,1322,3.226,90200,5.0,9.0,12.0,YES,UNKNOWN_ANALYSIS_IAQ128_VOC3.23ppm,586738.5,26,0.3,0.161,400
2026-07-30 09:07:39,30.53,62.59,1003.00,127.61,1322,3.226,90200,5.0,10.0,12.0,YES,UNKNOWN_ANALYSIS_IAQ128_VOC3.23ppm,586748.9,26,0.3,0.161,400
2026-07-30 09:07:48,30.53,62.59,1003.00,127.61,1322,3.226,90200,6.0,11.0,13.0,YES,UNKNOWN_ANALYSIS_IAQ128_VOC3.23ppm,586758.3,26,0.3,0.161,400
📊 Z-scores: IAQ=85.86 VOC=101117000.00 CO2=0.00 GasDrop=1056.14
2026-07-30 09:07:59,30.53,62.59,1003.00,127.61,1322,3.226,90200,5.0,9.0,12.0,YES,UNKNOWN_ANALYSIS_IAQ128_VOC3.23ppm,586768.8,26,0.3,0.161,400
2026-07-30 09:08:09,30.53,62.59,1003.00,127.61,1322,3.226,90200,6.0,11.0,13.0,YES,UNKNOWN_ANALYSIS_IAQ128_VOC3.23ppm,586779.2,26,0.3,0.161,400
2026-07-30 09:08:19,30.53,62.59,1003.00,127.61,1322,3.226,90200,5.0,10.0,14.0,YES,UNKNOWN_ANALYSIS_IAQ128_VOC3.23ppm,586788.6,26,0.3,0.161,400
2026-07-30 09:08:29,30.53,62.59,1003.00,127.61,1322,3.226,90200,5.0,7.0,12.0,YES,UNKNOWN_ANALYSIS_IAQ128_VOC3.23ppm,586799.1,26,0.3,0.161,400
2026-07-30 09:08:38,30.53,62.59,1003.00,127.61,1322,3.226,90200,6.0,10.0,12.0,YES,UNKNOWN_ANALYSIS_IAQ128_VOC3.23ppm,586808.5,26,0.3,0.161,400
2026-07-30 09:08:49,30.53,62.59,1003.00,127.61,1322,3.226,90200,7.0,12.0,13.0,YES,UNKNOWN_ANALYSIS_IAQ128_VOC3.23ppm,586818.9,26,0.3,0.161,400
2026-07-30 09:08:58,30.53,62.59,1003.00,127.61,1322,3.226,90200,7.0,13.0,13.0,YES,UNKNOWN_ANALYSIS_IAQ128_VOC3.23ppm,586828.3,26,0.3,0.161,400
📊 Z-scores: IAQ=82.24 VOC=87680096.00 CO2=0.00 GasDrop=1048.32
2026-07-30 09:09:09,30.47,62.62,1003.00,122.24,1263,2.819,91200,6.0,11.0,12.0,YES,UNKNOWN_ANALYSIS_IAQ122_VOC2.82ppm,586838.8,26,0.3,0.161,400
2026-07-30 09:09:19,30.47,62.62,1003.00,122.24,1263,2.819,91200,4.0,8.0,9.0,YES,UNKNOWN_ANALYSIS_IAQ122_VOC2.82ppm,586849.2,26,0.3,0.161,400
2026-07-30 09:09:29,30.47,62.62,1003.00,122.24,1263,2.819,91200,5.0,9.0,9.0,YES,UNKNOWN_ANALYSIS_IAQ122_VOC2.82ppm,586858.6,26,0.3,0.161,400
2026-07-30 09:09:39,30.47,62.62,1003.00,122.24,1263,2.819,91200,5.0,8.0,8.0,YES,UNKNOWN_ANALYSIS_IAQ122_VOC2.82ppm,586869.1,26,0.3,0.161,400
2026-07-30 09:09:48,30.47,62.62,1003.00,122.24,1263,2.819,91200,6.0,9.0,9.0,YES,UNKNOWN_ANALYSIS_IAQ122_VOC2.82ppm,586878.5,26,0.3,0.161,400
2026-07-30 09:09:59,30.47,62.62,1003.00,122.24,1263,2.819,91200,6.0,10.0,10.0,YES,UNKNOWN_ANALYSIS_IAQ122_VOC2.82ppm,586889.0,26,0.3,0.161,400
PMS7003: Timeout error
📊 Z-scores: IAQ=82.24 VOC=87680096.00 CO2=0.00 GasDrop=1048.32
2026-07-30 09:10:09,30.47,62.62,1003.00,122.24,1263,2.819,91200,6.0,10.0,10.0,YES,UNKNOWN_ANALYSIS_IAQ122_VOC2.82ppm,586899.4,26,0.3,0.161,400
2026-07-30 09:10:19,30.47,62.62,1003.00,122.24,1263,2.819,91200,6.0,9.0,10.0,YES,UNKNOWN_ANALYSIS_IAQ122_VOC2.82ppm,586908.8,26,0.3,0.161,400
2026-07-30 09:10:29,30.47,62.62,1003.00,122.24,1263,2.819,91200,6.0,9.0,12.0,YES,UNKNOWN_ANALYSIS_IAQ122_VOC2.82ppm,586919.3,26,0.3,0.161,400
2026-07-30 09:10:39,30.47,62.62,1003.00,122.24,1263,2.819,91200,4.0,8.0,9.0,YES,UNKNOWN_ANALYSIS_IAQ122_VOC2.82ppm,586928.7,26,0.3,0.161,400
2026-07-30 09:10:49,30.47,62.62,1003.00,122.24,1263,2.819,91200,5.0,8.0,8.0,YES,UNKNOWN_ANALYSIS_IAQ122_VOC2.82ppm,586939.1,26,0.3,0.161,400
2026-07-30 09:10:58,30.47,62.62,1003.00,122.24,1263,2.819,91200,6.0,9.0,9.0,YES,UNKNOWN_ANALYSIS_IAQ122_VOC2.82ppm,586948.5,26,0.3,0.161,400
2026-07-30 09:11:09,30.47,62.62,1003.00,122.24,1263,2.819,91200,5.0,7.0,7.0,YES,UNKNOWN_ANALYSIS_IAQ122_VOC2.82ppm,586959.0,26,0.3,0.161,400
📊 Z-scores: IAQ=82.24 VOC=87680096.00 CO2=0.00 GasDrop=1048.32
2026-07-30 09:11:19,30.47,62.62,1003.00,122.24,1263,2.819,91200,6.0,11.0,11.0,YES,UNKNOWN_ANALYSIS_IAQ122_VOC2.82ppm,586969.4,26,0.3,0.161,400
2026-07-30 09:11:29,30.47,62.62,1003.00,122.24,1263,2.819,91200,7.0,11.0,11.0,YES,UNKNOWN_ANALYSIS_IAQ122_VOC2.82ppm,586978.8,26,0.3,0.161,400
2026-07-30 09:11:39,30.47,62.62,1003.00,122.24,1263,2.819,91200,5.0,9.0,10.0,YES,UNKNOWN_ANALYSIS_IAQ122_VOC2.82ppm,586989.3,26,0.3,0.161,400
2026-07-30 09:11:49,30.47,62.62,1003.00,122.24,1263,2.819,91200,6.0,9.0,11.0,YES,UNKNOWN_ANALYSIS_IAQ122_VOC2.82ppm,586998.7,26,0.3,0.161,400
2026-07-30 09:11:59,30.47,62.62,1003.00,122.24,1263,2.819,91200,6.0,9.0,11.0,YES,UNKNOWN_ANALYSIS_IAQ122_VOC2.82ppm,587009.2,26,0.3,0.161,400
2026-07-30 09:12:09,30.47,62.62,1003.00,122.24,1263,2.819,91200,6.0,9.0,9.0,YES,UNKNOWN_ANALYSIS_IAQ122_VOC2.82ppm,587018.6,26,0.3,0.161,400
2026-07-30 09:12:19,30.47,62.62,1003.00,122.24,1263,2.819,91200,6.0,9.0,10.0,YES,UNKNOWN_ANALYSIS_IAQ122_VOC2.82ppm,587029.0,26,0.3,0.161,400
📊 Z-scores: IAQ=82.24 VOC=87680096.00 CO2=0.00 GasDrop=1048.32
2026-07-30 09:12:29,30.47,62.62,1003.00,122.24,1263,2.819,91200,6.0,9.0,10.0,YES,UNKNOWN_ANALYSIS_IAQ122_VOC2.82ppm,587039.5,26,0.3,0.161,400
2026-07-30 09:12:39,30.47,62.62,1003.00,122.24,1263,2.819,91200,6.0,10.0,11.0,YES,UNKNOWN_ANALYSIS_IAQ122_VOC2.82ppm,587048.9,26,0.3,0.161,400
2026-07-30 09:12:49,30.47,62.62,1003.00,122.24,1263,2.819,91200,6.0,10.0,12.0,YES,UNKNOWN_ANALYSIS_IAQ122_VOC2.82ppm,587059.3,26,0.3,0.161,400
2026-07-30 09:12:59,30.47,62.62,1003.00,122.24,1263,2.819,91200,6.0,10.0,14.0,YES,UNKNOWN_ANALYSIS_IAQ122_VOC2.82ppm,587068.7,26,0.3,0.161,400
2026-07-30 09:13:09,30.47,62.62,1003.00,122.24,1263,2.819,91200,5.0,9.0,14.0,YES,UNKNOWN_ANALYSIS_IAQ122_VOC2.82ppm,587079.2,26,0.3,0.161,400
2026-07-30 09:13:19,30.47,62.62,1003.00,122.24,1263,2.819,91200,4.0,9.0,13.0,YES,UNKNOWN_ANALYSIS_IAQ122_VOC2.82ppm,587088.6,26,0.3,0.161,400
2026-07-30 09:13:29,30.47,62.62,1003.00,122.24,1263,2.819,91200,5.0,7.0,10.0,YES,UNKNOWN_ANALYSIS_IAQ122_VOC2.82ppm,587099.1,26,0.3,0.161,400
📊 Z-scores: IAQ=82.24 VOC=87680096.00 CO2=0.00 GasDrop=1048.32
2026-07-30 09:13:39,30.47,62.62,1003.00,122.24,1263,2.819,91200,6.0,10.0,11.0,YES,UNKNOWN_ANALYSIS_IAQ122_VOC2.82ppm,587109.5,26,0.3,0.161,400
2026-07-30 09:13:49,30.47,62.62,1003.00,122.24,1263,2.819,91200,6.0,11.0,12.0,YES,UNKNOWN_ANALYSIS_IAQ122_VOC2.82ppm,587118.9,26,0.3,0.161,400
2026-07-30 09:13:59,30.47,62.62,1003.00,122.24,1263,2.819,91200,6.0,10.0,11.0,YES,UNKNOWN_ANALYSIS_IAQ122_VOC2.82ppm,587129.4,26,0.3,0.161,400
2026-07-30 09:14:09,30.47,62.61,1003.00,114.99,1184,2.357,92400,5.0,10.0,11.0,YES,UNKNOWN_ANALYSIS_IAQ115_VOC2.36ppm,587138.8,26,0.3,0.161,400
2026-07-30 09:14:19,30.47,62.61,1003.00,114.99,1184,2.357,92400,5.0,9.0,11.0,YES,UNKNOWN_ANALYSIS_IAQ115_VOC2.36ppm,587149.2,26,0.3,0.161,400
2026-07-30 09:14:29,30.47,62.61,1003.00,114.99,1184,2.357,92400,6.0,10.0,11.0,YES,UNKNOWN_ANALYSIS_IAQ115_VOC2.36ppm,587158.6,26,0.3,0.161,400
2026-07-30 09:14:39,30.47,62.61,1003.00,114.99,1184,2.357,92400,7.0,10.0,14.0,YES,UNKNOWN_ANALYSIS_IAQ115_VOC2.36ppm,587169.1,26,0.3,0.161,400
📊 Z-scores: IAQ=77.36 VOC=72449472.00 CO2=0.00 GasDrop=1038.93
2026-07-30 09:14:49,30.47,62.61,1003.00,114.99,1184,2.357,92400,7.0,11.0,15.0,YES,UNKNOWN_ANALYSIS_IAQ115_VOC2.36ppm,587179.5,26,0.3,0.161,400
2026-07-30 09:14:59,30.47,62.61,1003.00,114.99,1184,2.357,92400,7.0,11.0,15.0,YES,UNKNOWN_ANALYSIS_IAQ115_VOC2.36ppm,587188.9,26,0.3,0.161,400
2026-07-30 09:15:09,30.47,62.61,1003.00,114.99,1184,2.357,92400,6.0,10.0,15.0,YES,UNKNOWN_ANALYSIS_IAQ115_VOC2.36ppm,587199.4,26,0.3,0.161,400
2026-07-30 09:15:19,30.47,62.61,1003.00,114.99,1184,2.357,92400,5.0,10.0,14.0,YES,UNKNOWN_ANALYSIS_IAQ115_VOC2.36ppm,587208.8,26,0.3,0.161,400
2026-07-30 09:15:29,30.47,62.61,1003.00,114.99,1184,2.357,92400,6.0,11.0,15.0,YES,UNKNOWN_ANALYSIS_IAQ115_VOC2.36ppm,587219.2,26,0.3,0.161,400
2026-07-30 09:15:40,30.47,62.61,1003.00,114.99,1184,2.357,92400,7.0,14.0,16.0,YES,UNKNOWN_ANALYSIS_IAQ115_VOC2.36ppm,587229.7,26,0.3,0.161,400
2026-07-30 09:15:49,30.47,62.61,1003.00,114.99,1184,2.357,92400,6.0,15.0,16.0,YES,UNKNOWN_ANALYSIS_IAQ115_VOC2.36ppm,587239.1,26,0.3,0.161,400
📊 Z-scores: IAQ=77.36 VOC=72449472.00 CO2=0.00 GasDrop=1038.93
2026-07-30 09:15:59,30.47,62.61,1003.00,114.99,1184,2.357,92400,5.0,13.0,15.0,YES,UNKNOWN_ANALYSIS_IAQ115_VOC2.36ppm,587249.5,26,0.3,0.161,400
2026-07-30 09:16:09,30.47,62.61,1003.00,114.99,1184,2.357,92400,5.0,12.0,14.0,YES,UNKNOWN_ANALYSIS_IAQ115_VOC2.36ppm,587258.9,26,0.3,0.161,400
2026-07-30 09:16:19,30.47,62.61,1003.00,114.99,1184,2.357,92400,6.0,11.0,13.0,YES,UNKNOWN_ANALYSIS_IAQ115_VOC2.36ppm,587269.4,26,0.3,0.161,400
PMS7003: Timeout error
2026-07-30 09:16:30,30.47,62.61,1003.00,114.99,1184,2.357,92400,6.0,11.0,13.0,YES,UNKNOWN_ANALYSIS_IAQ115_VOC2.36ppm,587279.8,26,0.3,0.161,400
2026-07-30 09:16:39,30.47,62.61,1003.00,114.99,1184,2.357,92400,5.0,10.0,14.0,YES,UNKNOWN_ANALYSIS_IAQ115_VOC2.36ppm,587289.2,26,0.3,0.161,400
2026-07-30 09:16:50,30.47,62.61,1003.00,114.99,1184,2.357,92400,7.0,10.0,13.0,YES,UNKNOWN_ANALYSIS_IAQ115_VOC2.36ppm,587299.7,26,0.3,0.161,400
2026-07-30 09:16:59,30.47,62.61,1003.00,114.99,1184,2.357,92400,7.0,10.0,14.0,YES,UNKNOWN_ANALYSIS_IAQ115_VOC2.36ppm,587309.1,26,0.3,0.161,400
📊 Z-scores: IAQ=77.36 VOC=72449472.00 CO2=0.00 GasDrop=1038.93
2026-07-30 09:17:09,30.47,62.61,1003.00,114.99,1184,2.357,92400,6.0,9.0,12.0,YES,UNKNOWN_ANALYSIS_IAQ115_VOC2.36ppm,587319.5,26,0.3,0.161,400
2026-07-30 09:17:20,30.47,62.61,1003.00,114.99,1184,2.357,92400,7.0,12.0,15.0,YES,UNKNOWN_ANALYSIS_IAQ115_VOC2.36ppm,587330.0,26,0.3,0.161,400
2026-07-30 09:17:29,30.47,62.61,1003.00,114.99,1184,2.357,92400,6.0,11.0,15.0,YES,UNKNOWN_ANALYSIS_IAQ115_VOC2.36ppm,587339.4,26,0.3,0.161,400
2026-07-30 09:17:40,30.47,62.61,1003.00,114.99,1184,2.357,92400,5.0,9.0,11.0,YES,UNKNOWN_ANALYSIS_IAQ115_VOC2.36ppm,587349.8,26,0.3,0.161,400
2026-07-30 09:17:49,30.47,62.61,1003.00,114.99,1184,2.357,92400,5.0,8.0,9.0,YES,UNKNOWN_ANALYSIS_IAQ115_VOC2.36ppm,587359.2,26,0.3,0.161,400
2026-07-30 09:18:00,30.47,62.61,1003.00,114.99,1184,2.357,92400,7.0,10.0,11.0,YES,UNKNOWN_ANALYSIS_IAQ115_VOC2.36ppm,587369.7,26,0.3,0.161,400
PMS7003: Timeout error
📊 Z-scores: IAQ=77.36 VOC=72449472.00 CO2=0.00 GasDrop=1038.93
2026-07-30 09:18:10,30.47,62.61,1003.00,114.99,1184,2.357,92400,7.0,10.0,11.0,YES,UNKNOWN_ANALYSIS_IAQ115_VOC2.36ppm,587380.1,26,0.3,0.161,400
2026-07-30 09:18:19,30.47,62.61,1003.00,114.99,1184,2.357,92400,5.0,10.0,14.0,YES,UNKNOWN_ANALYSIS_IAQ115_VOC2.36ppm,587389.5,26,0.3,0.161,400
2026-07-30 09:18:30,30.47,62.61,1003.00,114.99,1184,2.357,92400,6.0,10.0,16.0,YES,UNKNOWN_ANALYSIS_IAQ115_VOC2.36ppm,587400.0,26,0.3,0.161,400
2026-07-30 09:18:39,30.47,62.61,1003.00,114.99,1184,2.357,92400,6.0,10.0,17.0,YES,UNKNOWN_ANALYSIS_IAQ115_VOC2.36ppm,587409.4,26,0.3,0.161,400
2026-07-30 09:18:50,30.47,62.61,1003.00,114.99,1184,2.357,92400,6.0,10.0,15.0,YES,UNKNOWN_ANALYSIS_IAQ115_VOC2.36ppm,587419.8,26,0.3,0.161,400
2026-07-30 09:18:59,30.47,62.61,1003.00,114.99,1184,2.357,92400,5.0,9.0,12.0,YES,UNKNOWN_ANALYSIS_IAQ115_VOC2.36ppm,587429.2,26,0.3,0.161,400
2026-07-30 09:19:10,30.46,62.61,1003.00,106.13,1089,1.899,93900,6.0,10.0,13.0,YES,UNKNOWN_ANALYSIS_IAQ106_VOC1.90ppm,587439.7,26,0.3,0.161,400
📊 Z-scores: IAQ=71.38 VOC=57339308.00 CO2=0.00 GasDrop=1027.19
2026-07-30 09:19:20,30.46,62.61,1003.00,106.13,1089,1.899,93900,6.0,10.0,13.0,YES,UNKNOWN_ANALYSIS_IAQ106_VOC1.90ppm,587450.1,26,0.3,0.161,400
2026-07-30 09:19:30,30.46,62.61,1003.00,106.13,1089,1.899,93900,8.0,13.0,15.0,YES,UNKNOWN_ANALYSIS_IAQ106_VOC1.90ppm,587459.6,26,0.3,0.161,400
2026-07-30 09:19:40,30.46,62.61,1003.00,106.13,1089,1.899,93900,7.0,13.0,14.0,YES,UNKNOWN_ANALYSIS_IAQ106_VOC1.90ppm,587470.0,26,0.3,0.161,400
2026-07-30 09:19:49,30.46,62.61,1003.00,106.13,1089,1.899,93900,7.0,14.0,15.0,YES,UNKNOWN_ANALYSIS_IAQ106_VOC1.90ppm,587479.4,26,0.3,0.161,400
2026-07-30 09:20:00,30.46,62.61,1003.00,106.13,1089,1.899,93900,7.0,15.0,17.0,YES,UNKNOWN_ANALYSIS_IAQ106_VOC1.90ppm,587489.9,26,0.3,0.161,400
2026-07-30 09:20:10,30.46,62.61,1003.00,106.13,1089,1.899,93900,7.0,14.0,17.0,YES,UNKNOWN_ANALYSIS_IAQ106_VOC1.90ppm,587500.3,26,0.3,0.161,400
2026-07-30 09:20:20,30.46,62.61,1003.00,106.13,1089,1.899,93900,6.0,12.0,16.0,YES,UNKNOWN_ANALYSIS_IAQ106_VOC1.90ppm,587509.7,26,0.3,0.161,400
📊 Z-scores: IAQ=71.38 VOC=57339308.00 CO2=0.00 GasDrop=1027.19
2026-07-30 09:20:30,30.46,62.61,1003.00,106.13,1089,1.899,93900,7.0,10.0,14.0,YES,UNKNOWN_ANALYSIS_IAQ106_VOC1.90ppm,587520.2,26,0.3,0.161,400
2026-07-30 09:20:40,30.46,62.61,1003.00,106.13,1089,1.899,93900,6.0,10.0,14.0,YES,UNKNOWN_ANALYSIS_IAQ106_VOC1.90ppm,587529.6,26,0.3,0.161,400
2026-07-30 09:20:50,30.46,62.61,1003.00,106.13,1089,1.899,93900,7.0,10.0,17.0,YES,UNKNOWN_ANALYSIS_IAQ106_VOC1.90ppm,587540.0,26,0.3,0.161,400
PMS7003: Timeout error
2026-07-30 09:21:00,30.46,62.61,1003.00,106.13,1089,1.899,93900,7.0,10.0,17.0,YES,UNKNOWN_ANALYSIS_IAQ106_VOC1.90ppm,587550.4,26,0.3,0.161,400
2026-07-30 09:21:10,30.46,62.61,1003.00,106.13,1089,1.899,93900,6.0,9.0,16.0,YES,UNKNOWN_ANALYSIS_IAQ106_VOC1.90ppm,587559.9,26,0.3,0.161,400
2026-07-30 09:21:20,30.46,62.61,1003.00,106.13,1089,1.899,93900,7.0,10.0,16.0,YES,UNKNOWN_ANALYSIS_IAQ106_VOC1.90ppm,587570.3,26,0.3,0.161,400
2026-07-30 09:21:30,30.46,62.61,1003.00,106.13,1089,1.899,93900,6.0,9.0,13.0,YES,UNKNOWN_ANALYSIS_IAQ106_VOC1.90ppm,587579.7,26,0.3,0.161,400
📊 Z-scores: IAQ=71.38 VOC=57339308.00 CO2=0.00 GasDrop=1027.19
2026-07-30 09:21:40,30.46,62.61,1003.00,106.13,1089,1.899,93900,7.0,12.0,17.0,YES,UNKNOWN_ANALYSIS_IAQ106_VOC1.90ppm,587590.2,26,0.3,0.161,400
2026-07-30 09:21:50,30.46,62.61,1003.00,106.13,1089,1.899,93900,5.0,12.0,15.0,YES,UNKNOWN_ANALYSIS_IAQ106_VOC1.90ppm,587599.6,26,0.3,0.161,400
2026-07-30 09:22:00,30.46,62.61,1003.00,106.13,1089,1.899,93900,5.0,12.0,17.0,YES,UNKNOWN_ANALYSIS_IAQ106_VOC1.90ppm,587610.0,26,0.3,0.161,400
2026-07-30 09:22:10,30.46,62.61,1003.00,106.13,1089,1.899,93900,6.0,12.0,18.0,YES,UNKNOWN_ANALYSIS_IAQ106_VOC1.90ppm,587620.5,26,0.3,0.161,400
2026-07-30 09:22:20,30.46,62.61,1003.00,106.13,1089,1.899,93900,6.0,13.0,19.0,YES,UNKNOWN_ANALYSIS_IAQ106_VOC1.90ppm,587629.9,26,0.3,0.161,400
2026-07-30 09:22:30,30.46,62.61,1003.00,106.13,1089,1.899,93900,5.0,12.0,18.0,YES,UNKNOWN_ANALYSIS_IAQ106_VOC1.90ppm,587640.3,26,0.3,0.161,400
2026-07-30 09:22:40,30.46,62.61,1003.00,106.13,1089,1.899,93900,6.0,13.0,18.0,YES,UNKNOWN_ANALYSIS_IAQ106_VOC1.90ppm,587649.7,26,0.3,0.161,400
📊 Z-scores: IAQ=71.38 VOC=57339308.00 CO2=0.00 GasDrop=1027.19
2026-07-30 09:22:50,30.46,62.61,1003.00,106.13,1089,1.899,93900,6.0,11.0,16.0,YES,UNKNOWN_ANALYSIS_IAQ106_VOC1.90ppm,587660.2,26,0.3,0.161,400
2026-07-30 09:23:00,30.46,62.61,1003.00,106.13,1089,1.899,93900,7.0,12.0,15.0,YES,UNKNOWN_ANALYSIS_IAQ106_VOC1.90ppm,587669.6,26,0.3,0.161,400
2026-07-30 09:23:10,30.46,62.61,1003.00,106.13,1089,1.899,93900,6.0,10.0,14.0,YES,UNKNOWN_ANALYSIS_IAQ106_VOC1.90ppm,587680.1,26,0.3,0.161,400
2026-07-30 09:23:20,30.46,62.61,1003.00,106.13,1089,1.899,93900,7.0,10.0,14.0,YES,UNKNOWN_ANALYSIS_IAQ106_VOC1.90ppm,587690.5,26,0.3,0.161,400
2026-07-30 09:23:30,30.46,62.61,1003.00,106.13,1089,1.899,93900,6.0,11.0,15.0,YES,UNKNOWN_ANALYSIS_IAQ106_VOC1.90ppm,587699.9,26,0.3,0.161,400
2026-07-30 09:23:40,30.46,62.61,1003.00,106.13,1089,1.899,93900,6.0,13.0,17.0,YES,UNKNOWN_ANALYSIS_IAQ106_VOC1.90ppm,587710.4,26,0.3,0.161,400
2026-07-30 09:23:50,30.46,62.61,1003.00,106.13,1089,1.899,93900,6.0,14.0,17.0,YES,UNKNOWN_ANALYSIS_IAQ106_VOC1.90ppm,587719.8,26,0.3,0.161,400
📊 Z-scores: IAQ=71.38 VOC=57339308.00 CO2=0.00 GasDrop=1027.19
2026-07-30 09:24:00,30.46,62.61,1003.00,106.13,1089,1.899,93900,6.0,13.0,17.0,YES,UNKNOWN_ANALYSIS_IAQ106_VOC1.90ppm,587730.2,26,0.3,0.161,400
2026-07-30 09:24:11,30.43,62.58,1003.00,95.50,975,1.469,95800,6.0,14.0,17.0,YES,UNKNOWN_ANALYSIS_IAQ96_VOC1.47ppm,587740.7,26,0.3,0.161,400
2026-07-30 09:24:20,30.43,62.58,1003.00,95.50,975,1.469,95800,7.0,16.0,19.0,YES,UNKNOWN_ANALYSIS_IAQ96_VOC1.47ppm,587750.1,26,0.3,0.161,400
2026-07-30 09:24:31,30.43,62.58,1003.00,95.50,975,1.469,95800,7.0,13.0,18.0,YES,UNKNOWN_ANALYSIS_IAQ96_VOC1.47ppm,587760.5,26,0.3,0.161,400
2026-07-30 09:24:40,30.43,62.58,1003.00,95.50,975,1.469,95800,8.0,14.0,19.0,YES,UNKNOWN_ANALYSIS_IAQ96_VOC1.47ppm,587769.9,26,0.3,0.161,400
2026-07-30 09:24:50,30.43,62.58,1003.00,95.50,975,1.469,95800,8.0,15.0,18.0,YES,UNKNOWN_ANALYSIS_IAQ96_VOC1.47ppm,587780.4,26,0.3,0.161,400
2026-07-30 09:25:00,30.43,62.58,1003.00,95.50,975,1.469,95800,6.0,13.0,17.0,YES,UNKNOWN_ANALYSIS_IAQ96_VOC1.47ppm,587789.8,26,0.3,0.161,400
📊 Z-scores: IAQ=64.21 VOC=43169804.00 CO2=0.00 GasDrop=1012.32
2026-07-30 09:25:10,30.43,62.58,1003.00,95.50,975,1.469,95800,7.0,14.0,19.0,YES,UNKNOWN_ANALYSIS_IAQ96_VOC1.47ppm,587800.3,26,0.3,0.161,400
2026-07-30 09:25:21,30.43,62.58,1003.00,95.50,975,1.469,95800,5.0,15.0,17.0,YES,UNKNOWN_ANALYSIS_IAQ96_VOC1.47ppm,587810.7,26,0.3,0.161,400
2026-07-30 09:25:30,30.43,62.58,1003.00,95.50,975,1.469,95800,7.0,16.0,18.0,YES,UNKNOWN_ANALYSIS_IAQ96_VOC1.47ppm,587820.1,26,0.3,0.161,400
2026-07-30 09:25:41,30.43,62.58,1003.00,95.50,975,1.469,95800,7.0,15.0,18.0,YES,UNKNOWN_ANALYSIS_IAQ96_VOC1.47ppm,587830.6,26,0.3,0.161,400
2026-07-30 09:25:50,30.43,62.58,1003.00,95.50,975,1.469,95800,7.0,15.0,20.0,YES,UNKNOWN_ANALYSIS_IAQ96_VOC1.47ppm,587840.0,26,0.3,0.161,400
2026-07-30 09:26:00,30.43,62.58,1003.00,95.50,975,1.469,95800,8.0,16.0,20.0,YES,UNKNOWN_ANALYSIS_IAQ96_VOC1.47ppm,587850.4,26,0.3,0.161,400
2026-07-30 09:26:10,30.43,62.58,1003.00,95.50,975,1.469,95800,7.0,15.0,19.0,YES,UNKNOWN_ANALYSIS_IAQ96_VOC1.47ppm,587859.8,26,0.3,0.161,400
📊 Z-scores: IAQ=64.21 VOC=43169804.00 CO2=0.00 GasDrop=1012.32
2026-07-30 09:26:20,30.43,62.58,1003.00,95.50,975,1.469,95800,6.0,14.0,18.0,YES,UNKNOWN_ANALYSIS_IAQ96_VOC1.47ppm,587870.3,26,0.3,0.161,400
2026-07-30 09:26:31,30.43,62.58,1003.00,95.50,975,1.469,95800,7.0,13.0,16.0,YES,UNKNOWN_ANALYSIS_IAQ96_VOC1.47ppm,587880.7,26,0.3,0.161,400
2026-07-30 09:26:40,30.43,62.58,1003.00,95.50,975,1.469,95800,8.0,15.0,16.0,YES,UNKNOWN_ANALYSIS_IAQ96_VOC1.47ppm,587890.2,26,0.3,0.161,400
2026-07-30 09:26:51,30.43,62.58,1003.00,95.50,975,1.469,95800,7.0,12.0,15.0,YES,UNKNOWN_ANALYSIS_IAQ96_VOC1.47ppm,587900.6,26,0.3,0.161,400
2026-07-30 09:27:00,30.43,62.58,1003.00,95.50,975,1.469,95800,8.0,12.0,17.0,YES,UNKNOWN_ANALYSIS_IAQ96_VOC1.47ppm,587910.0,26,0.3,0.161,400
2026-07-30 09:27:10,30.43,62.58,1003.00,95.50,975,1.469,95800,7.0,12.0,17.0,YES,UNKNOWN_ANALYSIS_IAQ96_VOC1.47ppm,587920.5,26,0.3,0.161,400
📊 Z-scores: IAQ=64.21 VOC=43169804.00 CO2=0.00 GasDrop=1012.32
2026-07-30 09:27:21,30.43,62.58,1003.00,95.50,975,1.469,95800,7.0,13.0,17.0,YES,UNKNOWN_ANALYSIS_IAQ96_VOC1.47ppm,587930.9,26,0.3,0.161,400
2026-07-30 09:27:30,30.43,62.58,1003.00,95.50,975,1.469,95800,8.0,13.0,17.0,YES,UNKNOWN_ANALYSIS_IAQ96_VOC1.47ppm,587940.3,26,0.3,0.161,400
2026-07-30 09:27:41,30.43,62.58,1003.00,95.50,975,1.469,95800,8.0,13.0,16.0,YES,UNKNOWN_ANALYSIS_IAQ96_VOC1.47ppm,587950.7,26,0.3,0.161,400
2026-07-30 09:27:50,30.43,62.58,1003.00,95.50,975,1.469,95800,7.0,12.0,15.0,YES,UNKNOWN_ANALYSIS_IAQ96_VOC1.47ppm,587960.1,26,0.3,0.161,400
2026-07-30 09:28:01,30.43,62.58,1003.00,95.50,975,1.469,95800,6.0,12.0,15.0,YES,UNKNOWN_ANALYSIS_IAQ96_VOC1.47ppm,587970.6,26,0.3,0.161,400
2026-07-30 09:28:10,30.43,62.58,1003.00,95.50,975,1.469,95800,7.0,13.0,16.0,YES,UNKNOWN_ANALYSIS_IAQ96_VOC1.47ppm,587980.0,26,0.3,0.161,400
2026-07-30 09:28:20,30.43,62.58,1003.00,95.50,975,1.469,95800,6.0,13.0,16.0,YES,UNKNOWN_ANALYSIS_IAQ96_VOC1.47ppm,587990.5,26,0.3,0.161,400
📊 Z-scores: IAQ=64.21 VOC=43169804.00 CO2=0.00 GasDrop=1012.32
2026-07-30 09:28:31,30.43,62.58,1003.00,95.50,975,1.469,95800,6.0,15.0,19.0,YES,UNKNOWN_ANALYSIS_IAQ96_VOC1.47ppm,588000.9,26,0.3,0.161,400
2026-07-30 09:28:40,30.43,62.58,1003.00,95.50,975,1.469,95800,8.0,17.0,21.0,YES,UNKNOWN_ANALYSIS_IAQ96_VOC1.47ppm,588010.3,26,0.3,0.161,400
2026-07-30 09:28:51,30.43,62.58,1003.00,95.50,975,1.469,95800,7.0,17.0,20.0,YES,UNKNOWN_ANALYSIS_IAQ96_VOC1.47ppm,588020.8,26,0.3,0.161,400
2026-07-30 09:29:00,30.43,62.58,1003.00,95.50,975,1.469,95800,9.0,18.0,20.0,YES,UNKNOWN_ANALYSIS_IAQ96_VOC1.47ppm,588030.2,26,0.3,0.161,400
2026-07-30 09:29:11,30.47,62.53,1003.00,98.66,1007,1.577,95200,7.0,17.0,19.0,YES,UNKNOWN_ANALYSIS_IAQ99_VOC1.58ppm,588040.6,26,0.3,0.161,400
PMS7003: Timeout error
2026-07-30 09:29:21,30.47,62.53,1003.00,98.66,1007,1.577,95200,7.0,17.0,19.0,YES,UNKNOWN_ANALYSIS_IAQ99_VOC1.58ppm,588051.0,26,0.3,0.161,400
2026-07-30 09:29:30,30.47,62.53,1003.00,98.66,1007,1.577,95200,8.0,18.0,19.0,YES,UNKNOWN_ANALYSIS_IAQ99_VOC1.58ppm,588060.5,26,0.3,0.161,400
📊 Z-scores: IAQ=66.34 VOC=46725512.00 CO2=0.00 GasDrop=1017.02
2026-07-30 09:29:41,30.47,62.53,1003.00,98.66,1007,1.577,95200,6.0,18.0,19.0,YES,UNKNOWN_ANALYSIS_IAQ99_VOC1.58ppm,588070.9,26,0.3,0.161,400
2026-07-30 09:29:50,30.47,62.53,1003.00,98.66,1007,1.577,95200,6.0,17.0,18.0,YES,UNKNOWN_ANALYSIS_IAQ99_VOC1.58ppm,588080.3,26,0.3,0.161,400
2026-07-30 09:30:01,30.47,62.53,1003.00,98.66,1007,1.577,95200,9.0,18.0,19.0,YES,UNKNOWN_ANALYSIS_IAQ99_VOC1.58ppm,588090.8,26,0.3,0.161,400
2026-07-30 09:30:10,30.47,62.53,1003.00,98.66,1007,1.577,95200,9.0,18.0,20.0,YES,UNKNOWN_ANALYSIS_IAQ99_VOC1.58ppm,588100.2,26,0.3,0.161,400
2026-07-30 09:30:21,30.47,62.53,1003.00,98.66,1007,1.577,95200,11.0,19.0,20.0,YES,UNKNOWN_ANALYSIS_IAQ99_VOC1.58ppm,588110.7,26,0.3,0.161,400
2026-07-30 09:30:31,30.47,62.53,1003.00,98.66,1007,1.577,95200,10.0,17.0,19.0,YES,UNKNOWN_ANALYSIS_IAQ99_VOC1.58ppm,588121.1,26,0.3,0.161,400
2026-07-30 09:30:40,30.47,62.53,1003.00,98.66,1007,1.577,95200,9.0,18.0,20.0,YES,UNKNOWN_ANALYSIS_IAQ99_VOC1.58ppm,588130.5,26,0.3,0.161,400
📊 Z-scores: IAQ=66.34 VOC=46725512.00 CO2=0.00 GasDrop=1017.02
2026-07-30 09:30:51,30.47,62.53,1003.00,98.66,1007,1.577,95200,8.0,16.0,20.0,YES,UNKNOWN_ANALYSIS_IAQ99_VOC1.58ppm,588141.0,26,0.3,0.161,400
2026-07-30 09:31:00,30.47,62.53,1003.00,98.66,1007,1.577,95200,8.0,16.0,19.0,YES,UNKNOWN_ANALYSIS_IAQ99_VOC1.58ppm,588150.4,26,0.3,0.161,400
2026-07-30 09:31:11,30.47,62.53,1003.00,98.66,1007,1.577,95200,8.0,16.0,19.0,YES,UNKNOWN_ANALYSIS_IAQ99_VOC1.58ppm,588160.8,26,0.3,0.161,400
PMS7003: Timeout error
2026-07-30 09:31:21,30.47,62.53,1003.00,98.66,1007,1.577,95200,8.0,16.0,19.0,YES,UNKNOWN_ANALYSIS_IAQ99_VOC1.58ppm,588171.2,26,0.3,0.161,400
2026-07-30 09:31:31,30.47,62.53,1003.00,98.66,1007,1.577,95200,9.0,18.0,19.0,YES,UNKNOWN_ANALYSIS_IAQ99_VOC1.58ppm,588180.7,26,0.3,0.161,400
2026-07-30 09:31:41,30.47,62.53,1003.00,98.66,1007,1.577,95200,10.0,18.0,19.0,YES,UNKNOWN_ANALYSIS_IAQ99_VOC1.58ppm,588191.1,26,0.3,0.161,400
2026-07-30 09:31:50,30.47,62.53,1003.00,98.66,1007,1.577,95200,9.0,18.0,18.0,YES,UNKNOWN_ANALYSIS_IAQ99_VOC1.58ppm,588200.5,26,0.3,0.161,400
📊 Z-scores: IAQ=66.34 VOC=46725512.00 CO2=0.00 GasDrop=1017.02
2026-07-30 09:32:01,30.47,62.53,1003.00,98.66,1007,1.577,95200,8.0,17.0,17.0,YES,UNKNOWN_ANALYSIS_IAQ99_VOC1.58ppm,588211.0,26,0.3,0.161,400
2026-07-30 09:32:10,30.47,62.53,1003.00,98.66,1007,1.577,95200,10.0,18.0,19.0,YES,UNKNOWN_ANALYSIS_IAQ99_VOC1.58ppm,588220.4,26,0.3,0.161,400
2026-07-30 09:32:21,30.47,62.53,1003.00,98.66,1007,1.577,95200,8.0,17.0,19.0,YES,UNKNOWN_ANALYSIS_IAQ99_VOC1.58ppm,588230.8,26,0.3,0.161,400
2026-07-30 09:32:31,30.47,62.53,1003.00,98.66,1007,1.577,95200,9.0,17.0,19.0,YES,UNKNOWN_ANALYSIS_IAQ99_VOC1.58ppm,588241.3,26,0.3,0.161,400
2026-07-30 09:32:41,30.47,62.53,1003.00,98.66,1007,1.577,95200,9.0,17.0,19.0,YES,UNKNOWN_ANALYSIS_IAQ99_VOC1.58ppm,588250.7,26,0.3,0.161,400
2026-07-30 09:32:51,30.47,62.53,1003.00,98.66,1007,1.577,95200,9.0,18.0,20.0,YES,UNKNOWN_ANALYSIS_IAQ99_VOC1.58ppm,588261.1,26,0.3,0.161,400
2026-07-30 09:33:01,30.47,62.53,1003.00,98.66,1007,1.577,95200,7.0,16.0,20.0,YES,UNKNOWN_ANALYSIS_IAQ99_VOC1.58ppm,588270.5,26,0.3,0.161,400
📊 Z-scores: IAQ=66.34 VOC=46725512.00 CO2=0.00 GasDrop=1017.02
2026-07-30 09:33:11,30.47,62.53,1003.00,98.66,1007,1.577,95200,8.0,16.0,20.0,YES,UNKNOWN_ANALYSIS_IAQ99_VOC1.58ppm,588281.0,26,0.3,0.161,400
2026-07-30 09:33:21,30.47,62.53,1003.00,98.66,1007,1.577,95200,8.0,16.0,19.0,YES,UNKNOWN_ANALYSIS_IAQ99_VOC1.58ppm,588291.4,26,0.3,0.161,400
2026-07-30 09:33:31,30.47,62.53,1003.00,98.66,1007,1.577,95200,7.0,15.0,18.0,YES,UNKNOWN_ANALYSIS_IAQ99_VOC1.58ppm,588300.8,26,0.3,0.161,400
2026-07-30 09:33:41,30.47,62.53,1003.00,98.66,1007,1.577,95200,9.0,18.0,20.0,YES,UNKNOWN_ANALYSIS_IAQ99_VOC1.58ppm,588311.3,26,0.3,0.161,400
2026-07-30 09:33:51,30.47,62.53,1003.00,98.66,1007,1.577,95200,9.0,17.0,20.0,YES,UNKNOWN_ANALYSIS_IAQ99_VOC1.58ppm,588320.7,26,0.3,0.161,400
2026-07-30 09:34:01,30.47,62.53,1003.00,98.66,1007,1.577,95200,8.0,17.0,20.0,YES,UNKNOWN_ANALYSIS_IAQ99_VOC1.58ppm,588331.1,26,0.3,0.161,400
📊 Z-scores: IAQ=71.88 VOC=57570576.00 CO2=0.00 GasDrop=1027.97
2026-07-30 09:34:12,30.48,62.53,1003.00,106.88,1090,1.906,93800,7.0,16.0,18.0,YES,UNKNOWN_ANALYSIS_IAQ107_VOC1.91ppm,588341.6,26,0.3,0.161,400
2026-07-30 09:34:21,30.48,62.53,1003.00,106.88,1090,1.906,93800,8.0,16.0,17.0,YES,UNKNOWN_ANALYSIS_IAQ107_VOC1.91ppm,588351.0,26,0.3,0.161,400
2026-07-30 09:34:31,30.48,62.53,1003.00,106.88,1090,1.906,93800,9.0,17.0,18.0,YES,UNKNOWN_ANALYSIS_IAQ107_VOC1.91ppm,588361.4,26,0.3,0.161,400
2026-07-30 09:34:41,30.48,62.53,1003.00,106.88,1090,1.906,93800,8.0,16.0,19.0,YES,UNKNOWN_ANALYSIS_IAQ107_VOC1.91ppm,588370.8,26,0.3,0.161,400
2026-07-30 09:34:51,30.48,62.53,1003.00,106.88,1090,1.906,93800,9.0,18.0,19.0,YES,UNKNOWN_ANALYSIS_IAQ107_VOC1.91ppm,588381.3,26,0.3,0.161,400
2026-07-30 09:35:01,30.48,62.53,1003.00,106.88,1090,1.906,93800,10.0,18.0,22.0,YES,UNKNOWN_ANALYSIS_IAQ107_VOC1.91ppm,588390.7,26,0.3,0.161,400
2026-07-30 09:35:11,30.48,62.53,1003.00,106.88,1090,1.906,93800,8.0,17.0,19.0,YES,UNKNOWN_ANALYSIS_IAQ107_VOC1.91ppm,588401.1,26,0.3,0.161,400
📊 Z-scores: IAQ=71.88 VOC=57570576.00 CO2=0.00 GasDrop=1027.97
2026-07-30 09:35:22,30.48,62.53,1003.00,106.88,1090,1.906,93800,9.0,17.0,19.0,YES,UNKNOWN_ANALYSIS_IAQ107_VOC1.91ppm,588411.6,26,0.3,0.161,400
2026-07-30 09:35:31,30.48,62.53,1003.00,106.88,1090,1.906,93800,9.0,18.0,19.0,YES,UNKNOWN_ANALYSIS_IAQ107_VOC1.91ppm,588421.0,26,0.3,0.161,400
2026-07-30 09:35:41,30.48,62.53,1003.00,106.88,1090,1.906,93800,9.0,18.0,20.0,YES,UNKNOWN_ANALYSIS_IAQ107_VOC1.91ppm,588431.4,26,0.3,0.161,400
2026-07-30 09:35:51,30.48,62.53,1003.00,106.88,1090,1.906,93800,8.0,18.0,19.0,YES,UNKNOWN_ANALYSIS_IAQ107_VOC1.91ppm,588440.8,26,0.3,0.161,400
2026-07-30 09:36:01,30.48,62.53,1003.00,106.88,1090,1.906,93800,7.0,16.0,17.0,YES,UNKNOWN_ANALYSIS_IAQ107_VOC1.91ppm,588451.3,26,0.3,0.161,400
2026-07-30 09:36:12,30.48,62.53,1003.00,106.88,1090,1.906,93800,9.0,17.0,18.0,YES,UNKNOWN_ANALYSIS_IAQ107_VOC1.91ppm,588461.7,26,0.3,0.161,400
2026-07-30 09:36:21,30.48,62.53,1003.00,106.88,1090,1.906,93800,8.0,16.0,19.0,YES,UNKNOWN_ANALYSIS_IAQ107_VOC1.91ppm,588471.2,26,0.3,0.161,400
📊 Z-scores: IAQ=71.88 VOC=57570576.00 CO2=0.00 GasDrop=1027.97
2026-07-30 09:36:32,30.48,62.53,1003.00,106.88,1090,1.906,93800,7.0,17.0,18.0,YES,UNKNOWN_ANALYSIS_IAQ107_VOC1.91ppm,588481.6,26,0.3,0.161,400
2026-07-30 09:36:41,30.48,62.53,1003.00,106.88,1090,1.906,93800,7.0,19.0,20.0,YES,UNKNOWN_ANALYSIS_IAQ107_VOC1.91ppm,588491.0,26,0.3,0.161,400
2026-07-30 09:36:51,30.48,62.53,1003.00,106.88,1090,1.906,93800,7.0,18.0,18.0,YES,UNKNOWN_ANALYSIS_IAQ107_VOC1.91ppm,588501.5,26,0.3,0.161,400
PMS7003: Timeout error
2026-07-30 09:37:02,30.48,62.53,1003.00,106.88,1090,1.906,93800,7.0,18.0,18.0,YES,UNKNOWN_ANALYSIS_IAQ107_VOC1.91ppm,588511.9,26,0.3,0.161,400
2026-07-30 09:37:11,30.48,62.53,1003.00,106.88,1090,1.906,93800,8.0,18.0,18.0,YES,UNKNOWN_ANALYSIS_IAQ107_VOC1.91ppm,588521.3,26,0.3,0.161,400
2026-07-30 09:37:22,30.48,62.53,1003.00,106.88,1090,1.906,93800,8.0,17.0,17.0,YES,UNKNOWN_ANALYSIS_IAQ107_VOC1.91ppm,588531.8,26,0.3,0.161,400
2026-07-30 09:37:31,30.48,62.53,1003.00,106.88,1090,1.906,93800,8.0,17.0,17.0,YES,UNKNOWN_ANALYSIS_IAQ107_VOC1.91ppm,588541.2,26,0.3,0.161,400
📊 Z-scores: IAQ=71.88 VOC=57570576.00 CO2=0.00 GasDrop=1027.97
2026-07-30 09:37:42,30.48,62.53,1003.00,106.88,1090,1.906,93800,8.0,17.0,17.0,YES,UNKNOWN_ANALYSIS_IAQ107_VOC1.91ppm,588551.6,26,0.3,0.161,400
2026-07-30 09:37:51,30.48,62.53,1003.00,106.88,1090,1.906,93800,6.0,16.0,17.0,YES,UNKNOWN_ANALYSIS_IAQ107_VOC1.91ppm,588561.0,26,0.3,0.161,400
2026-07-30 09:38:01,30.48,62.53,1003.00,106.88,1090,1.906,93800,7.0,16.0,18.0,YES,UNKNOWN_ANALYSIS_IAQ107_VOC1.91ppm,588571.5,26,0.3,0.161,400
2026-07-30 09:38:12,30.48,62.53,1003.00,106.88,1090,1.906,93800,9.0,18.0,20.0,YES,UNKNOWN_ANALYSIS_IAQ107_VOC1.91ppm,588581.9,26,0.3,0.161,400
2026-07-30 09:38:21,30.48,62.53,1003.00,106.88,1090,1.906,93800,9.0,18.0,19.0,YES,UNKNOWN_ANALYSIS_IAQ107_VOC1.91ppm,588591.3,26,0.3,0.161,400
2026-07-30 09:38:32,30.48,62.53,1003.00,106.88,1090,1.906,93800,9.0,19.0,19.0,YES,UNKNOWN_ANALYSIS_IAQ107_VOC1.91ppm,588601.8,26,0.3,0.161,400
2026-07-30 09:38:41,30.48,62.53,1003.00,106.88,1090,1.906,93800,8.0,18.0,20.0,YES,UNKNOWN_ANALYSIS_IAQ107_VOC1.91ppm,588611.2,26,0.3,0.161,400
📊 Z-scores: IAQ=71.88 VOC=57570576.00 CO2=0.00 GasDrop=1027.97
2026-07-30 09:38:52,30.48,62.53,1003.00,106.88,1090,1.906,93800,7.0,17.0,20.0,YES,UNKNOWN_ANALYSIS_IAQ107_VOC1.91ppm,588621.6,26,0.3,0.161,400
2026-07-30 09:39:01,30.48,62.53,1003.00,106.88,1090,1.906,93800,8.0,17.0,19.0,YES,UNKNOWN_ANALYSIS_IAQ107_VOC1.91ppm,588631.0,26,0.3,0.161,400
2026-07-30 09:39:11,30.45,62.56,1003.00,113.24,1154,2.203,92800,9.0,17.0,18.0,YES,UNKNOWN_ANALYSIS_IAQ113_VOC2.20ppm,588641.5,26,0.3,0.161,400
2026-07-30 09:39:22,30.45,62.56,1003.00,113.24,1154,2.203,92800,9.0,17.0,18.0,YES,UNKNOWN_ANALYSIS_IAQ113_VOC2.20ppm,588651.9,26,0.3,0.161,400
2026-07-30 09:39:31,30.45,62.56,1003.00,113.24,1154,2.203,92800,9.0,17.0,18.0,YES,UNKNOWN_ANALYSIS_IAQ113_VOC2.20ppm,588661.4,26,0.3,0.161,400
2026-07-30 09:39:42,30.45,62.56,1003.00,113.24,1154,2.203,92800,9.0,16.0,18.0,YES,UNKNOWN_ANALYSIS_IAQ113_VOC2.20ppm,588671.8,26,0.3,0.161,400
2026-07-30 09:39:51,30.45,62.56,1003.00,113.24,1154,2.203,92800,7.0,16.0,17.0,YES,UNKNOWN_ANALYSIS_IAQ113_VOC2.20ppm,588681.2,26,0.3,0.161,400
📊 Z-scores: IAQ=76.18 VOC=67358696.00 CO2=0.00 GasDrop=1035.80
2026-07-30 09:40:02,30.45,62.56,1003.00,113.24,1154,2.203,92800,9.0,17.0,18.0,YES,UNKNOWN_ANALYSIS_IAQ113_VOC2.20ppm,588691.7,26,0.3,0.161,400
2026-07-30 09:40:12,30.45,62.56,1003.00,113.24,1154,2.203,92800,10.0,17.0,18.0,YES,UNKNOWN_ANALYSIS_IAQ113_VOC2.20ppm,588702.1,26,0.3,0.161,400
2026-07-30 09:40:21,30.45,62.56,1003.00,113.24,1154,2.203,92800,9.0,18.0,19.0,YES,UNKNOWN_ANALYSIS_IAQ113_VOC2.20ppm,588711.5,26,0.3,0.161,400
2026-07-30 09:40:32,30.45,62.56,1003.00,113.24,1154,2.203,92800,10.0,20.0,22.0,YES,UNKNOWN_ANALYSIS_IAQ113_VOC2.20ppm,588722.0,26,0.3,0.161,400
2026-07-30 09:40:41,30.45,62.56,1003.00,113.24,1154,2.203,92800,10.0,20.0,22.0,YES,UNKNOWN_ANALYSIS_IAQ113_VOC2.20ppm,588731.4,26,0.3,0.161,400
2026-07-30 09:40:52,30.45,62.56,1003.00,113.24,1154,2.203,92800,8.0,18.0,21.0,YES,UNKNOWN_ANALYSIS_IAQ113_VOC2.20ppm,588741.8,26,0.3,0.161,400
PMS7003: Timeout error
📊 Z-scores: IAQ=76.18 VOC=67358696.00 CO2=0.00 GasDrop=1035.80
2026-07-30 09:41:02,30.45,62.56,1003.00,113.24,1154,2.203,92800,8.0,18.0,21.0,YES,UNKNOWN_ANALYSIS_IAQ113_VOC2.20ppm,588752.2,26,0.3,0.161,400
2026-07-30 09:41:12,30.45,62.56,1003.00,113.24,1154,2.203,92800,7.0,18.0,20.0,YES,UNKNOWN_ANALYSIS_IAQ113_VOC2.20ppm,588761.7,26,0.3,0.161,400
2026-07-30 09:41:22,30.45,62.56,1003.00,113.24,1154,2.203,92800,6.0,16.0,18.0,YES,UNKNOWN_ANALYSIS_IAQ113_VOC2.20ppm,588772.1,26,0.3,0.161,400
2026-07-30 09:41:31,30.45,62.56,1003.00,113.24,1154,2.203,92800,7.0,16.0,18.0,YES,UNKNOWN_ANALYSIS_IAQ113_VOC2.20ppm,588781.5,26,0.3,0.161,400
2026-07-30 09:41:42,30.45,62.56,1003.00,113.24,1154,2.203,92800,8.0,19.0,20.0,YES,UNKNOWN_ANALYSIS_IAQ113_VOC2.20ppm,588792.0,26,0.3,0.161,400
2026-07-30 09:41:51,30.45,62.56,1003.00,113.24,1154,2.203,92800,7.0,17.0,19.0,YES,UNKNOWN_ANALYSIS_IAQ113_VOC2.20ppm,588801.4,26,0.3,0.161,400
2026-07-30 09:42:02,30.45,62.56,1003.00,113.24,1154,2.203,92800,8.0,18.0,20.0,YES,UNKNOWN_ANALYSIS_IAQ113_VOC2.20ppm,588811.8,26,0.3,0.161,400
📊 Z-scores: IAQ=76.18 VOC=67358696.00 CO2=0.00 GasDrop=1035.80
2026-07-30 09:42:12,30.45,62.56,1003.00,113.24,1154,2.203,92800,9.0,19.0,20.0,YES,UNKNOWN_ANALYSIS_IAQ113_VOC2.20ppm,588822.3,26,0.3,0.161,400
2026-07-30 09:42:22,30.45,62.56,1003.00,113.24,1154,2.203,92800,10.0,18.0,21.0,YES,UNKNOWN_ANALYSIS_IAQ113_VOC2.20ppm,588831.7,26,0.3,0.161,400
2026-07-30 09:42:32,30.45,62.56,1003.00,113.24,1154,2.203,92800,8.0,17.0,20.0,YES,UNKNOWN_ANALYSIS_IAQ113_VOC2.20ppm,588842.2,26,0.3,0.161,400
2026-07-30 09:42:42,30.45,62.56,1003.00,113.24,1154,2.203,92800,9.0,18.0,20.0,YES,UNKNOWN_ANALYSIS_IAQ113_VOC2.20ppm,588851.6,26,0.3,0.161,400
2026-07-30 09:42:52,30.45,62.56,1003.00,113.24,1154,2.203,92800,7.0,17.0,19.0,YES,UNKNOWN_ANALYSIS_IAQ113_VOC2.20ppm,588862.0,26,0.3,0.161,400
PMS7003: Timeout error
2026-07-30 09:43:02,30.45,62.56,1003.00,113.24,1154,2.203,92800,7.0,17.0,19.0,YES,UNKNOWN_ANALYSIS_IAQ113_VOC2.20ppm,588872.4,26,0.3,0.161,400
2026-07-30 09:43:12,30.45,62.56,1003.00,113.24,1154,2.203,92800,8.0,18.0,19.0,YES,UNKNOWN_ANALYSIS_IAQ113_VOC2.20ppm,588881.9,26,0.3,0.161,400
📊 Z-scores: IAQ=76.18 VOC=67358696.00 CO2=0.00 GasDrop=1035.80
2026-07-30 09:43:22,30.45,62.56,1003.00,113.24,1154,2.203,92800,8.0,17.0,18.0,YES,UNKNOWN_ANALYSIS_IAQ113_VOC2.20ppm,588892.3,26,0.3,0.161,400
2026-07-30 09:43:32,30.45,62.56,1003.00,113.24,1154,2.203,92800,8.0,17.0,18.0,YES,UNKNOWN_ANALYSIS_IAQ113_VOC2.20ppm,588901.8,26,0.3,0.161,400
2026-07-30 09:43:42,30.45,62.56,1003.00,113.24,1154,2.203,92800,9.0,17.0,18.0,YES,UNKNOWN_ANALYSIS_IAQ113_VOC2.20ppm,588912.2,26,0.3,0.161,400
2026-07-30 09:43:52,30.45,62.56,1003.00,113.24,1154,2.203,92800,6.0,16.0,17.0,YES,UNKNOWN_ANALYSIS_IAQ113_VOC2.20ppm,588921.6,26,0.3,0.161,400
2026-07-30 09:44:02,30.45,62.56,1003.00,113.24,1154,2.203,92800,6.0,16.0,17.0,YES,UNKNOWN_ANALYSIS_IAQ113_VOC2.20ppm,588932.1,26,0.3,0.161,400
2026-07-30 09:44:12,30.42,62.60,1003.00,124.65,1269,2.861,91000,9.0,16.0,17.0,YES,UNKNOWN_ANALYSIS_IAQ125_VOC2.86ppm,588942.5,26,0.3,0.161,400
2026-07-30 09:44:22,30.42,62.60,1003.00,124.65,1269,2.861,91000,8.0,16.0,17.0,YES,UNKNOWN_ANALYSIS_IAQ125_VOC2.86ppm,588951.9,26,0.3,0.161,400
📊 Z-scores: IAQ=83.87 VOC=89064840.00 CO2=0.00 GasDrop=1049.88
2026-07-30 09:44:32,30.42,62.60,1003.00,124.65,1269,2.861,91000,7.0,17.0,18.0,YES,UNKNOWN_ANALYSIS_IAQ125_VOC2.86ppm,588962.4,26,0.3,0.161,400
2026-07-30 09:44:42,30.42,62.60,1003.00,124.65,1269,2.861,91000,8.0,18.0,20.0,YES,UNKNOWN_ANALYSIS_IAQ125_VOC2.86ppm,588971.8,26,0.3,0.161,400
2026-07-30 09:44:52,30.42,62.60,1003.00,124.65,1269,2.861,91000,8.0,19.0,19.0,YES,UNKNOWN_ANALYSIS_IAQ125_VOC2.86ppm,588982.2,26,0.3,0.161,400
2026-07-30 09:45:03,30.42,62.60,1003.00,124.65,1269,2.861,91000,7.0,16.0,18.0,YES,UNKNOWN_ANALYSIS_IAQ125_VOC2.86ppm,588992.7,26,0.3,0.161,400
2026-07-30 09:45:12,30.42,62.60,1003.00,124.65,1269,2.861,91000,8.0,17.0,18.0,YES,UNKNOWN_ANALYSIS_IAQ125_VOC2.86ppm,589002.1,26,0.3,0.161,400
2026-07-30 09:45:22,30.42,62.60,1003.00,124.65,1269,2.861,91000,9.0,18.0,19.0,YES,UNKNOWN_ANALYSIS_IAQ125_VOC2.86ppm,589012.5,26,0.3,0.161,400
2026-07-30 09:45:32,30.42,62.60,1003.00,124.65,1269,2.861,91000,8.0,18.0,19.0,YES,UNKNOWN_ANALYSIS_IAQ125_VOC2.86ppm,589021.9,26,0.3,0.161,400
📊 Z-scores: IAQ=83.87 VOC=89064840.00 CO2=0.00 GasDrop=1049.88
2026-07-30 09:45:42,30.42,62.60,1003.00,124.65,1269,2.861,91000,8.0,17.0,18.0,YES,UNKNOWN_ANALYSIS_IAQ125_VOC2.86ppm,589032.4,26,0.3,0.161,400
2026-07-30 09:45:52,30.42,62.60,1003.00,124.65,1269,2.861,91000,8.0,17.0,19.0,YES,UNKNOWN_ANALYSIS_IAQ125_VOC2.86ppm,589041.8,26,0.3,0.161,400
2026-07-30 09:46:02,30.42,62.60,1003.00,124.65,1269,2.861,91000,9.0,16.0,20.0,YES,UNKNOWN_ANALYSIS_IAQ125_VOC2.86ppm,589052.2,26,0.3,0.161,400
2026-07-30 09:46:13,30.42,62.60,1003.00,124.65,1269,2.861,91000,10.0,16.0,20.0,YES,UNKNOWN_ANALYSIS_IAQ125_VOC2.86ppm,589062.7,26,0.3,0.161,400
2026-07-30 09:46:22,30.42,62.60,1003.00,124.65,1269,2.861,91000,8.0,15.0,18.0,YES,UNKNOWN_ANALYSIS_IAQ125_VOC2.86ppm,589072.1,26,0.3,0.161,400
2026-07-30 09:46:32,30.42,62.60,1003.00,124.65,1269,2.861,91000,9.0,16.0,19.0,YES,UNKNOWN_ANALYSIS_IAQ125_VOC2.86ppm,589082.5,26,0.3,0.161,400
2026-07-30 09:46:42,30.42,62.60,1003.00,124.65,1269,2.861,91000,7.0,15.0,19.0,YES,UNKNOWN_ANALYSIS_IAQ125_VOC2.86ppm,589091.9,26,0.3,0.161,400
📊 Z-scores: IAQ=83.87 VOC=89064840.00 CO2=0.00 GasDrop=1049.88
2026-07-30 09:46:52,30.42,62.60,1003.00,124.65,1269,2.861,91000,7.0,16.0,20.0,YES,UNKNOWN_ANALYSIS_IAQ125_VOC2.86ppm,589102.4,26,0.3,0.161,400
2026-07-30 09:47:03,30.42,62.60,1003.00,124.65,1269,2.861,91000,8.0,16.0,20.0,YES,UNKNOWN_ANALYSIS_IAQ125_VOC2.86ppm,589112.8,26,0.3,0.161,400
2026-07-30 09:47:12,30.42,62.60,1003.00,124.65,1269,2.861,91000,9.0,16.0,18.0,YES,UNKNOWN_ANALYSIS_IAQ125_VOC2.86ppm,589122.2,26,0.3,0.161,400
2026-07-30 09:47:23,30.42,62.60,1003.00,124.65,1269,2.861,91000,9.0,16.0,18.0,YES,UNKNOWN_ANALYSIS_IAQ125_VOC2.86ppm,589132.7,26,0.3,0.161,400
2026-07-30 09:47:32,30.42,62.60,1003.00,124.65,1269,2.861,91000,8.0,17.0,18.0,YES,UNKNOWN_ANALYSIS_IAQ125_VOC2.86ppm,589142.1,26,0.3,0.161,400
2026-07-30 09:47:43,30.42,62.60,1003.00,124.65,1269,2.861,91000,6.0,17.0,18.0,YES,UNKNOWN_ANALYSIS_IAQ125_VOC2.86ppm,589152.5,26,0.3,0.161,400
📊 Z-scores: IAQ=83.87 VOC=89064840.00 CO2=0.00 GasDrop=1049.88
2026-07-30 09:47:53,30.42,62.60,1003.00,124.65,1269,2.861,91000,6.0,15.0,16.0,YES,UNKNOWN_ANALYSIS_IAQ125_VOC2.86ppm,589163.0,26,0.3,0.161,400
2026-07-30 09:48:02,30.42,62.60,1003.00,124.65,1269,2.861,91000,7.0,16.0,17.0,YES,UNKNOWN_ANALYSIS_IAQ125_VOC2.86ppm,589172.4,26,0.3,0.161,400
2026-07-30 09:48:13,30.42,62.60,1003.00,124.65,1269,2.861,91000,8.0,18.0,19.0,YES,UNKNOWN_ANALYSIS_IAQ125_VOC2.86ppm,589182.8,26,0.3,0.161,400
2026-07-30 09:48:22,30.42,62.60,1003.00,124.65,1269,2.861,91000,8.0,19.0,19.0,YES,UNKNOWN_ANALYSIS_IAQ125_VOC2.86ppm,589192.2,26,0.3,0.161,400
2026-07-30 09:48:33,30.42,62.60,1003.00,124.65,1269,2.861,91000,9.0,19.0,19.0,YES,UNKNOWN_ANALYSIS_IAQ125_VOC2.86ppm,589202.7,26,0.3,0.161,400
PMS7003: Timeout error
2026-07-30 09:48:43,30.42,62.60,1003.00,124.65,1269,2.861,91000,9.0,19.0,19.0,YES,UNKNOWN_ANALYSIS_IAQ125_VOC2.86ppm,589213.1,26,0.3,0.161,400
2026-07-30 09:48:53,30.42,62.60,1003.00,124.65,1269,2.861,91000,9.0,19.0,20.0,YES,UNKNOWN_ANALYSIS_IAQ125_VOC2.86ppm,589222.5,26,0.3,0.161,400
📊 Z-scores: IAQ=83.87 VOC=89064840.00 CO2=0.00 GasDrop=1049.88
2026-07-30 09:49:03,30.42,62.60,1003.00,124.65,1269,2.861,91000,9.0,19.0,20.0,YES,UNKNOWN_ANALYSIS_IAQ125_VOC2.86ppm,589233.0,26,0.3,0.161,400
2026-07-30 09:49:12,30.38,62.64,1003.00,142.20,1447,4.279,88300,9.0,18.0,18.0,YES,UNKNOWN_ANALYSIS_IAQ142_VOC4.28ppm,589242.4,26,0.3,0.161,400
2026-07-30 09:49:23,30.38,62.64,1003.00,142.20,1447,4.279,88300,8.0,17.0,17.0,YES,UNKNOWN_ANALYSIS_IAQ142_VOC4.28ppm,589252.9,26,0.3,0.161,400
2026-07-30 09:49:32,30.38,62.64,1003.00,142.20,1447,4.279,88300,8.0,16.0,17.0,YES,UNKNOWN_ANALYSIS_IAQ142_VOC4.28ppm,589262.3,26,0.3,0.161,400
2026-07-30 09:49:43,30.38,62.64,1003.00,142.20,1447,4.279,88300,7.0,16.0,18.0,YES,UNKNOWN_ANALYSIS_IAQ142_VOC4.28ppm,589272.7,26,0.3,0.161,400
2026-07-30 09:49:53,30.38,62.64,1003.00,142.20,1447,4.279,88300,9.0,16.0,18.0,YES,UNKNOWN_ANALYSIS_IAQ142_VOC4.28ppm,589283.2,26,0.3,0.161,400
2026-07-30 09:50:03,30.38,62.64,1003.00,142.20,1447,4.279,88300,9.0,15.0,17.0,YES,UNKNOWN_ANALYSIS_IAQ142_VOC4.28ppm,589292.6,26,0.3,0.161,400
📊 Z-scores: IAQ=95.70 VOC=135854016.00 CO2=0.00 GasDrop=1071.01
2026-07-30 09:50:13,30.38,62.64,1003.00,142.20,1447,4.279,88300,9.0,17.0,19.0,YES,UNKNOWN_ANALYSIS_IAQ142_VOC4.28ppm,589303.0,26,0.3,0.161,400
2026-07-30 09:50:22,30.38,62.64,1003.00,142.20,1447,4.279,88300,9.0,17.0,20.0,YES,UNKNOWN_ANALYSIS_IAQ142_VOC4.28ppm,589312.4,26,0.3,0.161,400
2026-07-30 09:50:33,30.38,62.64,1003.00,142.20,1447,4.279,88300,7.0,17.0,20.0,YES,UNKNOWN_ANALYSIS_IAQ142_VOC4.28ppm,589322.9,26,0.3,0.161,400
2026-07-30 09:50:43,30.38,62.64,1003.00,142.20,1447,4.279,88300,8.0,18.0,20.0,YES,UNKNOWN_ANALYSIS_IAQ142_VOC4.28ppm,589333.3,26,0.3,0.161,400
2026-07-30 09:50:53,30.38,62.64,1003.00,142.20,1447,4.279,88300,8.0,18.0,19.0,YES,UNKNOWN_ANALYSIS_IAQ142_VOC4.28ppm,589342.7,26,0.3,0.161,400
2026-07-30 09:51:03,30.38,62.64,1003.00,142.20,1447,4.279,88300,8.0,17.0,17.0,YES,UNKNOWN_ANALYSIS_IAQ142_VOC4.28ppm,589353.2,26,0.3,0.161,400
2026-07-30 09:51:13,30.38,62.64,1003.00,142.20,1447,4.279,88300,6.0,15.0,15.0,YES,UNKNOWN_ANALYSIS_IAQ142_VOC4.28ppm,589362.6,26,0.3,0.161,400
📊 Z-scores: IAQ=95.70 VOC=135854016.00 CO2=0.00 GasDrop=1071.01
2026-07-30 09:51:23,30.38,62.64,1003.00,142.20,1447,4.279,88300,6.0,14.0,14.0,YES,UNKNOWN_ANALYSIS_IAQ142_VOC4.28ppm,589373.0,26,0.3,0.161,400
2026-07-30 09:51:33,30.38,62.64,1003.00,142.20,1447,4.279,88300,8.0,15.0,15.0,YES,UNKNOWN_ANALYSIS_IAQ142_VOC4.28ppm,589383.4,26,0.3,0.161,400
2026-07-30 09:51:43,30.38,62.64,1003.00,142.20,1447,4.279,88300,7.0,13.0,13.0,YES,UNKNOWN_ANALYSIS_IAQ142_VOC4.28ppm,589392.9,26,0.3,0.161,400
2026-07-30 09:51:53,30.38,62.64,1003.00,142.20,1447,4.279,88300,6.0,13.0,13.0,YES,UNKNOWN_ANALYSIS_IAQ142_VOC4.28ppm,589403.3,26,0.3,0.161,400
2026-07-30 09:52:03,30.38,62.64,1003.00,142.20,1447,4.279,88300,7.0,15.0,16.0,YES,UNKNOWN_ANALYSIS_IAQ142_VOC4.28ppm,589412.7,26,0.3,0.161,400
2026-07-30 09:52:13,30.38,62.64,1003.00,142.20,1447,4.279,88300,7.0,14.0,16.0,YES,UNKNOWN_ANALYSIS_IAQ142_VOC4.28ppm,589423.2,26,0.3,0.161,400
PMS7003: Unknown error
📊 Z-scores: IAQ=95.70 VOC=135854016.00 CO2=0.00 GasDrop=1071.01
2026-07-30 09:52:24,30.38,62.64,1003.00,142.20,1447,4.279,88300,7.0,14.0,16.0,YES,UNKNOWN_ANALYSIS_IAQ142_VOC4.28ppm,589433.6,26,0.3,0.161,400
2026-07-30 09:52:33,30.38,62.64,1003.00,142.20,1447,4.279,88300,7.0,14.0,18.0,YES,UNKNOWN_ANALYSIS_IAQ142_VOC4.28ppm,589443.0,26,0.3,0.161,400
2026-07-30 09:52:43,30.38,62.64,1003.00,142.20,1447,4.279,88300,9.0,14.0,18.0,YES,UNKNOWN_ANALYSIS_IAQ142_VOC4.28ppm,589453.5,26,0.3,0.161,400
2026-07-30 09:52:53,30.38,62.64,1003.00,142.20,1447,4.279,88300,9.0,14.0,20.0,YES,UNKNOWN_ANALYSIS_IAQ142_VOC4.28ppm,589462.9,26,0.3,0.161,400
2026-07-30 09:53:03,30.38,62.64,1003.00,142.20,1447,4.279,88300,8.0,15.0,21.0,YES,UNKNOWN_ANALYSIS_IAQ142_VOC4.28ppm,589473.3,26,0.3,0.161,400
2026-07-30 09:53:13,30.38,62.64,1003.00,142.20,1447,4.279,88300,6.0,14.0,19.0,YES,UNKNOWN_ANALYSIS_IAQ142_VOC4.28ppm,589482.7,26,0.3,0.161,400
2026-07-30 09:53:23,30.38,62.64,1003.00,142.20,1447,4.279,88300,6.0,14.0,18.0,YES,UNKNOWN_ANALYSIS_IAQ142_VOC4.28ppm,589493.2,26,0.3,0.161,400
📊 Z-scores: IAQ=95.70 VOC=135854016.00 CO2=0.00 GasDrop=1071.01
2026-07-30 09:53:34,30.38,62.64,1003.00,142.20,1447,4.279,88300,8.0,16.0,20.0,YES,UNKNOWN_ANALYSIS_IAQ142_VOC4.28ppm,589503.6,26,0.3,0.161,400
2026-07-30 09:53:43,30.38,62.64,1003.00,142.20,1447,4.279,88300,8.0,16.0,19.0,YES,UNKNOWN_ANALYSIS_IAQ142_VOC4.28ppm,589513.0,26,0.3,0.161,400
2026-07-30 09:53:53,30.38,62.64,1003.00,142.20,1447,4.279,88300,9.0,16.0,19.0,YES,UNKNOWN_ANALYSIS_IAQ142_VOC4.28ppm,589523.5,26,0.3,0.161,400
2026-07-30 09:54:03,30.38,62.64,1003.00,142.20,1447,4.279,88300,7.0,14.0,18.0,YES,UNKNOWN_ANALYSIS_IAQ142_VOC4.28ppm,589532.9,26,0.3,0.161,400
2026-07-30 09:54:13,30.42,62.61,1003.00,144.36,1466,4.465,87900,7.0,15.0,19.0,YES,UNKNOWN_ANALYSIS_IAQ144_VOC4.46ppm,589543.4,26,0.3,0.161,400
PMS7003: Timeout error
2026-07-30 09:54:24,30.42,62.61,1003.00,144.36,1466,4.465,87900,7.0,15.0,19.0,YES,UNKNOWN_ANALYSIS_IAQ144_VOC4.46ppm,589553.8,26,0.3,0.161,400
2026-07-30 09:54:33,30.42,62.61,1003.00,144.36,1466,4.465,87900,7.0,13.0,18.0,YES,UNKNOWN_ANALYSIS_IAQ144_VOC4.46ppm,589563.2,26,0.3,0.161,400
📊 Z-scores: IAQ=97.15 VOC=141983344.00 CO2=0.00 GasDrop=1074.14
2026-07-30 09:54:44,30.42,62.61,1003.00,144.36,1466,4.465,87900,8.0,12.0,18.0,YES,UNKNOWN_ANALYSIS_IAQ144_VOC4.46ppm,589573.7,26,0.3,0.161,400
2026-07-30 09:54:53,30.42,62.61,1003.00,144.36,1466,4.465,87900,8.0,13.0,17.0,YES,UNKNOWN_ANALYSIS_IAQ144_VOC4.46ppm,589583.1,26,0.3,0.161,400
2026-07-30 09:55:03,30.42,62.61,1003.00,144.36,1466,4.465,87900,9.0,14.0,19.0,YES,UNKNOWN_ANALYSIS_IAQ144_VOC4.46ppm,589593.5,26,0.3,0.161,400
2026-07-30 09:55:13,30.42,62.61,1003.00,144.36,1466,4.465,87900,7.0,15.0,18.0,YES,UNKNOWN_ANALYSIS_IAQ144_VOC4.46ppm,589602.9,26,0.3,0.161,400
2026-07-30 09:55:23,30.42,62.61,1003.00,144.36,1466,4.465,87900,7.0,14.0,17.0,YES,UNKNOWN_ANALYSIS_IAQ144_VOC4.46ppm,589613.4,26,0.3,0.161,400
2026-07-30 09:55:34,30.42,62.61,1003.00,144.36,1466,4.465,87900,7.0,14.0,16.0,YES,UNKNOWN_ANALYSIS_IAQ144_VOC4.46ppm,589623.8,26,0.3,0.161,400
2026-07-30 09:55:43,30.42,62.61,1003.00,144.36,1466,4.465,87900,7.0,13.0,16.0,YES,UNKNOWN_ANALYSIS_IAQ144_VOC4.46ppm,589633.3,26,0.3,0.161,400
📊 Z-scores: IAQ=97.15 VOC=141983344.00 CO2=0.00 GasDrop=1074.14
2026-07-30 09:55:54,30.42,62.61,1003.00,144.36,1466,4.465,87900,7.0,13.0,17.0,YES,UNKNOWN_ANALYSIS_IAQ144_VOC4.46ppm,589643.7,26,0.3,0.161,400
2026-07-30 09:56:03,30.42,62.61,1003.00,144.36,1466,4.465,87900,7.0,14.0,18.0,YES,UNKNOWN_ANALYSIS_IAQ144_VOC4.46ppm,589653.1,26,0.3,0.161,400
2026-07-30 09:56:14,30.42,62.61,1003.00,144.36,1466,4.465,87900,7.0,14.0,18.0,YES,UNKNOWN_ANALYSIS_IAQ144_VOC4.46ppm,589663.6,26,0.3,0.161,400
PMS7003: Timeout error
2026-07-30 09:56:24,30.42,62.61,1003.00,144.36,1466,4.465,87900,7.0,14.0,18.0,YES,UNKNOWN_ANALYSIS_IAQ144_VOC4.46ppm,589674.0,26,0.3,0.161,400
2026-07-30 09:56:33,30.42,62.61,1003.00,144.36,1466,4.465,87900,7.0,17.0,20.0,YES,UNKNOWN_ANALYSIS_IAQ144_VOC4.46ppm,589683.4,26,0.3,0.161,400
2026-07-30 09:56:44,30.42,62.61,1003.00,144.36,1466,4.465,87900,7.0,15.0,19.0,YES,UNKNOWN_ANALYSIS_IAQ144_VOC4.46ppm,589693.9,26,0.3,0.161,400
2026-07-30 09:56:53,30.42,62.61,1003.00,144.36,1466,4.465,87900,6.0,12.0,14.0,YES,UNKNOWN_ANALYSIS_IAQ144_VOC4.46ppm,589703.3,26,0.3,0.161,400
📊 Z-scores: IAQ=97.15 VOC=141983344.00 CO2=0.00 GasDrop=1074.14
2026-07-30 09:57:04,30.42,62.61,1003.00,144.36,1466,4.465,87900,8.0,13.0,15.0,YES,UNKNOWN_ANALYSIS_IAQ144_VOC4.46ppm,589713.7,26,0.3,0.161,400
2026-07-30 09:57:13,30.42,62.61,1003.00,144.36,1466,4.465,87900,8.0,12.0,14.0,YES,UNKNOWN_ANALYSIS_IAQ144_VOC4.46ppm,589723.1,26,0.3,0.161,400
2026-07-30 09:57:24,30.42,62.61,1003.00,144.36,1466,4.465,87900,7.0,12.0,13.0,YES,UNKNOWN_ANALYSIS_IAQ144_VOC4.46ppm,589733.6,26,0.3,0.161,400
2026-07-30 09:57:34,30.42,62.61,1003.00,144.36,1466,4.465,87900,7.0,13.0,14.0,YES,UNKNOWN_ANALYSIS_IAQ144_VOC4.46ppm,589744.0,26,0.3,0.161,400
2026-07-30 09:57:43,30.42,62.61,1003.00,144.36,1466,4.465,87900,6.0,13.0,15.0,YES,UNKNOWN_ANALYSIS_IAQ144_VOC4.46ppm,589753.4,26,0.3,0.161,400
2026-07-30 09:57:54,30.42,62.61,1003.00,144.36,1466,4.465,87900,6.0,13.0,15.0,YES,UNKNOWN_ANALYSIS_IAQ144_VOC4.46ppm,589763.9,26,0.3,0.161,400
2026-07-30 09:58:03,30.42,62.61,1003.00,144.36,1466,4.465,87900,7.0,14.0,17.0,YES,UNKNOWN_ANALYSIS_IAQ144_VOC4.46ppm,589773.3,26,0.3,0.161,400
📊 Z-scores: IAQ=97.15 VOC=141983344.00 CO2=0.00 GasDrop=1074.14
2026-07-30 09:58:14,30.42,62.61,1003.00,144.36,1466,4.465,87900,8.0,15.0,18.0,YES,UNKNOWN_ANALYSIS_IAQ144_VOC4.46ppm,589783.8,26,0.3,0.161,400
2026-07-30 09:58:23,30.42,62.61,1003.00,144.36,1466,4.465,87900,7.0,16.0,18.0,YES,UNKNOWN_ANALYSIS_IAQ144_VOC4.46ppm,589793.2,26,0.3,0.161,400
2026-07-30 09:58:34,30.42,62.61,1003.00,144.36,1466,4.465,87900,8.0,16.0,17.0,YES,UNKNOWN_ANALYSIS_IAQ144_VOC4.46ppm,589803.6,26,0.3,0.161,400
2026-07-30 09:58:44,30.42,62.61,1003.00,144.36,1466,4.465,87900,8.0,16.0,17.0,YES,UNKNOWN_ANALYSIS_IAQ144_VOC4.46ppm,589814.1,26,0.3,0.161,400
2026-07-30 09:58:53,30.42,62.61,1003.00,144.36,1466,4.465,87900,9.0,17.0,18.0,YES,UNKNOWN_ANALYSIS_IAQ144_VOC4.46ppm,589823.5,26,0.3,0.161,400
2026-07-30 09:59:04,30.42,62.61,1003.00,144.36,1466,4.465,87900,8.0,15.0,16.0,YES,UNKNOWN_ANALYSIS_IAQ144_VOC4.46ppm,589833.9,26,0.3,0.161,400
2026-07-30 09:59:13,30.47,62.60,1003.00,141.04,1428,4.104,88300,8.0,16.0,17.0,YES,UNKNOWN_ANALYSIS_IAQ141_VOC4.10ppm,589843.4,26,0.3,0.161,400
📊 Z-scores: IAQ=94.92 VOC=130068848.00 CO2=0.00 GasDrop=1071.01
2026-07-30 09:59:24,30.47,62.60,1003.00,141.04,1428,4.104,88300,8.0,15.0,16.0,YES,UNKNOWN_ANALYSIS_IAQ141_VOC4.10ppm,589853.8,26,0.3,0.161,400
2026-07-30 09:59:33,30.47,62.60,1003.00,141.04,1428,4.104,88300,6.0,13.0,16.0,YES,UNKNOWN_ANALYSIS_IAQ141_VOC4.10ppm,589863.2,26,0.3,0.161,400
2026-07-30 09:59:44,30.47,62.60,1003.00,141.04,1428,4.104,88300,7.0,14.0,17.0,YES,UNKNOWN_ANALYSIS_IAQ141_VOC4.10ppm,589873.7,26,0.3,0.161,400
💾 Saved baseline: IAQ=0.5 VOC=0.161 CO2=400 Gas=222217
2026-07-30 09:59:54,30.47,62.60,1003.00,141.04,1428,4.104,88300,9.0,14.0,17.0,YES,UNKNOWN_ANALYSIS_IAQ141_VOC4.10ppm,589884.1,26,0.3,0.161,400
2026-07-30 10:00:03,30.47,62.60,1003.00,141.04,1428,4.104,88300,7.0,13.0,16.0,YES,UNKNOWN_ANALYSIS_IAQ141_VOC4.10ppm,589893.5,26,0.3,0.161,400
2026-07-30 10:00:14,30.47,62.60,1003.00,141.04,1428,4.104,88300,9.0,15.0,18.0,YES,UNKNOWN_ANALYSIS_IAQ141_VOC4.10ppm,589904.0,26,0.3,0.161,400
2026-07-30 10:00:23,30.47,62.60,1003.00,141.04,1428,4.104,88300,9.0,16.0,19.0,YES,UNKNOWN_ANALYSIS_IAQ141_VOC4.10ppm,589913.4,26,0.3,0.161,400
📊 Z-scores: IAQ=94.92 VOC=130068848.00 CO2=0.00 GasDrop=1071.01
2026-07-30 10:00:34,30.47,62.60,1003.00,141.04,1428,4.104,88300,8.0,15.0,19.0,YES,UNKNOWN_ANALYSIS_IAQ141_VOC4.10ppm,589923.8,26,0.3,0.161,400
2026-07-30 10:00:44,30.47,62.60,1003.00,141.04,1428,4.104,88300,8.0,16.0,19.0,YES,UNKNOWN_ANALYSIS_IAQ141_VOC4.10ppm,589934.3,26,0.3,0.161,400
2026-07-30 10:00:54,30.47,62.60,1003.00,141.04,1428,4.104,88300,7.0,16.0,18.0,YES,UNKNOWN_ANALYSIS_IAQ141_VOC4.10ppm,589943.7,26,0.3,0.161,400
2026-07-30 10:01:04,30.47,62.60,1003.00,141.04,1428,4.104,88300,6.0,13.0,15.0,YES,UNKNOWN_ANALYSIS_IAQ141_VOC4.10ppm,589954.1,26,0.3,0.161,400
2026-07-30 10:01:14,30.47,62.60,1003.00,141.04,1428,4.104,88300,7.0,14.0,15.0,YES,UNKNOWN_ANALYSIS_IAQ141_VOC4.10ppm,589963.5,26,0.3,0.161,400
2026-07-30 10:01:24,30.47,62.60,1003.00,141.04,1428,4.104,88300,8.0,12.0,15.0,YES,UNKNOWN_ANALYSIS_IAQ141_VOC4.10ppm,589974.0,26,0.3,0.161,400
2026-07-30 10:01:33,30.47,62.60,1003.00,141.04,1428,4.104,88300,9.0,12.0,15.0,YES,UNKNOWN_ANALYSIS_IAQ141_VOC4.10ppm,589983.4,26,0.3,0.161,400
📊 Z-scores: IAQ=94.92 VOC=130068848.00 CO2=0.00 GasDrop=1071.01
2026-07-30 10:01:44,30.47,62.60,1003.00,141.04,1428,4.104,88300,9.0,15.0,17.0,YES,UNKNOWN_ANALYSIS_IAQ141_VOC4.10ppm,589993.9,26,0.3,0.161,400
2026-07-30 10:01:54,30.47,62.60,1003.00,141.04,1428,4.104,88300,7.0,14.0,16.0,YES,UNKNOWN_ANALYSIS_IAQ141_VOC4.10ppm,590004.3,26,0.3,0.161,400
2026-07-30 10:02:04,30.47,62.60,1003.00,141.04,1428,4.104,88300,8.0,13.0,16.0,YES,UNKNOWN_ANALYSIS_IAQ141_VOC4.10ppm,590013.7,26,0.3,0.161,400
2026-07-30 10:02:14,30.47,62.60,1003.00,141.04,1428,4.104,88300,6.0,12.0,15.0,YES,UNKNOWN_ANALYSIS_IAQ141_VOC4.10ppm,590024.2,26,0.3,0.161,400
2026-07-30 10:02:24,30.47,62.60,1003.00,141.04,1428,4.104,88300,8.0,15.0,18.0,YES,UNKNOWN_ANALYSIS_IAQ141_VOC4.10ppm,590033.6,26,0.3,0.161,400
2026-07-30 10:02:34,30.47,62.60,1003.00,141.04,1428,4.104,88300,7.0,15.0,17.0,YES,UNKNOWN_ANALYSIS_IAQ141_VOC4.10ppm,590044.0,26,0.3,0.161,400
2026-07-30 10:02:43,30.47,62.60,1003.00,141.04,1428,4.104,88300,8.0,15.0,19.0,YES,UNKNOWN_ANALYSIS_IAQ141_VOC4.10ppm,590053.4,26,0.3,0.161,400
📊 Z-scores: IAQ=94.92 VOC=130068848.00 CO2=0.00 GasDrop=1071.01
2026-07-30 10:02:54,30.47,62.60,1003.00,141.04,1428,4.104,88300,6.0,14.0,18.0,YES,UNKNOWN_ANALYSIS_IAQ141_VOC4.10ppm,590063.9,26,0.3,0.161,400
2026-07-30 10:03:04,30.47,62.60,1003.00,141.04,1428,4.104,88300,7.0,15.0,20.0,YES,UNKNOWN_ANALYSIS_IAQ141_VOC4.10ppm,590074.4,26,0.3,0.161,400
2026-07-30 10:03:14,30.47,62.60,1003.00,141.04,1428,4.104,88300,6.0,15.0,19.0,YES,UNKNOWN_ANALYSIS_IAQ141_VOC4.10ppm,590083.8,26,0.3,0.161,400
2026-07-30 10:03:24,30.47,62.60,1003.00,141.04,1428,4.104,88300,9.0,17.0,18.0,YES,UNKNOWN_ANALYSIS_IAQ141_VOC4.10ppm,590094.2,26,0.3,0.161,400
2026-07-30 10:03:34,30.47,62.60,1003.00,141.04,1428,4.104,88300,9.0,18.0,18.0,YES,UNKNOWN_ANALYSIS_IAQ141_VOC4.10ppm,590103.6,26,0.3,0.161,400
2026-07-30 10:03:44,30.47,62.60,1003.00,141.04,1428,4.104,88300,9.0,18.0,18.0,YES,UNKNOWN_ANALYSIS_IAQ141_VOC4.10ppm,590114.1,26,0.3,0.161,400
📊 Z-scores: IAQ=94.92 VOC=130068848.00 CO2=0.00 GasDrop=1071.01
2026-07-30 10:03:54,30.47,62.60,1003.00,141.04,1428,4.104,88300,6.0,16.0,18.0,YES,UNKNOWN_ANALYSIS_IAQ141_VOC4.10ppm,590124.5,26,0.3,0.161,400
2026-07-30 10:04:04,30.47,62.60,1003.00,141.04,1428,4.104,88300,7.0,17.0,20.0,YES,UNKNOWN_ANALYSIS_IAQ141_VOC4.10ppm,590133.9,26,0.3,0.161,400
2026-07-30 10:04:14,30.47,62.62,1003.00,137.04,1385,3.715,88900,8.0,16.0,18.0,YES,UNKNOWN_ANALYSIS_IAQ137_VOC3.72ppm,590144.4,26,0.3,0.161,400
2026-07-30 10:04:24,30.47,62.62,1003.00,137.04,1385,3.715,88900,7.0,14.0,16.0,YES,UNKNOWN_ANALYSIS_IAQ137_VOC3.72ppm,590153.8,26,0.3,0.161,400
2026-07-30 10:04:34,30.47,62.62,1003.00,137.04,1385,3.715,88900,8.0,16.0,18.0,YES,UNKNOWN_ANALYSIS_IAQ137_VOC3.72ppm,590164.2,26,0.3,0.161,400
2026-07-30 10:04:44,30.47,62.62,1003.00,137.04,1385,3.715,88900,7.0,15.0,17.0,YES,UNKNOWN_ANALYSIS_IAQ137_VOC3.72ppm,590173.6,26,0.3,0.161,400
2026-07-30 10:04:54,30.47,62.62,1003.00,137.04,1385,3.715,88900,7.0,15.0,18.0,YES,UNKNOWN_ANALYSIS_IAQ137_VOC3.72ppm,590184.1,26,0.3,0.161,400
📊 Z-scores: IAQ=92.22 VOC=117260168.00 CO2=0.00 GasDrop=1066.31
2026-07-30 10:05:05,30.47,62.62,1003.00,137.04,1385,3.715,88900,6.0,14.0,18.0,YES,UNKNOWN_ANALYSIS_IAQ137_VOC3.72ppm,590194.5,26,0.3,0.161,400
2026-07-30 10:05:14,30.47,62.62,1003.00,137.04,1385,3.715,88900,7.0,15.0,18.0,YES,UNKNOWN_ANALYSIS_IAQ137_VOC3.72ppm,590204.0,26,0.3,0.161,400
2026-07-30 10:05:24,30.47,62.62,1003.00,137.04,1385,3.715,88900,7.0,15.0,18.0,YES,UNKNOWN_ANALYSIS_IAQ137_VOC3.72ppm,590214.4,26,0.3,0.161,400
2026-07-30 10:05:34,30.47,62.62,1003.00,137.04,1385,3.715,88900,8.0,15.0,17.0,YES,UNKNOWN_ANALYSIS_IAQ137_VOC3.72ppm,590223.8,26,0.3,0.161,400
2026-07-30 10:05:44,30.47,62.62,1003.00,137.04,1385,3.715,88900,8.0,15.0,16.0,YES,UNKNOWN_ANALYSIS_IAQ137_VOC3.72ppm,590234.3,26,0.3,0.161,400
2026-07-30 10:05:55,30.47,62.62,1003.00,137.04,1385,3.715,88900,8.0,15.0,17.0,YES,UNKNOWN_ANALYSIS_IAQ137_VOC3.72ppm,590244.7,26,0.3,0.161,400
2026-07-30 10:06:04,30.47,62.62,1003.00,137.04,1385,3.715,88900,7.0,15.0,17.0,YES,UNKNOWN_ANALYSIS_IAQ137_VOC3.72ppm,590254.1,26,0.3,0.161,400
📊 Z-scores: IAQ=92.22 VOC=117260168.00 CO2=0.00 GasDrop=1066.31
2026-07-30 10:06:15,30.47,62.62,1003.00,137.04,1385,3.715,88900,8.0,15.0,17.0,YES,UNKNOWN_ANALYSIS_IAQ137_VOC3.72ppm,590264.6,26,0.3,0.161,400
2026-07-30 10:06:24,30.47,62.62,1003.00,137.04,1385,3.715,88900,8.0,15.0,17.0,YES,UNKNOWN_ANALYSIS_IAQ137_VOC3.72ppm,590274.0,26,0.3,0.161,400
2026-07-30 10:06:34,30.47,62.62,1003.00,137.04,1385,3.715,88900,6.0,12.0,16.0,YES,UNKNOWN_ANALYSIS_IAQ137_VOC3.72ppm,590284.4,26,0.3,0.161,400
2026-07-30 10:06:44,30.47,62.62,1003.00,137.04,1385,3.715,88900,7.0,14.0,17.0,YES,UNKNOWN_ANALYSIS_IAQ137_VOC3.72ppm,590293.8,26,0.3,0.161,400
2026-07-30 10:06:54,30.47,62.62,1003.00,137.04,1385,3.715,88900,8.0,14.0,16.0,YES,UNKNOWN_ANALYSIS_IAQ137_VOC3.72ppm,590304.3,26,0.3,0.161,400
2026-07-30 10:07:05,30.47,62.62,1003.00,137.04,1385,3.715,88900,8.0,12.0,15.0,YES,UNKNOWN_ANALYSIS_IAQ137_VOC3.72ppm,590314.8,26,0.3,0.161,400
2026-07-30 10:07:14,30.47,62.62,1003.00,137.04,1385,3.715,88900,7.0,12.0,15.0,YES,UNKNOWN_ANALYSIS_IAQ137_VOC3.72ppm,590324.2,26,0.3,0.161,400
📊 Z-scores: IAQ=92.22 VOC=117260168.00 CO2=0.00 GasDrop=1066.31
2026-07-30 10:07:25,30.47,62.62,1003.00,137.04,1385,3.715,88900,8.0,14.0,18.0,YES,UNKNOWN_ANALYSIS_IAQ137_VOC3.72ppm,590334.6,26,0.3,0.161,400
2026-07-30 10:07:34,30.47,62.62,1003.00,137.04,1385,3.715,88900,7.0,13.0,16.0,YES,UNKNOWN_ANALYSIS_IAQ137_VOC3.72ppm,590344.0,26,0.3,0.161,400
2026-07-30 10:07:44,30.47,62.62,1003.00,137.04,1385,3.715,88900,8.0,14.0,17.0,YES,UNKNOWN_ANALYSIS_IAQ137_VOC3.72ppm,590354.5,26,0.3,0.161,400
2026-07-30 10:07:54,30.47,62.62,1003.00,137.04,1385,3.715,88900,9.0,15.0,18.0,YES,UNKNOWN_ANALYSIS_IAQ137_VOC3.72ppm,590363.9,26,0.3,0.161,400
2026-07-30 10:08:04,30.47,62.62,1003.00,137.04,1385,3.715,88900,8.0,15.0,18.0,YES,UNKNOWN_ANALYSIS_IAQ137_VOC3.72ppm,590374.3,26,0.3,0.161,400
2026-07-30 10:08:15,30.47,62.62,1003.00,137.04,1385,3.715,88900,7.0,14.0,17.0,YES,UNKNOWN_ANALYSIS_IAQ137_VOC3.72ppm,590384.8,26,0.3,0.161,400
2026-07-30 10:08:24,30.47,62.62,1003.00,137.04,1385,3.715,88900,8.0,14.0,17.0,YES,UNKNOWN_ANALYSIS_IAQ137_VOC3.72ppm,590394.2,26,0.3,0.161,400
📊 Z-scores: IAQ=92.22 VOC=117260168.00 CO2=0.00 GasDrop=1066.31
2026-07-30 10:08:35,30.47,62.62,1003.00,137.04,1385,3.715,88900,8.0,15.0,18.0,YES,UNKNOWN_ANALYSIS_IAQ137_VOC3.72ppm,590404.6,26,0.3,0.161,400
2026-07-30 10:08:44,30.47,62.62,1003.00,137.04,1385,3.715,88900,7.0,14.0,17.0,YES,UNKNOWN_ANALYSIS_IAQ137_VOC3.72ppm,590414.1,26,0.3,0.161,400
2026-07-30 10:08:54,30.47,62.62,1003.00,137.04,1385,3.715,88900,8.0,15.0,18.0,YES,UNKNOWN_ANALYSIS_IAQ137_VOC3.72ppm,590424.5,26,0.3,0.161,400
2026-07-30 10:09:04,30.47,62.62,1003.00,137.04,1385,3.715,88900,8.0,14.0,17.0,YES,UNKNOWN_ANALYSIS_IAQ137_VOC3.72ppm,590433.9,26,0.3,0.161,400
2026-07-30 10:09:14,30.43,62.63,1003.00,139.57,1407,3.911,88600,9.0,17.0,18.0,YES,UNKNOWN_ANALYSIS_IAQ140_VOC3.91ppm,590444.4,26,0.3,0.161,400
2026-07-30 10:09:25,30.43,62.63,1003.00,139.57,1407,3.911,88600,7.0,17.0,18.0,YES,UNKNOWN_ANALYSIS_IAQ140_VOC3.91ppm,590454.8,26,0.3,0.161,400
2026-07-30 10:09:34,30.43,62.63,1003.00,139.57,1407,3.911,88600,8.0,16.0,18.0,YES,UNKNOWN_ANALYSIS_IAQ140_VOC3.91ppm,590464.2,26,0.3,0.161,400
📊 Z-scores: IAQ=93.93 VOC=123701408.00 CO2=0.00 GasDrop=1068.66
2026-07-30 10:09:45,30.43,62.63,1003.00,139.57,1407,3.911,88600,7.0,15.0,16.0,YES,UNKNOWN_ANALYSIS_IAQ140_VOC3.91ppm,590474.7,26,0.3,0.161,400
2026-07-30 10:09:54,30.43,62.63,1003.00,139.57,1407,3.911,88600,8.0,16.0,18.0,YES,UNKNOWN_ANALYSIS_IAQ140_VOC3.91ppm,590484.1,26,0.3,0.161,400
2026-07-30 10:10:04,30.43,62.63,1003.00,139.57,1407,3.911,88600,6.0,15.0,17.0,YES,UNKNOWN_ANALYSIS_IAQ140_VOC3.91ppm,590494.5,26,0.3,0.161,400
PMS7003: Unknown error
2026-07-30 10:10:15,30.43,62.63,1003.00,139.57,1407,3.911,88600,6.0,15.0,17.0,YES,UNKNOWN_ANALYSIS_IAQ140_VOC3.91ppm,590505.0,26,0.3,0.161,400
2026-07-30 10:10:24,30.43,62.63,1003.00,139.57,1407,3.911,88600,7.0,15.0,18.0,YES,UNKNOWN_ANALYSIS_IAQ140_VOC3.91ppm,590514.4,26,0.3,0.161,400
2026-07-30 10:10:35,30.43,62.63,1003.00,139.57,1407,3.911,88600,6.0,15.0,18.0,YES,UNKNOWN_ANALYSIS_IAQ140_VOC3.91ppm,590524.9,26,0.3,0.161,400
2026-07-30 10:10:44,30.43,62.63,1003.00,139.57,1407,3.911,88600,8.0,16.0,18.0,YES,UNKNOWN_ANALYSIS_IAQ140_VOC3.91ppm,590534.3,26,0.3,0.161,400
📊 Z-scores: IAQ=93.93 VOC=123701408.00 CO2=0.00 GasDrop=1068.66
2026-07-30 10:10:55,30.43,62.63,1003.00,139.57,1407,3.911,88600,8.0,17.0,17.0,YES,UNKNOWN_ANALYSIS_IAQ140_VOC3.91ppm,590544.7,26,0.3,0.161,400
2026-07-30 10:11:04,30.43,62.63,1003.00,139.57,1407,3.911,88600,9.0,17.0,17.0,YES,UNKNOWN_ANALYSIS_IAQ140_VOC3.91ppm,590554.1,26,0.3,0.161,400
2026-07-30 10:11:15,30.43,62.63,1003.00,139.57,1407,3.911,88600,8.0,17.0,18.0,YES,UNKNOWN_ANALYSIS_IAQ140_VOC3.91ppm,590564.6,26,0.3,0.161,400
2026-07-30 10:11:25,30.43,62.63,1003.00,139.57,1407,3.911,88600,9.0,17.0,19.0,YES,UNKNOWN_ANALYSIS_IAQ140_VOC3.91ppm,590575.0,26,0.3,0.161,400
2026-07-30 10:11:34,30.43,62.63,1003.00,139.57,1407,3.911,88600,8.0,18.0,19.0,YES,UNKNOWN_ANALYSIS_IAQ140_VOC3.91ppm,590584.5,26,0.3,0.161,400
2026-07-30 10:11:45,30.43,62.63,1003.00,139.57,1407,3.911,88600,7.0,17.0,17.0,YES,UNKNOWN_ANALYSIS_IAQ140_VOC3.91ppm,590594.9,26,0.3,0.161,400
2026-07-30 10:11:54,30.43,62.63,1003.00,139.57,1407,3.911,88600,8.0,18.0,18.0,YES,UNKNOWN_ANALYSIS_IAQ140_VOC3.91ppm,590604.3,26,0.3,0.161,400
📊 Z-scores: IAQ=93.93 VOC=123701408.00 CO2=0.00 GasDrop=1068.66
2026-07-30 10:12:05,30.43,62.63,1003.00,139.57,1407,3.911,88600,8.0,16.0,17.0,YES,UNKNOWN_ANALYSIS_IAQ140_VOC3.91ppm,590614.8,26,0.3,0.161,400
2026-07-30 10:12:14,30.43,62.63,1003.00,139.57,1407,3.911,88600,8.0,17.0,18.0,YES,UNKNOWN_ANALYSIS_IAQ140_VOC3.91ppm,590624.2,26,0.3,0.161,400
2026-07-30 10:12:25,30.43,62.63,1003.00,139.57,1407,3.911,88600,8.0,17.0,18.0,YES,UNKNOWN_ANALYSIS_IAQ140_VOC3.91ppm,590634.6,26,0.3,0.161,400
2026-07-30 10:12:35,30.43,62.63,1003.00,139.57,1407,3.911,88600,8.0,16.0,17.0,YES,UNKNOWN_ANALYSIS_IAQ140_VOC3.91ppm,590645.1,26,0.3,0.161,400
2026-07-30 10:12:44,30.43,62.63,1003.00,139.57,1407,3.911,88600,8.0,17.0,18.0,YES,UNKNOWN_ANALYSIS_IAQ140_VOC3.91ppm,590654.5,26,0.3,0.161,400
2026-07-30 10:12:55,30.43,62.63,1003.00,139.57,1407,3.911,88600,8.0,16.0,20.0,YES,UNKNOWN_ANALYSIS_IAQ140_VOC3.91ppm,590664.9,26,0.3,0.161,400
2026-07-30 10:13:04,30.43,62.63,1003.00,139.57,1407,3.911,88600,7.0,16.0,19.0,YES,UNKNOWN_ANALYSIS_IAQ140_VOC3.91ppm,590674.3,26,0.3,0.161,400
📊 Z-scores: IAQ=93.93 VOC=123701408.00 CO2=0.00 GasDrop=1068.66
2026-07-30 10:13:15,30.43,62.63,1003.00,139.57,1407,3.911,88600,8.0,16.0,19.0,YES,UNKNOWN_ANALYSIS_IAQ140_VOC3.91ppm,590684.8,26,0.3,0.161,400
2026-07-30 10:13:24,30.43,62.63,1003.00,139.57,1407,3.911,88600,8.0,17.0,20.0,YES,UNKNOWN_ANALYSIS_IAQ140_VOC3.91ppm,590694.2,26,0.3,0.161,400
2026-07-30 10:13:35,30.43,62.63,1003.00,139.57,1407,3.911,88600,8.0,18.0,20.0,YES,UNKNOWN_ANALYSIS_IAQ140_VOC3.91ppm,590704.6,26,0.3,0.161,400
2026-07-30 10:13:45,30.43,62.63,1003.00,139.57,1407,3.911,88600,8.0,17.0,18.0,YES,UNKNOWN_ANALYSIS_IAQ140_VOC3.91ppm,590715.1,26,0.3,0.161,400
2026-07-30 10:13:54,30.43,62.63,1003.00,139.57,1407,3.911,88600,9.0,18.0,18.0,YES,UNKNOWN_ANALYSIS_IAQ140_VOC3.91ppm,590724.5,26,0.3,0.161,400
2026-07-30 10:14:05,30.43,62.63,1003.00,139.57,1407,3.911,88600,9.0,18.0,18.0,YES,UNKNOWN_ANALYSIS_IAQ140_VOC3.91ppm,590734.9,26,0.3,0.161,400
2026-07-30 10:14:14,30.41,62.64,1003.00,142.44,1433,4.146,88200,9.0,17.0,17.0,YES,UNKNOWN_ANALYSIS_IAQ142_VOC4.15ppm,590744.4,26,0.3,0.161,400
📊 Z-scores: IAQ=95.86 VOC=131479528.00 CO2=0.00 GasDrop=1071.79
2026-07-30 10:14:25,30.41,62.64,1003.00,142.44,1433,4.146,88200,8.0,16.0,17.0,YES,UNKNOWN_ANALYSIS_IAQ142_VOC4.15ppm,590754.8,26,0.3,0.161,400
2026-07-30 10:14:35,30.41,62.64,1003.00,142.44,1433,4.146,88200,8.0,16.0,16.0,YES,UNKNOWN_ANALYSIS_IAQ142_VOC4.15ppm,590765.3,26,0.3,0.161,400
2026-07-30 10:14:45,30.41,62.64,1003.00,142.44,1433,4.146,88200,10.0,18.0,20.0,YES,UNKNOWN_ANALYSIS_IAQ142_VOC4.15ppm,590774.7,26,0.3,0.161,400
2026-07-30 10:14:55,30.41,62.64,1003.00,142.44,1433,4.146,88200,9.0,19.0,20.0,YES,UNKNOWN_ANALYSIS_IAQ142_VOC4.15ppm,590785.1,26,0.3,0.161,400
2026-07-30 10:15:04,30.41,62.64,1003.00,142.44,1433,4.146,88200,9.0,19.0,21.0,YES,UNKNOWN_ANALYSIS_IAQ142_VOC4.15ppm,590794.5,26,0.3,0.161,400
2026-07-30 10:15:15,30.41,62.64,1003.00,142.44,1433,4.146,88200,7.0,18.0,19.0,YES,UNKNOWN_ANALYSIS_IAQ142_VOC4.15ppm,590805.0,26,0.3,0.161,400
2026-07-30 10:15:24,30.41,62.64,1003.00,142.44,1433,4.146,88200,8.0,19.0,20.0,YES,UNKNOWN_ANALYSIS_IAQ142_VOC4.15ppm,590814.4,26,0.3,0.161,400
📊 Z-scores: IAQ=95.86 VOC=131479528.00 CO2=0.00 GasDrop=1071.79
2026-07-30 10:15:35,30.41,62.64,1003.00,142.44,1433,4.146,88200,7.0,18.0,19.0,YES,UNKNOWN_ANALYSIS_IAQ142_VOC4.15ppm,590824.8,26,0.3,0.161,400
2026-07-30 10:15:45,30.41,62.64,1003.00,142.44,1433,4.146,88200,8.0,18.0,19.0,YES,UNKNOWN_ANALYSIS_IAQ142_VOC4.15ppm,590835.3,26,0.3,0.161,400
2026-07-30 10:15:55,30.41,62.64,1003.00,142.44,1433,4.146,88200,8.0,19.0,20.0,YES,UNKNOWN_ANALYSIS_IAQ142_VOC4.15ppm,590844.7,26,0.3,0.161,400
2026-07-30 10:16:05,30.41,62.64,1003.00,142.44,1433,4.146,88200,9.0,19.0,19.0,YES,UNKNOWN_ANALYSIS_IAQ142_VOC4.15ppm,590855.1,26,0.3,0.161,400
2026-07-30 10:16:15,30.41,62.64,1003.00,142.44,1433,4.146,88200,9.0,19.0,20.0,YES,UNKNOWN_ANALYSIS_IAQ142_VOC4.15ppm,590864.5,26,0.3,0.161,400
2026-07-30 10:16:25,30.41,62.64,1003.00,142.44,1433,4.146,88200,10.0,19.0,20.0,YES,UNKNOWN_ANALYSIS_IAQ142_VOC4.15ppm,590875.0,26,0.3,0.161,400
2026-07-30 10:16:34,30.41,62.64,1003.00,142.44,1433,4.146,88200,10.0,19.0,20.0,YES,UNKNOWN_ANALYSIS_IAQ142_VOC4.15ppm,590884.4,26,0.3,0.161,400
📊 Z-scores: IAQ=95.86 VOC=131479528.00 CO2=0.00 GasDrop=1071.79
2026-07-30 10:16:45,30.41,62.64,1003.00,142.44,1433,4.146,88200,8.0,18.0,20.0,YES,UNKNOWN_ANALYSIS_IAQ142_VOC4.15ppm,590894.9,26,0.3,0.161,400
2026-07-30 10:16:55,30.41,62.64,1003.00,142.44,1433,4.146,88200,8.0,18.0,19.0,YES,UNKNOWN_ANALYSIS_IAQ142_VOC4.15ppm,590905.3,26,0.3,0.161,400
2026-07-30 10:17:05,30.41,62.64,1003.00,142.44,1433,4.146,88200,7.0,17.0,18.0,YES,UNKNOWN_ANALYSIS_IAQ142_VOC4.15ppm,590914.7,26,0.3,0.161,400
2026-07-30 10:17:15,30.41,62.64,1003.00,142.44,1433,4.146,88200,8.0,18.0,18.0,YES,UNKNOWN_ANALYSIS_IAQ142_VOC4.15ppm,590925.2,26,0.3,0.161,400
2026-07-30 10:17:25,30.41,62.64,1003.00,142.44,1433,4.146,88200,8.0,16.0,18.0,YES,UNKNOWN_ANALYSIS_IAQ142_VOC4.15ppm,590934.6,26,0.3,0.161,400
2026-07-30 10:17:35,30.41,62.64,1003.00,142.44,1433,4.146,88200,9.0,16.0,18.0,YES,UNKNOWN_ANALYSIS_IAQ142_VOC4.15ppm,590945.0,26,0.3,0.161,400
📊 Z-scores: IAQ=95.86 VOC=131479528.00 CO2=0.00 GasDrop=1071.79
2026-07-30 10:17:45,30.41,62.64,1003.00,142.44,1433,4.146,88200,9.0,16.0,17.0,YES,UNKNOWN_ANALYSIS_IAQ142_VOC4.15ppm,590955.5,26,0.3,0.161,400
2026-07-30 10:17:55,30.41,62.64,1003.00,142.44,1433,4.146,88200,10.0,18.0,19.0,YES,UNKNOWN_ANALYSIS_IAQ142_VOC4.15ppm,590964.9,26,0.3,0.161,400
2026-07-30 10:18:05,30.41,62.64,1003.00,142.44,1433,4.146,88200,9.0,18.0,19.0,YES,UNKNOWN_ANALYSIS_IAQ142_VOC4.15ppm,590975.3,26,0.3,0.161,400
2026-07-30 10:18:15,30.41,62.64,1003.00,142.44,1433,4.146,88200,9.0,17.0,19.0,YES,UNKNOWN_ANALYSIS_IAQ142_VOC4.15ppm,590984.7,26,0.3,0.161,400
2026-07-30 10:18:25,30.41,62.64,1003.00,142.44,1433,4.146,88200,10.0,18.0,19.0,YES,UNKNOWN_ANALYSIS_IAQ142_VOC4.15ppm,590995.2,26,0.3,0.161,400
2026-07-30 10:18:36,30.41,62.64,1003.00,142.44,1433,4.146,88200,9.0,17.0,18.0,YES,UNKNOWN_ANALYSIS_IAQ142_VOC4.15ppm,591005.6,26,0.3,0.161,400
2026-07-30 10:18:45,30.41,62.64,1003.00,142.44,1433,4.146,88200,10.0,18.0,20.0,YES,UNKNOWN_ANALYSIS_IAQ142_VOC4.15ppm,591015.0,26,0.3,0.161,400
📊 Z-scores: IAQ=95.86 VOC=131479528.00 CO2=0.00 GasDrop=1071.79
2026-07-30 10:18:55,30.41,62.64,1003.00,142.44,1433,4.146,88200,10.0,18.0,20.0,YES,UNKNOWN_ANALYSIS_IAQ142_VOC4.15ppm,591025.5,26,0.3,0.161,400
2026-07-30 10:19:05,30.41,62.64,1003.00,142.44,1433,4.146,88200,9.0,18.0,19.0,YES,UNKNOWN_ANALYSIS_IAQ142_VOC4.15ppm,591034.9,26,0.3,0.161,400
2026-07-30 10:19:15,30.41,62.67,1003.00,141.66,1422,4.043,88300,8.0,18.0,19.0,YES,UNKNOWN_ANALYSIS_IAQ142_VOC4.04ppm,591045.3,26,0.3,0.161,400
2026-07-30 10:19:25,30.41,62.67,1003.00,141.66,1422,4.043,88300,9.0,19.0,20.0,YES,UNKNOWN_ANALYSIS_IAQ142_VOC4.04ppm,591054.8,26,0.3,0.161,400
2026-07-30 10:19:35,30.41,62.67,1003.00,141.66,1422,4.043,88300,9.0,18.0,20.0,YES,UNKNOWN_ANALYSIS_IAQ142_VOC4.04ppm,591065.2,26,0.3,0.161,400
2026-07-30 10:19:46,30.41,62.67,1003.00,141.66,1422,4.043,88300,11.0,20.0,23.0,YES,UNKNOWN_ANALYSIS_IAQ142_VOC4.04ppm,591075.6,26,0.3,0.161,400
2026-07-30 10:19:55,30.41,62.67,1003.00,141.66,1422,4.043,88300,11.0,20.0,22.0,YES,UNKNOWN_ANALYSIS_IAQ142_VOC4.04ppm,591085.1,26,0.3,0.161,400
📊 Z-scores: IAQ=95.33 VOC=128062928.00 CO2=0.00 GasDrop=1071.01
2026-07-30 10:20:05,30.41,62.67,1003.00,141.66,1422,4.043,88300,10.0,20.0,22.0,YES,UNKNOWN_ANALYSIS_IAQ142_VOC4.04ppm,591095.5,26,0.3,0.161,400
2026-07-30 10:20:15,30.41,62.67,1003.00,141.66,1422,4.043,88300,9.0,19.0,20.0,YES,UNKNOWN_ANALYSIS_IAQ142_VOC4.04ppm,591104.9,26,0.3,0.161,400
2026-07-30 10:20:25,30.41,62.67,1003.00,141.66,1422,4.043,88300,11.0,20.0,21.0,YES,UNKNOWN_ANALYSIS_IAQ142_VOC4.04ppm,591115.4,26,0.3,0.161,400
2026-07-30 10:20:36,30.41,62.67,1003.00,141.66,1422,4.043,88300,9.0,18.0,19.0,YES,UNKNOWN_ANALYSIS_IAQ142_VOC4.04ppm,591125.8,26,0.3,0.161,400
2026-07-30 10:20:45,30.41,62.67,1003.00,141.66,1422,4.043,88300,10.0,18.0,20.0,YES,UNKNOWN_ANALYSIS_IAQ142_VOC4.04ppm,591135.2,26,0.3,0.161,400
2026-07-30 10:20:56,30.41,62.67,1003.00,141.66,1422,4.043,88300,11.0,20.0,21.0,YES,UNKNOWN_ANALYSIS_IAQ142_VOC4.04ppm,591145.7,26,0.3,0.161,400
2026-07-30 10:21:05,30.41,62.67,1003.00,141.66,1422,4.043,88300,10.0,19.0,20.0,YES,UNKNOWN_ANALYSIS_IAQ142_VOC4.04ppm,591155.1,26,0.3,0.161,400
📊 Z-scores: IAQ=95.33 VOC=128062928.00 CO2=0.00 GasDrop=1071.01
2026-07-30 10:21:15,30.41,62.67,1003.00,141.66,1422,4.043,88300,10.0,20.0,21.0,YES,UNKNOWN_ANALYSIS_IAQ142_VOC4.04ppm,591165.5,26,0.3,0.161,400
2026-07-30 10:21:25,30.41,62.67,1003.00,141.66,1422,4.043,88300,9.0,21.0,21.0,YES,UNKNOWN_ANALYSIS_IAQ142_VOC4.04ppm,591174.9,26,0.3,0.161,400
2026-07-30 10:21:35,30.41,62.67,1003.00,141.66,1422,4.043,88300,9.0,20.0,21.0,YES,UNKNOWN_ANALYSIS_IAQ142_VOC4.04ppm,591185.4,26,0.3,0.161,400
2026-07-30 10:21:46,30.41,62.67,1003.00,141.66,1422,4.043,88300,11.0,21.0,22.0,YES,UNKNOWN_ANALYSIS_IAQ142_VOC4.04ppm,591195.8,26,0.3,0.161,400
2026-07-30 10:21:55,30.41,62.67,1003.00,141.66,1422,4.043,88300,10.0,21.0,21.0,YES,UNKNOWN_ANALYSIS_IAQ142_VOC4.04ppm,591205.2,26,0.3,0.161,400
2026-07-30 10:22:06,30.41,62.67,1003.00,141.66,1422,4.043,88300,8.0,19.0,19.0,YES,UNKNOWN_ANALYSIS_IAQ142_VOC4.04ppm,591215.7,26,0.3,0.161,400
2026-07-30 10:22:15,30.41,62.67,1003.00,141.66,1422,4.043,88300,10.0,20.0,22.0,YES,UNKNOWN_ANALYSIS_IAQ142_VOC4.04ppm,591225.1,26,0.3,0.161,400
📊 Z-scores: IAQ=95.33 VOC=128062928.00 CO2=0.00 GasDrop=1071.01
2026-07-30 10:22:25,30.41,62.67,1003.00,141.66,1422,4.043,88300,10.0,21.0,23.0,YES,UNKNOWN_ANALYSIS_IAQ142_VOC4.04ppm,591235.5,26,0.3,0.161,400
2026-07-30 10:22:36,30.41,62.67,1003.00,141.66,1422,4.043,88300,10.0,22.0,25.0,YES,UNKNOWN_ANALYSIS_IAQ142_VOC4.04ppm,591246.0,26,0.3,0.161,400
2026-07-30 10:22:45,30.41,62.67,1003.00,141.66,1422,4.043,88300,9.0,21.0,24.0,YES,UNKNOWN_ANALYSIS_IAQ142_VOC4.04ppm,591255.4,26,0.3,0.161,400
2026-07-30 10:22:56,30.41,62.67,1003.00,141.66,1422,4.043,88300,11.0,20.0,23.0,YES,UNKNOWN_ANALYSIS_IAQ142_VOC4.04ppm,591265.8,26,0.3,0.161,400
2026-07-30 10:23:05,30.41,62.67,1003.00,141.66,1422,4.043,88300,9.0,18.0,19.0,YES,UNKNOWN_ANALYSIS_IAQ142_VOC4.04ppm,591275.2,26,0.3,0.161,400
2026-07-30 10:23:16,30.41,62.67,1003.00,141.66,1422,4.043,88300,8.0,17.0,20.0,YES,UNKNOWN_ANALYSIS_IAQ142_VOC4.04ppm,591285.7,26,0.3,0.161,400
2026-07-30 10:23:25,30.41,62.67,1003.00,141.66,1422,4.043,88300,9.0,18.0,22.0,YES,UNKNOWN_ANALYSIS_IAQ142_VOC4.04ppm,591295.1,26,0.3,0.161,400
📊 Z-scores: IAQ=95.33 VOC=128062928.00 CO2=0.00 GasDrop=1071.01
2026-07-30 10:23:36,30.41,62.67,1003.00,141.66,1422,4.043,88300,9.0,19.0,22.0,YES,UNKNOWN_ANALYSIS_IAQ142_VOC4.04ppm,591305.6,26,0.3,0.161,400
2026-07-30 10:23:46,30.41,62.67,1003.00,141.66,1422,4.043,88300,10.0,19.0,24.0,YES,UNKNOWN_ANALYSIS_IAQ142_VOC4.04ppm,591316.0,26,0.3,0.161,400
2026-07-30 10:23:55,30.41,62.67,1003.00,141.66,1422,4.043,88300,8.0,18.0,21.0,YES,UNKNOWN_ANALYSIS_IAQ142_VOC4.04ppm,591325.4,26,0.3,0.161,400
2026-07-30 10:24:06,30.41,62.67,1003.00,141.66,1422,4.043,88300,9.0,19.0,21.0,YES,UNKNOWN_ANALYSIS_IAQ142_VOC4.04ppm,591335.9,26,0.3,0.161,400
2026-07-30 10:24:15,30.41,62.66,1003.00,142.35,1426,4.077,88200,9.0,19.0,21.0,YES,UNKNOWN_ANALYSIS_IAQ142_VOC4.08ppm,591345.3,26,0.3,0.161,400
2026-07-30 10:24:26,30.41,62.66,1003.00,142.35,1426,4.077,88200,9.0,20.0,21.0,YES,UNKNOWN_ANALYSIS_IAQ142_VOC4.08ppm,591355.7,26,0.3,0.161,400
2026-07-30 10:24:35,30.41,62.66,1003.00,142.35,1426,4.077,88200,11.0,21.0,22.0,YES,UNKNOWN_ANALYSIS_IAQ142_VOC4.08ppm,591365.1,26,0.3,0.161,400
📊 Z-scores: IAQ=95.80 VOC=129202664.00 CO2=0.00 GasDrop=1071.79
2026-07-30 10:24:46,30.41,62.66,1003.00,142.35,1426,4.077,88200,10.0,19.0,20.0,YES,UNKNOWN_ANALYSIS_IAQ142_VOC4.08ppm,591375.6,26,0.3,0.161,400
2026-07-30 10:24:56,30.41,62.66,1003.00,142.35,1426,4.077,88200,12.0,21.0,22.0,YES,UNKNOWN_ANALYSIS_IAQ142_VOC4.08ppm,591386.0,26,0.3,0.161,400
2026-07-30 10:25:05,30.41,62.66,1003.00,142.35,1426,4.077,88200,11.0,20.0,20.0,YES,UNKNOWN_ANALYSIS_IAQ142_VOC4.08ppm,591395.4,26,0.3,0.161,400
2026-07-30 10:25:16,30.41,62.66,1003.00,142.35,1426,4.077,88200,12.0,20.0,21.0,YES,UNKNOWN_ANALYSIS_IAQ142_VOC4.08ppm,591405.9,26,0.3,0.161,400
2026-07-30 10:25:25,30.41,62.66,1003.00,142.35,1426,4.077,88200,13.0,20.0,20.0,YES,UNKNOWN_ANALYSIS_IAQ142_VOC4.08ppm,591415.3,26,0.3,0.161,400
2026-07-30 10:25:36,30.41,62.66,1003.00,142.35,1426,4.077,88200,11.0,19.0,19.0,YES,UNKNOWN_ANALYSIS_IAQ142_VOC4.08ppm,591425.7,26,0.3,0.161,400
📊 Z-scores: IAQ=95.80 VOC=129202664.00 CO2=0.00 GasDrop=1071.79
2026-07-30 10:25:46,30.41,62.66,1003.00,142.35,1426,4.077,88200,11.0,19.0,21.0,YES,UNKNOWN_ANALYSIS_IAQ142_VOC4.08ppm,591436.2,26,0.3,0.161,400
2026-07-30 10:25:56,30.41,62.66,1003.00,142.35,1426,4.077,88200,9.0,17.0,19.0,YES,UNKNOWN_ANALYSIS_IAQ142_VOC4.08ppm,591445.6,26,0.3,0.161,400
2026-07-30 10:26:06,30.41,62.66,1003.00,142.35,1426,4.077,88200,9.0,17.0,19.0,YES,UNKNOWN_ANALYSIS_IAQ142_VOC4.08ppm,591456.0,26,0.3,0.161,400
2026-07-30 10:26:15,30.41,62.66,1003.00,142.35,1426,4.077,88200,12.0,18.0,21.0,YES,UNKNOWN_ANALYSIS_IAQ142_VOC4.08ppm,591465.4,26,0.3,0.161,400
2026-07-30 10:26:26,30.41,62.66,1003.00,142.35,1426,4.077,88200,9.0,17.0,18.0,YES,UNKNOWN_ANALYSIS_IAQ142_VOC4.08ppm,591475.9,26,0.3,0.161,400
2026-07-30 10:26:35,30.41,62.66,1003.00,142.35,1426,4.077,88200,10.0,18.0,19.0,YES,UNKNOWN_ANALYSIS_IAQ142_VOC4.08ppm,591485.3,26,0.3,0.161,400
2026-07-30 10:26:46,30.41,62.66,1003.00,142.35,1426,4.077,88200,11.0,18.0,19.0,YES,UNKNOWN_ANALYSIS_IAQ142_VOC4.08ppm,591495.7,26,0.3,0.161,400
📊 Z-scores: IAQ=95.80 VOC=129202664.00 CO2=0.00 GasDrop=1071.79
2026-07-30 10:26:56,30.41,62.66,1003.00,142.35,1426,4.077,88200,13.0,20.0,20.0,YES,UNKNOWN_ANALYSIS_IAQ142_VOC4.08ppm,591506.2,26,0.3,0.161,400
2026-07-30 10:27:06,30.41,62.66,1003.00,142.35,1426,4.077,88200,12.0,19.0,20.0,YES,UNKNOWN_ANALYSIS_IAQ142_VOC4.08ppm,591515.6,26,0.3,0.161,400
2026-07-30 10:27:16,30.41,62.66,1003.00,142.35,1426,4.077,88200,12.0,19.0,20.0,YES,UNKNOWN_ANALYSIS_IAQ142_VOC4.08ppm,591526.0,26,0.3,0.161,400
2026-07-30 10:27:25,30.41,62.66,1003.00,142.35,1426,4.077,88200,12.0,18.0,20.0,YES,UNKNOWN_ANALYSIS_IAQ142_VOC4.08ppm,591535.4,26,0.3,0.161,400
2026-07-30 10:27:36,30.41,62.66,1003.00,142.35,1426,4.077,88200,12.0,19.0,20.0,YES,UNKNOWN_ANALYSIS_IAQ142_VOC4.08ppm,591545.9,26,0.3,0.161,400
2026-07-30 10:27:46,30.41,62.66,1003.00,142.35,1426,4.077,88200,14.0,21.0,23.0,YES,UNKNOWN_ANALYSIS_IAQ142_VOC4.08ppm,591556.3,26,0.3,0.161,400
2026-07-30 10:27:56,30.41,62.66,1003.00,142.35,1426,4.077,88200,13.0,21.0,24.0,YES,UNKNOWN_ANALYSIS_IAQ142_VOC4.08ppm,591565.7,26,0.3,0.161,400
📊 Z-scores: IAQ=95.80 VOC=129202664.00 CO2=0.00 GasDrop=1071.79
2026-07-30 10:28:06,30.41,62.66,1003.00,142.35,1426,4.077,88200,13.0,21.0,23.0,YES,UNKNOWN_ANALYSIS_IAQ142_VOC4.08ppm,591576.2,26,0.3,0.161,400
2026-07-30 10:28:16,30.41,62.66,1003.00,142.35,1426,4.077,88200,10.0,19.0,21.0,YES,UNKNOWN_ANALYSIS_IAQ142_VOC4.08ppm,591585.6,26,0.3,0.161,400
2026-07-30 10:28:26,30.41,62.66,1003.00,142.35,1426,4.077,88200,10.0,18.0,22.0,YES,UNKNOWN_ANALYSIS_IAQ142_VOC4.08ppm,591596.0,26,0.3,0.161,400
2026-07-30 10:28:35,30.41,62.66,1003.00,142.35,1426,4.077,88200,12.0,21.0,24.0,YES,UNKNOWN_ANALYSIS_IAQ142_VOC4.08ppm,591605.5,26,0.3,0.161,400
2026-07-30 10:28:46,30.41,62.66,1003.00,142.35,1426,4.077,88200,13.0,22.0,25.0,YES,UNKNOWN_ANALYSIS_IAQ142_VOC4.08ppm,591615.9,26,0.3,0.161,400
2026-07-30 10:28:56,30.41,62.66,1003.00,142.35,1426,4.077,88200,13.0,22.0,24.0,YES,UNKNOWN_ANALYSIS_IAQ142_VOC4.08ppm,591626.3,26,0.3,0.161,400
2026-07-30 10:29:06,30.41,62.66,1003.00,142.35,1426,4.077,88200,11.0,19.0,20.0,YES,UNKNOWN_ANALYSIS_IAQ142_VOC4.08ppm,591635.8,26,0.3,0.161,400
📊 Z-scores: IAQ=94.46 VOC=122342920.00 CO2=0.00 GasDrop=1069.44
2026-07-30 10:29:16,30.41,62.66,1003.00,140.36,1402,3.869,88500,11.0,19.0,20.0,YES,UNKNOWN_ANALYSIS_IAQ140_VOC3.87ppm,591646.2,26,0.3,0.161,400
2026-07-30 10:29:26,30.41,62.66,1003.00,140.36,1402,3.869,88500,11.0,19.0,21.0,YES,UNKNOWN_ANALYSIS_IAQ140_VOC3.87ppm,591655.6,26,0.3,0.161,400
2026-07-30 10:29:36,30.41,62.66,1003.00,140.36,1402,3.869,88500,12.0,19.0,22.0,YES,UNKNOWN_ANALYSIS_IAQ140_VOC3.87ppm,591666.1,26,0.3,0.161,400
2026-07-30 10:29:46,30.41,62.66,1003.00,140.36,1402,3.869,88500,11.0,19.0,23.0,YES,UNKNOWN_ANALYSIS_IAQ140_VOC3.87ppm,591676.5,26,0.3,0.161,400
2026-07-30 10:29:56,30.41,62.66,1003.00,140.36,1402,3.869,88500,10.0,19.0,23.0,YES,UNKNOWN_ANALYSIS_IAQ140_VOC3.87ppm,591685.9,26,0.3,0.161,400
2026-07-30 10:30:06,30.41,62.66,1003.00,140.36,1402,3.869,88500,11.0,21.0,23.0,YES,UNKNOWN_ANALYSIS_IAQ140_VOC3.87ppm,591696.3,26,0.3,0.161,400
2026-07-30 10:30:16,30.41,62.66,1003.00,140.36,1402,3.869,88500,12.0,22.0,24.0,YES,UNKNOWN_ANALYSIS_IAQ140_VOC3.87ppm,591705.8,26,0.3,0.161,400
📊 Z-scores: IAQ=94.46 VOC=122342920.00 CO2=0.00 GasDrop=1069.44
2026-07-30 10:30:26,30.41,62.66,1003.00,140.36,1402,3.869,88500,12.0,22.0,25.0,YES,UNKNOWN_ANALYSIS_IAQ140_VOC3.87ppm,591716.2,26,0.3,0.161,400
2026-07-30 10:30:37,30.41,62.66,1003.00,140.36,1402,3.869,88500,11.0,20.0,23.0,YES,UNKNOWN_ANALYSIS_IAQ140_VOC3.87ppm,591726.6,26,0.3,0.161,400
2026-07-30 10:30:46,30.41,62.66,1003.00,140.36,1402,3.869,88500,12.0,20.0,23.0,YES,UNKNOWN_ANALYSIS_IAQ140_VOC3.87ppm,591736.1,26,0.3,0.161,400
2026-07-30 10:30:56,30.41,62.66,1003.00,140.36,1402,3.869,88500,13.0,22.0,24.0,YES,UNKNOWN_ANALYSIS_IAQ140_VOC3.87ppm,591746.5,26,0.3,0.161,400
2026-07-30 10:31:06,30.41,62.66,1003.00,140.36,1402,3.869,88500,12.0,21.0,23.0,YES,UNKNOWN_ANALYSIS_IAQ140_VOC3.87ppm,591755.9,26,0.3,0.161,400
2026-07-30 10:31:16,30.41,62.66,1003.00,140.36,1402,3.869,88500,12.0,21.0,22.0,YES,UNKNOWN_ANALYSIS_IAQ140_VOC3.87ppm,591766.4,26,0.3,0.161,400
PMS7003: Timeout error
📊 Z-scores: IAQ=94.46 VOC=122342920.00 CO2=0.00 GasDrop=1069.44
2026-07-30 10:31:27,30.41,62.66,1003.00,140.36,1402,3.869,88500,12.0,21.0,22.0,YES,UNKNOWN_ANALYSIS_IAQ140_VOC3.87ppm,591776.8,26,0.3,0.161,400
2026-07-30 10:31:36,30.41,62.66,1003.00,140.36,1402,3.869,88500,14.0,22.0,23.0,YES,UNKNOWN_ANALYSIS_IAQ140_VOC3.87ppm,591786.2,26,0.3,0.161,400
2026-07-30 10:31:47,30.41,62.66,1003.00,140.36,1402,3.869,88500,14.0,22.0,22.0,YES,UNKNOWN_ANALYSIS_IAQ140_VOC3.87ppm,591796.7,26,0.3,0.161,400
2026-07-30 10:31:56,30.41,62.66,1003.00,140.36,1402,3.869,88500,15.0,22.0,24.0,YES,UNKNOWN_ANALYSIS_IAQ140_VOC3.87ppm,591806.1,26,0.3,0.161,400
2026-07-30 10:32:06,30.41,62.66,1003.00,140.36,1402,3.869,88500,13.0,19.0,22.0,YES,UNKNOWN_ANALYSIS_IAQ140_VOC3.87ppm,591816.5,26,0.3,0.161,400
2026-07-30 10:32:16,30.41,62.66,1003.00,140.36,1402,3.869,88500,13.0,19.0,20.0,YES,UNKNOWN_ANALYSIS_IAQ140_VOC3.87ppm,591825.9,26,0.3,0.161,400
2026-07-30 10:32:26,30.41,62.66,1003.00,140.36,1402,3.869,88500,14.0,19.0,20.0,YES,UNKNOWN_ANALYSIS_IAQ140_VOC3.87ppm,591836.4,26,0.3,0.161,400
📊 Z-scores: IAQ=94.46 VOC=122342920.00 CO2=0.00 GasDrop=1069.44
2026-07-30 10:32:37,30.41,62.66,1003.00,140.36,1402,3.869,88500,15.0,20.0,21.0,YES,UNKNOWN_ANALYSIS_IAQ140_VOC3.87ppm,591846.8,26,0.3,0.161,400
2026-07-30 10:32:46,30.41,62.66,1003.00,140.36,1402,3.869,88500,13.0,19.0,21.0,YES,UNKNOWN_ANALYSIS_IAQ140_VOC3.87ppm,591856.2,26,0.3,0.161,400
2026-07-30 10:32:57,30.41,62.66,1003.00,140.36,1402,3.869,88500,13.0,19.0,23.0,YES,UNKNOWN_ANALYSIS_IAQ140_VOC3.87ppm,591866.7,26,0.3,0.161,400
2026-07-30 10:33:06,30.41,62.66,1003.00,140.36,1402,3.869,88500,13.0,20.0,22.0,YES,UNKNOWN_ANALYSIS_IAQ140_VOC3.87ppm,591876.1,26,0.3,0.161,400
2026-07-30 10:33:16,30.41,62.66,1003.00,140.36,1402,3.869,88500,14.0,20.0,23.0,YES,UNKNOWN_ANALYSIS_IAQ140_VOC3.87ppm,591886.5,26,0.3,0.161,400
2026-07-30 10:33:27,30.41,62.66,1003.00,140.36,1402,3.869,88500,12.0,20.0,22.0,YES,UNKNOWN_ANALYSIS_IAQ140_VOC3.87ppm,591897.0,26,0.3,0.161,400
2026-07-30 10:33:36,30.41,62.66,1003.00,140.36,1402,3.869,88500,13.0,19.0,22.0,YES,UNKNOWN_ANALYSIS_IAQ140_VOC3.87ppm,591906.4,26,0.3,0.161,400
📊 Z-scores: IAQ=94.46 VOC=122342920.00 CO2=0.00 GasDrop=1069.44
2026-07-30 10:33:47,30.41,62.66,1003.00,140.36,1402,3.869,88500,14.0,21.0,22.0,YES,UNKNOWN_ANALYSIS_IAQ140_VOC3.87ppm,591916.8,26,0.3,0.161,400
2026-07-30 10:33:56,30.41,62.66,1003.00,140.36,1402,3.869,88500,13.0,21.0,22.0,YES,UNKNOWN_ANALYSIS_IAQ140_VOC3.87ppm,591926.2,26,0.3,0.161,400
2026-07-30 10:34:07,30.41,62.66,1003.00,140.36,1402,3.869,88500,14.0,21.0,21.0,YES,UNKNOWN_ANALYSIS_IAQ140_VOC3.87ppm,591936.7,26,0.3,0.161,400
2026-07-30 10:34:16,30.43,62.65,1003.00,142.11,1417,3.997,88200,14.0,20.0,20.0,YES,UNKNOWN_ANALYSIS_IAQ142_VOC4.00ppm,591946.1,26,0.3,0.161,400
2026-07-30 10:34:26,30.43,62.65,1003.00,142.11,1417,3.997,88200,14.0,20.0,22.0,YES,UNKNOWN_ANALYSIS_IAQ142_VOC4.00ppm,591956.5,26,0.3,0.161,400
2026-07-30 10:34:37,30.43,62.65,1003.00,142.11,1417,3.997,88200,14.0,20.0,22.0,YES,UNKNOWN_ANALYSIS_IAQ142_VOC4.00ppm,591967.0,26,0.3,0.161,400
2026-07-30 10:34:46,30.43,62.65,1003.00,142.11,1417,3.997,88200,12.0,20.0,23.0,YES,UNKNOWN_ANALYSIS_IAQ142_VOC4.00ppm,591976.4,26,0.3,0.161,400
📊 Z-scores: IAQ=95.64 VOC=126542792.00 CO2=0.00 GasDrop=1071.79
2026-07-30 10:34:57,30.43,62.65,1003.00,142.11,1417,3.997,88200,14.0,21.0,26.0,YES,UNKNOWN_ANALYSIS_IAQ142_VOC4.00ppm,591986.8,26,0.3,0.161,400
2026-07-30 10:35:06,30.43,62.65,1003.00,142.11,1417,3.997,88200,13.0,20.0,24.0,YES,UNKNOWN_ANALYSIS_IAQ142_VOC4.00ppm,591996.2,26,0.3,0.161,400
2026-07-30 10:35:17,30.43,62.65,1003.00,142.11,1417,3.997,88200,15.0,23.0,27.0,YES,UNKNOWN_ANALYSIS_IAQ142_VOC4.00ppm,592006.7,26,0.3,0.161,400
2026-07-30 10:35:27,30.43,62.65,1003.00,142.11,1417,3.997,88200,15.0,23.0,26.0,YES,UNKNOWN_ANALYSIS_IAQ142_VOC4.00ppm,592017.1,26,0.3,0.161,400
2026-07-30 10:35:36,30.43,62.65,1003.00,142.11,1417,3.997,88200,16.0,23.0,27.0,YES,UNKNOWN_ANALYSIS_IAQ142_VOC4.00ppm,592026.5,26,0.3,0.161,400
2026-07-30 10:35:47,30.43,62.65,1003.00,142.11,1417,3.997,88200,14.0,21.0,26.0,YES,UNKNOWN_ANALYSIS_IAQ142_VOC4.00ppm,592037.0,26,0.3,0.161,400
2026-07-30 10:35:56,30.43,62.65,1003.00,142.11,1417,3.997,88200,14.0,21.0,26.0,YES,UNKNOWN_ANALYSIS_IAQ142_VOC4.00ppm,592046.4,26,0.3,0.161,400
📊 Z-scores: IAQ=95.64 VOC=126542792.00 CO2=0.00 GasDrop=1071.79
2026-07-30 10:36:07,30.43,62.65,1003.00,142.11,1417,3.997,88200,13.0,22.0,24.0,YES,UNKNOWN_ANALYSIS_IAQ142_VOC4.00ppm,592056.8,26,0.3,0.161,400
2026-07-30 10:36:16,30.43,62.65,1003.00,142.11,1417,3.997,88200,13.0,23.0,24.0,YES,UNKNOWN_ANALYSIS_IAQ142_VOC4.00ppm,592066.3,26,0.3,0.161,400
2026-07-30 10:36:27,30.43,62.65,1003.00,142.11,1417,3.997,88200,14.0,23.0,24.0,YES,UNKNOWN_ANALYSIS_IAQ142_VOC4.00ppm,592076.7,26,0.3,0.161,400
2026-07-30 10:36:37,30.43,62.65,1003.00,142.11,1417,3.997,88200,15.0,23.0,25.0,YES,UNKNOWN_ANALYSIS_IAQ142_VOC4.00ppm,592087.2,26,0.3,0.161,400
2026-07-30 10:36:47,30.43,62.65,1003.00,142.11,1417,3.997,88200,14.0,22.0,23.0,YES,UNKNOWN_ANALYSIS_IAQ142_VOC4.00ppm,592096.6,26,0.3,0.161,400
2026-07-30 10:36:57,30.43,62.65,1003.00,142.11,1417,3.997,88200,15.0,23.0,25.0,YES,UNKNOWN_ANALYSIS_IAQ142_VOC4.00ppm,592107.0,26,0.3,0.161,400
2026-07-30 10:37:06,30.43,62.65,1003.00,142.11,1417,3.997,88200,14.0,23.0,25.0,YES,UNKNOWN_ANALYSIS_IAQ142_VOC4.00ppm,592116.4,26,0.3,0.161,400
📊 Z-scores: IAQ=95.64 VOC=126542792.00 CO2=0.00 GasDrop=1071.79
2026-07-30 10:37:17,30.43,62.65,1003.00,142.11,1417,3.997,88200,15.0,22.0,22.0,YES,UNKNOWN_ANALYSIS_IAQ142_VOC4.00ppm,592126.9,26,0.3,0.161,400
2026-07-30 10:37:26,30.43,62.65,1003.00,142.11,1417,3.997,88200,15.0,22.0,22.0,YES,UNKNOWN_ANALYSIS_IAQ142_VOC4.00ppm,592136.3,26,0.3,0.161,400
2026-07-30 10:37:37,30.43,62.65,1003.00,142.11,1417,3.997,88200,15.0,22.0,23.0,YES,UNKNOWN_ANALYSIS_IAQ142_VOC4.00ppm,592146.7,26,0.3,0.161,400
2026-07-30 10:37:47,30.43,62.65,1003.00,142.11,1417,3.997,88200,15.0,22.0,24.0,YES,UNKNOWN_ANALYSIS_IAQ142_VOC4.00ppm,592157.2,26,0.3,0.161,400
2026-07-30 10:37:57,30.43,62.65,1003.00,142.11,1417,3.997,88200,15.0,22.0,25.0,YES,UNKNOWN_ANALYSIS_IAQ142_VOC4.00ppm,592166.6,26,0.3,0.161,400
2026-07-30 10:38:07,30.43,62.65,1003.00,142.11,1417,3.997,88200,16.0,23.0,25.0,YES,UNKNOWN_ANALYSIS_IAQ142_VOC4.00ppm,592177.0,26,0.3,0.161,400
2026-07-30 10:38:16,30.43,62.65,1003.00,142.11,1417,3.997,88200,15.0,21.0,24.0,YES,UNKNOWN_ANALYSIS_IAQ142_VOC4.00ppm,592186.4,26,0.3,0.161,400
📊 Z-scores: IAQ=95.64 VOC=126542792.00 CO2=0.00 GasDrop=1071.79
2026-07-30 10:38:27,30.43,62.65,1003.00,142.11,1417,3.997,88200,14.0,21.0,24.0,YES,UNKNOWN_ANALYSIS_IAQ142_VOC4.00ppm,592196.9,26,0.3,0.161,400
2026-07-30 10:38:37,30.43,62.65,1003.00,142.11,1417,3.997,88200,15.0,24.0,25.0,YES,UNKNOWN_ANALYSIS_IAQ142_VOC4.00ppm,592207.3,26,0.3,0.161,400
2026-07-30 10:38:47,30.43,62.65,1003.00,142.11,1417,3.997,88200,15.0,23.0,23.0,YES,UNKNOWN_ANALYSIS_IAQ142_VOC4.00ppm,592216.8,26,0.3,0.161,400
2026-07-30 10:38:57,30.43,62.65,1003.00,142.11,1417,3.997,88200,16.0,23.0,23.0,YES,UNKNOWN_ANALYSIS_IAQ142_VOC4.00ppm,592227.2,26,0.3,0.161,400
2026-07-30 10:39:07,30.43,62.65,1003.00,142.11,1417,3.997,88200,15.0,22.0,22.0,YES,UNKNOWN_ANALYSIS_IAQ142_VOC4.00ppm,592236.6,26,0.3,0.161,400
2026-07-30 10:39:17,30.45,62.65,1003.00,147.20,1464,4.449,87400,16.0,23.0,24.0,YES,UNKNOWN_ANALYSIS_IAQ147_VOC4.45ppm,592247.1,26,0.3,0.161,400
PMS7003: Timeout error
📊 Z-scores: IAQ=99.07 VOC=141475984.00 CO2=0.00 GasDrop=1078.05
2026-07-30 10:39:27,30.45,62.65,1003.00,147.20,1464,4.449,87400,16.0,23.0,24.0,YES,UNKNOWN_ANALYSIS_IAQ147_VOC4.45ppm,592257.5,26,0.3,0.161,400
2026-07-30 10:39:37,30.45,62.65,1003.00,147.20,1464,4.449,87400,15.0,22.0,22.0,YES,UNKNOWN_ANALYSIS_IAQ147_VOC4.45ppm,592266.9,26,0.3,0.161,400
2026-07-30 10:39:47,30.45,62.65,1003.00,147.20,1464,4.449,87400,14.0,21.0,23.0,YES,UNKNOWN_ANALYSIS_IAQ147_VOC4.45ppm,592277.4,26,0.3,0.161,400
2026-07-30 10:39:57,30.45,62.65,1003.00,147.20,1464,4.449,87400,15.0,24.0,26.0,YES,UNKNOWN_ANALYSIS_IAQ147_VOC4.45ppm,592286.8,26,0.3,0.161,400
2026-07-30 10:40:07,30.45,62.65,1003.00,147.20,1464,4.449,87400,15.0,24.0,26.0,YES,UNKNOWN_ANALYSIS_IAQ147_VOC4.45ppm,592297.2,26,0.3,0.161,400
2026-07-30 10:40:17,30.45,62.65,1003.00,147.20,1464,4.449,87400,13.0,22.0,24.0,YES,UNKNOWN_ANALYSIS_IAQ147_VOC4.45ppm,592306.6,26,0.3,0.161,400
2026-07-30 10:40:27,30.45,62.65,1003.00,147.20,1464,4.449,87400,12.0,21.0,24.0,YES,UNKNOWN_ANALYSIS_IAQ147_VOC4.45ppm,592317.1,26,0.3,0.161,400
📊 Z-scores: IAQ=99.07 VOC=141475984.00 CO2=0.00 GasDrop=1078.05
2026-07-30 10:40:37,30.45,62.65,1003.00,147.20,1464,4.449,87400,11.0,21.0,23.0,YES,UNKNOWN_ANALYSIS_IAQ147_VOC4.45ppm,592327.5,26,0.3,0.161,400
2026-07-30 10:40:47,30.45,62.65,1003.00,147.20,1464,4.449,87400,12.0,21.0,23.0,YES,UNKNOWN_ANALYSIS_IAQ147_VOC4.45ppm,592336.9,26,0.3,0.161,400
2026-07-30 10:40:57,30.45,62.65,1003.00,147.20,1464,4.449,87400,12.0,20.0,25.0,YES,UNKNOWN_ANALYSIS_IAQ147_VOC4.45ppm,592347.4,26,0.3,0.161,400
2026-07-30 10:41:07,30.45,62.65,1003.00,147.20,1464,4.449,87400,15.0,20.0,24.0,YES,UNKNOWN_ANALYSIS_IAQ147_VOC4.45ppm,592356.8,26,0.3,0.161,400
2026-07-30 10:41:17,30.45,62.65,1003.00,147.20,1464,4.449,87400,15.0,21.0,25.0,YES,UNKNOWN_ANALYSIS_IAQ147_VOC4.45ppm,592367.3,26,0.3,0.161,400
2026-07-30 10:41:28,30.45,62.65,1003.00,147.20,1464,4.449,87400,16.0,21.0,24.0,YES,UNKNOWN_ANALYSIS_IAQ147_VOC4.45ppm,592377.7,26,0.3,0.161,400
2026-07-30 10:41:37,30.45,62.65,1003.00,147.20,1464,4.449,87400,16.0,21.0,24.0,YES,UNKNOWN_ANALYSIS_IAQ147_VOC4.45ppm,592387.1,26,0.3,0.161,400
📊 Z-scores: IAQ=99.07 VOC=141475984.00 CO2=0.00 GasDrop=1078.05
2026-07-30 10:41:48,30.45,62.65,1003.00,147.20,1464,4.449,87400,15.0,19.0,22.0,YES,UNKNOWN_ANALYSIS_IAQ147_VOC4.45ppm,592397.6,26,0.3,0.161,400
2026-07-30 10:41:57,30.45,62.65,1003.00,147.20,1464,4.449,87400,15.0,20.0,21.0,YES,UNKNOWN_ANALYSIS_IAQ147_VOC4.45ppm,592407.0,26,0.3,0.161,400
2026-07-30 10:42:07,30.45,62.65,1003.00,147.20,1464,4.449,87400,15.0,22.0,23.0,YES,UNKNOWN_ANALYSIS_IAQ147_VOC4.45ppm,592417.4,26,0.3,0.161,400
2026-07-30 10:42:18,30.45,62.65,1003.00,147.20,1464,4.449,87400,18.0,25.0,25.0,YES,UNKNOWN_ANALYSIS_IAQ147_VOC4.45ppm,592427.9,26,0.3,0.161,400
2026-07-30 10:42:27,30.45,62.65,1003.00,147.20,1464,4.449,87400,19.0,26.0,26.0,YES,UNKNOWN_ANALYSIS_IAQ147_VOC4.45ppm,592437.3,26,0.3,0.161,400
2026-07-30 10:42:38,30.45,62.65,1003.00,147.20,1464,4.449,87400,19.0,26.0,26.0,YES,UNKNOWN_ANALYSIS_IAQ147_VOC4.45ppm,592447.7,26,0.3,0.161,400
2026-07-30 10:42:47,30.45,62.65,1003.00,147.20,1464,4.449,87400,19.0,25.0,25.0,YES,UNKNOWN_ANALYSIS_IAQ147_VOC4.45ppm,592457.1,26,0.3,0.161,400
📊 Z-scores: IAQ=99.07 VOC=141475984.00 CO2=0.00 GasDrop=1078.05
2026-07-30 10:42:58,30.45,62.65,1003.00,147.20,1464,4.449,87400,18.0,24.0,25.0,YES,UNKNOWN_ANALYSIS_IAQ147_VOC4.45ppm,592467.6,26,0.3,0.161,400
PMS7003: Timeout error
2026-07-30 10:43:08,30.45,62.65,1003.00,147.20,1464,4.449,87400,18.0,24.0,25.0,YES,UNKNOWN_ANALYSIS_IAQ147_VOC4.45ppm,592478.0,26,0.3,0.161,400
2026-07-30 10:43:17,30.45,62.65,1003.00,147.20,1464,4.449,87400,18.0,23.0,24.0,YES,UNKNOWN_ANALYSIS_IAQ147_VOC4.45ppm,592487.4,26,0.3,0.161,400
2026-07-30 10:43:28,30.45,62.65,1003.00,147.20,1464,4.449,87400,17.0,22.0,23.0,YES,UNKNOWN_ANALYSIS_IAQ147_VOC4.45ppm,592497.9,26,0.3,0.161,400
2026-07-30 10:43:37,30.45,62.65,1003.00,147.20,1464,4.449,87400,18.0,23.0,23.0,YES,UNKNOWN_ANALYSIS_IAQ147_VOC4.45ppm,592507.3,26,0.3,0.161,400
2026-07-30 10:43:48,30.45,62.65,1003.00,147.20,1464,4.449,87400,17.0,22.0,24.0,YES,UNKNOWN_ANALYSIS_IAQ147_VOC4.45ppm,592517.8,26,0.3,0.161,400
2026-07-30 10:43:57,30.45,62.65,1003.00,147.20,1464,4.449,87400,17.0,22.0,23.0,YES,UNKNOWN_ANALYSIS_IAQ147_VOC4.45ppm,592527.2,26,0.3,0.161,400
📊 Z-scores: IAQ=99.07 VOC=141475984.00 CO2=0.00 GasDrop=1078.05
2026-07-30 10:44:08,30.45,62.65,1003.00,147.20,1464,4.449,87400,17.0,22.0,23.0,YES,UNKNOWN_ANALYSIS_IAQ147_VOC4.45ppm,592537.6,26,0.3,0.161,400
2026-07-30 10:44:18,30.47,62.70,1003.00,167.34,1660,6.935,84400,16.0,21.0,23.0,YES,UNKNOWN_ANALYSIS_IAQ167_VOC6.93ppm,592548.1,26,0.3,0.161,400
2026-07-30 10:44:27,30.47,62.70,1003.00,167.34,1660,6.935,84400,16.0,21.0,24.0,YES,UNKNOWN_ANALYSIS_IAQ167_VOC6.93ppm,592557.5,26,0.3,0.161,400
2026-07-30 10:44:38,30.47,62.70,1003.00,167.34,1660,6.935,84400,17.0,23.0,25.0,YES,UNKNOWN_ANALYSIS_IAQ167_VOC6.93ppm,592567.9,26,0.3,0.161,400
2026-07-30 10:44:47,30.47,62.70,1003.00,167.34,1660,6.935,84400,17.0,22.0,25.0,YES,UNKNOWN_ANALYSIS_IAQ167_VOC6.93ppm,592577.4,26,0.3,0.161,400
2026-07-30 10:44:58,30.47,62.70,1003.00,167.34,1660,6.935,84400,17.0,22.0,22.0,YES,UNKNOWN_ANALYSIS_IAQ167_VOC6.93ppm,592587.8,26,0.3,0.161,400
2026-07-30 10:45:07,30.47,62.70,1003.00,167.34,1660,6.935,84400,17.0,23.0,23.0,YES,UNKNOWN_ANALYSIS_IAQ167_VOC6.93ppm,592597.2,26,0.3,0.161,400
📊 Z-scores: IAQ=112.65 VOC=223471840.00 CO2=0.00 GasDrop=1101.52
2026-07-30 10:45:18,30.47,62.70,1003.00,167.34,1660,6.935,84400,17.0,23.0,25.0,YES,UNKNOWN_ANALYSIS_IAQ167_VOC6.93ppm,592607.7,26,0.3,0.161,400
2026-07-30 10:45:28,30.47,62.70,1003.00,167.34,1660,6.935,84400,16.0,21.0,25.0,YES,UNKNOWN_ANALYSIS_IAQ167_VOC6.93ppm,592618.1,26,0.3,0.161,400
2026-07-30 10:45:37,30.47,62.70,1003.00,167.34,1660,6.935,84400,17.0,23.0,26.0,YES,UNKNOWN_ANALYSIS_IAQ167_VOC6.93ppm,592627.5,26,0.3,0.161,400
2026-07-30 10:45:48,30.47,62.70,1003.00,167.34,1660,6.935,84400,16.0,22.0,24.0,YES,UNKNOWN_ANALYSIS_IAQ167_VOC6.93ppm,592638.0,26,0.3,0.161,400
2026-07-30 10:45:57,30.47,62.70,1003.00,167.34,1660,6.935,84400,17.0,23.0,25.0,YES,UNKNOWN_ANALYSIS_IAQ167_VOC6.93ppm,592647.4,26,0.3,0.161,400
2026-07-30 10:46:08,30.47,62.70,1003.00,167.34,1660,6.935,84400,16.0,23.0,25.0,YES,UNKNOWN_ANALYSIS_IAQ167_VOC6.93ppm,592657.9,26,0.3,0.161,400
2026-07-30 10:46:17,30.47,62.70,1003.00,167.34,1660,6.935,84400,18.0,25.0,27.0,YES,UNKNOWN_ANALYSIS_IAQ167_VOC6.93ppm,592667.3,26,0.3,0.161,400
📊 Z-scores: IAQ=112.65 VOC=223471840.00 CO2=0.00 GasDrop=1101.52
2026-07-30 10:46:28,30.47,62.70,1003.00,167.34,1660,6.935,84400,18.0,24.0,27.0,YES,UNKNOWN_ANALYSIS_IAQ167_VOC6.93ppm,592677.7,26,0.3,0.161,400
2026-07-30 10:46:38,30.47,62.70,1003.00,167.34,1660,6.935,84400,17.0,23.0,26.0,YES,UNKNOWN_ANALYSIS_IAQ167_VOC6.93ppm,592688.2,26,0.3,0.161,400
2026-07-30 10:46:48,30.47,62.70,1003.00,167.34,1660,6.935,84400,18.0,25.0,27.0,YES,UNKNOWN_ANALYSIS_IAQ167_VOC6.93ppm,592697.6,26,0.3,0.161,400
2026-07-30 10:46:58,30.47,62.70,1003.00,167.34,1660,6.935,84400,18.0,25.0,27.0,YES,UNKNOWN_ANALYSIS_IAQ167_VOC6.93ppm,592708.0,26,0.3,0.161,400
2026-07-30 10:47:07,30.47,62.70,1003.00,167.34,1660,6.935,84400,17.0,24.0,26.0,YES,UNKNOWN_ANALYSIS_IAQ167_VOC6.93ppm,592717.4,26,0.3,0.161,400
2026-07-30 10:47:18,30.47,62.70,1003.00,167.34,1660,6.935,84400,18.0,25.0,28.0,YES,UNKNOWN_ANALYSIS_IAQ167_VOC6.93ppm,592727.9,26,0.3,0.161,400
2026-07-30 10:47:27,30.47,62.70,1003.00,167.34,1660,6.935,84400,18.0,25.0,27.0,YES,UNKNOWN_ANALYSIS_IAQ167_VOC6.93ppm,592737.3,26,0.3,0.161,400
📊 Z-scores: IAQ=112.65 VOC=223471840.00 CO2=0.00 GasDrop=1101.52
2026-07-30 10:47:38,30.47,62.70,1003.00,167.34,1660,6.935,84400,16.0,23.0,27.0,YES,UNKNOWN_ANALYSIS_IAQ167_VOC6.93ppm,592747.7,26,0.3,0.161,400
2026-07-30 10:47:48,30.47,62.70,1003.00,167.34,1660,6.935,84400,17.0,24.0,25.0,YES,UNKNOWN_ANALYSIS_IAQ167_VOC6.93ppm,592758.2,26,0.3,0.161,400
2026-07-30 10:47:58,30.47,62.70,1003.00,167.34,1660,6.935,84400,16.0,24.0,25.0,YES,UNKNOWN_ANALYSIS_IAQ167_VOC6.93ppm,592767.6,26,0.3,0.161,400
2026-07-30 10:48:08,30.47,62.70,1003.00,167.34,1660,6.935,84400,17.0,25.0,29.0,YES,UNKNOWN_ANALYSIS_IAQ167_VOC6.93ppm,592778.0,26,0.3,0.161,400
2026-07-30 10:48:17,30.47,62.70,1003.00,167.34,1660,6.935,84400,15.0,24.0,29.0,YES,UNKNOWN_ANALYSIS_IAQ167_VOC6.93ppm,592787.4,26,0.3,0.161,400
2026-07-30 10:48:28,30.47,62.70,1003.00,167.34,1660,6.935,84400,15.0,23.0,27.0,YES,UNKNOWN_ANALYSIS_IAQ167_VOC6.93ppm,592797.9,26,0.3,0.161,400
2026-07-30 10:48:37,30.47,62.70,1003.00,167.34,1660,6.935,84400,17.0,23.0,26.0,YES,UNKNOWN_ANALYSIS_IAQ167_VOC6.93ppm,592807.3,26,0.3,0.161,400
📊 Z-scores: IAQ=112.65 VOC=223471840.00 CO2=0.00 GasDrop=1101.52
2026-07-30 10:48:48,30.47,62.70,1003.00,167.34,1660,6.935,84400,17.0,24.0,25.0,YES,UNKNOWN_ANALYSIS_IAQ167_VOC6.93ppm,592817.8,26,0.3,0.161,400
2026-07-30 10:48:58,30.47,62.70,1003.00,167.34,1660,6.935,84400,17.0,24.0,25.0,YES,UNKNOWN_ANALYSIS_IAQ167_VOC6.93ppm,592828.2,26,0.3,0.161,400
2026-07-30 10:49:08,30.47,62.70,1003.00,167.34,1660,6.935,84400,17.0,25.0,26.0,YES,UNKNOWN_ANALYSIS_IAQ167_VOC6.93ppm,592837.6,26,0.3,0.161,400
2026-07-30 10:49:18,30.48,62.74,1003.00,186.33,1843,10.503,81700,17.0,25.0,25.0,YES,UNKNOWN_ANALYSIS_IAQ186_VOC10.50ppm,592848.1,26,0.3,0.161,400
2026-07-30 10:49:27,30.48,62.74,1003.00,186.33,1843,10.503,81700,19.0,26.0,27.0,YES,UNKNOWN_ANALYSIS_IAQ186_VOC10.50ppm,592857.5,26,0.3,0.161,400
2026-07-30 10:49:38,30.48,62.74,1003.00,186.33,1843,10.503,81700,18.0,24.0,26.0,YES,UNKNOWN_ANALYSIS_IAQ186_VOC10.50ppm,592867.9,26,0.3,0.161,400
2026-07-30 10:49:47,30.48,62.74,1003.00,186.33,1843,10.503,81700,17.0,23.0,25.0,YES,UNKNOWN_ANALYSIS_IAQ186_VOC10.50ppm,592877.3,26,0.3,0.161,400
📊 Z-scores: IAQ=125.46 VOC=341198016.00 CO2=0.00 GasDrop=1122.65
2026-07-30 10:49:58,30.48,62.74,1003.00,186.33,1843,10.503,81700,17.0,23.0,27.0,YES,UNKNOWN_ANALYSIS_IAQ186_VOC10.50ppm,592887.8,26,0.3,0.161,400
2026-07-30 10:50:08,30.48,62.74,1003.00,186.33,1843,10.503,81700,17.0,23.0,26.0,YES,UNKNOWN_ANALYSIS_IAQ186_VOC10.50ppm,592898.2,26,0.3,0.161,400
2026-07-30 10:50:18,30.48,62.74,1003.00,186.33,1843,10.503,81700,18.0,23.0,26.0,YES,UNKNOWN_ANALYSIS_IAQ186_VOC10.50ppm,592907.7,26,0.3,0.161,400
2026-07-30 10:50:28,30.48,62.74,1003.00,186.33,1843,10.503,81700,17.0,23.0,25.0,YES,UNKNOWN_ANALYSIS_IAQ186_VOC10.50ppm,592918.1,26,0.3,0.161,400
2026-07-30 10:50:37,30.48,62.74,1003.00,186.33,1843,10.503,81700,18.0,24.0,26.0,YES,UNKNOWN_ANALYSIS_IAQ186_VOC10.50ppm,592927.5,26,0.3,0.161,400
2026-07-30 10:50:48,30.48,62.74,1003.00,186.33,1843,10.503,81700,18.0,24.0,27.0,YES,UNKNOWN_ANALYSIS_IAQ186_VOC10.50ppm,592938.0,26,0.3,0.161,400
2026-07-30 10:50:57,30.48,62.74,1003.00,186.33,1843,10.503,81700,17.0,24.0,27.0,YES,UNKNOWN_ANALYSIS_IAQ186_VOC10.50ppm,592947.4,26,0.3,0.161,400
📊 Z-scores: IAQ=125.46 VOC=341198016.00 CO2=0.00 GasDrop=1122.65
2026-07-30 10:51:08,30.48,62.74,1003.00,186.33,1843,10.503,81700,18.0,24.0,27.0,YES,UNKNOWN_ANALYSIS_IAQ186_VOC10.50ppm,592957.8,26,0.3,0.161,400
2026-07-30 10:51:18,30.48,62.74,1003.00,186.33,1843,10.503,81700,18.0,24.0,29.0,YES,UNKNOWN_ANALYSIS_IAQ186_VOC10.50ppm,592968.3,26,0.3,0.161,400
2026-07-30 10:51:28,30.48,62.74,1003.00,186.33,1843,10.503,81700,19.0,25.0,27.0,YES,UNKNOWN_ANALYSIS_IAQ186_VOC10.50ppm,592977.7,26,0.3,0.161,400
2026-07-30 10:51:38,30.48,62.74,1003.00,186.33,1843,10.503,81700,18.0,24.0,25.0,YES,UNKNOWN_ANALYSIS_IAQ186_VOC10.50ppm,592988.2,26,0.3,0.161,400
2026-07-30 10:51:48,30.48,62.74,1003.00,186.33,1843,10.503,81700,18.0,23.0,25.0,YES,UNKNOWN_ANALYSIS_IAQ186_VOC10.50ppm,592997.6,26,0.3,0.161,400
2026-07-30 10:51:58,30.48,62.74,1003.00,186.33,1843,10.503,81700,19.0,24.0,27.0,YES,UNKNOWN_ANALYSIS_IAQ186_VOC10.50ppm,593008.0,26,0.3,0.161,400
2026-07-30 10:52:07,30.48,62.74,1003.00,186.33,1843,10.503,81700,18.0,24.0,26.0,YES,UNKNOWN_ANALYSIS_IAQ186_VOC10.50ppm,593017.4,26,0.3,0.161,400
📊 Z-scores: IAQ=125.46 VOC=341198016.00 CO2=0.00 GasDrop=1122.65
2026-07-30 10:52:18,30.48,62.74,1003.00,186.33,1843,10.503,81700,18.0,24.0,25.0,YES,UNKNOWN_ANALYSIS_IAQ186_VOC10.50ppm,593027.9,26,0.3,0.161,400
2026-07-30 10:52:28,30.48,62.74,1003.00,186.33,1843,10.503,81700,19.0,24.0,25.0,YES,UNKNOWN_ANALYSIS_IAQ186_VOC10.50ppm,593038.3,26,0.3,0.161,400
2026-07-30 10:52:38,30.48,62.74,1003.00,186.33,1843,10.503,81700,19.0,24.0,26.0,YES,UNKNOWN_ANALYSIS_IAQ186_VOC10.50ppm,593047.7,26,0.3,0.161,400
2026-07-30 10:52:48,30.48,62.74,1003.00,186.33,1843,10.503,81700,19.0,25.0,27.0,YES,UNKNOWN_ANALYSIS_IAQ186_VOC10.50ppm,593058.2,26,0.3,0.161,400
2026-07-30 10:52:58,30.48,62.74,1003.00,186.33,1843,10.503,81700,19.0,26.0,27.0,YES,UNKNOWN_ANALYSIS_IAQ186_VOC10.50ppm,593067.6,26,0.3,0.161,400
2026-07-30 10:53:08,30.48,62.74,1003.00,186.33,1843,10.503,81700,18.0,25.0,26.0,YES,UNKNOWN_ANALYSIS_IAQ186_VOC10.50ppm,593078.1,26,0.3,0.161,400
PMS7003: Timeout error
📊 Z-scores: IAQ=125.46 VOC=341198016.00 CO2=0.00 GasDrop=1122.65
2026-07-30 10:53:18,30.48,62.74,1003.00,186.33,1843,10.503,81700,18.0,25.0,26.0,YES,UNKNOWN_ANALYSIS_IAQ186_VOC10.50ppm,593088.5,26,0.3,0.161,400
2026-07-30 10:53:28,30.48,62.74,1003.00,186.33,1843,10.503,81700,17.0,24.0,26.0,YES,UNKNOWN_ANALYSIS_IAQ186_VOC10.50ppm,593097.9,26,0.3,0.161,400
2026-07-30 10:53:38,30.48,62.74,1003.00,186.33,1843,10.503,81700,18.0,24.0,26.0,YES,UNKNOWN_ANALYSIS_IAQ186_VOC10.50ppm,593108.4,26,0.3,0.161,400
2026-07-30 10:53:48,30.48,62.74,1003.00,186.33,1843,10.503,81700,17.0,23.0,24.0,YES,UNKNOWN_ANALYSIS_IAQ186_VOC10.50ppm,593117.8,26,0.3,0.161,400
2026-07-30 10:53:58,30.48,62.74,1003.00,186.33,1843,10.503,81700,18.0,24.0,25.0,YES,UNKNOWN_ANALYSIS_IAQ186_VOC10.50ppm,593128.2,26,0.3,0.161,400
2026-07-30 10:54:08,30.48,62.74,1003.00,186.33,1843,10.503,81700,18.0,23.0,24.0,YES,UNKNOWN_ANALYSIS_IAQ186_VOC10.50ppm,593137.6,26,0.3,0.161,400
2026-07-30 10:54:18,30.48,62.78,1004.00,200.00,1974,14.142,79800,18.0,24.0,26.0,YES,SCOPOLAMINE_MEDIUMDOSE_VOC:14.1_IAQ:200.0_CO2:1974,593148.1,26,0.3,0.161,400
📊 Z-scores: IAQ=134.67 VOC=461250496.00 CO2=0.00 GasDrop=1137.52
2026-07-30 10:54:28,30.48,62.78,1004.00,200.00,1974,14.142,79800,18.0,24.0,26.0,YES,SCOPOLAMINE_MEDIUMDOSE_VOC:14.1_IAQ:200.0_CO2:1974,593158.5,26,0.3,0.161,400
2026-07-30 10:54:38,30.48,62.78,1004.00,200.00,1974,14.142,79800,18.0,23.0,25.0,YES,SCOPOLAMINE_MEDIUMDOSE_VOC:14.1_IAQ:200.0_CO2:1974,593167.9,26,0.3,0.161,400
2026-07-30 10:54:48,30.48,62.78,1004.00,200.00,1974,14.142,79800,17.0,21.0,23.0,YES,SCOPOLAMINE_MEDIUMDOSE_VOC:14.1_IAQ:200.0_CO2:1974,593178.4,26,0.3,0.161,400
2026-07-30 10:54:58,30.48,62.78,1004.00,200.00,1974,14.142,79800,18.0,22.0,26.0,YES,SCOPOLAMINE_MEDIUMDOSE_VOC:14.1_IAQ:200.0_CO2:1974,593187.8,26,0.3,0.161,400
2026-07-30 10:55:08,30.48,62.78,1004.00,200.00,1974,14.142,79800,17.0,23.0,24.0,YES,SCOPOLAMINE_MEDIUMDOSE_VOC:14.1_IAQ:200.0_CO2:1974,593198.3,26,0.3,0.161,400
PMS7003: Timeout error
2026-07-30 10:55:19,30.48,62.78,1004.00,200.00,1974,14.142,79800,17.0,23.0,24.0,YES,SCOPOLAMINE_MEDIUMDOSE_VOC:14.1_IAQ:200.0_CO2:1974,593208.7,26,0.3,0.161,400
2026-07-30 10:55:28,30.48,62.78,1004.00,200.00,1974,14.142,79800,16.0,23.0,25.0,YES,SCOPOLAMINE_MEDIUMDOSE_VOC:14.1_IAQ:200.0_CO2:1974,593218.1,26,0.3,0.161,400
📊 Z-scores: IAQ=134.67 VOC=461250496.00 CO2=0.00 GasDrop=1137.52
2026-07-30 10:55:39,30.48,62.78,1004.00,200.00,1974,14.142,79800,16.0,24.0,25.0,YES,SCOPOLAMINE_MEDIUMDOSE_VOC:14.1_IAQ:200.0_CO2:1974,593228.6,26,0.3,0.161,400
2026-07-30 10:55:48,30.48,62.78,1004.00,200.00,1974,14.142,79800,15.0,23.0,23.0,YES,SCOPOLAMINE_MEDIUMDOSE_VOC:14.1_IAQ:200.0_CO2:1974,593238.0,26,0.3,0.161,400
2026-07-30 10:55:58,30.48,62.78,1004.00,200.00,1974,14.142,79800,16.0,24.0,24.0,YES,SCOPOLAMINE_MEDIUMDOSE_VOC:14.1_IAQ:200.0_CO2:1974,593248.4,26,0.3,0.161,400
2026-07-30 10:56:08,30.48,62.78,1004.00,200.00,1974,14.142,79800,16.0,23.0,24.0,YES,SCOPOLAMINE_MEDIUMDOSE_VOC:14.1_IAQ:200.0_CO2:1974,593257.8,26,0.3,0.161,400
2026-07-30 10:56:18,30.48,62.78,1004.00,200.00,1974,14.142,79800,17.0,21.0,22.0,YES,SCOPOLAMINE_MEDIUMDOSE_VOC:14.1_IAQ:200.0_CO2:1974,593268.3,26,0.3,0.161,400
2026-07-30 10:56:29,30.48,62.78,1004.00,200.00,1974,14.142,79800,18.0,23.0,24.0,YES,SCOPOLAMINE_MEDIUMDOSE_VOC:14.1_IAQ:200.0_CO2:1974,593278.7,26,0.3,0.161,400
2026-07-30 10:56:38,30.48,62.78,1004.00,200.00,1974,14.142,79800,18.0,24.0,25.0,YES,SCOPOLAMINE_MEDIUMDOSE_VOC:14.1_IAQ:200.0_CO2:1974,593288.1,26,0.3,0.161,400
📊 Z-scores: IAQ=134.67 VOC=461250496.00 CO2=0.00 GasDrop=1137.52
2026-07-30 10:56:49,30.48,62.78,1004.00,200.00,1974,14.142,79800,18.0,25.0,26.0,YES,SCOPOLAMINE_MEDIUMDOSE_VOC:14.1_IAQ:200.0_CO2:1974,593298.6,26,0.3,0.161,400
2026-07-30 10:56:58,30.48,62.78,1004.00,200.00,1974,14.142,79800,18.0,26.0,26.0,YES,SCOPOLAMINE_MEDIUMDOSE_VOC:14.1_IAQ:200.0_CO2:1974,593308.0,26,0.3,0.161,400
2026-07-30 10:57:08,30.48,62.78,1004.00,200.00,1974,14.142,79800,18.0,24.0,25.0,YES,SCOPOLAMINE_MEDIUMDOSE_VOC:14.1_IAQ:200.0_CO2:1974,593318.4,26,0.3,0.161,400
2026-07-30 10:57:18,30.48,62.78,1004.00,200.00,1974,14.142,79800,19.0,24.0,24.0,YES,SCOPOLAMINE_MEDIUMDOSE_VOC:14.1_IAQ:200.0_CO2:1974,593327.8,26,0.3,0.161,400
2026-07-30 10:57:28,30.48,62.78,1004.00,200.00,1974,14.142,79800,18.0,24.0,26.0,YES,SCOPOLAMINE_MEDIUMDOSE_VOC:14.1_IAQ:200.0_CO2:1974,593338.3,26,0.3,0.161,400
2026-07-30 10:57:39,30.48,62.78,1004.00,200.00,1974,14.142,79800,17.0,23.0,25.0,YES,SCOPOLAMINE_MEDIUMDOSE_VOC:14.1_IAQ:200.0_CO2:1974,593348.7,26,0.3,0.161,400
2026-07-30 10:57:48,30.48,62.78,1004.00,200.00,1974,14.142,79800,18.0,24.0,26.0,YES,SCOPOLAMINE_MEDIUMDOSE_VOC:14.1_IAQ:200.0_CO2:1974,593358.2,26,0.3,0.161,400
📊 Z-scores: IAQ=134.67 VOC=461250496.00 CO2=0.00 GasDrop=1137.52
2026-07-30 10:57:59,30.48,62.78,1004.00,200.00,1974,14.142,79800,18.0,24.0,27.0,YES,SCOPOLAMINE_MEDIUMDOSE_VOC:14.1_IAQ:200.0_CO2:1974,593368.6,26,0.3,0.161,400
2026-07-30 10:58:08,30.48,62.78,1004.00,200.00,1974,14.142,79800,19.0,25.0,28.0,YES,SCOPOLAMINE_MEDIUMDOSE_VOC:14.1_IAQ:200.0_CO2:1974,593378.0,26,0.3,0.161,400
2026-07-30 10:58:18,30.48,62.78,1004.00,200.00,1974,14.142,79800,19.0,24.0,26.0,YES,SCOPOLAMINE_MEDIUMDOSE_VOC:14.1_IAQ:200.0_CO2:1974,593388.5,26,0.3,0.161,400
2026-07-30 10:58:29,30.48,62.78,1004.00,200.00,1974,14.142,79800,18.0,23.0,25.0,YES,SCOPOLAMINE_MEDIUMDOSE_VOC:14.1_IAQ:200.0_CO2:1974,593398.9,26,0.3,0.161,400
2026-07-30 10:58:38,30.48,62.78,1004.00,200.00,1974,14.142,79800,18.0,24.0,26.0,YES,SCOPOLAMINE_MEDIUMDOSE_VOC:14.1_IAQ:200.0_CO2:1974,593408.3,26,0.3,0.161,400
2026-07-30 10:58:49,30.48,62.78,1004.00,200.00,1974,14.142,79800,18.0,25.0,27.0,YES,SCOPOLAMINE_MEDIUMDOSE_VOC:14.1_IAQ:200.0_CO2:1974,593418.8,26,0.3,0.161,400
2026-07-30 10:58:58,30.48,62.78,1004.00,200.00,1974,14.142,79800,18.0,25.0,27.0,YES,SCOPOLAMINE_MEDIUMDOSE_VOC:14.1_IAQ:200.0_CO2:1974,593428.2,26,0.3,0.161,400
📊 Z-scores: IAQ=134.67 VOC=461250496.00 CO2=0.00 GasDrop=1137.52
2026-07-30 10:59:09,30.48,62.78,1004.00,200.00,1974,14.142,79800,18.0,25.0,28.0,YES,SCOPOLAMINE_MEDIUMDOSE_VOC:14.1_IAQ:200.0_CO2:1974,593438.6,26,0.3,0.161,400
2026-07-30 10:59:18,30.43,62.84,1004.00,200.00,2145,20.834,77500,18.0,24.0,26.0,YES,UNKNOWN_ANALYSIS_IAQ200_VOC20.83ppm,593448.0,26,0.3,0.161,400
2026-07-30 10:59:28,30.43,62.84,1004.00,200.00,2145,20.834,77500,17.0,23.0,26.0,YES,UNKNOWN_ANALYSIS_IAQ200_VOC20.83ppm,593458.5,26,0.3,0.161,400
2026-07-30 10:59:39,30.43,62.84,1004.00,200.00,2145,20.834,77500,18.0,24.0,27.0,YES,UNKNOWN_ANALYSIS_IAQ200_VOC20.83ppm,593468.9,26,0.3,0.161,400
2026-07-30 10:59:48,30.43,62.84,1004.00,200.00,2145,20.834,77500,18.0,25.0,27.0,YES,UNKNOWN_ANALYSIS_IAQ200_VOC20.83ppm,593478.3,26,0.3,0.161,400
💾 Saved baseline: IAQ=0.5 VOC=0.161 CO2=400 Gas=222217
2026-07-30 10:59:59,30.43,62.84,1004.00,200.00,2145,20.834,77500,18.0,24.0,27.0,YES,UNKNOWN_ANALYSIS_IAQ200_VOC20.83ppm,593488.8,26,0.3,0.161,400
2026-07-30 11:00:08,30.43,62.84,1004.00,200.00,2145,20.834,77500,18.0,24.0,27.0,YES,UNKNOWN_ANALYSIS_IAQ200_VOC20.83ppm,593498.2,26,0.3,0.161,400
📊 Z-scores: IAQ=134.67 VOC=682002560.00 CO2=0.00 GasDrop=1155.51
2026-07-30 11:00:19,30.43,62.84,1004.00,200.00,2145,20.834,77500,17.0,24.0,25.0,YES,UNKNOWN_ANALYSIS_IAQ200_VOC20.83ppm,593508.7,26,0.3,0.161,400
2026-07-30 11:00:28,30.43,62.84,1004.00,200.00,2145,20.834,77500,17.0,26.0,26.0,YES,UNKNOWN_ANALYSIS_IAQ200_VOC20.83ppm,593518.1,26,0.3,0.161,400
2026-07-30 11:00:38,30.43,62.84,1004.00,200.00,2145,20.834,77500,17.0,26.0,27.0,YES,UNKNOWN_ANALYSIS_IAQ200_VOC20.83ppm,593528.5,26,0.3,0.161,400
2026-07-30 11:00:49,30.43,62.84,1004.00,200.00,2145,20.834,77500,17.0,26.0,26.0,YES,UNKNOWN_ANALYSIS_IAQ200_VOC20.83ppm,593539.0,26,0.3,0.161,400
2026-07-30 11:00:58,30.43,62.84,1004.00,200.00,2145,20.834,77500,18.0,26.0,26.0,YES,UNKNOWN_ANALYSIS_IAQ200_VOC20.83ppm,593548.4,26,0.3,0.161,400
2026-07-30 11:01:09,30.43,62.84,1004.00,200.00,2145,20.834,77500,17.0,25.0,26.0,YES,UNKNOWN_ANALYSIS_IAQ200_VOC20.83ppm,593558.8,26,0.3,0.161,400
2026-07-30 11:01:18,30.43,62.84,1004.00,200.00,2145,20.834,77500,18.0,26.0,28.0,YES,UNKNOWN_ANALYSIS_IAQ200_VOC20.83ppm,593568.2,26,0.3,0.161,400
📊 Z-scores: IAQ=134.67 VOC=682002560.00 CO2=0.00 GasDrop=1155.51
2026-07-30 11:01:29,30.43,62.84,1004.00,200.00,2145,20.834,77500,19.0,25.0,27.0,YES,UNKNOWN_ANALYSIS_IAQ200_VOC20.83ppm,593578.7,26,0.3,0.161,400
PMS7003: Timeout error
2026-07-30 11:01:39,30.43,62.84,1004.00,200.00,2145,20.834,77500,19.0,25.0,27.0,YES,UNKNOWN_ANALYSIS_IAQ200_VOC20.83ppm,593589.1,26,0.3,0.161,400
2026-07-30 11:01:49,30.43,62.84,1004.00,200.00,2145,20.834,77500,18.0,26.0,28.0,YES,UNKNOWN_ANALYSIS_IAQ200_VOC20.83ppm,593598.6,26,0.3,0.161,400
2026-07-30 11:01:59,30.43,62.84,1004.00,200.00,2145,20.834,77500,18.0,26.0,28.0,YES,UNKNOWN_ANALYSIS_IAQ200_VOC20.83ppm,593609.0,26,0.3,0.161,400
2026-07-30 11:02:08,30.43,62.84,1004.00,200.00,2145,20.834,77500,17.0,25.0,28.0,YES,UNKNOWN_ANALYSIS_IAQ200_VOC20.83ppm,593618.4,26,0.3,0.161,400
2026-07-30 11:02:19,30.43,62.84,1004.00,200.00,2145,20.834,77500,18.0,26.0,27.0,YES,UNKNOWN_ANALYSIS_IAQ200_VOC20.83ppm,593628.9,26,0.3,0.161,400
2026-07-30 11:02:28,30.43,62.84,1004.00,200.00,2145,20.834,77500,19.0,26.0,26.0,YES,UNKNOWN_ANALYSIS_IAQ200_VOC20.83ppm,593638.3,26,0.3,0.161,400
📊 Z-scores: IAQ=134.67 VOC=682002560.00 CO2=0.00 GasDrop=1155.51
2026-07-30 11:02:39,30.43,62.84,1004.00,200.00,2145,20.834,77500,19.0,26.0,27.0,YES,UNKNOWN_ANALYSIS_IAQ200_VOC20.83ppm,593648.7,26,0.3,0.161,400
2026-07-30 11:02:49,30.43,62.84,1004.00,200.00,2145,20.834,77500,20.0,26.0,28.0,YES,UNKNOWN_ANALYSIS_IAQ200_VOC20.83ppm,593659.2,26,0.3,0.161,400
2026-07-30 11:02:59,30.43,62.84,1004.00,200.00,2145,20.834,77500,20.0,26.0,29.0,YES,UNKNOWN_ANALYSIS_IAQ200_VOC20.83ppm,593668.6,26,0.3,0.161,400
2026-07-30 11:03:09,30.43,62.84,1004.00,200.00,2145,20.834,77500,19.0,25.0,26.0,YES,UNKNOWN_ANALYSIS_IAQ200_VOC20.83ppm,593679.0,26,0.3,0.161,400
2026-07-30 11:03:18,30.43,62.84,1004.00,200.00,2145,20.834,77500,19.0,25.0,25.0,YES,UNKNOWN_ANALYSIS_IAQ200_VOC20.83ppm,593688.4,26,0.3,0.161,400
2026-07-30 11:03:29,30.43,62.84,1004.00,200.00,2145,20.834,77500,18.0,24.0,24.0,YES,UNKNOWN_ANALYSIS_IAQ200_VOC20.83ppm,593698.9,26,0.3,0.161,400
📊 Z-scores: IAQ=134.67 VOC=682002560.00 CO2=0.00 GasDrop=1155.51
2026-07-30 11:03:39,30.43,62.84,1004.00,200.00,2145,20.834,77500,17.0,23.0,24.0,YES,UNKNOWN_ANALYSIS_IAQ200_VOC20.83ppm,593709.3,26,0.3,0.161,400
2026-07-30 11:03:49,30.43,62.84,1004.00,200.00,2145,20.834,77500,18.0,25.0,27.0,YES,UNKNOWN_ANALYSIS_IAQ200_VOC20.83ppm,593718.7,26,0.3,0.161,400
2026-07-30 11:03:59,30.43,62.84,1004.00,200.00,2145,20.834,77500,18.0,26.0,27.0,YES,UNKNOWN_ANALYSIS_IAQ200_VOC20.83ppm,593729.2,26,0.3,0.161,400
2026-07-30 11:04:09,30.43,62.84,1004.00,200.00,2145,20.834,77500,17.0,24.0,25.0,YES,UNKNOWN_ANALYSIS_IAQ200_VOC20.83ppm,593738.6,26,0.3,0.161,400
2026-07-30 11:04:19,30.44,62.87,1004.00,200.00,2274,27.904,75700,18.0,24.0,25.0,YES,UNKNOWN_ANALYSIS_IAQ200_VOC27.90ppm,593749.0,26,0.3,0.161,400
2026-07-30 11:04:28,30.44,62.87,1004.00,200.00,2274,27.904,75700,18.0,24.0,27.0,YES,UNKNOWN_ANALYSIS_IAQ200_VOC27.90ppm,593758.5,26,0.3,0.161,400
2026-07-30 11:04:39,30.44,62.87,1004.00,200.00,2274,27.904,75700,18.0,25.0,28.0,YES,UNKNOWN_ANALYSIS_IAQ200_VOC27.90ppm,593768.9,26,0.3,0.161,400
📊 Z-scores: IAQ=134.67 VOC=915259712.00 CO2=0.00 GasDrop=1169.60
2026-07-30 11:04:49,30.44,62.87,1004.00,200.00,2274,27.904,75700,17.0,23.0,27.0,YES,UNKNOWN_ANALYSIS_IAQ200_VOC27.90ppm,593779.4,26,0.3,0.161,400
2026-07-30 11:04:59,30.44,62.87,1004.00,200.00,2274,27.904,75700,18.0,24.0,29.0,YES,UNKNOWN_ANALYSIS_IAQ200_VOC27.90ppm,593788.8,26,0.3,0.161,400
2026-07-30 11:05:09,30.44,62.87,1004.00,200.00,2274,27.904,75700,19.0,25.0,28.0,YES,UNKNOWN_ANALYSIS_IAQ200_VOC27.90ppm,593799.2,26,0.3,0.161,400
2026-07-30 11:05:19,30.44,62.87,1004.00,200.00,2274,27.904,75700,19.0,25.0,27.0,YES,UNKNOWN_ANALYSIS_IAQ200_VOC27.90ppm,593808.6,26,0.3,0.161,400
2026-07-30 11:05:29,30.44,62.87,1004.00,200.00,2274,27.904,75700,18.0,25.0,28.0,YES,UNKNOWN_ANALYSIS_IAQ200_VOC27.90ppm,593819.1,26,0.3,0.161,400
2026-07-30 11:05:38,30.44,62.87,1004.00,200.00,2274,27.904,75700,17.0,23.0,26.0,YES,UNKNOWN_ANALYSIS_IAQ200_VOC27.90ppm,593828.5,26,0.3,0.161,400
2026-07-30 11:05:49,30.44,62.87,1004.00,200.00,2274,27.904,75700,18.0,25.0,27.0,YES,UNKNOWN_ANALYSIS_IAQ200_VOC27.90ppm,593838.9,26,0.3,0.161,400
📊 Z-scores: IAQ=134.67 VOC=915259712.00 CO2=0.00 GasDrop=1169.60
2026-07-30 11:05:59,30.44,62.87,1004.00,200.00,2274,27.904,75700,16.0,24.0,25.0,YES,UNKNOWN_ANALYSIS_IAQ200_VOC27.90ppm,593849.4,26,0.3,0.161,400
2026-07-30 11:06:09,30.44,62.87,1004.00,200.00,2274,27.904,75700,17.0,23.0,24.0,YES,UNKNOWN_ANALYSIS_IAQ200_VOC27.90ppm,593858.8,26,0.3,0.161,400
2026-07-30 11:06:19,30.44,62.87,1004.00,200.00,2274,27.904,75700,16.0,22.0,23.0,YES,UNKNOWN_ANALYSIS_IAQ200_VOC27.90ppm,593869.2,26,0.3,0.161,400
2026-07-30 11:06:29,30.44,62.87,1004.00,200.00,2274,27.904,75700,16.0,22.0,25.0,YES,UNKNOWN_ANALYSIS_IAQ200_VOC27.90ppm,593878.7,26,0.3,0.161,400
2026-07-30 11:06:39,30.44,62.87,1004.00,200.00,2274,27.904,75700,17.0,23.0,25.0,YES,UNKNOWN_ANALYSIS_IAQ200_VOC27.90ppm,593889.1,26,0.3,0.161,400
2026-07-30 11:06:50,30.44,62.87,1004.00,200.00,2274,27.904,75700,15.0,21.0,24.0,YES,UNKNOWN_ANALYSIS_IAQ200_VOC27.90ppm,593899.6,26,0.3,0.161,400
2026-07-30 11:06:59,30.44,62.87,1004.00,200.00,2274,27.904,75700,16.0,22.0,26.0,YES,UNKNOWN_ANALYSIS_IAQ200_VOC27.90ppm,593909.0,26,0.3,0.161,400
📊 Z-scores: IAQ=134.67 VOC=915259712.00 CO2=0.00 GasDrop=1169.60
2026-07-30 11:07:09,30.44,62.87,1004.00,200.00,2274,27.904,75700,14.0,21.0,22.0,YES,UNKNOWN_ANALYSIS_IAQ200_VOC27.90ppm,593919.4,26,0.3,0.161,400
2026-07-30 11:07:19,30.44,62.87,1004.00,200.00,2274,27.904,75700,13.0,20.0,23.0,YES,UNKNOWN_ANALYSIS_IAQ200_VOC27.90ppm,593928.8,26,0.3,0.161,400
2026-07-30 11:07:29,30.44,62.87,1004.00,200.00,2274,27.904,75700,13.0,20.0,23.0,YES,UNKNOWN_ANALYSIS_IAQ200_VOC27.90ppm,593939.3,26,0.3,0.161,400
2026-07-30 11:07:40,30.44,62.87,1004.00,200.00,2274,27.904,75700,14.0,21.0,22.0,YES,UNKNOWN_ANALYSIS_IAQ200_VOC27.90ppm,593949.7,26,0.3,0.161,400
2026-07-30 11:07:49,30.44,62.87,1004.00,200.00,2274,27.904,75700,15.0,22.0,23.0,YES,UNKNOWN_ANALYSIS_IAQ200_VOC27.90ppm,593959.1,26,0.3,0.161,400
2026-07-30 11:08:00,30.44,62.87,1004.00,200.00,2274,27.904,75700,15.0,22.0,23.0,YES,UNKNOWN_ANALYSIS_IAQ200_VOC27.90ppm,593969.6,26,0.3,0.161,400
2026-07-30 11:08:09,30.44,62.87,1004.00,200.00,2274,27.904,75700,15.0,22.0,24.0,YES,UNKNOWN_ANALYSIS_IAQ200_VOC27.90ppm,593979.0,26,0.3,0.161,400
📊 Z-scores: IAQ=134.67 VOC=915259712.00 CO2=0.00 GasDrop=1169.60
2026-07-30 11:08:19,30.44,62.87,1004.00,200.00,2274,27.904,75700,15.0,22.0,24.0,YES,UNKNOWN_ANALYSIS_IAQ200_VOC27.90ppm,593989.4,26,0.3,0.161,400
2026-07-30 11:08:29,30.44,62.87,1004.00,200.00,2274,27.904,75700,16.0,21.0,22.0,YES,UNKNOWN_ANALYSIS_IAQ200_VOC27.90ppm,593998.8,26,0.3,0.161,400
2026-07-30 11:08:39,30.44,62.87,1004.00,200.00,2274,27.904,75700,14.0,19.0,20.0,YES,UNKNOWN_ANALYSIS_IAQ200_VOC27.90ppm,594009.3,26,0.3,0.161,400
2026-07-30 11:08:50,30.44,62.87,1004.00,200.00,2274,27.904,75700,13.0,20.0,21.0,YES,UNKNOWN_ANALYSIS_IAQ200_VOC27.90ppm,594019.7,26,0.3,0.161,400
2026-07-30 11:08:59,30.44,62.87,1004.00,200.00,2274,27.904,75700,12.0,20.0,22.0,YES,UNKNOWN_ANALYSIS_IAQ200_VOC27.90ppm,594029.1,26,0.3,0.161,400
2026-07-30 11:09:10,30.44,62.87,1004.00,200.00,2274,27.904,75700,15.0,25.0,28.0,YES,UNKNOWN_ANALYSIS_IAQ200_VOC27.90ppm,594039.6,26,0.3,0.161,400
2026-07-30 11:09:19,30.44,62.94,1004.00,200.00,2445,41.160,73400,20.0,30.0,33.0,YES,UNKNOWN_ANALYSIS_IAQ200_VOC41.16ppm,594049.0,26,0.3,0.161,400
📊 Z-scores: IAQ=134.67 VOC=1352592256.00 CO2=0.00 GasDrop=1187.59
2026-07-30 11:09:29,30.44,62.94,1004.00,200.00,2445,41.160,73400,24.0,34.0,39.0,YES,UNKNOWN_ANALYSIS_IAQ200_VOC41.16ppm,594059.4,26,0.3,0.161,400
2026-07-30 11:09:40,30.44,62.94,1004.00,200.00,2445,41.160,73400,27.0,38.0,44.0,YES,UNKNOWN_ANALYSIS_IAQ200_VOC41.16ppm,594069.9,26,0.3,0.161,400
2026-07-30 11:09:49,30.44,62.94,1004.00,200.00,2445,41.160,73400,28.0,39.0,45.0,YES,UNKNOWN_ANALYSIS_IAQ200_VOC41.16ppm,594079.3,26,0.3,0.161,400
2026-07-30 11:10:00,30.44,62.94,1004.00,200.00,2445,41.160,73400,28.0,38.0,44.0,YES,UNKNOWN_ANALYSIS_IAQ200_VOC41.16ppm,594089.7,26,0.3,0.161,400
2026-07-30 11:10:09,30.44,62.94,1004.00,200.00,2445,41.160,73400,29.0,40.0,46.0,YES,UNKNOWN_ANALYSIS_IAQ200_VOC41.16ppm,594099.1,26,0.3,0.161,400
2026-07-30 11:10:20,30.44,62.94,1004.00,200.00,2445,41.160,73400,28.0,39.0,46.0,YES,UNKNOWN_ANALYSIS_IAQ200_VOC41.16ppm,594109.6,26,0.3,0.161,400
2026-07-30 11:10:29,30.44,62.94,1004.00,200.00,2445,41.160,73400,28.0,39.0,45.0,YES,UNKNOWN_ANALYSIS_IAQ200_VOC41.16ppm,594119.0,26,0.3,0.161,400
📊 Z-scores: IAQ=134.67 VOC=1352592256.00 CO2=0.00 GasDrop=1187.59
2026-07-30 11:10:39,30.44,62.94,1004.00,200.00,2445,41.160,73400,29.0,40.0,47.0,YES,UNKNOWN_ANALYSIS_IAQ200_VOC41.16ppm,594129.4,26,0.3,0.161,400
2026-07-30 11:10:50,30.44,62.94,1004.00,200.00,2445,41.160,73400,28.0,38.0,45.0,YES,UNKNOWN_ANALYSIS_IAQ200_VOC41.16ppm,594139.9,26,0.3,0.161,400
2026-07-30 11:10:59,30.44,62.94,1004.00,200.00,2445,41.160,73400,29.0,40.0,47.0,YES,UNKNOWN_ANALYSIS_IAQ200_VOC41.16ppm,594149.3,26,0.3,0.161,400
2026-07-30 11:11:10,30.44,62.94,1004.00,200.00,2445,41.160,73400,28.0,39.0,46.0,YES,UNKNOWN_ANALYSIS_IAQ200_VOC41.16ppm,594159.7,26,0.3,0.161,400
2026-07-30 11:11:19,30.44,62.94,1004.00,200.00,2445,41.160,73400,27.0,39.0,46.0,YES,UNKNOWN_ANALYSIS_IAQ200_VOC41.16ppm,594169.2,26,0.3,0.161,400
2026-07-30 11:11:30,30.44,62.94,1004.00,200.00,2445,41.160,73400,28.0,39.0,47.0,YES,UNKNOWN_ANALYSIS_IAQ200_VOC41.16ppm,594179.6,26,0.3,0.161,400
📊 Z-scores: IAQ=134.67 VOC=1352592256.00 CO2=0.00 GasDrop=1187.59
2026-07-30 11:11:40,30.44,62.94,1004.00,200.00,2445,41.160,73400,28.0,39.0,46.0,YES,UNKNOWN_ANALYSIS_IAQ200_VOC41.16ppm,594190.1,26,0.3,0.161,400
2026-07-30 11:11:49,30.44,62.94,1004.00,200.00,2445,41.160,73400,28.0,39.0,46.0,YES,UNKNOWN_ANALYSIS_IAQ200_VOC41.16ppm,594199.5,26,0.3,0.161,400
2026-07-30 11:12:00,30.44,62.94,1004.00,200.00,2445,41.160,73400,27.0,38.0,45.0,YES,UNKNOWN_ANALYSIS_IAQ200_VOC41.16ppm,594209.9,26,0.3,0.161,400
2026-07-30 11:12:09,30.44,62.94,1004.00,200.00,2445,41.160,73400,27.0,38.0,46.0,YES,UNKNOWN_ANALYSIS_IAQ200_VOC41.16ppm,594219.3,26,0.3,0.161,400
2026-07-30 11:12:20,30.44,62.94,1004.00,200.00,2445,41.160,73400,28.0,38.0,45.0,YES,UNKNOWN_ANALYSIS_IAQ200_VOC41.16ppm,594229.8,26,0.3,0.161,400
2026-07-30 11:12:30,30.44,62.94,1004.00,200.00,2445,41.160,73400,26.0,37.0,44.0,YES,UNKNOWN_ANALYSIS_IAQ200_VOC41.16ppm,594240.2,26,0.3,0.161,400
2026-07-30 11:12:40,30.44,62.94,1004.00,200.00,2445,41.160,73400,27.0,38.0,46.0,YES,UNKNOWN_ANALYSIS_IAQ200_VOC41.16ppm,594249.6,26,0.3,0.161,400
📊 Z-scores: IAQ=134.67 VOC=1352592256.00 CO2=0.00 GasDrop=1187.59
2026-07-30 11:12:50,30.44,62.94,1004.00,200.00,2445,41.160,73400,27.0,37.0,44.0,YES,UNKNOWN_ANALYSIS_IAQ200_VOC41.16ppm,594260.1,26,0.3,0.161,400
2026-07-30 11:12:59,30.44,62.94,1004.00,200.00,2445,41.160,73400,27.0,36.0,43.0,YES,UNKNOWN_ANALYSIS_IAQ200_VOC41.16ppm,594269.5,26,0.3,0.161,400
2026-07-30 11:13:10,30.44,62.94,1004.00,200.00,2445,41.160,73400,27.0,36.0,42.0,YES,UNKNOWN_ANALYSIS_IAQ200_VOC41.16ppm,594279.9,26,0.3,0.161,400
2026-07-30 11:13:19,30.44,62.94,1004.00,200.00,2445,41.160,73400,26.0,36.0,41.0,YES,UNKNOWN_ANALYSIS_IAQ200_VOC41.16ppm,594289.3,26,0.3,0.161,400
2026-07-30 11:13:30,30.44,62.94,1004.00,200.00,2445,41.160,73400,25.0,34.0,39.0,YES,UNKNOWN_ANALYSIS_IAQ200_VOC41.16ppm,594299.8,26,0.3,0.161,400
2026-07-30 11:13:40,30.44,62.94,1004.00,200.00,2445,41.160,73400,26.0,35.0,40.0,YES,UNKNOWN_ANALYSIS_IAQ200_VOC41.16ppm,594310.2,26,0.3,0.161,400
2026-07-30 11:13:50,30.44,62.94,1004.00,200.00,2445,41.160,73400,25.0,34.0,37.0,YES,UNKNOWN_ANALYSIS_IAQ200_VOC41.16ppm,594319.6,26,0.3,0.161,400
📊 Z-scores: IAQ=134.67 VOC=1352592256.00 CO2=0.00 GasDrop=1187.59
2026-07-30 11:14:00,30.44,62.94,1004.00,200.00,2445,41.160,73400,25.0,34.0,37.0,YES,UNKNOWN_ANALYSIS_IAQ200_VOC41.16ppm,594330.1,26,0.3,0.161,400
2026-07-30 11:14:09,30.44,62.94,1004.00,200.00,2445,41.160,73400,23.0,32.0,35.0,YES,UNKNOWN_ANALYSIS_IAQ200_VOC41.16ppm,594339.5,26,0.3,0.161,400
2026-07-30 11:14:20,30.43,62.96,1004.00,200.00,2503,46.951,72600,24.0,32.0,36.0,YES,UNKNOWN_ANALYSIS_IAQ200_VOC46.95ppm,594349.9,26,0.3,0.161,400
PMS7003: Timeout error
2026-07-30 11:14:30,30.43,62.96,1004.00,200.00,2503,46.951,72600,24.0,32.0,36.0,YES,UNKNOWN_ANALYSIS_IAQ200_VOC46.95ppm,594360.4,26,0.3,0.161,400
2026-07-30 11:14:40,30.43,62.96,1004.00,200.00,2503,46.951,72600,23.0,33.0,37.0,YES,UNKNOWN_ANALYSIS_IAQ200_VOC46.95ppm,594369.8,26,0.3,0.161,400
2026-07-30 11:14:50,30.43,62.96,1004.00,200.00,2503,46.951,72600,23.0,32.0,38.0,YES,UNKNOWN_ANALYSIS_IAQ200_VOC46.95ppm,594380.2,26,0.3,0.161,400
2026-07-30 11:15:00,30.43,62.96,1004.00,200.00,2503,46.951,72600,22.0,32.0,36.0,YES,UNKNOWN_ANALYSIS_IAQ200_VOC46.95ppm,594389.7,26,0.3,0.161,400
📊 Z-scores: IAQ=134.67 VOC=1543637376.00 CO2=0.00 GasDrop=1193.85
2026-07-30 11:15:10,30.43,62.96,1004.00,200.00,2503,46.951,72600,22.0,33.0,37.0,YES,UNKNOWN_ANALYSIS_IAQ200_VOC46.95ppm,594400.1,26,0.3,0.161,400
PMS7003: Timeout error
2026-07-30 11:15:20,30.43,62.96,1004.00,200.00,2503,46.951,72600,22.0,33.0,37.0,YES,UNKNOWN_ANALYSIS_IAQ200_VOC46.95ppm,594410.5,26,0.3,0.161,400
2026-07-30 11:15:30,30.43,62.96,1004.00,200.00,2503,46.951,72600,22.0,32.0,36.0,YES,UNKNOWN_ANALYSIS_IAQ200_VOC46.95ppm,594420.0,26,0.3,0.161,400
2026-07-30 11:15:40,30.43,62.96,1004.00,200.00,2503,46.951,72600,22.0,31.0,35.0,YES,UNKNOWN_ANALYSIS_IAQ200_VOC46.95ppm,594430.4,26,0.3,0.161,400
2026-07-30 11:15:50,30.43,62.96,1004.00,200.00,2503,46.951,72600,22.0,31.0,34.0,YES,UNKNOWN_ANALYSIS_IAQ200_VOC46.95ppm,594439.8,26,0.3,0.161,400
2026-07-30 11:16:00,30.43,62.96,1004.00,200.00,2503,46.951,72600,22.0,31.0,33.0,YES,UNKNOWN_ANALYSIS_IAQ200_VOC46.95ppm,594450.3,26,0.3,0.161,400
2026-07-30 11:16:10,30.43,62.96,1004.00,200.00,2503,46.951,72600,23.0,32.0,34.0,YES,UNKNOWN_ANALYSIS_IAQ200_VOC46.95ppm,594459.7,26,0.3,0.161,400
📊 Z-scores: IAQ=134.67 VOC=1543637376.00 CO2=0.00 GasDrop=1193.85
2026-07-30 11:16:20,30.43,62.96,1004.00,200.00,2503,46.951,72600,23.0,32.0,33.0,YES,UNKNOWN_ANALYSIS_IAQ200_VOC46.95ppm,594470.1,26,0.3,0.161,400
2026-07-30 11:16:31,30.43,62.96,1004.00,200.00,2503,46.951,72600,22.0,30.0,31.0,YES,UNKNOWN_ANALYSIS_IAQ200_VOC46.95ppm,594480.6,26,0.3,0.161,400
2026-07-30 11:16:40,30.43,62.96,1004.00,200.00,2503,46.951,72600,21.0,29.0,31.0,YES,UNKNOWN_ANALYSIS_IAQ200_VOC46.95ppm,594490.0,26,0.3,0.161,400
2026-07-30 11:16:50,30.43,62.96,1004.00,200.00,2503,46.951,72600,21.0,30.0,32.0,YES,UNKNOWN_ANALYSIS_IAQ200_VOC46.95ppm,594500.4,26,0.3,0.161,400
2026-07-30 11:17:00,30.43,62.96,1004.00,200.00,2503,46.951,72600,22.0,31.0,32.0,YES,UNKNOWN_ANALYSIS_IAQ200_VOC46.95ppm,594509.8,26,0.3,0.161,400
2026-07-30 11:17:10,30.43,62.96,1004.00,200.00,2503,46.951,72600,22.0,30.0,31.0,YES,UNKNOWN_ANALYSIS_IAQ200_VOC46.95ppm,594520.3,26,0.3,0.161,400
2026-07-30 11:17:20,30.43,62.96,1004.00,200.00,2503,46.951,72600,22.0,29.0,31.0,YES,UNKNOWN_ANALYSIS_IAQ200_VOC46.95ppm,594529.7,26,0.3,0.161,400
📊 Z-scores: IAQ=134.67 VOC=1543637376.00 CO2=0.00 GasDrop=1193.85
2026-07-30 11:17:30,30.43,62.96,1004.00,200.00,2503,46.951,72600,22.0,29.0,32.0,YES,UNKNOWN_ANALYSIS_IAQ200_VOC46.95ppm,594540.1,26,0.3,0.161,400
2026-07-30 11:17:41,30.43,62.96,1004.00,200.00,2503,46.951,72600,22.0,31.0,34.0,YES,UNKNOWN_ANALYSIS_IAQ200_VOC46.95ppm,594550.6,26,0.3,0.161,400
2026-07-30 11:17:50,30.43,62.96,1004.00,200.00,2503,46.951,72600,22.0,32.0,35.0,YES,UNKNOWN_ANALYSIS_IAQ200_VOC46.95ppm,594560.0,26,0.3,0.161,400
2026-07-30 11:18:00,30.43,62.96,1004.00,200.00,2503,46.951,72600,21.0,30.0,32.0,YES,UNKNOWN_ANALYSIS_IAQ200_VOC46.95ppm,594570.4,26,0.3,0.161,400
2026-07-30 11:18:10,30.43,62.96,1004.00,200.00,2503,46.951,72600,21.0,29.0,32.0,YES,UNKNOWN_ANALYSIS_IAQ200_VOC46.95ppm,594579.9,26,0.3,0.161,400
2026-07-30 11:18:20,30.43,62.96,1004.00,200.00,2503,46.951,72600,22.0,29.0,32.0,YES,UNKNOWN_ANALYSIS_IAQ200_VOC46.95ppm,594590.3,26,0.3,0.161,400
PMS7003: Timeout error
📊 Z-scores: IAQ=134.67 VOC=1543637376.00 CO2=0.00 GasDrop=1193.85
2026-07-30 11:18:31,30.43,62.96,1004.00,200.00,2503,46.951,72600,22.0,29.0,32.0,YES,UNKNOWN_ANALYSIS_IAQ200_VOC46.95ppm,594600.7,26,0.3,0.161,400
2026-07-30 11:18:40,30.43,62.96,1004.00,200.00,2503,46.951,72600,21.0,29.0,31.0,YES,UNKNOWN_ANALYSIS_IAQ200_VOC46.95ppm,594610.2,26,0.3,0.161,400
2026-07-30 11:18:51,30.43,62.96,1004.00,200.00,2503,46.951,72600,21.0,29.0,32.0,YES,UNKNOWN_ANALYSIS_IAQ200_VOC46.95ppm,594620.6,26,0.3,0.161,400
2026-07-30 11:19:00,30.43,62.96,1004.00,200.00,2503,46.951,72600,22.0,29.0,31.0,YES,UNKNOWN_ANALYSIS_IAQ200_VOC46.95ppm,594630.0,26,0.3,0.161,400
2026-07-30 11:19:10,30.43,62.96,1004.00,200.00,2503,46.951,72600,21.0,29.0,31.0,YES,UNKNOWN_ANALYSIS_IAQ200_VOC46.95ppm,594640.5,26,0.3,0.161,400
2026-07-30 11:19:20,30.48,62.93,1004.00,191.74,2386,36.022,73900,21.0,29.0,30.0,YES,UNKNOWN_ANALYSIS_IAQ192_VOC36.02ppm,594649.9,26,0.3,0.161,400
2026-07-30 11:19:30,30.48,62.93,1004.00,191.74,2386,36.022,73900,22.0,30.0,30.0,YES,UNKNOWN_ANALYSIS_IAQ192_VOC36.02ppm,594660.3,26,0.3,0.161,400
📊 Z-scores: IAQ=129.10 VOC=1183076352.00 CO2=0.00 GasDrop=1183.68
2026-07-30 11:19:41,30.48,62.93,1004.00,191.74,2386,36.022,73900,22.0,29.0,29.0,YES,UNKNOWN_ANALYSIS_IAQ192_VOC36.02ppm,594670.8,26,0.3,0.161,400
2026-07-30 11:19:50,30.48,62.93,1004.00,191.74,2386,36.022,73900,21.0,28.0,29.0,YES,UNKNOWN_ANALYSIS_IAQ192_VOC36.02ppm,594680.2,26,0.3,0.161,400
2026-07-30 11:20:01,30.48,62.93,1004.00,191.74,2386,36.022,73900,21.0,29.0,31.0,YES,UNKNOWN_ANALYSIS_IAQ192_VOC36.02ppm,594690.7,26,0.3,0.161,400
2026-07-30 11:20:10,30.48,62.93,1004.00,191.74,2386,36.022,73900,20.0,27.0,29.0,YES,UNKNOWN_ANALYSIS_IAQ192_VOC36.02ppm,594700.1,26,0.3,0.161,400
2026-07-30 11:20:20,30.48,62.93,1004.00,191.74,2386,36.022,73900,20.0,27.0,28.0,YES,UNKNOWN_ANALYSIS_IAQ192_VOC36.02ppm,594710.5,26,0.3,0.161,400
2026-07-30 11:20:30,30.48,62.93,1004.00,191.74,2386,36.022,73900,21.0,29.0,30.0,YES,UNKNOWN_ANALYSIS_IAQ192_VOC36.02ppm,594719.9,26,0.3,0.161,400
2026-07-30 11:20:40,30.48,62.93,1004.00,191.74,2386,36.022,73900,20.0,27.0,28.0,YES,UNKNOWN_ANALYSIS_IAQ192_VOC36.02ppm,594730.4,26,0.3,0.161,400
📊 Z-scores: IAQ=129.10 VOC=1183076352.00 CO2=0.00 GasDrop=1183.68
2026-07-30 11:20:51,30.48,62.93,1004.00,191.74,2386,36.022,73900,20.0,28.0,29.0,YES,UNKNOWN_ANALYSIS_IAQ192_VOC36.02ppm,594740.8,26,0.3,0.161,400
2026-07-30 11:21:00,30.48,62.93,1004.00,191.74,2386,36.022,73900,20.0,28.0,29.0,YES,UNKNOWN_ANALYSIS_IAQ192_VOC36.02ppm,594750.2,26,0.3,0.161,400
2026-07-30 11:21:11,30.48,62.93,1004.00,191.74,2386,36.022,73900,19.0,27.0,29.0,YES,UNKNOWN_ANALYSIS_IAQ192_VOC36.02ppm,594760.7,26,0.3,0.161,400
2026-07-30 11:21:20,30.48,62.93,1004.00,191.74,2386,36.022,73900,19.0,26.0,27.0,YES,UNKNOWN_ANALYSIS_IAQ192_VOC36.02ppm,594770.1,26,0.3,0.161,400
2026-07-30 11:21:31,30.48,62.93,1004.00,191.74,2386,36.022,73900,20.0,27.0,29.0,YES,UNKNOWN_ANALYSIS_IAQ192_VOC36.02ppm,594780.5,26,0.3,0.161,400
2026-07-30 11:21:40,30.48,62.93,1004.00,191.74,2386,36.022,73900,19.0,26.0,29.0,YES,UNKNOWN_ANALYSIS_IAQ192_VOC36.02ppm,594790.0,26,0.3,0.161,400
2026-07-30 11:21:50,30.48,62.93,1004.00,191.74,2386,36.022,73900,20.0,29.0,29.0,YES,UNKNOWN_ANALYSIS_IAQ192_VOC36.02ppm,594800.4,26,0.3,0.161,400
📊 Z-scores: IAQ=129.10 VOC=1183076352.00 CO2=0.00 GasDrop=1183.68
2026-07-30 11:22:01,30.48,62.93,1004.00,191.74,2386,36.022,73900,19.0,27.0,27.0,YES,UNKNOWN_ANALYSIS_IAQ192_VOC36.02ppm,594810.9,26,0.3,0.161,400
2026-07-30 11:22:10,30.48,62.93,1004.00,191.74,2386,36.022,73900,19.0,27.0,27.0,YES,UNKNOWN_ANALYSIS_IAQ192_VOC36.02ppm,594820.3,26,0.3,0.161,400
2026-07-30 11:22:21,30.48,62.93,1004.00,191.74,2386,36.022,73900,20.0,29.0,30.0,YES,UNKNOWN_ANALYSIS_IAQ192_VOC36.02ppm,594830.7,26,0.3,0.161,400
2026-07-30 11:22:30,30.48,62.93,1004.00,191.74,2386,36.022,73900,20.0,29.0,30.0,YES,UNKNOWN_ANALYSIS_IAQ192_VOC36.02ppm,594840.1,26,0.3,0.161,400
2026-07-30 11:22:41,30.48,62.93,1004.00,191.74,2386,36.022,73900,20.0,29.0,30.0,YES,UNKNOWN_ANALYSIS_IAQ192_VOC36.02ppm,594850.6,26,0.3,0.161,400
2026-07-30 11:22:50,30.48,62.93,1004.00,191.74,2386,36.022,73900,19.0,28.0,29.0,YES,UNKNOWN_ANALYSIS_IAQ192_VOC36.02ppm,594860.0,26,0.3,0.161,400
2026-07-30 11:23:00,30.48,62.93,1004.00,191.74,2386,36.022,73900,20.0,29.0,30.0,YES,UNKNOWN_ANALYSIS_IAQ192_VOC36.02ppm,594870.4,26,0.3,0.161,400
📊 Z-scores: IAQ=129.10 VOC=1183076352.00 CO2=0.00 GasDrop=1183.68
2026-07-30 11:23:11,30.48,62.93,1004.00,191.74,2386,36.022,73900,20.0,29.0,31.0,YES,UNKNOWN_ANALYSIS_IAQ192_VOC36.02ppm,594880.9,26,0.3,0.161,400
2026-07-30 11:23:20,30.48,62.93,1004.00,191.74,2386,36.022,73900,19.0,28.0,30.0,YES,UNKNOWN_ANALYSIS_IAQ192_VOC36.02ppm,594890.3,26,0.3,0.161,400
2026-07-30 11:23:31,30.48,62.93,1004.00,191.74,2386,36.022,73900,20.0,28.0,30.0,YES,UNKNOWN_ANALYSIS_IAQ192_VOC36.02ppm,594900.8,26,0.3,0.161,400
2026-07-30 11:23:40,30.48,62.93,1004.00,191.74,2386,36.022,73900,19.0,27.0,29.0,YES,UNKNOWN_ANALYSIS_IAQ192_VOC36.02ppm,594910.2,26,0.3,0.161,400
2026-07-30 11:23:51,30.48,62.93,1004.00,191.74,2386,36.022,73900,20.0,27.0,28.0,YES,UNKNOWN_ANALYSIS_IAQ192_VOC36.02ppm,594920.6,26,0.3,0.161,400
2026-07-30 11:24:00,30.48,62.93,1004.00,191.74,2386,36.022,73900,19.0,26.0,27.0,YES,UNKNOWN_ANALYSIS_IAQ192_VOC36.02ppm,594930.0,26,0.3,0.161,400
2026-07-30 11:24:10,30.48,62.93,1004.00,191.74,2386,36.022,73900,20.0,27.0,28.0,YES,UNKNOWN_ANALYSIS_IAQ192_VOC36.02ppm,594940.5,26,0.3,0.161,400
📊 Z-scores: IAQ=114.06 VOC=593156736.00 CO2=0.00 GasDrop=1153.17
2026-07-30 11:24:21,30.47,62.85,1004.00,169.42,2084,18.141,77800,19.0,25.0,27.0,YES,UNKNOWN_ANALYSIS_IAQ169_VOC18.14ppm,594950.9,26,0.3,0.161,400
2026-07-30 11:24:30,30.47,62.85,1004.00,169.42,2084,18.141,77800,21.0,28.0,31.0,YES,UNKNOWN_ANALYSIS_IAQ169_VOC18.14ppm,594960.3,26,0.3,0.161,400
2026-07-30 11:24:41,30.47,62.85,1004.00,169.42,2084,18.141,77800,22.0,28.0,31.0,YES,UNKNOWN_ANALYSIS_IAQ169_VOC18.14ppm,594970.8,26,0.3,0.161,400
2026-07-30 11:24:50,30.47,62.85,1004.00,169.42,2084,18.141,77800,22.0,28.0,30.0,YES,UNKNOWN_ANALYSIS_IAQ169_VOC18.14ppm,594980.2,26,0.3,0.161,400
2026-07-30 11:25:01,30.47,62.85,1004.00,169.42,2084,18.141,77800,22.0,28.0,30.0,YES,UNKNOWN_ANALYSIS_IAQ169_VOC18.14ppm,594990.6,26,0.3,0.161,400
2026-07-30 11:25:11,30.47,62.85,1004.00,169.42,2084,18.141,77800,21.0,27.0,28.0,YES,UNKNOWN_ANALYSIS_IAQ169_VOC18.14ppm,595001.1,26,0.3,0.161,400
2026-07-30 11:25:20,30.47,62.85,1004.00,169.42,2084,18.141,77800,21.0,27.0,29.0,YES,UNKNOWN_ANALYSIS_IAQ169_VOC18.14ppm,595010.5,26,0.3,0.161,400
📊 Z-scores: IAQ=114.06 VOC=593156736.00 CO2=0.00 GasDrop=1153.17
2026-07-30 11:25:31,30.47,62.85,1004.00,169.42,2084,18.141,77800,21.0,27.0,30.0,YES,UNKNOWN_ANALYSIS_IAQ169_VOC18.14ppm,595020.9,26,0.3,0.161,400
2026-07-30 11:25:40,30.47,62.85,1004.00,169.42,2084,18.141,77800,21.0,28.0,30.0,YES,UNKNOWN_ANALYSIS_IAQ169_VOC18.14ppm,595030.3,26,0.3,0.161,400
2026-07-30 11:25:51,30.47,62.85,1004.00,169.42,2084,18.141,77800,21.0,29.0,31.0,YES,UNKNOWN_ANALYSIS_IAQ169_VOC18.14ppm,595040.8,26,0.3,0.161,400
2026-07-30 11:26:01,30.47,62.85,1004.00,169.42,2084,18.141,77800,22.0,31.0,34.0,YES,UNKNOWN_ANALYSIS_IAQ169_VOC18.14ppm,595051.2,26,0.3,0.161,400
2026-07-30 11:26:11,30.47,62.85,1004.00,169.42,2084,18.141,77800,22.0,30.0,33.0,YES,UNKNOWN_ANALYSIS_IAQ169_VOC18.14ppm,595060.6,26,0.3,0.161,400
2026-07-30 11:26:21,30.47,62.85,1004.00,169.42,2084,18.141,77800,22.0,30.0,31.0,YES,UNKNOWN_ANALYSIS_IAQ169_VOC18.14ppm,595071.1,26,0.3,0.161,400
2026-07-30 11:26:30,30.47,62.85,1004.00,169.42,2084,18.141,77800,21.0,29.0,30.0,YES,UNKNOWN_ANALYSIS_IAQ169_VOC18.14ppm,595080.5,26,0.3,0.161,400
📊 Z-scores: IAQ=114.06 VOC=593156736.00 CO2=0.00 GasDrop=1153.17
2026-07-30 11:26:41,30.47,62.85,1004.00,169.42,2084,18.141,77800,22.0,30.0,30.0,YES,UNKNOWN_ANALYSIS_IAQ169_VOC18.14ppm,595091.0,26,0.3,0.161,400
2026-07-30 11:26:50,30.47,62.85,1004.00,169.42,2084,18.141,77800,22.0,29.0,30.0,YES,UNKNOWN_ANALYSIS_IAQ169_VOC18.14ppm,595100.4,26,0.3,0.161,400
2026-07-30 11:27:01,30.47,62.85,1004.00,169.42,2084,18.141,77800,21.0,29.0,31.0,YES,UNKNOWN_ANALYSIS_IAQ169_VOC18.14ppm,595110.8,26,0.3,0.161,400
2026-07-30 11:27:11,30.47,62.85,1004.00,169.42,2084,18.141,77800,22.0,30.0,32.0,YES,UNKNOWN_ANALYSIS_IAQ169_VOC18.14ppm,595121.3,26,0.3,0.161,400
2026-07-30 11:27:21,30.47,62.85,1004.00,169.42,2084,18.141,77800,22.0,30.0,32.0,YES,UNKNOWN_ANALYSIS_IAQ169_VOC18.14ppm,595130.7,26,0.3,0.161,400
2026-07-30 11:27:31,30.47,62.85,1004.00,169.42,2084,18.141,77800,22.0,30.0,32.0,YES,UNKNOWN_ANALYSIS_IAQ169_VOC18.14ppm,595141.1,26,0.3,0.161,400
2026-07-30 11:27:40,30.47,62.85,1004.00,169.42,2084,18.141,77800,21.0,29.0,31.0,YES,UNKNOWN_ANALYSIS_IAQ169_VOC18.14ppm,595150.5,26,0.3,0.161,400
📊 Z-scores: IAQ=114.06 VOC=593156736.00 CO2=0.00 GasDrop=1153.17
2026-07-30 11:27:51,30.47,62.85,1004.00,169.42,2084,18.141,77800,21.0,28.0,29.0,YES,UNKNOWN_ANALYSIS_IAQ169_VOC18.14ppm,595161.0,26,0.3,0.161,400
2026-07-30 11:28:00,30.47,62.85,1004.00,169.42,2084,18.141,77800,22.0,30.0,32.0,YES,UNKNOWN_ANALYSIS_IAQ169_VOC18.14ppm,595170.4,26,0.3,0.161,400
2026-07-30 11:28:11,30.47,62.85,1004.00,169.42,2084,18.141,77800,22.0,29.0,31.0,YES,UNKNOWN_ANALYSIS_IAQ169_VOC18.14ppm,595180.8,26,0.3,0.161,400
2026-07-30 11:28:21,30.47,62.85,1004.00,169.42,2084,18.141,77800,22.0,30.0,31.0,YES,UNKNOWN_ANALYSIS_IAQ169_VOC18.14ppm,595191.3,26,0.3,0.161,400
2026-07-30 11:28:31,30.47,62.85,1004.00,169.42,2084,18.141,77800,22.0,30.0,31.0,YES,UNKNOWN_ANALYSIS_IAQ169_VOC18.14ppm,595200.7,26,0.3,0.161,400
2026-07-30 11:28:41,30.47,62.85,1004.00,169.42,2084,18.141,77800,21.0,29.0,30.0,YES,UNKNOWN_ANALYSIS_IAQ169_VOC18.14ppm,595211.1,26,0.3,0.161,400
2026-07-30 11:28:51,30.47,62.85,1004.00,169.42,2084,18.141,77800,21.0,28.0,29.0,YES,UNKNOWN_ANALYSIS_IAQ169_VOC18.14ppm,595220.5,26,0.3,0.161,400
📊 Z-scores: IAQ=114.06 VOC=593156736.00 CO2=0.00 GasDrop=1153.17
2026-07-30 11:29:01,30.47,62.85,1004.00,169.42,2084,18.141,77800,22.0,28.0,30.0,YES,UNKNOWN_ANALYSIS_IAQ169_VOC18.14ppm,595231.0,26,0.3,0.161,400
2026-07-30 11:29:11,30.47,62.85,1004.00,169.42,2084,18.141,77800,22.0,29.0,32.0,YES,UNKNOWN_ANALYSIS_IAQ169_VOC18.14ppm,595241.4,26,0.3,0.161,400
2026-07-30 11:29:21,30.45,62.82,1004.00,149.18,1811,9.767,81500,21.0,28.0,31.0,YES,UNKNOWN_ANALYSIS_IAQ149_VOC9.77ppm,595250.8,26,0.3,0.161,400
2026-07-30 11:29:31,30.45,62.82,1004.00,149.18,1811,9.767,81500,21.0,28.0,32.0,YES,UNKNOWN_ANALYSIS_IAQ149_VOC9.77ppm,595261.3,26,0.3,0.161,400
2026-07-30 11:29:41,30.45,62.82,1004.00,149.18,1811,9.767,81500,21.0,29.0,31.0,YES,UNKNOWN_ANALYSIS_IAQ149_VOC9.77ppm,595270.7,26,0.3,0.161,400
2026-07-30 11:29:51,30.45,62.82,1004.00,149.18,1811,9.767,81500,21.0,30.0,32.0,YES,UNKNOWN_ANALYSIS_IAQ149_VOC9.77ppm,595281.1,26,0.3,0.161,400
📊 Z-scores: IAQ=100.41 VOC=316925504.00 CO2=0.00 GasDrop=1124.21
2026-07-30 11:30:02,30.45,62.82,1004.00,149.18,1811,9.767,81500,21.0,30.0,32.0,YES,UNKNOWN_ANALYSIS_IAQ149_VOC9.77ppm,595291.6,26,0.3,0.161,400
2026-07-30 11:30:11,30.45,62.82,1004.00,149.18,1811,9.767,81500,22.0,30.0,33.0,YES,UNKNOWN_ANALYSIS_IAQ149_VOC9.77ppm,595301.0,26,0.3,0.161,400
2026-07-30 11:30:21,30.45,62.82,1004.00,149.18,1811,9.767,81500,22.0,30.0,32.0,YES,UNKNOWN_ANALYSIS_IAQ149_VOC9.77ppm,595311.4,26,0.3,0.161,400
2026-07-30 11:30:31,30.45,62.82,1004.00,149.18,1811,9.767,81500,21.0,29.0,30.0,YES,UNKNOWN_ANALYSIS_IAQ149_VOC9.77ppm,595320.9,26,0.3,0.161,400
2026-07-30 11:30:41,30.45,62.82,1004.00,149.18,1811,9.767,81500,22.0,30.0,31.0,YES,UNKNOWN_ANALYSIS_IAQ149_VOC9.77ppm,595331.3,26,0.3,0.161,400
PMS7003: Timeout error
2026-07-30 11:30:52,30.45,62.82,1004.00,149.18,1811,9.767,81500,22.0,30.0,31.0,YES,UNKNOWN_ANALYSIS_IAQ149_VOC9.77ppm,595341.7,26,0.3,0.161,400
2026-07-30 11:31:01,30.45,62.82,1004.00,149.18,1811,9.767,81500,22.0,30.0,31.0,YES,UNKNOWN_ANALYSIS_IAQ149_VOC9.77ppm,595351.2,26,0.3,0.161,400
📊 Z-scores: IAQ=100.41 VOC=316925504.00 CO2=0.00 GasDrop=1124.21
2026-07-30 11:31:12,30.45,62.82,1004.00,149.18,1811,9.767,81500,22.0,29.0,31.0,YES,UNKNOWN_ANALYSIS_IAQ149_VOC9.77ppm,595361.6,26,0.3,0.161,400
2026-07-30 11:31:21,30.45,62.82,1004.00,149.18,1811,9.767,81500,21.0,29.0,30.0,YES,UNKNOWN_ANALYSIS_IAQ149_VOC9.77ppm,595371.0,26,0.3,0.161,400
2026-07-30 11:31:31,30.45,62.82,1004.00,149.18,1811,9.767,81500,22.0,29.0,30.0,YES,UNKNOWN_ANALYSIS_IAQ149_VOC9.77ppm,595381.5,26,0.3,0.161,400
2026-07-30 11:31:41,30.45,62.82,1004.00,149.18,1811,9.767,81500,22.0,28.0,30.0,YES,UNKNOWN_ANALYSIS_IAQ149_VOC9.77ppm,595390.9,26,0.3,0.161,400
2026-07-30 11:31:51,30.45,62.82,1004.00,149.18,1811,9.767,81500,22.0,28.0,30.0,YES,UNKNOWN_ANALYSIS_IAQ149_VOC9.77ppm,595401.3,26,0.3,0.161,400
2026-07-30 11:32:02,30.45,62.82,1004.00,149.18,1811,9.767,81500,22.0,28.0,30.0,YES,UNKNOWN_ANALYSIS_IAQ149_VOC9.77ppm,595411.8,26,0.3,0.161,400
2026-07-30 11:32:11,30.45,62.82,1004.00,149.18,1811,9.767,81500,21.0,28.0,30.0,YES,UNKNOWN_ANALYSIS_IAQ149_VOC9.77ppm,595421.2,26,0.3,0.161,400
📊 Z-scores: IAQ=100.41 VOC=316925504.00 CO2=0.00 GasDrop=1124.21
2026-07-30 11:32:22,30.45,62.82,1004.00,149.18,1811,9.767,81500,21.0,28.0,29.0,YES,UNKNOWN_ANALYSIS_IAQ149_VOC9.77ppm,595431.6,26,0.3,0.161,400
2026-07-30 11:32:31,30.45,62.82,1004.00,149.18,1811,9.767,81500,22.0,29.0,30.0,YES,UNKNOWN_ANALYSIS_IAQ149_VOC9.77ppm,595441.0,26,0.3,0.161,400
2026-07-30 11:32:41,30.45,62.82,1004.00,149.18,1811,9.767,81500,22.0,30.0,32.0,YES,UNKNOWN_ANALYSIS_IAQ149_VOC9.77ppm,595451.5,26,0.3,0.161,400
2026-07-30 11:32:52,30.45,62.82,1004.00,149.18,1811,9.767,81500,22.0,30.0,34.0,YES,UNKNOWN_ANALYSIS_IAQ149_VOC9.77ppm,595461.9,26,0.3,0.161,400
2026-07-30 11:33:01,30.45,62.82,1004.00,149.18,1811,9.767,81500,22.0,30.0,33.0,YES,UNKNOWN_ANALYSIS_IAQ149_VOC9.77ppm,595471.3,26,0.3,0.161,400
2026-07-30 11:33:12,30.45,62.82,1004.00,149.18,1811,9.767,81500,22.0,30.0,32.0,YES,UNKNOWN_ANALYSIS_IAQ149_VOC9.77ppm,595481.8,26,0.3,0.161,400
2026-07-30 11:33:21,30.45,62.82,1004.00,149.18,1811,9.767,81500,21.0,29.0,31.0,YES,UNKNOWN_ANALYSIS_IAQ149_VOC9.77ppm,595491.2,26,0.3,0.161,400
📊 Z-scores: IAQ=100.41 VOC=316925504.00 CO2=0.00 GasDrop=1124.21
2026-07-30 11:33:32,30.45,62.82,1004.00,149.18,1811,9.767,81500,21.0,29.0,30.0,YES,UNKNOWN_ANALYSIS_IAQ149_VOC9.77ppm,595501.6,26,0.3,0.161,400
2026-07-30 11:33:42,30.45,62.82,1004.00,149.18,1811,9.767,81500,23.0,29.0,30.0,YES,UNKNOWN_ANALYSIS_IAQ149_VOC9.77ppm,595512.1,26,0.3,0.161,400
2026-07-30 11:33:51,30.45,62.82,1004.00,149.18,1811,9.767,81500,22.0,29.0,30.0,YES,UNKNOWN_ANALYSIS_IAQ149_VOC9.77ppm,595521.5,26,0.3,0.161,400
2026-07-30 11:34:02,30.45,62.82,1004.00,149.18,1811,9.767,81500,22.0,30.0,31.0,YES,UNKNOWN_ANALYSIS_IAQ149_VOC9.77ppm,595531.9,26,0.3,0.161,400
2026-07-30 11:34:11,30.45,62.82,1004.00,149.18,1811,9.767,81500,21.0,29.0,30.0,YES,UNKNOWN_ANALYSIS_IAQ149_VOC9.77ppm,595541.3,26,0.3,0.161,400
2026-07-30 11:34:22,30.45,62.80,1003.00,151.96,1843,10.504,81000,21.0,29.0,30.0,YES,UNKNOWN_ANALYSIS_IAQ152_VOC10.50ppm,595551.8,26,0.3,0.161,400
2026-07-30 11:34:31,30.45,62.80,1003.00,151.96,1843,10.504,81000,21.0,29.0,31.0,YES,UNKNOWN_ANALYSIS_IAQ152_VOC10.50ppm,595561.2,26,0.3,0.161,400
📊 Z-scores: IAQ=102.28 VOC=341213248.00 CO2=0.00 GasDrop=1128.13
2026-07-30 11:34:42,30.45,62.80,1003.00,151.96,1843,10.504,81000,21.0,29.0,30.0,YES,UNKNOWN_ANALYSIS_IAQ152_VOC10.50ppm,595571.6,26,0.3,0.161,400
2026-07-30 11:34:52,30.45,62.80,1003.00,151.96,1843,10.504,81000,22.0,30.0,32.0,YES,UNKNOWN_ANALYSIS_IAQ152_VOC10.50ppm,595582.1,26,0.3,0.161,400
2026-07-30 11:35:01,30.45,62.80,1003.00,151.96,1843,10.504,81000,21.0,27.0,29.0,YES,UNKNOWN_ANALYSIS_IAQ152_VOC10.50ppm,595591.5,26,0.3,0.161,400
2026-07-30 11:35:12,30.45,62.80,1003.00,151.96,1843,10.504,81000,21.0,26.0,29.0,YES,UNKNOWN_ANALYSIS_IAQ152_VOC10.50ppm,595601.9,26,0.3,0.161,400
2026-07-30 11:35:21,30.45,62.80,1003.00,151.96,1843,10.504,81000,21.0,26.0,31.0,YES,UNKNOWN_ANALYSIS_IAQ152_VOC10.50ppm,595611.3,26,0.3,0.161,400
2026-07-30 11:35:32,30.45,62.80,1003.00,151.96,1843,10.504,81000,22.0,28.0,33.0,YES,UNKNOWN_ANALYSIS_IAQ152_VOC10.50ppm,595621.8,26,0.3,0.161,400
📊 Z-scores: IAQ=102.28 VOC=341213248.00 CO2=0.00 GasDrop=1128.13
2026-07-30 11:35:42,30.45,62.80,1003.00,151.96,1843,10.504,81000,22.0,28.0,32.0,YES,UNKNOWN_ANALYSIS_IAQ152_VOC10.50ppm,595632.2,26,0.3,0.161,400
2026-07-30 11:35:52,30.45,62.80,1003.00,151.96,1843,10.504,81000,21.0,29.0,31.0,YES,UNKNOWN_ANALYSIS_IAQ152_VOC10.50ppm,595641.7,26,0.3,0.161,400
2026-07-30 11:36:02,30.45,62.80,1003.00,151.96,1843,10.504,81000,21.0,29.0,33.0,YES,UNKNOWN_ANALYSIS_IAQ152_VOC10.50ppm,595652.1,26,0.3,0.161,400
2026-07-30 11:36:11,30.45,62.80,1003.00,151.96,1843,10.504,81000,22.0,29.0,32.0,YES,UNKNOWN_ANALYSIS_IAQ152_VOC10.50ppm,595661.5,26,0.3,0.161,400
2026-07-30 11:36:22,30.45,62.80,1003.00,151.96,1843,10.504,81000,22.0,28.0,30.0,YES,UNKNOWN_ANALYSIS_IAQ152_VOC10.50ppm,595672.0,26,0.3,0.161,400
2026-07-30 11:36:31,30.45,62.80,1003.00,151.96,1843,10.504,81000,21.0,27.0,28.0,YES,UNKNOWN_ANALYSIS_IAQ152_VOC10.50ppm,595681.4,26,0.3,0.161,400
2026-07-30 11:36:42,30.45,62.80,1003.00,151.96,1843,10.504,81000,21.0,28.0,30.0,YES,UNKNOWN_ANALYSIS_IAQ152_VOC10.50ppm,595691.8,26,0.3,0.161,400
📊 Z-scores: IAQ=102.28 VOC=341213248.00 CO2=0.00 GasDrop=1128.13
2026-07-30 11:36:52,30.45,62.80,1003.00,151.96,1843,10.504,81000,21.0,27.0,30.0,YES,UNKNOWN_ANALYSIS_IAQ152_VOC10.50ppm,595702.3,26,0.3,0.161,400
2026-07-30 11:37:02,30.45,62.80,1003.00,151.96,1843,10.504,81000,21.0,28.0,30.0,YES,UNKNOWN_ANALYSIS_IAQ152_VOC10.50ppm,595711.7,26,0.3,0.161,400
2026-07-30 11:37:12,30.45,62.80,1003.00,151.96,1843,10.504,81000,22.0,30.0,31.0,YES,UNKNOWN_ANALYSIS_IAQ152_VOC10.50ppm,595722.1,26,0.3,0.161,400
2026-07-30 11:37:21,30.45,62.80,1003.00,151.96,1843,10.504,81000,22.0,30.0,31.0,YES,UNKNOWN_ANALYSIS_IAQ152_VOC10.50ppm,595731.5,26,0.3,0.161,400
2026-07-30 11:37:32,30.45,62.80,1003.00,151.96,1843,10.504,81000,22.0,30.0,32.0,YES,UNKNOWN_ANALYSIS_IAQ152_VOC10.50ppm,595742.0,26,0.3,0.161,400
2026-07-30 11:37:42,30.45,62.80,1003.00,151.96,1843,10.504,81000,22.0,30.0,31.0,YES,UNKNOWN_ANALYSIS_IAQ152_VOC10.50ppm,595752.4,26,0.3,0.161,400
2026-07-30 11:37:52,30.45,62.80,1003.00,151.96,1843,10.504,81000,22.0,30.0,30.0,YES,UNKNOWN_ANALYSIS_IAQ152_VOC10.50ppm,595761.8,26,0.3,0.161,400
📊 Z-scores: IAQ=102.28 VOC=341213248.00 CO2=0.00 GasDrop=1128.13
2026-07-30 11:38:02,30.45,62.80,1003.00,151.96,1843,10.504,81000,21.0,29.0,30.0,YES,UNKNOWN_ANALYSIS_IAQ152_VOC10.50ppm,595772.3,26,0.3,0.161,400
2026-07-30 11:38:12,30.45,62.80,1003.00,151.96,1843,10.504,81000,21.0,29.0,30.0,YES,UNKNOWN_ANALYSIS_IAQ152_VOC10.50ppm,595781.7,26,0.3,0.161,400
2026-07-30 11:38:22,30.45,62.80,1003.00,151.96,1843,10.504,81000,22.0,29.0,30.0,YES,UNKNOWN_ANALYSIS_IAQ152_VOC10.50ppm,595792.1,26,0.3,0.161,400
2026-07-30 11:38:33,30.45,62.80,1003.00,151.96,1843,10.504,81000,22.0,29.0,32.0,YES,UNKNOWN_ANALYSIS_IAQ152_VOC10.50ppm,595802.6,26,0.3,0.161,400
2026-07-30 11:38:42,30.45,62.80,1003.00,151.96,1843,10.504,81000,22.0,29.0,32.0,YES,UNKNOWN_ANALYSIS_IAQ152_VOC10.50ppm,595812.0,26,0.3,0.161,400
2026-07-30 11:38:52,30.45,62.80,1003.00,151.96,1843,10.504,81000,21.0,29.0,30.0,YES,UNKNOWN_ANALYSIS_IAQ152_VOC10.50ppm,595822.4,26,0.3,0.161,400
2026-07-30 11:39:02,30.45,62.80,1003.00,151.96,1843,10.504,81000,21.0,29.0,31.0,YES,UNKNOWN_ANALYSIS_IAQ152_VOC10.50ppm,595831.8,26,0.3,0.161,400
📊 Z-scores: IAQ=102.28 VOC=341213248.00 CO2=0.00 GasDrop=1128.13
2026-07-30 11:39:12,30.45,62.80,1003.00,151.96,1843,10.504,81000,21.0,29.0,30.0,YES,UNKNOWN_ANALYSIS_IAQ152_VOC10.50ppm,595842.3,26,0.3,0.161,400
2026-07-30 11:39:22,30.45,62.80,1003.00,153.61,1860,10.918,80700,22.0,30.0,31.0,YES,UNKNOWN_ANALYSIS_IAQ154_VOC10.92ppm,595851.7,26,0.3,0.161,400
2026-07-30 11:39:32,30.45,62.80,1003.00,153.61,1860,10.918,80700,22.0,30.0,31.0,YES,UNKNOWN_ANALYSIS_IAQ154_VOC10.92ppm,595862.1,26,0.3,0.161,400
2026-07-30 11:39:43,30.45,62.80,1003.00,153.61,1860,10.918,80700,22.0,30.0,30.0,YES,UNKNOWN_ANALYSIS_IAQ154_VOC10.92ppm,595872.6,26,0.3,0.161,400
2026-07-30 11:39:52,30.45,62.80,1003.00,153.61,1860,10.918,80700,23.0,30.0,30.0,YES,UNKNOWN_ANALYSIS_IAQ154_VOC10.92ppm,595882.0,26,0.3,0.161,400
2026-07-30 11:40:02,30.45,62.80,1003.00,153.61,1860,10.918,80700,22.0,29.0,30.0,YES,UNKNOWN_ANALYSIS_IAQ154_VOC10.92ppm,595892.4,26,0.3,0.161,400
2026-07-30 11:40:12,30.45,62.80,1003.00,153.61,1860,10.918,80700,23.0,31.0,32.0,YES,UNKNOWN_ANALYSIS_IAQ154_VOC10.92ppm,595901.9,26,0.3,0.161,400
📊 Z-scores: IAQ=103.39 VOC=354876832.00 CO2=0.00 GasDrop=1130.47
2026-07-30 11:40:22,30.45,62.80,1003.00,153.61,1860,10.918,80700,22.0,29.0,32.0,YES,UNKNOWN_ANALYSIS_IAQ154_VOC10.92ppm,595912.3,26,0.3,0.161,400
2026-07-30 11:40:33,30.45,62.80,1003.00,153.61,1860,10.918,80700,23.0,32.0,33.0,YES,UNKNOWN_ANALYSIS_IAQ154_VOC10.92ppm,595922.8,26,0.3,0.161,400
2026-07-30 11:40:42,30.45,62.80,1003.00,153.61,1860,10.918,80700,22.0,31.0,32.0,YES,UNKNOWN_ANALYSIS_IAQ154_VOC10.92ppm,595932.2,26,0.3,0.161,400
2026-07-30 11:40:53,30.45,62.80,1003.00,153.61,1860,10.918,80700,22.0,29.0,31.0,YES,UNKNOWN_ANALYSIS_IAQ154_VOC10.92ppm,595942.6,26,0.3,0.161,400
2026-07-30 11:41:02,30.45,62.80,1003.00,153.61,1860,10.918,80700,22.0,29.0,32.0,YES,UNKNOWN_ANALYSIS_IAQ154_VOC10.92ppm,595952.0,26,0.3,0.161,400
2026-07-30 11:41:12,30.45,62.80,1003.00,153.61,1860,10.918,80700,21.0,28.0,31.0,YES,UNKNOWN_ANALYSIS_IAQ154_VOC10.92ppm,595962.5,26,0.3,0.161,400
📊 Z-scores: IAQ=103.39 VOC=354876832.00 CO2=0.00 GasDrop=1130.47
2026-07-30 11:41:23,30.45,62.80,1003.00,153.61,1860,10.918,80700,21.0,29.0,31.0,YES,UNKNOWN_ANALYSIS_IAQ154_VOC10.92ppm,595972.9,26,0.3,0.161,400
2026-07-30 11:41:32,30.45,62.80,1003.00,153.61,1860,10.918,80700,21.0,28.0,31.0,YES,UNKNOWN_ANALYSIS_IAQ154_VOC10.92ppm,595982.3,26,0.3,0.161,400
2026-07-30 11:41:43,30.45,62.80,1003.00,153.61,1860,10.918,80700,21.0,29.0,31.0,YES,UNKNOWN_ANALYSIS_IAQ154_VOC10.92ppm,595992.8,26,0.3,0.161,400
2026-07-30 11:41:52,30.45,62.80,1003.00,153.61,1860,10.918,80700,20.0,28.0,30.0,YES,UNKNOWN_ANALYSIS_IAQ154_VOC10.92ppm,596002.2,26,0.3,0.161,400
2026-07-30 11:42:03,30.45,62.80,1003.00,153.61,1860,10.918,80700,22.0,28.0,31.0,YES,UNKNOWN_ANALYSIS_IAQ154_VOC10.92ppm,596012.6,26,0.3,0.161,400
2026-07-30 11:42:12,30.45,62.80,1003.00,153.61,1860,10.918,80700,22.0,29.0,31.0,YES,UNKNOWN_ANALYSIS_IAQ154_VOC10.92ppm,596022.0,26,0.3,0.161,400
2026-07-30 11:42:22,30.45,62.80,1003.00,153.61,1860,10.918,80700,22.0,30.0,32.0,YES,UNKNOWN_ANALYSIS_IAQ154_VOC10.92ppm,596032.5,26,0.3,0.161,400
📊 Z-scores: IAQ=103.39 VOC=354876832.00 CO2=0.00 GasDrop=1130.47
2026-07-30 11:42:33,30.45,62.80,1003.00,153.61,1860,10.918,80700,21.0,29.0,32.0,YES,UNKNOWN_ANALYSIS_IAQ154_VOC10.92ppm,596042.9,26,0.3,0.161,400
2026-07-30 11:42:42,30.45,62.80,1003.00,153.61,1860,10.918,80700,22.0,30.0,33.0,YES,UNKNOWN_ANALYSIS_IAQ154_VOC10.92ppm,596052.3,26,0.3,0.161,400
2026-07-30 11:42:53,30.45,62.80,1003.00,153.61,1860,10.918,80700,22.0,30.0,32.0,YES,UNKNOWN_ANALYSIS_IAQ154_VOC10.92ppm,596062.8,26,0.3,0.161,400
2026-07-30 11:43:02,30.45,62.80,1003.00,153.61,1860,10.918,80700,21.0,29.0,30.0,YES,UNKNOWN_ANALYSIS_IAQ154_VOC10.92ppm,596072.2,26,0.3,0.161,400
2026-07-30 11:43:13,30.45,62.80,1003.00,153.61,1860,10.918,80700,22.0,29.0,31.0,YES,UNKNOWN_ANALYSIS_IAQ154_VOC10.92ppm,596082.6,26,0.3,0.161,400
2026-07-30 11:43:23,30.45,62.80,1003.00,153.61,1860,10.918,80700,22.0,28.0,29.0,YES,UNKNOWN_ANALYSIS_IAQ154_VOC10.92ppm,596093.1,26,0.3,0.161,400
2026-07-30 11:43:32,30.45,62.80,1003.00,153.61,1860,10.918,80700,22.0,28.0,30.0,YES,UNKNOWN_ANALYSIS_IAQ154_VOC10.92ppm,596102.5,26,0.3,0.161,400
📊 Z-scores: IAQ=103.39 VOC=354876832.00 CO2=0.00 GasDrop=1130.47
2026-07-30 11:43:43,30.45,62.80,1003.00,153.61,1860,10.918,80700,21.0,28.0,30.0,YES,UNKNOWN_ANALYSIS_IAQ154_VOC10.92ppm,596112.9,26,0.3,0.161,400
2026-07-30 11:43:52,30.45,62.80,1003.00,153.61,1860,10.918,80700,22.0,30.0,33.0,YES,UNKNOWN_ANALYSIS_IAQ154_VOC10.92ppm,596122.4,26,0.3,0.161,400
2026-07-30 11:44:03,30.45,62.80,1003.00,153.61,1860,10.918,80700,22.0,30.0,32.0,YES,UNKNOWN_ANALYSIS_IAQ154_VOC10.92ppm,596132.8,26,0.3,0.161,400
2026-07-30 11:44:12,30.45,62.80,1003.00,153.61,1860,10.918,80700,21.0,29.0,32.0,YES,UNKNOWN_ANALYSIS_IAQ154_VOC10.92ppm,596142.2,26,0.3,0.161,400
2026-07-30 11:44:23,30.47,62.80,1003.00,153.95,1860,10.911,80600,22.0,30.0,33.0,YES,UNKNOWN_ANALYSIS_IAQ154_VOC10.91ppm,596152.7,26,0.3,0.161,400
2026-07-30 11:44:33,30.47,62.80,1003.00,153.95,1860,10.911,80600,21.0,29.0,33.0,YES,UNKNOWN_ANALYSIS_IAQ154_VOC10.91ppm,596163.1,26,0.3,0.161,400
2026-07-30 11:44:42,30.47,62.80,1003.00,153.95,1860,10.911,80600,21.0,30.0,32.0,YES,UNKNOWN_ANALYSIS_IAQ154_VOC10.91ppm,596172.5,26,0.3,0.161,400
📊 Z-scores: IAQ=103.62 VOC=354655744.00 CO2=0.00 GasDrop=1131.26
2026-07-30 11:44:53,30.47,62.80,1003.00,153.95,1860,10.911,80600,22.0,30.0,32.0,YES,UNKNOWN_ANALYSIS_IAQ154_VOC10.91ppm,596183.0,26,0.3,0.161,400
2026-07-30 11:45:02,30.47,62.80,1003.00,153.95,1860,10.911,80600,21.0,28.0,31.0,YES,UNKNOWN_ANALYSIS_IAQ154_VOC10.91ppm,596192.4,26,0.3,0.161,400
2026-07-30 11:45:13,30.47,62.80,1003.00,153.95,1860,10.911,80600,22.0,28.0,32.0,YES,UNKNOWN_ANALYSIS_IAQ154_VOC10.91ppm,596202.8,26,0.3,0.161,400
2026-07-30 11:45:23,30.47,62.80,1003.00,153.95,1860,10.911,80600,22.0,28.0,31.0,YES,UNKNOWN_ANALYSIS_IAQ154_VOC10.91ppm,596213.3,26,0.3,0.161,400
2026-07-30 11:45:33,30.47,62.80,1003.00,153.95,1860,10.911,80600,22.0,30.0,32.0,YES,UNKNOWN_ANALYSIS_IAQ154_VOC10.91ppm,596222.7,26,0.3,0.161,400
2026-07-30 11:45:43,30.47,62.80,1003.00,153.95,1860,10.911,80600,22.0,29.0,31.0,YES,UNKNOWN_ANALYSIS_IAQ154_VOC10.91ppm,596233.1,26,0.3,0.161,400
2026-07-30 11:45:53,30.47,62.80,1003.00,153.95,1860,10.911,80600,21.0,29.0,31.0,YES,UNKNOWN_ANALYSIS_IAQ154_VOC10.91ppm,596242.5,26,0.3,0.161,400
📊 Z-scores: IAQ=103.62 VOC=354655744.00 CO2=0.00 GasDrop=1131.26
2026-07-30 11:46:03,30.47,62.80,1003.00,153.95,1860,10.911,80600,21.0,28.0,31.0,YES,UNKNOWN_ANALYSIS_IAQ154_VOC10.91ppm,596253.0,26,0.3,0.161,400
2026-07-30 11:46:12,30.47,62.80,1003.00,153.95,1860,10.911,80600,21.0,28.0,31.0,YES,UNKNOWN_ANALYSIS_IAQ154_VOC10.91ppm,596262.4,26,0.3,0.161,400
2026-07-30 11:46:23,30.47,62.80,1003.00,153.95,1860,10.911,80600,22.0,30.0,31.0,YES,UNKNOWN_ANALYSIS_IAQ154_VOC10.91ppm,596272.9,26,0.3,0.161,400
2026-07-30 11:46:33,30.47,62.80,1003.00,153.95,1860,10.911,80600,22.0,30.0,31.0,YES,UNKNOWN_ANALYSIS_IAQ154_VOC10.91ppm,596283.3,26,0.3,0.161,400
2026-07-30 11:46:43,30.47,62.80,1003.00,153.95,1860,10.911,80600,22.0,30.0,30.0,YES,UNKNOWN_ANALYSIS_IAQ154_VOC10.91ppm,596292.7,26,0.3,0.161,400
2026-07-30 11:46:53,30.47,62.80,1003.00,153.95,1860,10.911,80600,22.0,30.0,31.0,YES,UNKNOWN_ANALYSIS_IAQ154_VOC10.91ppm,596303.2,26,0.3,0.161,400
2026-07-30 11:47:03,30.47,62.80,1003.00,153.95,1860,10.911,80600,21.0,29.0,30.0,YES,UNKNOWN_ANALYSIS_IAQ154_VOC10.91ppm,596312.6,26,0.3,0.161,400
📊 Z-scores: IAQ=103.62 VOC=354655744.00 CO2=0.00 GasDrop=1131.26
2026-07-30 11:47:13,30.47,62.80,1003.00,153.95,1860,10.911,80600,22.0,30.0,30.0,YES,UNKNOWN_ANALYSIS_IAQ154_VOC10.91ppm,596323.0,26,0.3,0.161,400
2026-07-30 11:47:22,30.47,62.80,1003.00,153.95,1860,10.911,80600,21.0,29.0,29.0,YES,UNKNOWN_ANALYSIS_IAQ154_VOC10.91ppm,596332.4,26,0.3,0.161,400
2026-07-30 11:47:33,30.47,62.80,1003.00,153.95,1860,10.911,80600,22.0,30.0,31.0,YES,UNKNOWN_ANALYSIS_IAQ154_VOC10.91ppm,596342.9,26,0.3,0.161,400
2026-07-30 11:47:43,30.47,62.80,1003.00,153.95,1860,10.911,80600,21.0,29.0,31.0,YES,UNKNOWN_ANALYSIS_IAQ154_VOC10.91ppm,596353.3,26,0.3,0.161,400
2026-07-30 11:47:53,30.47,62.80,1003.00,153.95,1860,10.911,80600,22.0,29.0,33.0,YES,UNKNOWN_ANALYSIS_IAQ154_VOC10.91ppm,596362.8,26,0.3,0.161,400
2026-07-30 11:48:03,30.47,62.80,1003.00,153.95,1860,10.911,80600,21.0,29.0,34.0,YES,UNKNOWN_ANALYSIS_IAQ154_VOC10.91ppm,596373.2,26,0.3,0.161,400
2026-07-30 11:48:13,30.47,62.80,1003.00,153.95,1860,10.911,80600,22.0,30.0,35.0,YES,UNKNOWN_ANALYSIS_IAQ154_VOC10.91ppm,596382.6,26,0.3,0.161,400
📊 Z-scores: IAQ=103.62 VOC=354655744.00 CO2=0.00 GasDrop=1131.26
2026-07-30 11:48:23,30.47,62.80,1003.00,153.95,1860,10.911,80600,21.0,29.0,35.0,YES,UNKNOWN_ANALYSIS_IAQ154_VOC10.91ppm,596393.1,26,0.3,0.161,400
PMS7003: Timeout error
2026-07-30 11:48:33,30.47,62.80,1003.00,153.95,1860,10.911,80600,21.0,29.0,35.0,YES,UNKNOWN_ANALYSIS_IAQ154_VOC10.91ppm,596403.5,26,0.3,0.161,400
2026-07-30 11:48:43,30.47,62.80,1003.00,153.95,1860,10.911,80600,23.0,30.0,32.0,YES,UNKNOWN_ANALYSIS_IAQ154_VOC10.91ppm,596412.9,26,0.3,0.161,400
2026-07-30 11:48:53,30.47,62.80,1003.00,153.95,1860,10.911,80600,22.0,29.0,30.0,YES,UNKNOWN_ANALYSIS_IAQ154_VOC10.91ppm,596423.4,26,0.3,0.161,400
2026-07-30 11:49:03,30.47,62.80,1003.00,153.95,1860,10.911,80600,22.0,30.0,31.0,YES,UNKNOWN_ANALYSIS_IAQ154_VOC10.91ppm,596432.8,26,0.3,0.161,400
2026-07-30 11:49:13,30.47,62.80,1003.00,153.95,1860,10.911,80600,22.0,31.0,33.0,YES,UNKNOWN_ANALYSIS_IAQ154_VOC10.91ppm,596443.2,26,0.3,0.161,400
2026-07-30 11:49:23,30.46,62.79,1003.00,155.22,1871,11.208,80400,22.0,30.0,32.0,YES,UNKNOWN_ANALYSIS_IAQ155_VOC11.21ppm,596452.6,26,0.3,0.161,400
📊 Z-scores: IAQ=104.48 VOC=364460320.00 CO2=0.00 GasDrop=1132.82
2026-07-30 11:49:33,30.46,62.79,1003.00,155.22,1871,11.208,80400,21.0,29.0,31.0,YES,UNKNOWN_ANALYSIS_IAQ155_VOC11.21ppm,596463.1,26,0.3,0.161,400
2026-07-30 11:49:44,30.46,62.79,1003.00,155.22,1871,11.208,80400,22.0,30.0,31.0,YES,UNKNOWN_ANALYSIS_IAQ155_VOC11.21ppm,596473.5,26,0.3,0.161,400
2026-07-30 11:49:53,30.46,62.79,1003.00,155.22,1871,11.208,80400,22.0,30.0,30.0,YES,UNKNOWN_ANALYSIS_IAQ155_VOC11.21ppm,596482.9,26,0.3,0.161,400
2026-07-30 11:50:03,30.46,62.79,1003.00,155.22,1871,11.208,80400,23.0,31.0,32.0,YES,UNKNOWN_ANALYSIS_IAQ155_VOC11.21ppm,596493.4,26,0.3,0.161,400
2026-07-30 11:50:13,30.46,62.79,1003.00,155.22,1871,11.208,80400,23.0,32.0,33.0,YES,UNKNOWN_ANALYSIS_IAQ155_VOC11.21ppm,596502.8,26,0.3,0.161,400
2026-07-30 11:50:23,30.46,62.79,1003.00,155.22,1871,11.208,80400,23.0,32.0,36.0,YES,UNKNOWN_ANALYSIS_IAQ155_VOC11.21ppm,596513.2,26,0.3,0.161,400
📊 Z-scores: IAQ=104.48 VOC=364460320.00 CO2=0.00 GasDrop=1132.82
2026-07-30 11:50:34,30.46,62.79,1003.00,155.22,1871,11.208,80400,23.0,32.0,37.0,YES,UNKNOWN_ANALYSIS_IAQ155_VOC11.21ppm,596523.7,26,0.3,0.161,400
2026-07-30 11:50:43,30.46,62.79,1003.00,155.22,1871,11.208,80400,23.0,31.0,34.0,YES,UNKNOWN_ANALYSIS_IAQ155_VOC11.21ppm,596533.1,26,0.3,0.161,400
2026-07-30 11:50:54,30.46,62.79,1003.00,155.22,1871,11.208,80400,22.0,30.0,33.0,YES,UNKNOWN_ANALYSIS_IAQ155_VOC11.21ppm,596543.6,26,0.3,0.161,400
2026-07-30 11:51:03,30.46,62.79,1003.00,155.22,1871,11.208,80400,23.0,32.0,34.0,YES,UNKNOWN_ANALYSIS_IAQ155_VOC11.21ppm,596553.0,26,0.3,0.161,400
2026-07-30 11:51:13,30.46,62.79,1003.00,155.22,1871,11.208,80400,22.0,31.0,33.0,YES,UNKNOWN_ANALYSIS_IAQ155_VOC11.21ppm,596563.4,26,0.3,0.161,400
2026-07-30 11:51:23,30.46,62.79,1003.00,155.22,1871,11.208,80400,23.0,32.0,34.0,YES,UNKNOWN_ANALYSIS_IAQ155_VOC11.21ppm,596572.8,26,0.3,0.161,400
2026-07-30 11:51:33,30.46,62.79,1003.00,155.22,1871,11.208,80400,23.0,31.0,33.0,YES,UNKNOWN_ANALYSIS_IAQ155_VOC11.21ppm,596583.3,26,0.3,0.161,400
📊 Z-scores: IAQ=104.48 VOC=364460320.00 CO2=0.00 GasDrop=1132.82
2026-07-30 11:51:44,30.46,62.79,1003.00,155.22,1871,11.208,80400,22.0,30.0,32.0,YES,UNKNOWN_ANALYSIS_IAQ155_VOC11.21ppm,596593.7,26,0.3,0.161,400
2026-07-30 11:51:53,30.46,62.79,1003.00,155.22,1871,11.208,80400,23.0,32.0,34.0,YES,UNKNOWN_ANALYSIS_IAQ155_VOC11.21ppm,596603.1,26,0.3,0.161,400
2026-07-30 11:52:04,30.46,62.79,1003.00,155.22,1871,11.208,80400,23.0,31.0,32.0,YES,UNKNOWN_ANALYSIS_IAQ155_VOC11.21ppm,596613.6,26,0.3,0.161,400
2026-07-30 11:52:13,30.46,62.79,1003.00,155.22,1871,11.208,80400,23.0,30.0,31.0,YES,UNKNOWN_ANALYSIS_IAQ155_VOC11.21ppm,596623.0,26,0.3,0.161,400
2026-07-30 11:52:23,30.46,62.79,1003.00,155.22,1871,11.208,80400,22.0,30.0,31.0,YES,UNKNOWN_ANALYSIS_IAQ155_VOC11.21ppm,596633.4,26,0.3,0.161,400
2026-07-30 11:52:33,30.46,62.79,1003.00,155.22,1871,11.208,80400,22.0,29.0,30.0,YES,UNKNOWN_ANALYSIS_IAQ155_VOC11.21ppm,596642.8,26,0.3,0.161,400
2026-07-30 11:52:43,30.46,62.79,1003.00,155.22,1871,11.208,80400,22.0,29.0,31.0,YES,UNKNOWN_ANALYSIS_IAQ155_VOC11.21ppm,596653.3,26,0.3,0.161,400
📊 Z-scores: IAQ=104.48 VOC=364460320.00 CO2=0.00 GasDrop=1132.82
2026-07-30 11:52:54,30.46,62.79,1003.00,155.22,1871,11.208,80400,22.0,31.0,33.0,YES,UNKNOWN_ANALYSIS_IAQ155_VOC11.21ppm,596663.7,26,0.3,0.161,400
2026-07-30 11:53:03,30.46,62.79,1003.00,155.22,1871,11.208,80400,24.0,32.0,38.0,YES,UNKNOWN_ANALYSIS_IAQ155_VOC11.21ppm,596673.1,26,0.3,0.161,400
2026-07-30 11:53:14,30.46,62.79,1003.00,155.22,1871,11.208,80400,23.0,31.0,33.0,YES,UNKNOWN_ANALYSIS_IAQ155_VOC11.21ppm,596683.6,26,0.3,0.161,400
2026-07-30 11:53:23,30.46,62.79,1003.00,155.22,1871,11.208,80400,22.0,30.0,31.0,YES,UNKNOWN_ANALYSIS_IAQ155_VOC11.21ppm,596693.0,26,0.3,0.161,400
2026-07-30 11:53:33,30.46,62.79,1003.00,155.22,1871,11.208,80400,22.0,29.0,31.0,YES,UNKNOWN_ANALYSIS_IAQ155_VOC11.21ppm,596703.4,26,0.3,0.161,400
2026-07-30 11:53:44,30.46,62.79,1003.00,155.22,1871,11.208,80400,23.0,32.0,34.0,YES,UNKNOWN_ANALYSIS_IAQ155_VOC11.21ppm,596713.9,26,0.3,0.161,400
2026-07-30 11:53:53,30.46,62.79,1003.00,155.22,1871,11.208,80400,24.0,32.0,33.0,YES,UNKNOWN_ANALYSIS_IAQ155_VOC11.21ppm,596723.3,26,0.3,0.161,400
📊 Z-scores: IAQ=104.48 VOC=364460320.00 CO2=0.00 GasDrop=1132.82
2026-07-30 11:54:04,30.46,62.79,1003.00,155.22,1871,11.208,80400,23.0,31.0,33.0,YES,UNKNOWN_ANALYSIS_IAQ155_VOC11.21ppm,596733.8,26,0.3,0.161,400
2026-07-30 11:54:13,30.46,62.79,1003.00,155.22,1871,11.208,80400,23.0,31.0,33.0,YES,UNKNOWN_ANALYSIS_IAQ155_VOC11.21ppm,596743.2,26,0.3,0.161,400
2026-07-30 11:54:24,30.48,62.79,1003.00,157.22,1893,11.762,80000,24.0,32.0,34.0,YES,UNKNOWN_ANALYSIS_IAQ157_VOC11.76ppm,596753.6,26,0.3,0.161,400
2026-07-30 11:54:34,30.48,62.79,1003.00,157.22,1893,11.762,80000,22.0,30.0,33.0,YES,UNKNOWN_ANALYSIS_IAQ157_VOC11.76ppm,596764.1,26,0.3,0.161,400
2026-07-30 11:54:43,30.48,62.79,1003.00,157.22,1893,11.762,80000,23.0,30.0,33.0,YES,UNKNOWN_ANALYSIS_IAQ157_VOC11.76ppm,596773.5,26,0.3,0.161,400
2026-07-30 11:54:54,30.48,62.79,1003.00,157.22,1893,11.762,80000,22.0,29.0,30.0,YES,UNKNOWN_ANALYSIS_IAQ157_VOC11.76ppm,596783.9,26,0.3,0.161,400
2026-07-30 11:55:03,30.48,62.79,1003.00,157.22,1893,11.762,80000,23.0,30.0,31.0,YES,UNKNOWN_ANALYSIS_IAQ157_VOC11.76ppm,596793.3,26,0.3,0.161,400
📊 Z-scores: IAQ=105.83 VOC=382722080.00 CO2=0.00 GasDrop=1135.95
2026-07-30 11:55:14,30.48,62.79,1003.00,157.22,1893,11.762,80000,21.0,29.0,31.0,YES,UNKNOWN_ANALYSIS_IAQ157_VOC11.76ppm,596803.8,26,0.3,0.161,400
2026-07-30 11:55:23,30.48,62.79,1003.00,157.22,1893,11.762,80000,22.0,30.0,31.0,YES,UNKNOWN_ANALYSIS_IAQ157_VOC11.76ppm,596813.2,26,0.3,0.161,400
2026-07-30 11:55:34,30.48,62.79,1003.00,157.22,1893,11.762,80000,21.0,29.0,30.0,YES,UNKNOWN_ANALYSIS_IAQ157_VOC11.76ppm,596823.7,26,0.3,0.161,400
2026-07-30 11:55:44,30.48,62.79,1003.00,157.22,1893,11.762,80000,22.0,30.0,31.0,YES,UNKNOWN_ANALYSIS_IAQ157_VOC11.76ppm,596834.1,26,0.3,0.161,400
2026-07-30 11:55:53,30.48,62.79,1003.00,157.22,1893,11.762,80000,22.0,30.0,33.0,YES,UNKNOWN_ANALYSIS_IAQ157_VOC11.76ppm,596843.5,26,0.3,0.161,400
2026-07-30 11:56:04,30.48,62.79,1003.00,157.22,1893,11.762,80000,23.0,32.0,35.0,YES,UNKNOWN_ANALYSIS_IAQ157_VOC11.76ppm,596854.0,26,0.3,0.161,400
2026-07-30 11:56:13,30.48,62.79,1003.00,157.22,1893,11.762,80000,22.0,31.0,36.0,YES,UNKNOWN_ANALYSIS_IAQ157_VOC11.76ppm,596863.4,26,0.3,0.161,400
📊 Z-scores: IAQ=105.83 VOC=382722080.00 CO2=0.00 GasDrop=1135.95
2026-07-30 11:56:24,30.48,62.79,1003.00,157.22,1893,11.762,80000,23.0,32.0,36.0,YES,UNKNOWN_ANALYSIS_IAQ157_VOC11.76ppm,596873.8,26,0.3,0.161,400
2026-07-30 11:56:33,30.48,62.79,1003.00,157.22,1893,11.762,80000,22.0,31.0,33.0,YES,UNKNOWN_ANALYSIS_IAQ157_VOC11.76ppm,596883.2,26,0.3,0.161,400
2026-07-30 11:56:44,30.48,62.79,1003.00,157.22,1893,11.762,80000,23.0,32.0,33.0,YES,UNKNOWN_ANALYSIS_IAQ157_VOC11.76ppm,596893.7,26,0.3,0.161,400
2026-07-30 11:56:54,30.48,62.79,1003.00,157.22,1893,11.762,80000,22.0,29.0,30.0,YES,UNKNOWN_ANALYSIS_IAQ157_VOC11.76ppm,596904.2,26,0.3,0.161,400
2026-07-30 11:57:04,30.48,62.79,1003.00,157.22,1893,11.762,80000,23.0,30.0,31.0,YES,UNKNOWN_ANALYSIS_IAQ157_VOC11.76ppm,596913.6,26,0.3,0.161,400
2026-07-30 11:57:14,30.48,62.79,1003.00,157.22,1893,11.762,80000,23.0,30.0,33.0,YES,UNKNOWN_ANALYSIS_IAQ157_VOC11.76ppm,596924.0,26,0.3,0.161,400
2026-07-30 11:57:23,30.48,62.79,1003.00,157.22,1893,11.762,80000,23.0,30.0,33.0,YES,UNKNOWN_ANALYSIS_IAQ157_VOC11.76ppm,596933.4,26,0.3,0.161,400
📊 Z-scores: IAQ=105.83 VOC=382722080.00 CO2=0.00 GasDrop=1135.95
2026-07-30 11:57:34,30.48,62.79,1003.00,157.22,1893,11.762,80000,23.0,30.0,32.0,YES,UNKNOWN_ANALYSIS_IAQ157_VOC11.76ppm,596943.9,26,0.3,0.161,400
2026-07-30 11:57:43,30.48,62.79,1003.00,157.22,1893,11.762,80000,23.0,30.0,31.0,YES,UNKNOWN_ANALYSIS_IAQ157_VOC11.76ppm,596953.3,26,0.3,0.161,400
2026-07-30 11:57:54,30.48,62.79,1003.00,157.22,1893,11.762,80000,23.0,30.0,33.0,YES,UNKNOWN_ANALYSIS_IAQ157_VOC11.76ppm,596963.7,26,0.3,0.161,400
2026-07-30 11:58:04,30.48,62.79,1003.00,157.22,1893,11.762,80000,22.0,29.0,31.0,YES,UNKNOWN_ANALYSIS_IAQ157_VOC11.76ppm,596974.2,26,0.3,0.161,400
2026-07-30 11:58:14,30.48,62.79,1003.00,157.22,1893,11.762,80000,23.0,31.0,34.0,YES,UNKNOWN_ANALYSIS_IAQ157_VOC11.76ppm,596983.6,26,0.3,0.161,400
2026-07-30 11:58:24,30.48,62.79,1003.00,157.22,1893,11.762,80000,22.0,29.0,31.0,YES,UNKNOWN_ANALYSIS_IAQ157_VOC11.76ppm,596994.1,26,0.3,0.161,400
2026-07-30 11:58:33,30.48,62.79,1003.00,157.22,1893,11.762,80000,23.0,31.0,34.0,YES,UNKNOWN_ANALYSIS_IAQ157_VOC11.76ppm,597003.5,26,0.3,0.161,400
📊 Z-scores: IAQ=105.83 VOC=382722080.00 CO2=0.00 GasDrop=1135.95
2026-07-30 11:58:44,30.48,62.79,1003.00,157.22,1893,11.762,80000,23.0,31.0,34.0,YES,UNKNOWN_ANALYSIS_IAQ157_VOC11.76ppm,597013.9,26,0.3,0.161,400
2026-07-30 11:58:53,30.48,62.79,1003.00,157.22,1893,11.762,80000,23.0,31.0,33.0,YES,UNKNOWN_ANALYSIS_IAQ157_VOC11.76ppm,597023.3,26,0.3,0.161,400
2026-07-30 11:59:04,30.48,62.79,1003.00,157.22,1893,11.762,80000,21.0,28.0,29.0,YES,UNKNOWN_ANALYSIS_IAQ157_VOC11.76ppm,597033.8,26,0.3,0.161,400
2026-07-30 11:59:14,30.48,62.79,1003.00,157.22,1893,11.762,80000,21.0,28.0,30.0,YES,UNKNOWN_ANALYSIS_IAQ157_VOC11.76ppm,597044.2,26,0.3,0.161,400
2026-07-30 11:59:24,30.50,62.77,1003.00,161.62,1945,13.236,79200,22.0,29.0,32.0,YES,UNKNOWN_ANALYSIS_IAQ162_VOC13.24ppm,597053.7,26,0.3,0.161,400
2026-07-30 11:59:34,30.50,62.77,1003.00,161.62,1945,13.236,79200,23.0,30.0,33.0,YES,UNKNOWN_ANALYSIS_IAQ162_VOC13.24ppm,597064.1,26,0.3,0.161,400
2026-07-30 11:59:43,30.50,62.77,1003.00,161.62,1945,13.236,79200,21.0,28.0,31.0,YES,UNKNOWN_ANALYSIS_IAQ162_VOC13.24ppm,597073.5,26,0.3,0.161,400
💾 Saved baseline: IAQ=0.5 VOC=0.161 CO2=400 Gas=222217
📊 Z-scores: IAQ=108.79 VOC=431336736.00 CO2=0.00 GasDrop=1142.21
2026-07-30 11:59:54,30.50,62.77,1003.00,161.62,1945,13.236,79200,21.0,29.0,32.0,YES,UNKNOWN_ANALYSIS_IAQ162_VOC13.24ppm,597084.0,26,0.3,0.161,400
2026-07-30 12:00:03,30.50,62.77,1003.00,161.62,1945,13.236,79200,21.0,29.0,31.0,YES,UNKNOWN_ANALYSIS_IAQ162_VOC13.24ppm,597093.4,26,0.3,0.161,400
2026-07-30 12:00:14,30.50,62.77,1003.00,161.62,1945,13.236,79200,23.0,30.0,33.0,YES,UNKNOWN_ANALYSIS_IAQ162_VOC13.24ppm,597103.8,26,0.3,0.161,400
2026-07-30 12:00:24,30.50,62.77,1003.00,161.62,1945,13.236,79200,22.0,29.0,33.0,YES,UNKNOWN_ANALYSIS_IAQ162_VOC13.24ppm,597114.3,26,0.3,0.161,400
2026-07-30 12:00:34,30.50,62.77,1003.00,161.62,1945,13.236,79200,23.0,30.0,31.0,YES,UNKNOWN_ANALYSIS_IAQ162_VOC13.24ppm,597123.7,26,0.3,0.161,400
2026-07-30 12:00:44,30.50,62.77,1003.00,161.62,1945,13.236,79200,23.0,30.0,31.0,YES,UNKNOWN_ANALYSIS_IAQ162_VOC13.24ppm,597134.2,26,0.3,0.161,400
2026-07-30 12:00:54,30.50,62.77,1003.00,161.62,1945,13.236,79200,21.0,29.0,31.0,YES,UNKNOWN_ANALYSIS_IAQ162_VOC13.24ppm,597143.6,26,0.3,0.161,400
📊 Z-scores: IAQ=108.79 VOC=431336736.00 CO2=0.00 GasDrop=1142.21
2026-07-30 12:01:04,30.50,62.77,1003.00,161.62,1945,13.236,79200,22.0,30.0,32.0,YES,UNKNOWN_ANALYSIS_IAQ162_VOC13.24ppm,597154.0,26,0.3,0.161,400
2026-07-30 12:01:13,30.50,62.77,1003.00,161.62,1945,13.236,79200,21.0,29.0,31.0,YES,UNKNOWN_ANALYSIS_IAQ162_VOC13.24ppm,597163.4,26,0.3,0.161,400
2026-07-30 12:01:24,30.50,62.77,1003.00,161.62,1945,13.236,79200,22.0,30.0,32.0,YES,UNKNOWN_ANALYSIS_IAQ162_VOC13.24ppm,597173.9,26,0.3,0.161,400
2026-07-30 12:01:34,30.50,62.77,1003.00,161.62,1945,13.236,79200,21.0,29.0,32.0,YES,UNKNOWN_ANALYSIS_IAQ162_VOC13.24ppm,597184.3,26,0.3,0.161,400
2026-07-30 12:01:44,30.50,62.77,1003.00,161.62,1945,13.236,79200,22.0,30.0,32.0,YES,UNKNOWN_ANALYSIS_IAQ162_VOC13.24ppm,597193.7,26,0.3,0.161,400
2026-07-30 12:01:54,30.50,62.77,1003.00,161.62,1945,13.236,79200,22.0,30.0,32.0,YES,UNKNOWN_ANALYSIS_IAQ162_VOC13.24ppm,597204.2,26,0.3,0.161,400
2026-07-30 12:02:04,30.50,62.77,1003.00,161.62,1945,13.236,79200,22.0,31.0,36.0,YES,UNKNOWN_ANALYSIS_IAQ162_VOC13.24ppm,597213.6,26,0.3,0.161,400
📊 Z-scores: IAQ=108.79 VOC=431336736.00 CO2=0.00 GasDrop=1142.21
2026-07-30 12:02:14,30.50,62.77,1003.00,161.62,1945,13.236,79200,22.0,30.0,35.0,YES,UNKNOWN_ANALYSIS_IAQ162_VOC13.24ppm,597224.1,26,0.3,0.161,400
PMS7003: Unknown error
2026-07-30 12:02:24,30.50,62.77,1003.00,161.62,1945,13.236,79200,22.0,30.0,35.0,YES,UNKNOWN_ANALYSIS_IAQ162_VOC13.24ppm,597234.5,26,0.3,0.161,400
2026-07-30 12:02:34,30.50,62.77,1003.00,161.62,1945,13.236,79200,23.0,30.0,34.0,YES,UNKNOWN_ANALYSIS_IAQ162_VOC13.24ppm,597243.9,26,0.3,0.161,400
2026-07-30 12:02:44,30.50,62.77,1003.00,161.62,1945,13.236,79200,22.0,30.0,32.0,YES,UNKNOWN_ANALYSIS_IAQ162_VOC13.24ppm,597254.4,26,0.3,0.161,400
2026-07-30 12:02:54,30.50,62.77,1003.00,161.62,1945,13.236,79200,22.0,30.0,32.0,YES,UNKNOWN_ANALYSIS_IAQ162_VOC13.24ppm,597263.8,26,0.3,0.161,400
2026-07-30 12:03:04,30.50,62.77,1003.00,161.62,1945,13.236,79200,23.0,31.0,34.0,YES,UNKNOWN_ANALYSIS_IAQ162_VOC13.24ppm,597274.2,26,0.3,0.161,400
2026-07-30 12:03:14,30.50,62.77,1003.00,161.62,1945,13.236,79200,23.0,31.0,34.0,YES,UNKNOWN_ANALYSIS_IAQ162_VOC13.24ppm,597283.6,26,0.3,0.161,400
📊 Z-scores: IAQ=108.79 VOC=431336736.00 CO2=0.00 GasDrop=1142.21
2026-07-30 12:03:24,30.50,62.77,1003.00,161.62,1945,13.236,79200,22.0,30.0,32.0,YES,UNKNOWN_ANALYSIS_IAQ162_VOC13.24ppm,597294.1,26,0.3,0.161,400
2026-07-30 12:03:35,30.50,62.77,1003.00,161.62,1945,13.236,79200,21.0,28.0,30.0,YES,UNKNOWN_ANALYSIS_IAQ162_VOC13.24ppm,597304.5,26,0.3,0.161,400
2026-07-30 12:03:44,30.50,62.77,1003.00,161.62,1945,13.236,79200,21.0,29.0,31.0,YES,UNKNOWN_ANALYSIS_IAQ162_VOC13.24ppm,597314.0,26,0.3,0.161,400
2026-07-30 12:03:54,30.50,62.77,1003.00,161.62,1945,13.236,79200,21.0,29.0,30.0,YES,UNKNOWN_ANALYSIS_IAQ162_VOC13.24ppm,597324.4,26,0.3,0.161,400
2026-07-30 12:04:04,30.50,62.77,1003.00,161.62,1945,13.236,79200,22.0,30.0,31.0,YES,UNKNOWN_ANALYSIS_IAQ162_VOC13.24ppm,597333.8,26,0.3,0.161,400
2026-07-30 12:04:14,30.50,62.77,1003.00,161.62,1945,13.236,79200,22.0,30.0,33.0,YES,UNKNOWN_ANALYSIS_IAQ162_VOC13.24ppm,597344.3,26,0.3,0.161,400
📊 Z-scores: IAQ=110.53 VOC=460228224.00 CO2=0.00 GasDrop=1146.12
2026-07-30 12:04:25,30.52,62.79,1003.00,164.20,1973,14.111,78700,22.0,30.0,32.0,YES,UNKNOWN_ANALYSIS_IAQ164_VOC14.11ppm,597354.7,26,0.3,0.161,400
2026-07-30 12:04:34,30.52,62.79,1003.00,164.20,1973,14.111,78700,21.0,30.0,31.0,YES,UNKNOWN_ANALYSIS_IAQ164_VOC14.11ppm,597364.1,26,0.3,0.161,400
2026-07-30 12:04:45,30.52,62.79,1003.00,164.20,1973,14.111,78700,22.0,30.0,32.0,YES,UNKNOWN_ANALYSIS_IAQ164_VOC14.11ppm,597374.6,26,0.3,0.161,400
2026-07-30 12:04:54,30.52,62.79,1003.00,164.20,1973,14.111,78700,22.0,29.0,31.0,YES,UNKNOWN_ANALYSIS_IAQ164_VOC14.11ppm,597384.0,26,0.3,0.161,400
2026-07-30 12:05:04,30.52,62.79,1003.00,164.20,1973,14.111,78700,21.0,29.0,31.0,YES,UNKNOWN_ANALYSIS_IAQ164_VOC14.11ppm,597394.5,26,0.3,0.161,400
2026-07-30 12:05:14,30.52,62.79,1003.00,164.20,1973,14.111,78700,22.0,30.0,33.0,YES,UNKNOWN_ANALYSIS_IAQ164_VOC14.11ppm,597403.9,26,0.3,0.161,400
2026-07-30 12:05:24,30.52,62.79,1003.00,164.20,1973,14.111,78700,21.0,29.0,33.0,YES,UNKNOWN_ANALYSIS_IAQ164_VOC14.11ppm,597414.3,26,0.3,0.161,400
📊 Z-scores: IAQ=110.53 VOC=460228224.00 CO2=0.00 GasDrop=1146.12
2026-07-30 12:05:35,30.52,62.79,1003.00,164.20,1973,14.111,78700,22.0,30.0,34.0,YES,UNKNOWN_ANALYSIS_IAQ164_VOC14.11ppm,597424.8,26,0.3,0.161,400
2026-07-30 12:05:44,30.52,62.79,1003.00,164.20,1973,14.111,78700,21.0,30.0,32.0,YES,UNKNOWN_ANALYSIS_IAQ164_VOC14.11ppm,597434.2,26,0.3,0.161,400
2026-07-30 12:05:55,30.52,62.79,1003.00,164.20,1973,14.111,78700,22.0,31.0,33.0,YES,UNKNOWN_ANALYSIS_IAQ164_VOC14.11ppm,597444.6,26,0.3,0.161,400
2026-07-30 12:06:04,30.52,62.79,1003.00,164.20,1973,14.111,78700,22.0,31.0,32.0,YES,UNKNOWN_ANALYSIS_IAQ164_VOC14.11ppm,597454.0,26,0.3,0.161,400
2026-07-30 12:06:14,30.52,62.79,1003.00,164.20,1973,14.111,78700,20.0,29.0,31.0,YES,UNKNOWN_ANALYSIS_IAQ164_VOC14.11ppm,597464.5,26,0.3,0.161,400
2026-07-30 12:06:24,30.52,62.79,1003.00,164.20,1973,14.111,78700,21.0,30.0,32.0,YES,UNKNOWN_ANALYSIS_IAQ164_VOC14.11ppm,597473.9,26,0.3,0.161,400
2026-07-30 12:06:34,30.52,62.79,1003.00,164.20,1973,14.111,78700,22.0,30.0,33.0,YES,UNKNOWN_ANALYSIS_IAQ164_VOC14.11ppm,597484.3,26,0.3,0.161,400
📊 Z-scores: IAQ=110.53 VOC=460228224.00 CO2=0.00 GasDrop=1146.12
2026-07-30 12:06:45,30.52,62.79,1003.00,164.20,1973,14.111,78700,21.0,29.0,29.0,YES,UNKNOWN_ANALYSIS_IAQ164_VOC14.11ppm,597494.8,26,0.3,0.161,400
2026-07-30 12:06:54,30.52,62.79,1003.00,164.20,1973,14.111,78700,22.0,30.0,31.0,YES,UNKNOWN_ANALYSIS_IAQ164_VOC14.11ppm,597504.2,26,0.3,0.161,400
2026-07-30 12:07:05,30.52,62.79,1003.00,164.20,1973,14.111,78700,21.0,29.0,31.0,YES,UNKNOWN_ANALYSIS_IAQ164_VOC14.11ppm,597514.7,26,0.3,0.161,400
2026-07-30 12:07:14,30.52,62.79,1003.00,164.20,1973,14.111,78700,22.0,30.0,32.0,YES,UNKNOWN_ANALYSIS_IAQ164_VOC14.11ppm,597524.1,26,0.3,0.161,400
2026-07-30 12:07:24,30.52,62.79,1003.00,164.20,1973,14.111,78700,22.0,31.0,32.0,YES,UNKNOWN_ANALYSIS_IAQ164_VOC14.11ppm,597534.5,26,0.3,0.161,400
2026-07-30 12:07:34,30.52,62.79,1003.00,164.20,1973,14.111,78700,21.0,30.0,31.0,YES,UNKNOWN_ANALYSIS_IAQ164_VOC14.11ppm,597543.9,26,0.3,0.161,400
2026-07-30 12:07:44,30.52,62.79,1003.00,164.20,1973,14.111,78700,22.0,32.0,34.0,YES,UNKNOWN_ANALYSIS_IAQ164_VOC14.11ppm,597554.4,26,0.3,0.161,400
📊 Z-scores: IAQ=110.53 VOC=460228224.00 CO2=0.00 GasDrop=1146.12
2026-07-30 12:07:55,30.52,62.79,1003.00,164.20,1973,14.111,78700,21.0,30.0,32.0,YES,UNKNOWN_ANALYSIS_IAQ164_VOC14.11ppm,597564.8,26,0.3,0.161,400
2026-07-30 12:08:04,30.52,62.79,1003.00,164.20,1973,14.111,78700,22.0,30.0,31.0,YES,UNKNOWN_ANALYSIS_IAQ164_VOC14.11ppm,597574.2,26,0.3,0.161,400
2026-07-30 12:08:15,30.52,62.79,1003.00,164.20,1973,14.111,78700,21.0,29.0,30.0,YES,UNKNOWN_ANALYSIS_IAQ164_VOC14.11ppm,597584.7,26,0.3,0.161,400
2026-07-30 12:08:24,30.52,62.79,1003.00,164.20,1973,14.111,78700,21.0,29.0,29.0,YES,UNKNOWN_ANALYSIS_IAQ164_VOC14.11ppm,597594.1,26,0.3,0.161,400
2026-07-30 12:08:35,30.52,62.79,1003.00,164.20,1973,14.111,78700,22.0,30.0,30.0,YES,UNKNOWN_ANALYSIS_IAQ164_VOC14.11ppm,597604.5,26,0.3,0.161,400
2026-07-30 12:08:45,30.52,62.79,1003.00,164.20,1973,14.111,78700,21.0,28.0,30.0,YES,UNKNOWN_ANALYSIS_IAQ164_VOC14.11ppm,597615.0,26,0.3,0.161,400
2026-07-30 12:08:54,30.52,62.79,1003.00,164.20,1973,14.111,78700,22.0,30.0,31.0,YES,UNKNOWN_ANALYSIS_IAQ164_VOC14.11ppm,597624.4,26,0.3,0.161,400
📊 Z-scores: IAQ=110.53 VOC=460228224.00 CO2=0.00 GasDrop=1146.12
2026-07-30 12:09:05,30.52,62.79,1003.00,164.20,1973,14.111,78700,21.0,29.0,30.0,YES,UNKNOWN_ANALYSIS_IAQ164_VOC14.11ppm,597634.9,26,0.3,0.161,400
2026-07-30 12:09:14,30.52,62.79,1003.00,164.20,1973,14.111,78700,21.0,29.0,32.0,YES,UNKNOWN_ANALYSIS_IAQ164_VOC14.11ppm,597644.3,26,0.3,0.161,400
2026-07-30 12:09:25,30.51,62.78,1003.00,162.62,1948,13.322,79000,21.0,30.0,32.0,YES,UNKNOWN_ANALYSIS_IAQ163_VOC13.32ppm,597654.7,26,0.3,0.161,400
2026-07-30 12:09:34,30.51,62.78,1003.00,162.62,1948,13.322,79000,22.0,30.0,34.0,YES,UNKNOWN_ANALYSIS_IAQ163_VOC13.32ppm,597664.1,26,0.3,0.161,400
2026-07-30 12:09:45,30.51,62.78,1003.00,162.62,1948,13.322,79000,22.0,30.0,32.0,YES,UNKNOWN_ANALYSIS_IAQ163_VOC13.32ppm,597674.6,26,0.3,0.161,400
2026-07-30 12:09:55,30.51,62.78,1003.00,162.62,1948,13.322,79000,22.0,31.0,33.0,YES,UNKNOWN_ANALYSIS_IAQ163_VOC13.32ppm,597685.0,26,0.3,0.161,400
2026-07-30 12:10:04,30.51,62.78,1003.00,162.62,1948,13.322,79000,22.0,32.0,33.0,YES,UNKNOWN_ANALYSIS_IAQ163_VOC13.32ppm,597694.4,26,0.3,0.161,400
📊 Z-scores: IAQ=109.47 VOC=434193408.00 CO2=0.00 GasDrop=1143.78
2026-07-30 12:10:15,30.51,62.78,1003.00,162.62,1948,13.322,79000,21.0,31.0,32.0,YES,UNKNOWN_ANALYSIS_IAQ163_VOC13.32ppm,597704.9,26,0.3,0.161,400
2026-07-30 12:10:24,30.51,62.78,1003.00,162.62,1948,13.322,79000,22.0,31.0,32.0,YES,UNKNOWN_ANALYSIS_IAQ163_VOC13.32ppm,597714.3,26,0.3,0.161,400
2026-07-30 12:10:35,30.51,62.78,1003.00,162.62,1948,13.322,79000,22.0,31.0,33.0,YES,UNKNOWN_ANALYSIS_IAQ163_VOC13.32ppm,597724.7,26,0.3,0.161,400
PMS7003: Timeout error
2026-07-30 12:10:45,30.51,62.78,1003.00,162.62,1948,13.322,79000,22.0,31.0,33.0,YES,UNKNOWN_ANALYSIS_IAQ163_VOC13.32ppm,597735.2,26,0.3,0.161,400
2026-07-30 12:10:55,30.51,62.78,1003.00,162.62,1948,13.322,79000,22.0,32.0,34.0,YES,UNKNOWN_ANALYSIS_IAQ163_VOC13.32ppm,597744.6,26,0.3,0.161,400
2026-07-30 12:11:05,30.51,62.78,1003.00,162.62,1948,13.322,79000,23.0,32.0,34.0,YES,UNKNOWN_ANALYSIS_IAQ163_VOC13.32ppm,597755.0,26,0.3,0.161,400
2026-07-30 12:11:14,30.51,62.78,1003.00,162.62,1948,13.322,79000,23.0,32.0,34.0,YES,UNKNOWN_ANALYSIS_IAQ163_VOC13.32ppm,597764.5,26,0.3,0.161,400
📊 Z-scores: IAQ=109.47 VOC=434193408.00 CO2=0.00 GasDrop=1143.78
2026-07-30 12:11:25,30.51,62.78,1003.00,162.62,1948,13.322,79000,22.0,30.0,32.0,YES,UNKNOWN_ANALYSIS_IAQ163_VOC13.32ppm,597774.9,26,0.3,0.161,400
2026-07-30 12:11:34,30.51,62.78,1003.00,162.62,1948,13.322,79000,22.0,30.0,32.0,YES,UNKNOWN_ANALYSIS_IAQ163_VOC13.32ppm,597784.3,26,0.3,0.161,400
2026-07-30 12:11:45,30.51,62.78,1003.00,162.62,1948,13.322,79000,22.0,31.0,34.0,YES,UNKNOWN_ANALYSIS_IAQ163_VOC13.32ppm,597794.8,26,0.3,0.161,400
2026-07-30 12:11:55,30.51,62.78,1003.00,162.62,1948,13.322,79000,23.0,31.0,33.0,YES,UNKNOWN_ANALYSIS_IAQ163_VOC13.32ppm,597805.2,26,0.3,0.161,400
2026-07-30 12:12:05,30.51,62.78,1003.00,162.62,1948,13.322,79000,22.0,30.0,31.0,YES,UNKNOWN_ANALYSIS_IAQ163_VOC13.32ppm,597814.6,26,0.3,0.161,400
2026-07-30 12:12:15,30.51,62.78,1003.00,162.62,1948,13.322,79000,22.0,30.0,31.0,YES,UNKNOWN_ANALYSIS_IAQ163_VOC13.32ppm,597825.1,26,0.3,0.161,400
2026-07-30 12:12:24,30.51,62.78,1003.00,162.62,1948,13.322,79000,22.0,30.0,32.0,YES,UNKNOWN_ANALYSIS_IAQ163_VOC13.32ppm,597834.5,26,0.3,0.161,400
📊 Z-scores: IAQ=109.47 VOC=434193408.00 CO2=0.00 GasDrop=1143.78
2026-07-30 12:12:35,30.51,62.78,1003.00,162.62,1948,13.322,79000,23.0,31.0,36.0,YES,UNKNOWN_ANALYSIS_IAQ163_VOC13.32ppm,597844.9,26,0.3,0.161,400
2026-07-30 12:12:44,30.51,62.78,1003.00,162.62,1948,13.322,79000,23.0,30.0,37.0,YES,UNKNOWN_ANALYSIS_IAQ163_VOC13.32ppm,597854.3,26,0.3,0.161,400
2026-07-30 12:12:55,30.51,62.78,1003.00,162.62,1948,13.322,79000,22.0,29.0,36.0,YES,UNKNOWN_ANALYSIS_IAQ163_VOC13.32ppm,597864.8,26,0.3,0.161,400
2026-07-30 12:13:05,30.51,62.78,1003.00,162.62,1948,13.322,79000,22.0,31.0,37.0,YES,UNKNOWN_ANALYSIS_IAQ163_VOC13.32ppm,597875.2,26,0.3,0.161,400
2026-07-30 12:13:15,30.51,62.78,1003.00,162.62,1948,13.322,79000,21.0,31.0,35.0,YES,UNKNOWN_ANALYSIS_IAQ163_VOC13.32ppm,597884.7,26,0.3,0.161,400
2026-07-30 12:13:25,30.51,62.78,1003.00,162.62,1948,13.322,79000,22.0,31.0,34.0,YES,UNKNOWN_ANALYSIS_IAQ163_VOC13.32ppm,597895.1,26,0.3,0.161,400
2026-07-30 12:13:34,30.51,62.78,1003.00,162.62,1948,13.322,79000,22.0,30.0,33.0,YES,UNKNOWN_ANALYSIS_IAQ163_VOC13.32ppm,597904.5,26,0.3,0.161,400
📊 Z-scores: IAQ=109.47 VOC=434193408.00 CO2=0.00 GasDrop=1143.78
2026-07-30 12:13:45,30.51,62.78,1003.00,162.62,1948,13.322,79000,22.0,31.0,32.0,YES,UNKNOWN_ANALYSIS_IAQ163_VOC13.32ppm,597915.0,26,0.3,0.161,400
2026-07-30 12:13:55,30.51,62.78,1003.00,162.62,1948,13.322,79000,21.0,30.0,31.0,YES,UNKNOWN_ANALYSIS_IAQ163_VOC13.32ppm,597925.4,26,0.3,0.161,400
2026-07-30 12:14:05,30.51,62.78,1003.00,162.62,1948,13.322,79000,23.0,31.0,32.0,YES,UNKNOWN_ANALYSIS_IAQ163_VOC13.32ppm,597934.8,26,0.3,0.161,400
2026-07-30 12:14:15,30.51,62.78,1003.00,162.62,1948,13.322,79000,22.0,31.0,32.0,YES,UNKNOWN_ANALYSIS_IAQ163_VOC13.32ppm,597945.3,26,0.3,0.161,400
2026-07-30 12:14:25,30.52,62.81,1003.00,169.98,2037,16.309,77700,22.0,31.0,33.0,YES,UNKNOWN_ANALYSIS_IAQ170_VOC16.31ppm,597954.7,26,0.3,0.161,400
2026-07-30 12:14:35,30.52,62.81,1003.00,169.98,2037,16.309,77700,23.0,32.0,34.0,YES,UNKNOWN_ANALYSIS_IAQ170_VOC16.31ppm,597965.1,26,0.3,0.161,400
2026-07-30 12:14:44,30.52,62.81,1003.00,169.98,2037,16.309,77700,23.0,30.0,35.0,YES,UNKNOWN_ANALYSIS_IAQ170_VOC16.31ppm,597974.5,26,0.3,0.161,400
📊 Z-scores: IAQ=114.43 VOC=532727968.00 CO2=0.00 GasDrop=1153.95
2026-07-30 12:14:55,30.52,62.81,1003.00,169.98,2037,16.309,77700,23.0,31.0,36.0,YES,UNKNOWN_ANALYSIS_IAQ170_VOC16.31ppm,597985.0,26,0.3,0.161,400
2026-07-30 12:15:05,30.52,62.81,1003.00,169.98,2037,16.309,77700,24.0,32.0,37.0,YES,UNKNOWN_ANALYSIS_IAQ170_VOC16.31ppm,597995.4,26,0.3,0.161,400
2026-07-30 12:15:15,30.52,62.81,1003.00,169.98,2037,16.309,77700,23.0,31.0,36.0,YES,UNKNOWN_ANALYSIS_IAQ170_VOC16.31ppm,598004.8,26,0.3,0.161,400
2026-07-30 12:15:25,30.52,62.81,1003.00,169.98,2037,16.309,77700,22.0,29.0,34.0,YES,UNKNOWN_ANALYSIS_IAQ170_VOC16.31ppm,598015.3,26,0.3,0.161,400
2026-07-30 12:15:35,30.52,62.81,1003.00,169.98,2037,16.309,77700,22.0,29.0,32.0,YES,UNKNOWN_ANALYSIS_IAQ170_VOC16.31ppm,598024.7,26,0.3,0.161,400
2026-07-30 12:15:45,30.52,62.81,1003.00,169.98,2037,16.309,77700,22.0,30.0,32.0,YES,UNKNOWN_ANALYSIS_IAQ170_VOC16.31ppm,598035.1,26,0.3,0.161,400
PMS7003: Timeout error
📊 Z-scores: IAQ=114.43 VOC=532727968.00 CO2=0.00 GasDrop=1153.95
2026-07-30 12:15:56,30.52,62.81,1003.00,169.98,2037,16.309,77700,22.0,30.0,32.0,YES,UNKNOWN_ANALYSIS_IAQ170_VOC16.31ppm,598045.5,26,0.3,0.161,400
2026-07-30 12:16:05,30.52,62.81,1003.00,169.98,2037,16.309,77700,23.0,30.0,33.0,YES,UNKNOWN_ANALYSIS_IAQ170_VOC16.31ppm,598055.0,26,0.3,0.161,400
2026-07-30 12:16:15,30.52,62.81,1003.00,169.98,2037,16.309,77700,22.0,29.0,32.0,YES,UNKNOWN_ANALYSIS_IAQ170_VOC16.31ppm,598065.4,26,0.3,0.161,400
2026-07-30 12:16:25,30.52,62.81,1003.00,169.98,2037,16.309,77700,23.0,30.0,35.0,YES,UNKNOWN_ANALYSIS_IAQ170_VOC16.31ppm,598074.8,26,0.3,0.161,400
2026-07-30 12:16:35,30.52,62.81,1003.00,169.98,2037,16.309,77700,23.0,30.0,35.0,YES,UNKNOWN_ANALYSIS_IAQ170_VOC16.31ppm,598085.3,26,0.3,0.161,400
2026-07-30 12:16:45,30.52,62.81,1003.00,169.98,2037,16.309,77700,22.0,30.0,33.0,YES,UNKNOWN_ANALYSIS_IAQ170_VOC16.31ppm,598094.7,26,0.3,0.161,400
2026-07-30 12:16:55,30.52,62.81,1003.00,169.98,2037,16.309,77700,22.0,31.0,34.0,YES,UNKNOWN_ANALYSIS_IAQ170_VOC16.31ppm,598105.2,26,0.3,0.161,400
📊 Z-scores: IAQ=114.43 VOC=532727968.00 CO2=0.00 GasDrop=1153.95
2026-07-30 12:17:06,30.52,62.81,1003.00,169.98,2037,16.309,77700,23.0,30.0,32.0,YES,UNKNOWN_ANALYSIS_IAQ170_VOC16.31ppm,598115.6,26,0.3,0.161,400
2026-07-30 12:17:15,30.52,62.81,1003.00,169.98,2037,16.309,77700,23.0,30.0,32.0,YES,UNKNOWN_ANALYSIS_IAQ170_VOC16.31ppm,598125.0,26,0.3,0.161,400
2026-07-30 12:17:25,30.52,62.81,1003.00,169.98,2037,16.309,77700,23.0,30.0,34.0,YES,UNKNOWN_ANALYSIS_IAQ170_VOC16.31ppm,598135.5,26,0.3,0.161,400
2026-07-30 12:17:35,30.52,62.81,1003.00,169.98,2037,16.309,77700,23.0,32.0,35.0,YES,UNKNOWN_ANALYSIS_IAQ170_VOC16.31ppm,598144.9,26,0.3,0.161,400
2026-07-30 12:17:45,30.52,62.81,1003.00,169.98,2037,16.309,77700,24.0,32.0,36.0,YES,UNKNOWN_ANALYSIS_IAQ170_VOC16.31ppm,598155.3,26,0.3,0.161,400
2026-07-30 12:17:55,30.52,62.81,1003.00,169.98,2037,16.309,77700,24.0,32.0,36.0,YES,UNKNOWN_ANALYSIS_IAQ170_VOC16.31ppm,598164.8,26,0.3,0.161,400
2026-07-30 12:18:05,30.52,62.81,1003.00,169.98,2037,16.309,77700,23.0,31.0,35.0,YES,UNKNOWN_ANALYSIS_IAQ170_VOC16.31ppm,598175.2,26,0.3,0.161,400
📊 Z-scores: IAQ=114.43 VOC=532727968.00 CO2=0.00 GasDrop=1153.95
2026-07-30 12:18:16,30.52,62.81,1003.00,169.98,2037,16.309,77700,22.0,30.0,33.0,YES,UNKNOWN_ANALYSIS_IAQ170_VOC16.31ppm,598185.7,26,0.3,0.161,400
2026-07-30 12:18:25,30.52,62.81,1003.00,169.98,2037,16.309,77700,22.0,30.0,33.0,YES,UNKNOWN_ANALYSIS_IAQ170_VOC16.31ppm,598195.1,26,0.3,0.161,400
2026-07-30 12:18:35,30.52,62.81,1003.00,169.98,2037,16.309,77700,22.0,31.0,33.0,YES,UNKNOWN_ANALYSIS_IAQ170_VOC16.31ppm,598205.5,26,0.3,0.161,400
2026-07-30 12:18:45,30.52,62.81,1003.00,169.98,2037,16.309,77700,23.0,32.0,35.0,YES,UNKNOWN_ANALYSIS_IAQ170_VOC16.31ppm,598214.9,26,0.3,0.161,400
2026-07-30 12:18:55,30.52,62.81,1003.00,169.98,2037,16.309,77700,22.0,31.0,34.0,YES,UNKNOWN_ANALYSIS_IAQ170_VOC16.31ppm,598225.4,26,0.3,0.161,400
2026-07-30 12:19:05,30.52,62.81,1003.00,169.98,2037,16.309,77700,23.0,33.0,36.0,YES,UNKNOWN_ANALYSIS_IAQ170_VOC16.31ppm,598234.8,26,0.3,0.161,400
2026-07-30 12:19:15,30.52,62.81,1003.00,169.98,2037,16.309,77700,23.0,33.0,35.0,YES,UNKNOWN_ANALYSIS_IAQ170_VOC16.31ppm,598245.2,26,0.3,0.161,400
📊 Z-scores: IAQ=120.43 VOC=682304128.00 CO2=0.00 GasDrop=1165.68
2026-07-30 12:19:26,30.52,62.82,1003.00,178.87,2145,20.843,76200,22.0,30.0,33.0,YES,UNKNOWN_ANALYSIS_IAQ179_VOC20.84ppm,598255.7,26,0.3,0.161,400
2026-07-30 12:19:35,30.52,62.82,1003.00,178.87,2145,20.843,76200,22.0,30.0,33.0,YES,UNKNOWN_ANALYSIS_IAQ179_VOC20.84ppm,598265.1,26,0.3,0.161,400
2026-07-30 12:19:45,30.52,62.82,1003.00,178.87,2145,20.843,76200,23.0,31.0,34.0,YES,UNKNOWN_ANALYSIS_IAQ179_VOC20.84ppm,598275.5,26,0.3,0.161,400
2026-07-30 12:19:55,30.52,62.82,1003.00,178.87,2145,20.843,76200,22.0,30.0,33.0,YES,UNKNOWN_ANALYSIS_IAQ179_VOC20.84ppm,598284.9,26,0.3,0.161,400
2026-07-30 12:20:05,30.52,62.82,1003.00,178.87,2145,20.843,76200,22.0,31.0,36.0,YES,UNKNOWN_ANALYSIS_IAQ179_VOC20.84ppm,598295.4,26,0.3,0.161,400
2026-07-30 12:20:16,30.52,62.82,1003.00,178.87,2145,20.843,76200,23.0,32.0,36.0,YES,UNKNOWN_ANALYSIS_IAQ179_VOC20.84ppm,598305.8,26,0.3,0.161,400
2026-07-30 12:20:25,30.52,62.82,1003.00,178.87,2145,20.843,76200,22.0,31.0,35.0,YES,UNKNOWN_ANALYSIS_IAQ179_VOC20.84ppm,598315.2,26,0.3,0.161,400
📊 Z-scores: IAQ=120.43 VOC=682304128.00 CO2=0.00 GasDrop=1165.68
2026-07-30 12:20:36,30.52,62.82,1003.00,178.87,2145,20.843,76200,22.0,29.0,35.0,YES,UNKNOWN_ANALYSIS_IAQ179_VOC20.84ppm,598325.7,26,0.3,0.161,400
2026-07-30 12:20:45,30.52,62.82,1003.00,178.87,2145,20.843,76200,23.0,31.0,35.0,YES,UNKNOWN_ANALYSIS_IAQ179_VOC20.84ppm,598335.1,26,0.3,0.161,400
2026-07-30 12:20:56,30.52,62.82,1003.00,178.87,2145,20.843,76200,23.0,30.0,33.0,YES,UNKNOWN_ANALYSIS_IAQ179_VOC20.84ppm,598345.5,26,0.3,0.161,400
PMS7003: Timeout error
2026-07-30 12:21:06,30.52,62.82,1003.00,178.87,2145,20.843,76200,23.0,30.0,33.0,YES,UNKNOWN_ANALYSIS_IAQ179_VOC20.84ppm,598356.0,26,0.3,0.161,400
2026-07-30 12:21:15,30.52,62.82,1003.00,178.87,2145,20.843,76200,21.0,29.0,31.0,YES,UNKNOWN_ANALYSIS_IAQ179_VOC20.84ppm,598365.4,26,0.3,0.161,400
2026-07-30 12:21:26,30.52,62.82,1003.00,178.87,2145,20.843,76200,21.0,29.0,30.0,YES,UNKNOWN_ANALYSIS_IAQ179_VOC20.84ppm,598375.8,26,0.3,0.161,400
2026-07-30 12:21:35,30.52,62.82,1003.00,178.87,2145,20.843,76200,21.0,29.0,29.0,YES,UNKNOWN_ANALYSIS_IAQ179_VOC20.84ppm,598385.3,26,0.3,0.161,400
📊 Z-scores: IAQ=120.43 VOC=682304128.00 CO2=0.00 GasDrop=1165.68
2026-07-30 12:21:46,30.52,62.82,1003.00,178.87,2145,20.843,76200,21.0,29.0,30.0,YES,UNKNOWN_ANALYSIS_IAQ179_VOC20.84ppm,598395.7,26,0.3,0.161,400
2026-07-30 12:21:55,30.52,62.82,1003.00,178.87,2145,20.843,76200,22.0,30.0,32.0,YES,UNKNOWN_ANALYSIS_IAQ179_VOC20.84ppm,598405.1,26,0.3,0.161,400
2026-07-30 12:22:06,30.52,62.82,1003.00,178.87,2145,20.843,76200,22.0,29.0,31.0,YES,UNKNOWN_ANALYSIS_IAQ179_VOC20.84ppm,598415.6,26,0.3,0.161,400
2026-07-30 12:22:16,30.52,62.82,1003.00,178.87,2145,20.843,76200,21.0,29.0,29.0,YES,UNKNOWN_ANALYSIS_IAQ179_VOC20.84ppm,598426.0,26,0.3,0.161,400
2026-07-30 12:22:25,30.52,62.82,1003.00,178.87,2145,20.843,76200,22.0,30.0,31.0,YES,UNKNOWN_ANALYSIS_IAQ179_VOC20.84ppm,598435.4,26,0.3,0.161,400
2026-07-30 12:22:36,30.52,62.82,1003.00,178.87,2145,20.843,76200,23.0,30.0,32.0,YES,UNKNOWN_ANALYSIS_IAQ179_VOC20.84ppm,598445.9,26,0.3,0.161,400
2026-07-30 12:22:45,30.52,62.82,1003.00,178.87,2145,20.843,76200,23.0,30.0,33.0,YES,UNKNOWN_ANALYSIS_IAQ179_VOC20.84ppm,598455.3,26,0.3,0.161,400
📊 Z-scores: IAQ=120.43 VOC=682304128.00 CO2=0.00 GasDrop=1165.68
2026-07-30 12:22:56,30.52,62.82,1003.00,178.87,2145,20.843,76200,22.0,30.0,34.0,YES,UNKNOWN_ANALYSIS_IAQ179_VOC20.84ppm,598465.7,26,0.3,0.161,400
2026-07-30 12:23:06,30.52,62.82,1003.00,178.87,2145,20.843,76200,22.0,29.0,32.0,YES,UNKNOWN_ANALYSIS_IAQ179_VOC20.84ppm,598476.2,26,0.3,0.161,400
2026-07-30 12:23:16,30.52,62.82,1003.00,178.87,2145,20.843,76200,21.0,28.0,31.0,YES,UNKNOWN_ANALYSIS_IAQ179_VOC20.84ppm,598485.6,26,0.3,0.161,400
2026-07-30 12:23:26,30.52,62.82,1003.00,178.87,2145,20.843,76200,22.0,29.0,32.0,YES,UNKNOWN_ANALYSIS_IAQ179_VOC20.84ppm,598496.0,26,0.3,0.161,400
2026-07-30 12:23:35,30.52,62.82,1003.00,178.87,2145,20.843,76200,21.0,29.0,31.0,YES,UNKNOWN_ANALYSIS_IAQ179_VOC20.84ppm,598505.4,26,0.3,0.161,400
2026-07-30 12:23:46,30.52,62.82,1003.00,178.87,2145,20.843,76200,21.0,29.0,31.0,YES,UNKNOWN_ANALYSIS_IAQ179_VOC20.84ppm,598515.9,26,0.3,0.161,400
2026-07-30 12:23:55,30.52,62.82,1003.00,178.87,2145,20.843,76200,21.0,29.0,30.0,YES,UNKNOWN_ANALYSIS_IAQ179_VOC20.84ppm,598525.3,26,0.3,0.161,400
📊 Z-scores: IAQ=120.43 VOC=682304128.00 CO2=0.00 GasDrop=1165.68
2026-07-30 12:24:06,30.52,62.82,1003.00,178.87,2145,20.843,76200,22.0,29.0,30.0,YES,UNKNOWN_ANALYSIS_IAQ179_VOC20.84ppm,598535.7,26,0.3,0.161,400
2026-07-30 12:24:16,30.52,62.82,1003.00,178.87,2145,20.843,76200,21.0,28.0,31.0,YES,UNKNOWN_ANALYSIS_IAQ179_VOC20.84ppm,598546.2,26,0.3,0.161,400
2026-07-30 12:24:26,30.54,62.83,1003.00,180.39,2159,21.499,75900,22.0,29.0,31.0,YES,UNKNOWN_ANALYSIS_IAQ180_VOC21.50ppm,598555.6,26,0.3,0.161,400
2026-07-30 12:24:36,30.54,62.83,1003.00,180.39,2159,21.499,75900,22.0,31.0,34.0,YES,UNKNOWN_ANALYSIS_IAQ180_VOC21.50ppm,598566.0,26,0.3,0.161,400
2026-07-30 12:24:45,30.54,62.83,1003.00,180.39,2159,21.499,75900,22.0,31.0,34.0,YES,UNKNOWN_ANALYSIS_IAQ180_VOC21.50ppm,598575.4,26,0.3,0.161,400
2026-07-30 12:24:56,30.54,62.83,1003.00,180.39,2159,21.499,75900,21.0,29.0,32.0,YES,UNKNOWN_ANALYSIS_IAQ180_VOC21.50ppm,598585.9,26,0.3,0.161,400
2026-07-30 12:25:05,30.54,62.83,1003.00,180.39,2159,21.499,75900,21.0,29.0,31.0,YES,UNKNOWN_ANALYSIS_IAQ180_VOC21.50ppm,598595.3,26,0.3,0.161,400
📊 Z-scores: IAQ=121.45 VOC=703961920.00 CO2=0.00 GasDrop=1168.03
2026-07-30 12:25:16,30.54,62.83,1003.00,180.39,2159,21.499,75900,22.0,30.0,31.0,YES,UNKNOWN_ANALYSIS_IAQ180_VOC21.50ppm,598605.8,26,0.3,0.161,400
2026-07-30 12:25:26,30.54,62.83,1003.00,180.39,2159,21.499,75900,21.0,29.0,29.0,YES,UNKNOWN_ANALYSIS_IAQ180_VOC21.50ppm,598616.2,26,0.3,0.161,400
2026-07-30 12:25:36,30.54,62.83,1003.00,180.39,2159,21.499,75900,21.0,29.0,30.0,YES,UNKNOWN_ANALYSIS_IAQ180_VOC21.50ppm,598625.6,26,0.3,0.161,400
2026-07-30 12:25:46,30.54,62.83,1003.00,180.39,2159,21.499,75900,21.0,29.0,31.0,YES,UNKNOWN_ANALYSIS_IAQ180_VOC21.50ppm,598636.1,26,0.3,0.161,400
2026-07-30 12:25:55,30.54,62.83,1003.00,180.39,2159,21.499,75900,21.0,29.0,30.0,YES,UNKNOWN_ANALYSIS_IAQ180_VOC21.50ppm,598645.5,26,0.3,0.161,400
2026-07-30 12:26:06,30.54,62.83,1003.00,180.39,2159,21.499,75900,22.0,30.0,32.0,YES,UNKNOWN_ANALYSIS_IAQ180_VOC21.50ppm,598655.9,26,0.3,0.161,400
PMS7003: Timeout error
📊 Z-scores: IAQ=121.45 VOC=703961920.00 CO2=0.00 GasDrop=1168.03
2026-07-30 12:26:16,30.54,62.83,1003.00,180.39,2159,21.499,75900,22.0,30.0,32.0,YES,UNKNOWN_ANALYSIS_IAQ180_VOC21.50ppm,598666.3,26,0.3,0.161,400
2026-07-30 12:26:26,30.54,62.83,1003.00,180.39,2159,21.499,75900,21.0,28.0,30.0,YES,UNKNOWN_ANALYSIS_IAQ180_VOC21.50ppm,598675.8,26,0.3,0.161,400
2026-07-30 12:26:36,30.54,62.83,1003.00,180.39,2159,21.499,75900,20.0,27.0,30.0,YES,UNKNOWN_ANALYSIS_IAQ180_VOC21.50ppm,598686.2,26,0.3,0.161,400
2026-07-30 12:26:46,30.54,62.83,1003.00,180.39,2159,21.499,75900,19.0,27.0,31.0,YES,UNKNOWN_ANALYSIS_IAQ180_VOC21.50ppm,598695.6,26,0.3,0.161,400
2026-07-30 12:26:56,30.54,62.83,1003.00,180.39,2159,21.499,75900,20.0,26.0,30.0,YES,UNKNOWN_ANALYSIS_IAQ180_VOC21.50ppm,598706.1,26,0.3,0.161,400
2026-07-30 12:27:05,30.54,62.83,1003.00,180.39,2159,21.499,75900,20.0,26.0,30.0,YES,UNKNOWN_ANALYSIS_IAQ180_VOC21.50ppm,598715.5,26,0.3,0.161,400
2026-07-30 12:27:16,30.54,62.83,1003.00,180.39,2159,21.499,75900,19.0,26.0,31.0,YES,UNKNOWN_ANALYSIS_IAQ180_VOC21.50ppm,598726.0,26,0.3,0.161,400
📊 Z-scores: IAQ=121.45 VOC=703961920.00 CO2=0.00 GasDrop=1168.03
2026-07-30 12:27:26,30.54,62.83,1003.00,180.39,2159,21.499,75900,19.0,27.0,32.0,YES,UNKNOWN_ANALYSIS_IAQ180_VOC21.50ppm,598736.4,26,0.3,0.161,400
2026-07-30 12:27:36,30.54,62.83,1003.00,180.39,2159,21.499,75900,19.0,28.0,30.0,YES,UNKNOWN_ANALYSIS_IAQ180_VOC21.50ppm,598745.8,26,0.3,0.161,400
2026-07-30 12:27:46,30.54,62.83,1003.00,180.39,2159,21.499,75900,21.0,30.0,31.0,YES,UNKNOWN_ANALYSIS_IAQ180_VOC21.50ppm,598756.3,26,0.3,0.161,400
2026-07-30 12:27:56,30.54,62.83,1003.00,180.39,2159,21.499,75900,21.0,28.0,29.0,YES,UNKNOWN_ANALYSIS_IAQ180_VOC21.50ppm,598765.7,26,0.3,0.161,400
2026-07-30 12:28:06,30.54,62.83,1003.00,180.39,2159,21.499,75900,19.0,28.0,28.0,YES,UNKNOWN_ANALYSIS_IAQ180_VOC21.50ppm,598776.1,26,0.3,0.161,400
2026-07-30 12:28:15,30.54,62.83,1003.00,180.39,2159,21.499,75900,20.0,30.0,32.0,YES,UNKNOWN_ANALYSIS_IAQ180_VOC21.50ppm,598785.5,26,0.3,0.161,400
2026-07-30 12:28:26,30.54,62.83,1003.00,180.39,2159,21.499,75900,20.0,29.0,32.0,YES,UNKNOWN_ANALYSIS_IAQ180_VOC21.50ppm,598796.0,26,0.3,0.161,400
📊 Z-scores: IAQ=121.45 VOC=703961920.00 CO2=0.00 GasDrop=1168.03
2026-07-30 12:28:36,30.54,62.83,1003.00,180.39,2159,21.499,75900,20.0,30.0,32.0,YES,UNKNOWN_ANALYSIS_IAQ180_VOC21.50ppm,598806.4,26,0.3,0.161,400
2026-07-30 12:28:46,30.54,62.83,1003.00,180.39,2159,21.499,75900,20.0,29.0,30.0,YES,UNKNOWN_ANALYSIS_IAQ180_VOC21.50ppm,598815.8,26,0.3,0.161,400
2026-07-30 12:28:56,30.54,62.83,1003.00,180.39,2159,21.499,75900,22.0,29.0,30.0,YES,UNKNOWN_ANALYSIS_IAQ180_VOC21.50ppm,598826.3,26,0.3,0.161,400
2026-07-30 12:29:06,30.54,62.83,1003.00,180.39,2159,21.499,75900,20.0,28.0,29.0,YES,UNKNOWN_ANALYSIS_IAQ180_VOC21.50ppm,598835.7,26,0.3,0.161,400
2022026-07-30 13:08:30,29.82,63.47,1004.00,50.00,500,0.500,57300,192026-07-30 13:12:10,29.82,63.47,1004.00,50.00,500,0.500,57300,182026-07-30 13:13:00,29.83,63.41,1003.00,50.00,500,0.500,56200,172026-07-30 13:16:30,29.83,63.41,1003.00,50.00,500,0.500,56200,152026-07-30 13:17:21,29.83,63.41,1003.00,50.00,500,0.500,56200,162026-07-30 15:54:54,30.49,62.60,1002.00,50.00,500,0.500,76500,8.0,15.0,19.0,YES,UNKNOWN_ANALYSIS_IAQ50_VOC0.50ppm,10043.4,26,2.2,0.172,403
2026-07-30 15:55:04,30.49,62.60,1002.00,50.00,500,0.500,76500,6.0,15.0,19.0,YES,UNKNOWN_ANALYSIS_IAQ50_VOC0.50ppm,10053.8,26,2.2,0.172,403
2026-07-30 15:55:13,30.49,62.60,1002.00,50.00,500,0.500,76500,7.0,15.0,18.0,YES,UNKNOWN_ANALYSIS_IAQ50_VOC0.50ppm,10063.2,26,2.2,0.172,403
📊 Z-scores: IAQ=5.29 VOC=5.29 CO2=5.29 GasDrop=4.66
2026-07-30 15:55:24,30.49,62.60,1002.00,50.00,500,0.500,76500,6.0,14.0,17.0,YES,UNKNOWN_ANALYSIS_IAQ50_VOC0.50ppm,10073.7,26,2.2,0.172,403
2026-07-30 15:55:33,30.49,62.60,1002.00,50.00,500,0.500,76500,8.0,15.0,18.0,YES,UNKNOWN_ANALYSIS_IAQ50_VOC0.50ppm,10083.1,26,2.2,0.172,403
2026-07-30 15:55:44,30.49,62.60,1002.00,50.00,500,0.500,76500,8.0,13.0,16.0,YES,UNKNOWN_ANALYSIS_IAQ50_VOC0.50ppm,10093.5,26,2.2,0.172,403
2026-07-30 15:55:53,30.49,62.60,1002.00,50.00,500,0.500,76500,7.0,14.0,17.0,YES,UNKNOWN_ANALYSIS_IAQ50_VOC0.50ppm,10102.9,26,2.2,0.172,403
2026-07-30 15:56:04,30.49,62.60,1002.00,50.00,500,0.500,76500,7.0,14.0,16.0,YES,UNKNOWN_ANALYSIS_IAQ50_VOC0.50ppm,10113.4,26,2.2,0.172,403
2026-07-30 15:56:14,30.49,62.60,1002.00,50.00,500,0.500,76500,7.0,13.0,14.0,YES,UNKNOWN_ANALYSIS_IAQ50_VOC0.50ppm,10123.8,26,2.2,0.172,403
2026-07-30 15:56:23,30.49,62.60,1002.00,50.00,500,0.500,76500,8.0,14.0,17.0,YES,UNKNOWN_ANALYSIS_IAQ50_VOC0.50ppm,10133.2,26,2.2,0.172,403
📊 Z-scores: IAQ=5.29 VOC=5.29 CO2=5.29 GasDrop=4.66
2026-07-30 15:56:34,30.49,62.60,1002.00,50.00,500,0.500,76500,7.0,13.0,16.0,YES,UNKNOWN_ANALYSIS_IAQ50_VOC0.50ppm,10143.7,26,2.2,0.172,403
2026-07-30 15:56:43,30.49,62.60,1002.00,50.00,500,0.500,76500,6.0,12.0,15.0,YES,UNKNOWN_ANALYSIS_IAQ50_VOC0.50ppm,10153.1,26,2.2,0.172,403
2026-07-30 15:56:54,30.49,62.60,1002.00,50.00,500,0.500,76500,6.0,12.0,17.0,YES,UNKNOWN_ANALYSIS_IAQ50_VOC0.50ppm,10163.5,26,2.2,0.172,403
2026-07-30 15:57:04,30.49,62.60,1002.00,50.00,500,0.500,76500,7.0,15.0,17.0,YES,UNKNOWN_ANALYSIS_IAQ50_VOC0.50ppm,10174.0,26,2.2,0.172,403
2026-07-30 15:57:14,30.49,62.60,1002.00,50.00,500,0.500,76500,8.0,15.0,18.0,YES,UNKNOWN_ANALYSIS_IAQ50_VOC0.50ppm,10183.4,26,2.2,0.172,403
2026-07-30 15:57:24,30.49,62.60,1002.00,50.00,500,0.500,76500,8.0,15.0,18.0,YES,UNKNOWN_ANALYSIS_IAQ50_VOC0.50ppm,10193.8,26,2.2,0.172,403
2026-07-30 15:57:33,30.49,62.60,1002.00,50.00,500,0.500,76500,7.0,14.0,18.0,YES,UNKNOWN_ANALYSIS_IAQ50_VOC0.50ppm,10203.2,26,2.2,0.172,403
📊 Z-scores: IAQ=5.29 VOC=5.29 CO2=5.29 GasDrop=4.66
2026-07-30 15:57:44,30.49,62.60,1002.00,50.00,500,0.500,76500,8.0,16.0,20.0,YES,UNKNOWN_ANALYSIS_IAQ50_VOC0.50ppm,10213.7,26,2.2,0.172,403
2026-07-30 15:57:54,30.50,62.61,1002.00,50.00,500,0.500,77100,6.0,14.0,18.0,YES,UNKNOWN_ANALYSIS_IAQ50_VOC0.50ppm,10224.1,26,2.2,0.172,403
2026-07-30 15:58:04,30.50,62.61,1002.00,50.00,500,0.500,77100,6.0,13.0,17.0,YES,UNKNOWN_ANALYSIS_IAQ50_VOC0.50ppm,10233.5,26,2.2,0.172,403
2026-07-30 15:58:14,30.50,62.61,1002.00,50.00,500,0.500,77100,7.0,14.0,17.0,YES,UNKNOWN_ANALYSIS_IAQ50_VOC0.50ppm,10244.0,26,2.2,0.172,403
2026-07-30 15:58:24,30.50,62.61,1002.00,50.00,500,0.500,77100,9.0,16.0,17.0,YES,UNKNOWN_ANALYSIS_IAQ50_VOC0.50ppm,10253.4,26,2.2,0.172,403
2026-07-30 15:58:34,30.50,62.61,1002.00,50.00,500,0.500,77100,7.0,15.0,17.0,YES,UNKNOWN_ANALYSIS_IAQ50_VOC0.50ppm,10263.8,26,2.2,0.172,403
📊 Z-scores: IAQ=5.29 VOC=5.29 CO2=5.29 GasDrop=4.64
2026-07-30 15:58:44,30.50,62.61,1002.00,50.00,500,0.500,77100,7.0,15.0,17.0,YES,UNKNOWN_ANALYSIS_IAQ50_VOC0.50ppm,10274.3,26,2.2,0.172,403
2026-07-30 15:58:54,30.50,62.61,1002.00,50.00,500,0.500,77100,5.0,14.0,16.0,YES,UNKNOWN_ANALYSIS_IAQ50_VOC0.50ppm,10283.7,26,2.2,0.172,403
2026-07-30 15:59:04,30.50,62.61,1002.00,50.00,500,0.500,77100,5.0,14.0,16.0,YES,UNKNOWN_ANALYSIS_IAQ50_VOC0.50ppm,10294.1,26,2.2,0.172,403
2026-07-30 15:59:14,30.50,62.61,1002.00,50.00,500,0.500,77100,5.0,13.0,15.0,YES,UNKNOWN_ANALYSIS_IAQ50_VOC0.50ppm,10303.5,26,2.2,0.172,403
2026-07-30 15:59:24,30.50,62.61,1002.00,50.00,500,0.500,77100,5.0,12.0,15.0,YES,UNKNOWN_ANALYSIS_IAQ50_VOC0.50ppm,10314.0,26,2.2,0.172,403
2026-07-30 15:59:34,30.50,62.61,1002.00,50.00,500,0.500,77100,7.0,14.0,17.0,YES,UNKNOWN_ANALYSIS_IAQ50_VOC0.50ppm,10323.4,26,2.2,0.172,403
2026-07-30 15:59:44,30.50,62.61,1002.00,50.00,500,0.500,77100,7.0,13.0,17.0,YES,UNKNOWN_ANALYSIS_IAQ50_VOC0.50ppm,10333.8,26,2.2,0.172,403
📊 Z-scores: IAQ=5.29 VOC=5.29 CO2=5.29 GasDrop=4.64
2026-07-30 15:59:54,30.50,62.61,1002.00,50.00,500,0.500,77100,7.0,13.0,16.0,YES,UNKNOWN_ANALYSIS_IAQ50_VOC0.50ppm,10344.3,26,2.2,0.172,403
2026-07-30 16:00:04,30.50,62.61,1002.00,50.00,500,0.500,77100,5.0,13.0,16.0,YES,UNKNOWN_ANALYSIS_IAQ50_VOC0.50ppm,10353.7,26,2.2,0.172,403
2026-07-30 16:00:14,30.50,62.61,1002.00,50.00,500,0.500,77100,7.0,13.0,16.0,YES,UNKNOWN_ANALYSIS_IAQ50_VOC0.50ppm,10364.1,26,2.2,0.172,403
2026-07-30 16:00:24,30.50,62.61,1002.00,50.00,500,0.500,77100,7.0,12.0,15.0,YES,UNKNOWN_ANALYSIS_IAQ50_VOC0.50ppm,10373.5,26,2.2,0.172,403
2026-07-30 16:00:34,30.50,62.61,1002.00,50.00,500,0.500,77100,8.0,13.0,15.0,YES,UNKNOWN_ANALYSIS_IAQ50_VOC0.50ppm,10384.0,26,2.2,0.172,403
2026-07-30 16:00:45,30.50,62.61,1002.00,50.00,500,0.500,77100,8.0,13.0,15.0,YES,UNKNOWN_ANALYSIS_IAQ50_VOC0.50ppm,10394.4,26,2.2,0.172,403
2026-07-30 16:00:54,30.50,62.61,1002.00,50.00,500,0.500,77100,7.0,14.0,15.0,YES,UNKNOWN_ANALYSIS_IAQ50_VOC0.50ppm,10403.8,26,2.2,0.172,403
📊 Z-scores: IAQ=5.29 VOC=5.29 CO2=5.29 GasDrop=4.64
2026-07-30 16:01:04,30.50,62.61,1002.00,50.00,500,0.500,77100,7.0,13.0,16.0,YES,UNKNOWN_ANALYSIS_IAQ50_VOC0.50ppm,10414.3,26,2.2,0.172,403
2026-07-30 16:01:14,30.50,62.61,1002.00,50.00,500,0.500,77100,6.0,12.0,15.0,YES,UNKNOWN_ANALYSIS_IAQ50_VOC0.50ppm,10423.7,26,2.2,0.172,403
2026-07-30 16:01:24,30.50,62.61,1002.00,50.00,500,0.500,77100,8.0,13.0,17.0,YES,UNKNOWN_ANALYSIS_IAQ50_VOC0.50ppm,10434.1,26,2.2,0.172,403
2026-07-30 16:01:35,30.50,62.61,1002.00,50.00,500,0.500,77100,6.0,12.0,16.0,YES,UNKNOWN_ANALYSIS_IAQ50_VOC0.50ppm,10444.6,26,2.2,0.172,403
2026-07-30 16:01:44,30.50,62.61,1002.00,50.00,500,0.500,77100,6.0,13.0,16.0,YES,UNKNOWN_ANALYSIS_IAQ50_VOC0.50ppm,10454.0,26,2.2,0.172,403
2026-07-30 16:01:55,30.50,62.61,1002.00,50.00,500,0.500,77100,6.0,12.0,14.0,YES,UNKNOWN_ANALYSIS_IAQ50_VOC0.50ppm,10464.4,26,2.2,0.172,403
2026-07-30 16:02:04,30.50,62.61,1002.00,50.00,500,0.500,77100,6.0,12.0,14.0,YES,UNKNOWN_ANALYSIS_IAQ50_VOC0.50ppm,10473.8,26,2.2,0.172,403
📊 Z-scores: IAQ=5.29 VOC=5.29 CO2=5.29 GasDrop=4.64
2026-07-30 16:02:14,30.50,62.61,1002.00,50.00,500,0.500,77100,6.0,11.0,14.0,YES,UNKNOWN_ANALYSIS_IAQ50_VOC0.50ppm,10484.3,26,2.2,0.172,403
2026-07-30 16:02:25,30.50,62.61,1002.00,50.00,500,0.500,77100,6.0,12.0,16.0,YES,UNKNOWN_ANALYSIS_IAQ50_VOC0.50ppm,10494.7,26,2.2,0.172,403
2026-07-30 16:02:34,30.50,62.61,1002.00,50.00,500,0.500,77100,7.0,14.0,17.0,YES,UNKNOWN_ANALYSIS_IAQ50_VOC0.50ppm,10504.1,26,2.2,0.172,403
2026-07-30 16:02:45,30.50,62.61,1002.00,50.00,500,0.500,77100,6.0,13.0,16.0,YES,UNKNOWN_ANALYSIS_IAQ50_VOC0.50ppm,10514.6,26,2.2,0.172,403
2026-07-30 16:02:54,30.48,62.57,1002.00,50.00,500,0.500,77700,6.0,11.0,14.0,YES,UNKNOWN_ANALYSIS_IAQ50_VOC0.50ppm,10524.0,26,2.2,0.172,403
2026-07-30 16:03:05,30.48,62.57,1002.00,50.00,500,0.500,77700,9.0,12.0,13.0,YES,UNKNOWN_ANALYSIS_IAQ50_VOC0.50ppm,10534.4,26,2.2,0.172,403
2026-07-30 16:03:14,30.48,62.57,1002.00,50.00,500,0.500,77700,7.0,11.0,12.0,YES,UNKNOWN_ANALYSIS_IAQ50_VOC0.50ppm,10543.8,26,2.2,0.172,403
📊 Z-scores: IAQ=5.29 VOC=5.29 CO2=5.29 GasDrop=4.62
2026-07-30 16:03:24,30.48,62.57,1002.00,50.00,500,0.500,77700,9.0,15.0,16.0,YES,UNKNOWN_ANALYSIS_IAQ50_VOC0.50ppm,10554.3,26,2.2,0.172,403
2026-07-30 16:03:35,30.48,62.57,1002.00,50.00,500,0.500,77700,9.0,16.0,18.0,YES,UNKNOWN_ANALYSIS_IAQ50_VOC0.50ppm,10564.7,26,2.2,0.172,403
2026-07-30 16:03:44,30.48,62.57,1002.00,50.00,500,0.500,77700,7.0,15.0,17.0,YES,UNKNOWN_ANALYSIS_IAQ50_VOC0.50ppm,10574.1,26,2.2,0.172,403
2026-07-30 16:03:55,30.48,62.57,1002.00,50.00,500,0.500,77700,8.0,16.0,18.0,YES,UNKNOWN_ANALYSIS_IAQ50_VOC0.50ppm,10584.6,26,2.2,0.172,403
2026-07-30 16:04:04,30.48,62.57,1002.00,50.00,500,0.500,77700,6.0,16.0,17.0,YES,UNKNOWN_ANALYSIS_IAQ50_VOC0.50ppm,10594.0,26,2.2,0.172,403
2026-07-30 16:04:15,30.48,62.57,1002.00,50.00,500,0.500,77700,7.0,15.0,18.0,YES,UNKNOWN_ANALYSIS_IAQ50_VOC0.50ppm,10604.4,26,2.2,0.172,403
📊 Z-scores: IAQ=5.29 VOC=5.29 CO2=5.29 GasDrop=4.62
2026-07-30 16:04:25,30.48,62.57,1002.00,50.00,500,0.500,77700,8.0,14.0,17.0,YES,UNKNOWN_ANALYSIS_IAQ50_VOC0.50ppm,10614.9,26,2.2,0.172,403
2026-07-30 16:04:34,30.48,62.57,1002.00,50.00,500,0.500,77700,8.0,15.0,18.0,YES,UNKNOWN_ANALYSIS_IAQ50_VOC0.50ppm,10624.3,26,2.2,0.172,403
2026-07-30 16:04:45,30.48,62.57,1002.00,50.00,500,0.500,77700,8.0,15.0,18.0,YES,UNKNOWN_ANALYSIS_IAQ50_VOC0.50ppm,10634.7,26,2.2,0.172,403
2026-07-30 16:04:54,30.48,62.57,1002.00,50.00,500,0.500,77700,7.0,13.0,17.0,YES,UNKNOWN_ANALYSIS_IAQ50_VOC0.50ppm,10644.1,26,2.2,0.172,403
2026-07-30 16:05:05,30.48,62.57,1002.00,50.00,500,0.500,77700,8.0,13.0,17.0,YES,UNKNOWN_ANALYSIS_IAQ50_VOC0.50ppm,10654.6,26,2.2,0.172,403
2026-07-30 16:05:15,30.48,62.57,1002.00,50.00,500,0.500,77700,7.0,12.0,18.0,YES,UNKNOWN_ANALYSIS_IAQ50_VOC0.50ppm,10665.0,26,2.2,0.172,403
2026-07-30 16:05:25,30.48,62.57,1002.00,50.00,500,0.500,77700,6.0,12.0,17.0,YES,UNKNOWN_ANALYSIS_IAQ50_VOC0.50ppm,10674.4,26,2.2,0.172,403
📊 Z-scores: IAQ=5.29 VOC=5.29 CO2=5.29 GasDrop=4.62
2026-07-30 16:05:35,30.48,62.57,1002.00,50.00,500,0.500,77700,8.0,13.0,18.0,YES,UNKNOWN_ANALYSIS_IAQ50_VOC0.50ppm,10684.9,26,2.2,0.172,403
2026-07-30 16:05:44,30.48,62.57,1002.00,50.00,500,0.500,77700,8.0,13.0,17.0,YES,UNKNOWN_ANALYSIS_IAQ50_VOC0.50ppm,10694.3,26,2.2,0.172,403
2026-07-30 16:05:55,30.48,62.57,1002.00,50.00,500,0.500,77700,7.0,12.0,17.0,YES,UNKNOWN_ANALYSIS_IAQ50_VOC0.50ppm,10704.7,26,2.2,0.172,403
2026-07-30 16:06:05,30.48,62.57,1002.00,50.00,500,0.500,77700,7.0,13.0,17.0,YES,UNKNOWN_ANALYSIS_IAQ50_VOC0.50ppm,10715.2,26,2.2,0.172,403
2026-07-30 16:06:15,30.48,62.57,1002.00,50.00,500,0.500,77700,7.0,12.0,15.0,YES,UNKNOWN_ANALYSIS_IAQ50_VOC0.50ppm,10724.6,26,2.2,0.172,403
2026-07-30 16:06:25,30.48,62.57,1002.00,50.00,500,0.500,77700,6.0,11.0,13.0,YES,UNKNOWN_ANALYSIS_IAQ50_VOC0.50ppm,10735.0,26,2.2,0.172,403
2026-07-30 16:06:35,30.48,62.57,1002.00,50.00,500,0.500,77700,6.0,11.0,13.0,YES,UNKNOWN_ANALYSIS_IAQ50_VOC0.50ppm,10744.4,26,2.2,0.172,403
📊 Z-scores: IAQ=5.29 VOC=5.29 CO2=5.29 GasDrop=4.62
2026-07-30 16:06:45,30.48,62.57,1002.00,50.00,500,0.500,77700,7.0,12.0,14.0,YES,UNKNOWN_ANALYSIS_IAQ50_VOC0.50ppm,10754.9,26,2.2,0.172,403
2026-07-30 16:06:54,30.48,62.57,1002.00,50.00,500,0.500,77700,6.0,11.0,15.0,YES,UNKNOWN_ANALYSIS_IAQ50_VOC0.50ppm,10764.3,26,2.2,0.172,403
2026-07-30 16:07:05,30.48,62.57,1002.00,50.00,500,0.500,77700,7.0,13.0,17.0,YES,UNKNOWN_ANALYSIS_IAQ50_VOC0.50ppm,10774.7,26,2.2,0.172,403
💾 Saved baseline: IAQ=3.0 VOC=0.178 CO2=405 Gas=213971
2026-07-30 16:07:15,30.48,62.57,1002.00,50.00,500,0.500,77700,8.0,14.0,17.0,YES,UNKNOWN_ANALYSIS_IAQ50_VOC0.50ppm,10785.2,26,2.2,0.172,403
2026-07-30 16:07:25,30.48,62.57,1002.00,50.00,500,0.500,77700,6.0,15.0,18.0,YES,UNKNOWN_ANALYSIS_IAQ50_VOC0.50ppm,10794.6,26,2.2,0.172,403
2026-07-30 16:07:35,30.48,62.57,1002.00,50.00,500,0.500,77700,7.0,14.0,17.0,YES,UNKNOWN_ANALYSIS_IAQ50_VOC0.50ppm,10805.0,26,2.2,0.172,403
2026-07-30 16:07:45,30.48,62.57,1002.00,50.00,500,0.500,77700,8.0,15.0,18.0,YES,UNKNOWN_ANALYSIS_IAQ50_VOC0.50ppm,10814.4,26,2.2,0.172,403
📊 Z-scores: IAQ=5.29 VOC=5.29 CO2=5.29 GasDrop=4.58
2026-07-30 16:07:55,30.45,62.58,1002.00,50.00,500,0.500,78900,8.0,17.0,20.0,YES,UNKNOWN_ANALYSIS_IAQ50_VOC0.50ppm,10824.9,26,2.2,0.172,403
2026-07-30 16:08:05,30.45,62.58,1002.00,50.00,500,0.500,78900,7.0,17.0,18.0,YES,UNKNOWN_ANALYSIS_IAQ50_VOC0.50ppm,10835.3,26,2.2,0.172,403
2026-07-30 16:08:15,30.45,62.58,1002.00,50.00,500,0.500,78900,6.0,15.0,17.0,YES,UNKNOWN_ANALYSIS_IAQ50_VOC0.50ppm,10844.7,26,2.2,0.172,403
2026-07-30 16:08:25,30.45,62.58,1002.00,50.00,500,0.500,78900,5.0,14.0,16.0,YES,UNKNOWN_ANALYSIS_IAQ50_VOC0.50ppm,10855.2,26,2.2,0.172,403
2026-07-30 16:08:35,30.45,62.58,1002.00,50.00,500,0.500,78900,5.0,14.0,17.0,YES,UNKNOWN_ANALYSIS_IAQ50_VOC0.50ppm,10864.6,26,2.2,0.172,403
2026-07-30 16:08:45,30.45,62.58,1002.00,50.00,500,0.500,78900,6.0,14.0,18.0,YES,UNKNOWN_ANALYSIS_IAQ50_VOC0.50ppm,10875.0,26,2.2,0.172,403
📊 Z-scores: IAQ=5.29 VOC=5.29 CO2=5.29 GasDrop=4.58
2026-07-30 16:08:56,30.45,62.58,1002.00,50.00,500,0.500,78900,7.0,14.0,17.0,YES,UNKNOWN_ANALYSIS_IAQ50_VOC0.50ppm,10885.5,26,2.2,0.172,403
2026-07-30 16:09:05,30.45,62.58,1002.00,50.00,500,0.500,78900,7.0,12.0,15.0,YES,UNKNOWN_ANALYSIS_IAQ50_VOC0.50ppm,10894.9,26,2.2,0.172,403
2026-07-30 16:09:15,30.45,62.58,1002.00,50.00,500,0.500,78900,7.0,12.0,17.0,YES,UNKNOWN_ANALYSIS_IAQ50_VOC0.50ppm,10905.3,26,2.2,0.172,403
2026-07-30 16:09:25,30.45,62.58,1002.00,50.00,500,0.500,78900,6.0,12.0,18.0,YES,UNKNOWN_ANALYSIS_IAQ50_VOC0.50ppm,10914.7,26,2.2,0.172,403
2026-07-30 16:09:35,30.45,62.58,1002.00,50.00,500,0.500,78900,7.0,10.0,17.0,YES,UNKNOWN_ANALYSIS_IAQ50_VOC0.50ppm,10925.2,26,2.2,0.172,403
2026-07-30 16:09:46,30.45,62.58,1002.00,50.00,500,0.500,78900,6.0,11.0,16.0,YES,UNKNOWN_ANALYSIS_IAQ50_VOC0.50ppm,10935.6,26,2.2,0.172,403
2026-07-30 16:09:55,30.45,62.58,1002.00,50.00,500,0.500,78900,8.0,14.0,18.0,YES,UNKNOWN_ANALYSIS_IAQ50_VOC0.50ppm,10945.0,26,2.2,0.172,403
📊 Z-scores: IAQ=5.29 VOC=5.29 CO2=5.29 GasDrop=4.58
2026-07-30 16:10:06,30.45,62.58,1002.00,50.00,500,0.500,78900,7.0,13.0,18.0,YES,UNKNOWN_ANALYSIS_IAQ50_VOC0.50ppm,10955.5,26,2.2,0.172,403
2026-07-30 16:10:15,30.45,62.58,1002.00,50.00,500,0.500,78900,6.0,13.0,18.0,YES,UNKNOWN_ANALYSIS_IAQ50_VOC0.50ppm,10964.9,26,2.2,0.172,403
2026-07-30 16:10:25,30.45,62.58,1002.00,50.00,500,0.500,78900,7.0,12.0,17.0,YES,UNKNOWN_ANALYSIS_IAQ50_VOC0.50ppm,10975.3,26,2.2,0.172,403
2026-07-30 16:10:35,30.45,62.58,1002.00,50.00,500,0.500,78900,8.0,14.0,20.0,YES,UNKNOWN_ANALYSIS_IAQ50_VOC0.50ppm,10984.7,26,2.2,0.172,403
2026-07-30 16:10:45,30.45,62.58,1002.00,50.00,500,0.500,78900,7.0,12.0,18.0,YES,UNKNOWN_ANALYSIS_IAQ50_VOC0.50ppm,10995.2,26,2.2,0.172,403
2026-07-30 16:10:56,30.45,62.58,1002.00,50.00,500,0.500,78900,9.0,14.0,20.0,YES,UNKNOWN_ANALYSIS_IAQ50_VOC0.50ppm,11005.6,26,2.2,0.172,403
2026-07-30 16:11:05,30.45,62.58,1002.00,50.00,500,0.500,78900,7.0,14.0,19.0,YES,UNKNOWN_ANALYSIS_IAQ50_VOC0.50ppm,11015.0,26,2.2,0.172,403
📊 Z-scores: IAQ=5.29 VOC=5.29 CO2=5.29 GasDrop=4.58
2026-07-30 16:11:16,30.45,62.58,1002.00,50.00,500,0.500,78900,6.0,15.0,19.0,YES,UNKNOWN_ANALYSIS_IAQ50_VOC0.50ppm,11025.5,26,2.2,0.172,403
2026-07-30 16:11:25,30.45,62.58,1002.00,50.00,500,0.500,78900,6.0,15.0,18.0,YES,UNKNOWN_ANALYSIS_IAQ50_VOC0.50ppm,11034.9,26,2.2,0.172,403
2026-07-30 16:11:35,30.45,62.58,1002.00,50.00,500,0.500,78900,8.0,15.0,18.0,YES,UNKNOWN_ANALYSIS_IAQ50_VOC0.50ppm,11045.3,26,2.2,0.172,403
2026-07-30 16:11:46,30.45,62.58,1002.00,50.00,500,0.500,78900,8.0,16.0,18.0,YES,UNKNOWN_ANALYSIS_IAQ50_VOC0.50ppm,11055.8,26,2.2,0.172,403
2026-07-30 16:11:55,30.45,62.58,1002.00,50.00,500,0.500,78900,6.0,14.0,17.0,YES,UNKNOWN_ANALYSIS_IAQ50_VOC0.50ppm,11065.2,26,2.2,0.172,403
2026-07-30 16:12:06,30.45,62.58,1002.00,50.00,500,0.500,78900,6.0,15.0,18.0,YES,UNKNOWN_ANALYSIS_IAQ50_VOC0.50ppm,11075.6,26,2.2,0.172,403
2026-07-30 16:12:15,30.45,62.58,1002.00,50.00,500,0.500,78900,8.0,15.0,18.0,YES,UNKNOWN_ANALYSIS_IAQ50_VOC0.50ppm,11085.0,26,2.2,0.172,403
📊 Z-scores: IAQ=5.29 VOC=5.29 CO2=5.29 GasDrop=4.58
2026-07-30 16:12:26,30.45,62.58,1002.00,50.00,500,0.500,78900,6.0,12.0,16.0,YES,UNKNOWN_ANALYSIS_IAQ50_VOC0.50ppm,11095.5,26,2.2,0.172,403
2026-07-30 16:12:36,30.45,62.58,1002.00,50.00,500,0.500,78900,8.0,13.0,19.0,YES,UNKNOWN_ANALYSIS_IAQ50_VOC0.50ppm,11105.9,26,2.2,0.172,403
2026-07-30 16:12:45,30.45,62.58,1002.00,50.00,500,0.500,78900,9.0,14.0,19.0,YES,UNKNOWN_ANALYSIS_IAQ50_VOC0.50ppm,11115.3,26,2.2,0.172,403
2026-07-30 16:12:56,30.39,62.60,1002.00,51.84,508,0.509,78900,8.0,14.0,19.0,YES,UNKNOWN_ANALYSIS_IAQ52_VOC0.51ppm,