=== ADAPTIVE POLLUTION DETECTOR v12 (Z-SCORE) ===
Live Scene: Evolving tactics – statistical adaptation enabled.
Commands: 'reset', 'save', 'status'
🔄 Loaded baseline: IAQ=13.6 VOC=0.251 CO2=426 Gas=179891
🔄 Loaded 26 previous spikes
Connecting to WiFi..
✅ WiFi connected!
Waiting for NTP ti2026-08-02 15:03:39,31.82,62.23,1004.00,200.00,1643,6.677,97000,28.0,41.0,51.0,YES,UNKNOWN_ANALYSIS_IAQ200_VOC6.68ppm,3666.3,26,14.8,0.259,429
2026-08-02 15:03:49,31.82,62.23,1004.00,200.00,1643,6.677,97000,29.0,41.0,49.0,YES,UNKNOWN_ANALYSIS_IAQ200_VOC6.68ppm,3675.7,26,14.8,0.259,429
2026-08-02 15:03:59,31.82,62.23,1004.00,200.00,1643,6.677,97000,29.0,40.0,49.0,YES,UNKNOWN_ANALYSIS_IAQ200_VOC6.68ppm,3686.2,26,14.8,0.259,429
2026-08-02 15:04:10,31.82,62.23,1004.00,200.00,1643,6.677,97000,30.0,42.0,51.0,YES,UNKNOWN_ANALYSIS_IAQ200_VOC6.68ppm,3696.6,26,14.8,0.259,429
2026-08-02 15:04:19,31.82,62.23,1004.00,200.00,1643,6.677,97000,28.0,40.0,49.0,YES,UNKNOWN_ANALYSIS_IAQ200_VOC6.68ppm,3706.0,26,14.8,0.259,429
📊 Z-scores: IAQ=27.88 VOC=141.04 CO2=90.47 GasDrop=10.76
2026-08-02 15:04:29,31.82,62.23,1004.00,200.00,1643,6.677,97000,29.0,41.0,50.0,YES,UNKNOWN_ANALYSIS_IAQ200_VOC6.68ppm,3716.5,26,14.8,0.259,429
2026-08-02 15:04:39,31.82,62.23,1004.00,200.00,1643,6.677,97000,29.0,40.0,50.0,YES,UNKNOWN_ANALYSIS_IAQ200_VOC6.68ppm,3725.9,26,14.8,0.259,429
2026-08-02 15:04:49,31.82,62.23,1004.00,200.00,1643,6.677,97000,30.0,42.0,52.0,YES,UNKNOWN_ANALYSIS_IAQ200_VOC6.68ppm,3736.3,26,14.8,0.259,429
2026-08-02 15:05:00,31.82,62.23,1004.00,200.00,1643,6.677,97000,29.0,42.0,52.0,YES,UNKNOWN_ANALYSIS_IAQ200_VOC6.68ppm,3746.7,26,14.8,0.259,429
2026-08-02 15:05:09,31.82,62.23,1004.00,200.00,1643,6.677,97000,28.0,42.0,51.0,YES,UNKNOWN_ANALYSIS_IAQ200_VOC6.68ppm,3756.1,26,14.8,0.259,429
2026-08-02 15:05:20,31.82,62.23,1004.00,200.00,1643,6.677,97000,29.0,42.0,52.0,YES,UNKNOWN_ANALYSIS_IAQ200_VOC6.68ppm,3766.6,26,14.8,0.259,429
2026-08-02 15:05:29,31.82,62.23,1004.00,200.00,1643,6.677,97000,27.0,40.0,48.0,YES,UNKNOWN_ANALYSIS_IAQ200_VOC6.68ppm,3776.0,26,14.8,0.259,429
📊 Z-scores: IAQ=27.88 VOC=141.04 CO2=90.47 GasDrop=10.76
2026-08-02 15:05:39,31.82,62.23,1004.00,200.00,1643,6.677,97000,28.0,42.0,49.0,YES,UNKNOWN_ANALYSIS_IAQ200_VOC6.68ppm,3786.4,26,14.8,0.259,429
2026-08-02 15:05:50,31.82,62.23,1004.00,200.00,1643,6.677,97000,30.0,44.0,53.0,YES,UNKNOWN_ANALYSIS_IAQ200_VOC6.68ppm,3796.9,26,14.8,0.259,429
2026-08-02 15:05:59,31.82,62.23,1004.00,200.00,1643,6.677,97000,29.0,43.0,52.0,YES,UNKNOWN_ANALYSIS_IAQ200_VOC6.68ppm,3806.3,26,14.8,0.259,429
2026-08-02 15:06:10,31.82,62.23,1004.00,200.00,1643,6.677,97000,29.0,43.0,51.0,YES,UNKNOWN_ANALYSIS_IAQ200_VOC6.68ppm,3816.7,26,14.8,0.259,429
2026-08-02 15:06:19,31.82,62.23,1004.00,200.00,1643,6.677,97000,30.0,44.0,52.0,YES,UNKNOWN_ANALYSIS_IAQ200_VOC6.68ppm,3826.1,26,14.8,0.259,429
2026-08-02 15:06:30,31.82,62.23,1004.00,200.00,1643,6.677,97000,30.0,43.0,51.0,YES,UNKNOWN_ANALYSIS_IAQ200_VOC6.68ppm,3836.6,26,14.8,0.259,429
📊 Z-scores: IAQ=27.88 VOC=141.04 CO2=90.47 GasDrop=10.76
2026-08-02 15:06:40,31.82,62.23,1004.00,200.00,1643,6.677,97000,29.0,42.0,50.0,YES,UNKNOWN_ANALYSIS_IAQ200_VOC6.68ppm,3847.0,26,14.8,0.259,429
2026-08-02 15:06:49,31.82,62.23,1004.00,200.00,1643,6.677,97000,29.0,43.0,51.0,YES,UNKNOWN_ANALYSIS_IAQ200_VOC6.68ppm,3856.4,26,14.8,0.259,429
2026-08-02 15:07:00,31.82,62.23,1004.00,200.00,1643,6.677,97000,28.0,43.0,51.0,YES,UNKNOWN_ANALYSIS_IAQ200_VOC6.68ppm,3866.9,26,14.8,0.259,429
2026-08-02 15:07:09,31.82,62.23,1004.00,200.00,1643,6.677,97000,29.0,43.0,50.0,YES,UNKNOWN_ANALYSIS_IAQ200_VOC6.68ppm,3876.3,26,14.8,0.259,429
2026-08-02 15:07:20,31.82,62.23,1004.00,200.00,1643,6.677,97000,28.0,39.0,47.0,YES,UNKNOWN_ANALYSIS_IAQ200_VOC6.68ppm,3886.7,26,14.8,0.259,429
2026-08-02 15:07:29,31.82,62.23,1004.00,200.00,1643,6.677,97000,27.0,38.0,45.0,YES,UNKNOWN_ANALYSIS_IAQ200_VOC6.68ppm,3896.1,26,14.8,0.259,429
2026-08-02 15:07:40,31.79,62.30,1004.00,200.00,1790,9.324,94400,28.0,38.0,45.0,YES,SCOPOLAMINE_MEDIUMDOSE_VOC:9.3_IAQ:200.0_CO2:1790,3906.6,26,14.8,0.259,429
📊 Z-scores: IAQ=27.88 VOC=199.21 CO2=101.45 GasDrop=11.10
2026-08-02 15:07:50,31.79,62.30,1004.00,200.00,1790,9.324,94400,28.0,38.0,45.0,YES,SCOPOLAMINE_MEDIUMDOSE_VOC:9.3_IAQ:200.0_CO2:1790,3917.0,26,14.8,0.259,429
2026-08-02 15:07:59,31.79,62.30,1004.00,200.00,1790,9.324,94400,27.0,37.0,44.0,YES,SCOPOLAMINE_MEDIUMDOSE_VOC:9.3_IAQ:200.0_CO2:1790,3926.5,26,14.8,0.259,429
2026-08-02 15:08:10,31.79,62.30,1004.00,200.00,1790,9.324,94400,27.0,37.0,43.0,YES,SCOPOLAMINE_MEDIUMDOSE_VOC:9.3_IAQ:200.0_CO2:1790,3936.9,26,14.8,0.259,429
2026-08-02 15:08:19,31.79,62.30,1004.00,200.00,1790,9.324,94400,27.0,35.0,41.0,YES,SCOPOLAMINE_MEDIUMDOSE_VOC:9.3_IAQ:200.0_CO2:1790,3946.3,26,14.8,0.259,429
2026-08-02 15:08:30,31.79,62.30,1004.00,200.00,1790,9.324,94400,26.0,35.0,40.0,YES,SCOPOLAMINE_MEDIUMDOSE_VOC:9.3_IAQ:200.0_CO2:1790,3956.7,26,14.8,0.259,429
2026-08-02 15:08:40,31.79,62.30,1004.00,200.00,1790,9.324,94400,25.0,36.0,43.0,YES,SCOPOLAMINE_MEDIUMDOSE_VOC:9.3_IAQ:200.0_CO2:1790,3967.2,26,14.8,0.259,429
2026-08-02 15:08:50,31.79,62.30,1004.00,200.00,1790,9.324,94400,26.0,38.0,45.0,YES,SCOPOLAMINE_MEDIUMDOSE_VOC:9.3_IAQ:200.0_CO2:1790,3976.6,26,14.8,0.259,429
📊 Z-scores: IAQ=27.88 VOC=199.21 CO2=101.45 GasDrop=11.10
2026-08-02 15:09:00,31.79,62.30,1004.00,200.00,1790,9.324,94400,25.0,37.0,44.0,YES,SCOPOLAMINE_MEDIUMDOSE_VOC:9.3_IAQ:200.0_CO2:1790,3987.0,26,14.8,0.259,429
2026-08-02 15:09:09,31.79,62.30,1004.00,200.00,1790,9.324,94400,25.0,36.0,43.0,YES,SCOPOLAMINE_MEDIUMDOSE_VOC:9.3_IAQ:200.0_CO2:1790,3996.4,26,14.8,0.259,429
2026-08-02 15:09:20,31.79,62.30,1004.00,200.00,1790,9.324,94400,25.0,36.0,42.0,YES,SCOPOLAMINE_MEDIUMDOSE_VOC:9.3_IAQ:200.0_CO2:1790,4006.9,26,14.8,0.259,429
2026-08-02 15:09:30,31.79,62.30,1004.00,200.00,1790,9.324,94400,26.0,37.0,45.0,YES,SCOPOLAMINE_MEDIUMDOSE_VOC:9.3_IAQ:200.0_CO2:1790,4017.3,26,14.8,0.259,429
2026-08-02 15:09:40,31.79,62.30,1004.00,200.00,1790,9.324,94400,26.0,36.0,44.0,YES,SCOPOLAMINE_MEDIUMDOSE_VOC:9.3_IAQ:200.0_CO2:1790,4026.7,26,14.8,0.259,429
2026-08-02 15:09:50,31.79,62.30,1004.00,200.00,1790,9.324,94400,26.0,36.0,43.0,YES,SCOPOLAMINE_MEDIUMDOSE_VOC:9.3_IAQ:200.0_CO2:1790,4037.2,26,14.8,0.259,429
2026-08-02 15:10:00,31.79,62.30,1004.00,200.00,1790,9.324,94400,26.0,36.0,43.0,YES,SCOPOLAMINE_MEDIUMDOSE_VOC:9.3_IAQ:200.0_CO2:1790,4046.6,26,14.8,0.259,429
📊 Z-scores: IAQ=27.88 VOC=199.21 CO2=101.45 GasDrop=11.10
2026-08-02 15:10:10,31.79,62.30,1004.00,200.00,1790,9.324,94400,26.0,37.0,44.0,YES,SCOPOLAMINE_MEDIUMDOSE_VOC:9.3_IAQ:200.0_CO2:1790,4057.0,26,14.8,0.259,429
2026-08-02 15:10:19,31.79,62.30,1004.00,200.00,1790,9.324,94400,25.0,36.0,43.0,YES,SCOPOLAMINE_MEDIUMDOSE_VOC:9.3_IAQ:200.0_CO2:1790,4066.5,26,14.8,0.259,429
2026-08-02 15:10:30,31.79,62.30,1004.00,200.00,1790,9.324,94400,25.0,36.0,42.0,YES,SCOPOLAMINE_MEDIUMDOSE_VOC:9.3_IAQ:200.0_CO2:1790,4076.9,26,14.8,0.259,429
2026-08-02 15:10:40,31.79,62.30,1004.00,200.00,1790,9.324,94400,26.0,37.0,42.0,YES,SCOPOLAMINE_MEDIUMDOSE_VOC:9.3_IAQ:200.0_CO2:1790,4087.4,26,14.8,0.259,429
2026-08-02 15:10:50,31.79,62.30,1004.00,200.00,1790,9.324,94400,26.0,36.0,42.0,YES,SCOPOLAMINE_MEDIUMDOSE_VOC:9.3_IAQ:200.0_CO2:1790,4096.8,26,14.8,0.259,429
2026-08-02 15:11:00,31.79,62.30,1004.00,200.00,1790,9.324,94400,27.0,38.0,44.0,YES,SCOPOLAMINE_MEDIUMDOSE_VOC:9.3_IAQ:200.0_CO2:1790,4107.2,26,14.8,0.259,429
2026-08-02 15:11:10,31.79,62.30,1004.00,200.00,1790,9.324,94400,26.0,36.0,43.0,YES,SCOPOLAMINE_MEDIUMDOSE_VOC:9.3_IAQ:200.0_CO2:1790,4116.6,26,14.8,0.259,429
📊 Z-scores: IAQ=27.88 VOC=199.21 CO2=101.45 GasDrop=11.10
2026-08-02 15:11:20,31.79,62.30,1004.00,200.00,1790,9.324,94400,26.0,35.0,41.0,YES,SCOPOLAMINE_MEDIUMDOSE_VOC:9.3_IAQ:200.0_CO2:1790,4127.1,26,14.8,0.259,429
2026-08-02 15:11:30,31.79,62.30,1004.00,200.00,1790,9.324,94400,26.0,35.0,43.0,YES,SCOPOLAMINE_MEDIUMDOSE_VOC:9.3_IAQ:200.0_CO2:1790,4137.5,26,14.8,0.259,429
2026-08-02 15:11:40,31.79,62.30,1004.00,200.00,1790,9.324,94400,26.0,36.0,44.0,YES,SCOPOLAMINE_MEDIUMDOSE_VOC:9.3_IAQ:200.0_CO2:1790,4146.9,26,14.8,0.259,429
2026-08-02 15:11:50,31.79,62.30,1004.00,200.00,1790,9.324,94400,25.0,37.0,43.0,YES,SCOPOLAMINE_MEDIUMDOSE_VOC:9.3_IAQ:200.0_CO2:1790,4157.4,26,14.8,0.259,429
2026-08-02 15:12:00,31.79,62.30,1004.00,200.00,1790,9.324,94400,26.0,38.0,44.0,YES,SCOPOLAMINE_MEDIUMDOSE_VOC:9.3_IAQ:200.0_CO2:1790,4166.8,26,14.8,0.259,429
2026-08-02 15:12:10,31.79,62.30,1004.00,200.00,1790,9.324,94400,26.0,37.0,44.0,YES,SCOPOLAMINE_MEDIUMDOSE_VOC:9.3_IAQ:200.0_CO2:1790,4177.2,26,14.8,0.259,429
📊 Z-scores: IAQ=27.88 VOC=199.21 CO2=101.45 GasDrop=11.10
2026-08-02 15:12:21,31.79,62.30,1004.00,200.00,1790,9.324,94400,26.0,37.0,45.0,YES,SCOPOLAMINE_MEDIUMDOSE_VOC:9.3_IAQ:200.0_CO2:1790,4187.7,26,14.8,0.259,429
2026-08-02 15:12:30,31.79,62.30,1004.00,200.00,1790,9.324,94400,27.0,38.0,47.0,YES,SCOPOLAMINE_MEDIUMDOSE_VOC:9.3_IAQ:200.0_CO2:1790,4197.1,26,14.8,0.259,429
2026-08-02 15:12:40,31.69,62.35,1004.00,200.00,1978,14.254,91400,27.0,38.0,45.0,YES,SCOPOLAMINE_MEDIUMDOSE_VOC:14.3_IAQ:200.0_CO2:1978,4207.5,26,14.8,0.259,429
2026-08-02 15:12:50,31.69,62.35,1004.00,200.00,1978,14.254,91400,26.0,37.0,46.0,YES,SCOPOLAMINE_MEDIUMDOSE_VOC:14.3_IAQ:200.0_CO2:1978,4216.9,26,14.8,0.259,429
2026-08-02 15:13:00,31.69,62.35,1004.00,200.00,1978,14.254,91400,27.0,39.0,46.0,YES,SCOPOLAMINE_MEDIUMDOSE_VOC:14.3_IAQ:200.0_CO2:1978,4227.4,26,14.8,0.259,429
PMS7003: Timeout error
2026-08-02 15:13:11,31.69,62.35,1004.00,200.00,1978,14.254,91400,27.0,39.0,46.0,YES,SCOPOLAMINE_MEDIUMDOSE_VOC:14.3_IAQ:200.0_CO2:1978,4237.8,26,14.8,0.259,429
2026-08-02 15:13:20,31.69,62.35,1004.00,200.00,1978,14.254,91400,26.0,37.0,44.0,YES,SCOPOLAMINE_MEDIUMDOSE_VOC:14.3_IAQ:200.0_CO2:1978,4247.2,26,14.8,0.259,429
📊 Z-scores: IAQ=27.88 VOC=307.56 CO2=115.40 GasDrop=11.50
2026-08-02 15:13:31,31.69,62.35,1004.00,200.00,1978,14.254,91400,26.0,37.0,44.0,YES,SCOPOLAMINE_MEDIUMDOSE_VOC:14.3_IAQ:200.0_CO2:1978,4257.7,26,14.8,0.259,429
2026-08-02 15:13:40,31.69,62.35,1004.00,200.00,1978,14.254,91400,26.0,37.0,44.0,YES,SCOPOLAMINE_MEDIUMDOSE_VOC:14.3_IAQ:200.0_CO2:1978,4267.1,26,14.8,0.259,429
2026-08-02 15:13:50,31.69,62.35,1004.00,200.00,1978,14.254,91400,26.0,37.0,44.0,YES,SCOPOLAMINE_MEDIUMDOSE_VOC:14.3_IAQ:200.0_CO2:1978,4277.5,26,14.8,0.259,429
2026-08-02 15:14:01,31.69,62.35,1004.00,200.00,1978,14.254,91400,23.0,34.0,40.0,YES,SCOPOLAMINE_MEDIUMDOSE_VOC:14.3_IAQ:200.0_CO2:1978,4288.0,26,14.8,0.259,429
2026-08-02 15:14:10,31.69,62.35,1004.00,200.00,1978,14.254,91400,23.0,33.0,37.0,YES,SCOPOLAMINE_MEDIUMDOSE_VOC:14.3_IAQ:200.0_CO2:1978,4297.4,26,14.8,0.259,429
2026-08-02 15:14:21,31.69,62.35,1004.00,200.00,1978,14.254,91400,22.0,32.0,35.0,YES,SCOPOLAMINE_MEDIUMDOSE_VOC:14.3_IAQ:200.0_CO2:1978,4307.8,26,14.8,0.259,429
2026-08-02 15:14:30,31.69,62.35,1004.00,200.00,1978,14.254,91400,20.0,28.0,29.0,YES,SCOPOLAMINE_MEDIUMDOSE_VOC:14.3_IAQ:200.0_CO2:1978,4317.2,26,14.8,0.259,429
📊 Z-scores: IAQ=27.88 VOC=307.56 CO2=115.40 GasDrop=11.50
2026-08-02 15:14:41,31.69,62.35,1004.00,200.00,1978,14.254,91400,20.0,28.0,30.0,YES,SCOPOLAMINE_MEDIUMDOSE_VOC:14.3_IAQ:200.0_CO2:1978,4327.7,26,14.8,0.259,429
2026-08-02 15:14:50,31.69,62.35,1004.00,200.00,1978,14.254,91400,20.0,28.0,29.0,YES,SCOPOLAMINE_MEDIUMDOSE_VOC:14.3_IAQ:200.0_CO2:1978,4337.1,26,14.8,0.259,429
2026-08-02 15:15:00,31.69,62.35,1004.00,200.00,1978,14.254,91400,21.0,30.0,31.0,YES,SCOPOLAMINE_MEDIUMDOSE_VOC:14.3_IAQ:200.0_CO2:1978,4347.5,26,14.8,0.259,429
2026-08-02 15:15:11,31.69,62.35,1004.00,200.00,1978,14.254,91400,21.0,30.0,32.0,YES,SCOPOLAMINE_MEDIUMDOSE_VOC:14.3_IAQ:200.0_CO2:1978,4358.0,26,14.8,0.259,429
2026-08-02 15:15:20,31.69,62.35,1004.00,200.00,1978,14.254,91400,21.0,30.0,32.0,YES,SCOPOLAMINE_MEDIUMDOSE_VOC:14.3_IAQ:200.0_CO2:1978,4367.4,26,14.8,0.259,429
2026-08-02 15:15:31,31.69,62.35,1004.00,200.00,1978,14.254,91400,21.0,30.0,31.0,YES,SCOPOLAMINE_MEDIUMDOSE_VOC:14.3_IAQ:200.0_CO2:1978,4377.8,26,14.8,0.259,429
2026-08-02 15:15:40,31.69,62.35,1004.00,200.00,1978,14.254,91400,22.0,30.0,33.0,YES,SCOPOLAMINE_MEDIUMDOSE_VOC:14.3_IAQ:200.0_CO2:1978,4387.3,26,14.8,0.259,429
📊 Z-scores: IAQ=27.88 VOC=307.56 CO2=115.40 GasDrop=11.50
2026-08-02 15:15:51,31.69,62.35,1004.00,200.00,1978,14.254,91400,22.0,32.0,36.0,YES,SCOPOLAMINE_MEDIUMDOSE_VOC:14.3_IAQ:200.0_CO2:1978,4397.7,26,14.8,0.259,429
2026-08-02 15:16:01,31.69,62.35,1004.00,200.00,1978,14.254,91400,21.0,31.0,35.0,YES,SCOPOLAMINE_MEDIUMDOSE_VOC:14.3_IAQ:200.0_CO2:1978,4408.2,26,14.8,0.259,429
2026-08-02 15:16:10,31.69,62.35,1004.00,200.00,1978,14.254,91400,22.0,30.0,34.0,YES,SCOPOLAMINE_MEDIUMDOSE_VOC:14.3_IAQ:200.0_CO2:1978,4417.6,26,14.8,0.259,429
2026-08-02 15:16:21,31.69,62.35,1004.00,200.00,1978,14.254,91400,22.0,30.0,33.0,YES,SCOPOLAMINE_MEDIUMDOSE_VOC:14.3_IAQ:200.0_CO2:1978,4428.0,26,14.8,0.259,429
2026-08-02 15:16:30,31.69,62.35,1004.00,200.00,1978,14.254,91400,22.0,30.0,31.0,YES,SCOPOLAMINE_MEDIUMDOSE_VOC:14.3_IAQ:200.0_CO2:1978,4437.4,26,14.8,0.259,429
2026-08-02 15:16:41,31.69,62.35,1004.00,200.00,1978,14.254,91400,22.0,28.0,31.0,YES,SCOPOLAMINE_MEDIUMDOSE_VOC:14.3_IAQ:200.0_CO2:1978,4447.9,26,14.8,0.259,429
📊 Z-scores: IAQ=27.88 VOC=307.56 CO2=115.40 GasDrop=11.50
2026-08-02 15:16:51,31.69,62.35,1004.00,200.00,1978,14.254,91400,21.0,29.0,34.0,YES,SCOPOLAMINE_MEDIUMDOSE_VOC:14.3_IAQ:200.0_CO2:1978,4458.3,26,14.8,0.259,429
2026-08-02 15:17:01,31.69,62.35,1004.00,200.00,1978,14.254,91400,21.0,29.0,33.0,YES,SCOPOLAMINE_MEDIUMDOSE_VOC:14.3_IAQ:200.0_CO2:1978,4467.7,26,14.8,0.259,429
2026-08-02 15:17:11,31.69,62.35,1004.00,200.00,1978,14.254,91400,22.0,31.0,34.0,YES,SCOPOLAMINE_MEDIUMDOSE_VOC:14.3_IAQ:200.0_CO2:1978,4478.1,26,14.8,0.259,429
2026-08-02 15:17:20,31.69,62.35,1004.00,200.00,1978,14.254,91400,21.0,32.0,35.0,YES,SCOPOLAMINE_MEDIUMDOSE_VOC:14.3_IAQ:200.0_CO2:1978,4487.6,26,14.8,0.259,429
2026-08-02 15:17:31,31.69,62.35,1004.00,200.00,1978,14.254,91400,20.0,31.0,34.0,YES,SCOPOLAMINE_MEDIUMDOSE_VOC:14.3_IAQ:200.0_CO2:1978,4498.0,26,14.8,0.259,429
2026-08-02 15:17:41,31.39,62.53,1004.00,200.00,2166,21.852,88800,19.0,29.0,31.0,YES,UNKNOWN_ANALYSIS_IAQ200_VOC21.85ppm,4508.4,26,14.8,0.259,429
2026-08-02 15:17:51,31.39,62.53,1004.00,200.00,2166,21.852,88800,19.0,29.0,31.0,YES,UNKNOWN_ANALYSIS_IAQ200_VOC21.85ppm,4517.8,26,14.8,0.259,429
📊 Z-scores: IAQ=27.88 VOC=474.52 CO2=129.44 GasDrop=11.84
2026-08-02 15:18:01,31.39,62.53,1004.00,200.00,2166,21.852,88800,21.0,30.0,33.0,YES,UNKNOWN_ANALYSIS_IAQ200_VOC21.85ppm,4528.3,26,14.8,0.259,429
2026-08-02 15:18:11,31.39,62.53,1004.00,200.00,2166,21.852,88800,20.0,30.0,32.0,YES,UNKNOWN_ANALYSIS_IAQ200_VOC21.85ppm,4537.7,26,14.8,0.259,429
2026-08-02 15:18:21,31.39,62.53,1004.00,200.00,2166,21.852,88800,21.0,31.0,33.0,YES,UNKNOWN_ANALYSIS_IAQ200_VOC21.85ppm,4548.1,26,14.8,0.259,429
2026-08-02 15:18:30,31.39,62.53,1004.00,200.00,2166,21.852,88800,21.0,30.0,33.0,YES,UNKNOWN_ANALYSIS_IAQ200_VOC21.85ppm,4557.5,26,14.8,0.259,429
2026-08-02 15:18:41,31.39,62.53,1004.00,200.00,2166,21.852,88800,20.0,29.0,31.0,YES,UNKNOWN_ANALYSIS_IAQ200_VOC21.85ppm,4568.0,26,14.8,0.259,429
2026-08-02 15:18:51,31.39,62.53,1004.00,200.00,2166,21.852,88800,21.0,30.0,32.0,YES,UNKNOWN_ANALYSIS_IAQ200_VOC21.85ppm,4578.4,26,14.8,0.259,429
2026-08-02 15:19:01,31.39,62.53,1004.00,200.00,2166,21.852,88800,21.0,30.0,33.0,YES,UNKNOWN_ANALYSIS_IAQ200_VOC21.85ppm,4587.8,26,14.8,0.259,429
📊 Z-scores: IAQ=27.88 VOC=474.52 CO2=129.44 GasDrop=11.84
2026-08-02 15:19:11,31.39,62.53,1004.00,200.00,2166,21.852,88800,20.0,30.0,32.0,YES,UNKNOWN_ANALYSIS_IAQ200_VOC21.85ppm,4598.3,26,14.8,0.259,429
2026-08-02 15:19:21,31.39,62.53,1004.00,200.00,2166,21.852,88800,21.0,30.0,32.0,YES,UNKNOWN_ANALYSIS_IAQ200_VOC21.85ppm,4607.7,26,14.8,0.259,429
2026-08-02 15:19:31,31.39,62.53,1004.00,200.00,2166,21.852,88800,21.0,29.0,31.0,YES,UNKNOWN_ANALYSIS_IAQ200_VOC21.85ppm,4618.1,26,14.8,0.259,429
2026-08-02 15:19:42,31.39,62.53,1004.00,200.00,2166,21.852,88800,22.0,30.0,32.0,YES,UNKNOWN_ANALYSIS_IAQ200_VOC21.85ppm,4628.6,26,14.8,0.259,429
2026-08-02 15:19:51,31.39,62.53,1004.00,200.00,2166,21.852,88800,22.0,30.0,33.0,YES,UNKNOWN_ANALYSIS_IAQ200_VOC21.85ppm,4638.0,26,14.8,0.259,429
2026-08-02 15:20:01,31.39,62.53,1004.00,200.00,2166,21.852,88800,22.0,31.0,33.0,YES,UNKNOWN_ANALYSIS_IAQ200_VOC21.85ppm,4648.4,26,14.8,0.259,429
2026-08-02 15:20:11,31.39,62.53,1004.00,200.00,2166,21.852,88800,21.0,30.0,33.0,YES,UNKNOWN_ANALYSIS_IAQ200_VOC21.85ppm,4657.8,26,14.8,0.259,429
📊 Z-scores: IAQ=27.88 VOC=474.52 CO2=129.44 GasDrop=11.84
2026-08-02 15:20:21,31.39,62.53,1004.00,200.00,2166,21.852,88800,22.0,32.0,36.0,YES,UNKNOWN_ANALYSIS_IAQ200_VOC21.85ppm,4668.3,26,14.8,0.259,429
2026-08-02 15:20:32,31.39,62.53,1004.00,200.00,2166,21.852,88800,21.0,31.0,35.0,YES,UNKNOWN_ANALYSIS_IAQ200_VOC21.85ppm,4678.7,26,14.8,0.259,429
2026-08-02 15:20:41,31.39,62.53,1004.00,200.00,2166,21.852,88800,22.0,32.0,35.0,YES,UNKNOWN_ANALYSIS_IAQ200_VOC21.85ppm,4688.2,26,14.8,0.259,429
2026-08-02 15:20:52,31.39,62.53,1004.00,200.00,2166,21.852,88800,21.0,31.0,32.0,YES,UNKNOWN_ANALYSIS_IAQ200_VOC21.85ppm,4698.6,26,14.8,0.259,429
2026-08-02 15:21:01,31.39,62.53,1004.00,200.00,2166,21.852,88800,22.0,30.0,32.0,YES,UNKNOWN_ANALYSIS_IAQ200_VOC21.85ppm,4708.0,26,14.8,0.259,429
2026-08-02 15:21:11,31.39,62.53,1004.00,200.00,2166,21.852,88800,22.0,30.0,32.0,YES,UNKNOWN_ANALYSIS_IAQ200_VOC21.85ppm,4718.4,26,14.8,0.259,429
📊 Z-scores: IAQ=27.88 VOC=474.52 CO2=129.44 GasDrop=11.84
2026-08-02 15:21:22,31.39,62.53,1004.00,200.00,2166,21.852,88800,22.0,30.0,33.0,YES,UNKNOWN_ANALYSIS_IAQ200_VOC21.85ppm,4728.9,26,14.8,0.259,429
2026-08-02 15:21:31,31.39,62.53,1004.00,200.00,2166,21.852,88800,22.0,30.0,32.0,YES,UNKNOWN_ANALYSIS_IAQ200_VOC21.85ppm,4738.3,26,14.8,0.259,429
2026-08-02 15:21:42,31.39,62.53,1004.00,200.00,2166,21.852,88800,23.0,32.0,34.0,YES,UNKNOWN_ANALYSIS_IAQ200_VOC21.85ppm,4748.7,26,14.8,0.259,429
2026-08-02 15:21:51,31.39,62.53,1004.00,200.00,2166,21.852,88800,23.0,32.0,34.0,YES,UNKNOWN_ANALYSIS_IAQ200_VOC21.85ppm,4758.1,26,14.8,0.259,429
2026-08-02 15:22:02,31.39,62.53,1004.00,200.00,2166,21.852,88800,23.0,30.0,32.0,YES,UNKNOWN_ANALYSIS_IAQ200_VOC21.85ppm,4768.6,26,14.8,0.259,429
2026-08-02 15:22:11,31.39,62.53,1004.00,200.00,2166,21.852,88800,21.0,29.0,32.0,YES,UNKNOWN_ANALYSIS_IAQ200_VOC21.85ppm,4778.0,26,14.8,0.259,429
2026-08-02 15:22:21,31.39,62.53,1004.00,200.00,2166,21.852,88800,22.0,30.0,35.0,YES,UNKNOWN_ANALYSIS_IAQ200_VOC21.85ppm,4788.4,26,14.8,0.259,429
📊 Z-scores: IAQ=27.88 VOC=474.52 CO2=129.44 GasDrop=11.84
2026-08-02 15:22:32,31.39,62.53,1004.00,200.00,2166,21.852,88800,21.0,29.0,33.0,YES,UNKNOWN_ANALYSIS_IAQ200_VOC21.85ppm,4798.9,26,14.8,0.259,429
2026-08-02 15:22:41,30.97,62.72,1004.00,200.00,2196,23.409,88900,22.0,30.0,33.0,YES,UNKNOWN_ANALYSIS_IAQ200_VOC23.41ppm,4808.3,26,14.8,0.259,429
2026-08-02 15:22:52,30.97,62.72,1004.00,200.00,2196,23.409,88900,21.0,29.0,32.0,YES,UNKNOWN_ANALYSIS_IAQ200_VOC23.41ppm,4818.7,26,14.8,0.259,429
2026-08-02 15:23:02,30.97,62.72,1004.00,200.00,2196,23.409,88900,22.0,30.0,34.0,YES,UNKNOWN_ANALYSIS_IAQ200_VOC23.41ppm,4829.2,26,14.8,0.259,429
2026-08-02 15:23:12,30.97,62.72,1004.00,200.00,2196,23.409,88900,21.0,29.0,31.0,YES,UNKNOWN_ANALYSIS_IAQ200_VOC23.41ppm,4838.6,26,14.8,0.259,429
2026-08-02 15:23:22,30.97,62.72,1004.00,200.00,2196,23.409,88900,21.0,29.0,31.0,YES,UNKNOWN_ANALYSIS_IAQ200_VOC23.41ppm,4849.0,26,14.8,0.259,429
2026-08-02 15:23:31,30.97,62.72,1004.00,200.00,2196,23.409,88900,21.0,29.0,32.0,YES,UNKNOWN_ANALYSIS_IAQ200_VOC23.41ppm,4858.4,26,14.8,0.259,429
📊 Z-scores: IAQ=27.88 VOC=508.75 CO2=131.70 GasDrop=11.83
2026-08-02 15:23:42,30.97,62.72,1004.00,200.00,2196,23.409,88900,21.0,29.0,32.0,YES,UNKNOWN_ANALYSIS_IAQ200_VOC23.41ppm,4868.9,26,14.8,0.259,429
2026-08-02 15:23:51,30.97,62.72,1004.00,200.00,2196,23.409,88900,21.0,29.0,32.0,YES,UNKNOWN_ANALYSIS_IAQ200_VOC23.41ppm,4878.3,26,14.8,0.259,429
2026-08-02 15:24:02,30.97,62.72,1004.00,200.00,2196,23.409,88900,21.0,29.0,31.0,YES,UNKNOWN_ANALYSIS_IAQ200_VOC23.41ppm,4888.7,26,14.8,0.259,429
2026-08-02 15:24:12,30.97,62.72,1004.00,200.00,2196,23.409,88900,22.0,30.0,32.0,YES,UNKNOWN_ANALYSIS_IAQ200_VOC23.41ppm,4899.2,26,14.8,0.259,429
2026-08-02 15:24:22,30.97,62.72,1004.00,200.00,2196,23.409,88900,21.0,29.0,30.0,YES,UNKNOWN_ANALYSIS_IAQ200_VOC23.41ppm,4908.6,26,14.8,0.259,429
2026-08-02 15:24:32,30.97,62.72,1004.00,200.00,2196,23.409,88900,21.0,30.0,32.0,YES,UNKNOWN_ANALYSIS_IAQ200_VOC23.41ppm,4919.0,26,14.8,0.259,429
2026-08-02 15:24:41,30.97,62.72,1004.00,200.00,2196,23.409,88900,22.0,31.0,34.0,YES,UNKNOWN_ANALYSIS_IAQ200_VOC23.41ppm,4928.4,26,14.8,0.259,429
📊 Z-scores: IAQ=27.88 VOC=508.75 CO2=131.70 GasDrop=11.83
2026-08-02 15:24:52,30.97,62.72,1004.00,200.00,2196,23.409,88900,22.0,29.0,33.0,YES,UNKNOWN_ANALYSIS_IAQ200_VOC23.41ppm,4938.9,26,14.8,0.259,429
2026-08-02 15:25:02,30.97,62.72,1004.00,200.00,2196,23.409,88900,23.0,30.0,32.0,YES,UNKNOWN_ANALYSIS_IAQ200_VOC23.41ppm,4949.3,26,14.8,0.259,429
2026-08-02 15:25:12,30.97,62.72,1004.00,200.00,2196,23.409,88900,22.0,29.0,32.0,YES,UNKNOWN_ANALYSIS_IAQ200_VOC23.41ppm,4958.7,26,14.8,0.259,429
2026-08-02 15:25:22,30.97,62.72,1004.00,200.00,2196,23.409,88900,22.0,31.0,33.0,YES,UNKNOWN_ANALYSIS_IAQ200_VOC23.41ppm,4969.2,26,14.8,0.259,429
2026-08-02 15:25:32,30.97,62.72,1004.00,200.00,2196,23.409,88900,21.0,29.0,32.0,YES,UNKNOWN_ANALYSIS_IAQ200_VOC23.41ppm,4978.6,26,14.8,0.259,429
2026-08-02 15:25:42,30.97,62.72,1004.00,200.00,2196,23.409,88900,21.0,29.0,31.0,YES,UNKNOWN_ANALYSIS_IAQ200_VOC23.41ppm,4989.0,26,14.8,0.259,429
PMS7003: Timeout error
📊 Z-scores: IAQ=27.88 VOC=508.75 CO2=131.70 GasDrop=11.83
2026-08-02 15:25:52,30.97,62.72,1004.00,200.00,2196,23.409,88900,21.0,29.0,31.0,YES,UNKNOWN_ANALYSIS_IAQ200_VOC23.41ppm,4999.4,26,14.8,0.259,429
2026-08-02 15:26:02,30.97,62.72,1004.00,200.00,2196,23.409,88900,22.0,30.0,33.0,YES,UNKNOWN_ANALYSIS_IAQ200_VOC23.41ppm,5008.9,26,14.8,0.259,429
2026-08-02 15:26:12,30.97,62.72,1004.00,200.00,2196,23.409,88900,22.0,29.0,33.0,YES,UNKNOWN_ANALYSIS_IAQ200_VOC23.41ppm,5019.3,26,14.8,0.259,429
2026-08-02 15:26:22,30.97,62.72,1004.00,200.00,2196,23.409,88900,22.0,29.0,31.0,YES,UNKNOWN_ANALYSIS_IAQ200_VOC23.41ppm,5028.7,26,14.8,0.259,429
2026-08-02 15:26:32,30.97,62.72,1004.00,200.00,2196,23.409,88900,22.0,29.0,32.0,YES,UNKNOWN_ANALYSIS_IAQ200_VOC23.41ppm,5039.2,26,14.8,0.259,429
2026-08-02 15:26:42,30.97,62.72,1004.00,200.00,2196,23.409,88900,21.0,30.0,33.0,YES,UNKNOWN_ANALYSIS_IAQ200_VOC23.41ppm,5048.6,26,14.8,0.259,429
2026-08-02 15:26:52,30.97,62.72,1004.00,200.00,2196,23.409,88900,21.0,30.0,34.0,YES,UNKNOWN_ANALYSIS_IAQ200_VOC23.41ppm,5059.1,26,14.8,0.259,429
📊 Z-scores: IAQ=27.88 VOC=508.75 CO2=131.70 GasDrop=11.83
2026-08-02 15:27:02,30.97,62.72,1004.00,200.00,2196,23.409,88900,19.0,28.0,33.0,YES,UNKNOWN_ANALYSIS_IAQ200_VOC23.41ppm,5069.5,26,14.8,0.259,429
2026-08-02 15:27:12,30.97,62.72,1004.00,200.00,2196,23.409,88900,20.0,29.0,33.0,YES,UNKNOWN_ANALYSIS_IAQ200_VOC23.41ppm,5078.9,26,14.8,0.259,429
2026-08-02 15:27:22,30.97,62.72,1004.00,200.00,2196,23.409,88900,20.0,29.0,31.0,YES,UNKNOWN_ANALYSIS_IAQ200_VOC23.41ppm,5089.4,26,14.8,0.259,429
2026-08-02 15:27:32,30.97,62.72,1004.00,200.00,2196,23.409,88900,20.0,29.0,31.0,YES,UNKNOWN_ANALYSIS_IAQ200_VOC23.41ppm,5098.8,26,14.8,0.259,429
2026-08-02 15:27:42,31.16,62.65,1004.00,190.16,2069,17.552,90200,21.0,30.0,31.0,YES,UNKNOWN_ANALYSIS_IAQ190_VOC17.55ppm,5109.2,26,14.8,0.259,429
2026-08-02 15:27:53,31.16,62.65,1004.00,190.16,2069,17.552,90200,20.0,29.0,30.0,YES,UNKNOWN_ANALYSIS_IAQ190_VOC17.55ppm,5119.7,26,14.8,0.259,429
2026-08-02 15:28:02,31.16,62.65,1004.00,190.16,2069,17.552,90200,20.0,30.0,31.0,YES,UNKNOWN_ANALYSIS_IAQ190_VOC17.55ppm,5129.1,26,14.8,0.259,429
📊 Z-scores: IAQ=26.40 VOC=380.04 CO2=122.24 GasDrop=11.66
2026-08-02 15:28:12,31.16,62.65,1004.00,190.16,2069,17.552,90200,19.0,29.0,30.0,YES,UNKNOWN_ANALYSIS_IAQ190_VOC17.55ppm,5139.5,26,14.8,0.259,429
2026-08-02 15:28:22,31.16,62.65,1004.00,190.16,2069,17.552,90200,20.0,30.0,31.0,YES,UNKNOWN_ANALYSIS_IAQ190_VOC17.55ppm,5148.9,26,14.8,0.259,429
2026-08-02 15:28:32,31.16,62.65,1004.00,190.16,2069,17.552,90200,20.0,29.0,33.0,YES,UNKNOWN_ANALYSIS_IAQ190_VOC17.55ppm,5159.4,26,14.8,0.259,429
2026-08-02 15:28:42,31.16,62.65,1004.00,190.16,2069,17.552,90200,21.0,29.0,32.0,YES,UNKNOWN_ANALYSIS_IAQ190_VOC17.55ppm,5168.8,26,14.8,0.259,429
2026-08-02 15:28:52,31.16,62.65,1004.00,190.16,2069,17.552,90200,21.0,30.0,32.0,YES,UNKNOWN_ANALYSIS_IAQ190_VOC17.55ppm,5179.2,26,14.8,0.259,429
2026-08-02 15:29:03,31.16,62.65,1004.00,190.16,2069,17.552,90200,21.0,27.0,31.0,YES,UNKNOWN_ANALYSIS_IAQ190_VOC17.55ppm,5189.7,26,14.8,0.259,429
2026-08-02 15:29:12,31.16,62.65,1004.00,190.16,2069,17.552,90200,21.0,28.0,29.0,YES,UNKNOWN_ANALYSIS_IAQ190_VOC17.55ppm,5199.1,26,14.8,0.259,429
📊 Z-scores: IAQ=26.40 VOC=380.04 CO2=122.24 GasDrop=11.66
2026-08-02 15:29:22,31.16,62.65,1004.00,190.16,2069,17.552,90200,21.0,29.0,30.0,YES,UNKNOWN_ANALYSIS_IAQ190_VOC17.55ppm,5209.5,26,14.8,0.259,429
2026-08-02 15:29:32,31.16,62.65,1004.00,190.16,2069,17.552,90200,20.0,29.0,29.0,YES,UNKNOWN_ANALYSIS_IAQ190_VOC17.55ppm,5218.9,26,14.8,0.259,429
2026-08-02 15:29:42,31.16,62.65,1004.00,190.16,2069,17.552,90200,20.0,29.0,29.0,YES,UNKNOWN_ANALYSIS_IAQ190_VOC17.55ppm,5229.4,26,14.8,0.259,429
2026-08-02 15:29:53,31.16,62.65,1004.00,190.16,2069,17.552,90200,20.0,29.0,29.0,YES,UNKNOWN_ANALYSIS_IAQ190_VOC17.55ppm,5239.8,26,14.8,0.259,429
2026-08-02 15:30:02,31.16,62.65,1004.00,190.16,2069,17.552,90200,20.0,29.0,31.0,YES,UNKNOWN_ANALYSIS_IAQ190_VOC17.55ppm,5249.2,26,14.8,0.259,429
2026-08-02 15:30:13,31.16,62.65,1004.00,190.16,2069,17.552,90200,21.0,30.0,32.0,YES,UNKNOWN_ANALYSIS_IAQ190_VOC17.55ppm,5259.7,26,14.8,0.259,429
2026-08-02 15:30:22,31.16,62.65,1004.00,190.16,2069,17.552,90200,20.0,29.0,31.0,YES,UNKNOWN_ANALYSIS_IAQ190_VOC17.55ppm,5269.1,26,14.8,0.259,429
📊 Z-scores: IAQ=26.40 VOC=380.04 CO2=122.24 GasDrop=11.66
2026-08-02 15:30:32,31.16,62.65,1004.00,190.16,2069,17.552,90200,19.0,28.0,28.0,YES,UNKNOWN_ANALYSIS_IAQ190_VOC17.55ppm,5279.5,26,14.8,0.259,429
2026-08-02 15:30:43,31.16,62.65,1004.00,190.16,2069,17.552,90200,19.0,29.0,29.0,YES,UNKNOWN_ANALYSIS_IAQ190_VOC17.55ppm,5290.0,26,14.8,0.259,429
2026-08-02 15:30:52,31.16,62.65,1004.00,190.16,2069,17.552,90200,20.0,28.0,28.0,YES,UNKNOWN_ANALYSIS_IAQ190_VOC17.55ppm,5299.4,26,14.8,0.259,429
2026-08-02 15:31:03,31.16,62.65,1004.00,190.16,2069,17.552,90200,20.0,29.0,30.0,YES,UNKNOWN_ANALYSIS_IAQ190_VOC17.55ppm,5309.8,26,14.8,0.259,429
2026-08-02 15:31:12,31.16,62.65,1004.00,190.16,2069,17.552,90200,21.0,29.0,30.0,YES,UNKNOWN_ANALYSIS_IAQ190_VOC17.55ppm,5319.2,26,14.8,0.259,429
2026-08-02 15:31:23,31.16,62.65,1004.00,190.16,2069,17.552,90200,21.0,29.0,30.0,YES,UNKNOWN_ANALYSIS_IAQ190_VOC17.55ppm,5329.7,26,14.8,0.259,429
📊 Z-scores: IAQ=26.40 VOC=380.04 CO2=122.24 GasDrop=11.66
2026-08-02 15:31:33,31.16,62.65,1004.00,190.16,2069,17.552,90200,21.0,28.0,29.0,YES,UNKNOWN_ANALYSIS_IAQ190_VOC17.55ppm,5340.1,26,14.8,0.259,429
2026-08-02 15:31:42,31.16,62.65,1004.00,190.16,2069,17.552,90200,22.0,30.0,31.0,YES,UNKNOWN_ANALYSIS_IAQ190_VOC17.55ppm,5349.5,26,14.8,0.259,429
2026-08-02 15:31:53,31.16,62.65,1004.00,190.16,2069,17.552,90200,21.0,30.0,30.0,YES,UNKNOWN_ANALYSIS_IAQ190_VOC17.55ppm,5360.0,26,14.8,0.259,429
2026-08-02 15:32:02,31.16,62.65,1004.00,190.16,2069,17.552,90200,20.0,29.0,31.0,YES,UNKNOWN_ANALYSIS_IAQ190_VOC17.55ppm,5369.4,26,14.8,0.259,429
2026-08-02 15:32:13,31.16,62.65,1004.00,190.16,2069,17.552,90200,20.0,29.0,31.0,YES,UNKNOWN_ANALYSIS_IAQ190_VOC17.55ppm,5379.8,26,14.8,0.259,429
2026-08-02 15:32:22,31.16,62.65,1004.00,190.16,2069,17.552,90200,21.0,30.0,32.0,YES,UNKNOWN_ANALYSIS_IAQ190_VOC17.55ppm,5389.2,26,14.8,0.259,429
2026-08-02 15:32:33,31.16,62.65,1004.00,190.16,2069,17.552,90200,20.0,29.0,31.0,YES,UNKNOWN_ANALYSIS_IAQ190_VOC17.55ppm,5399.7,26,14.8,0.259,429
📊 Z-scores: IAQ=23.23 VOC=214.33 CO2=103.79 GasDrop=11.18
2026-08-02 15:32:43,31.21,62.57,1004.00,169.11,1822,10.012,93800,22.0,31.0,33.0,YES,UNKNOWN_ANALYSIS_IAQ169_VOC10.01ppm,5410.1,26,14.8,0.259,429
2026-08-02 15:32:52,31.21,62.57,1004.00,169.11,1822,10.012,93800,21.0,30.0,32.0,YES,UNKNOWN_ANALYSIS_IAQ169_VOC10.01ppm,5419.6,26,14.8,0.259,429
2026-08-02 15:33:03,31.21,62.57,1004.00,169.11,1822,10.012,93800,21.0,29.0,31.0,YES,UNKNOWN_ANALYSIS_IAQ169_VOC10.01ppm,5430.0,26,14.8,0.259,429
2026-08-02 15:33:12,31.21,62.57,1004.00,169.11,1822,10.012,93800,22.0,29.0,31.0,YES,UNKNOWN_ANALYSIS_IAQ169_VOC10.01ppm,5439.4,26,14.8,0.259,429
2026-08-02 15:33:23,31.21,62.57,1004.00,169.11,1822,10.012,93800,21.0,30.0,32.0,YES,UNKNOWN_ANALYSIS_IAQ169_VOC10.01ppm,5449.9,26,14.8,0.259,429
2026-08-02 15:33:32,31.21,62.57,1004.00,169.11,1822,10.012,93800,21.0,30.0,32.0,YES,UNKNOWN_ANALYSIS_IAQ169_VOC10.01ppm,5459.3,26,14.8,0.259,429
2026-08-02 15:33:43,31.21,62.57,1004.00,169.11,1822,10.012,93800,21.0,29.0,32.0,YES,UNKNOWN_ANALYSIS_IAQ169_VOC10.01ppm,5469.7,26,14.8,0.259,429
📊 Z-scores: IAQ=23.23 VOC=214.33 CO2=103.79 GasDrop=11.18
2026-08-02 15:33:53,31.21,62.57,1004.00,169.11,1822,10.012,93800,21.0,28.0,30.0,YES,UNKNOWN_ANALYSIS_IAQ169_VOC10.01ppm,5480.2,26,14.8,0.259,429
2026-08-02 15:34:03,31.21,62.57,1004.00,169.11,1822,10.012,93800,21.0,28.0,30.0,YES,UNKNOWN_ANALYSIS_IAQ169_VOC10.01ppm,5489.6,26,14.8,0.259,429
2026-08-02 15:34:13,31.21,62.57,1004.00,169.11,1822,10.012,93800,20.0,27.0,29.0,YES,UNKNOWN_ANALYSIS_IAQ169_VOC10.01ppm,5500.0,26,14.8,0.259,429
2026-08-02 15:34:22,31.21,62.57,1004.00,169.11,1822,10.012,93800,20.0,28.0,28.0,YES,UNKNOWN_ANALYSIS_IAQ169_VOC10.01ppm,5509.5,26,14.8,0.259,429
2026-08-02 15:34:33,31.21,62.57,1004.00,169.11,1822,10.012,93800,21.0,29.0,31.0,YES,UNKNOWN_ANALYSIS_IAQ169_VOC10.01ppm,5519.9,26,14.8,0.259,429
2026-08-02 15:34:42,31.21,62.57,1004.00,169.11,1822,10.012,93800,22.0,31.0,34.0,YES,UNKNOWN_ANALYSIS_IAQ169_VOC10.01ppm,5529.3,26,14.8,0.259,429
2026-08-02 15:34:53,31.21,62.57,1004.00,169.11,1822,10.012,93800,21.0,31.0,34.0,YES,UNKNOWN_ANALYSIS_IAQ169_VOC10.01ppm,5539.8,26,14.8,0.259,429
📊 Z-scores: IAQ=23.23 VOC=214.33 CO2=103.79 GasDrop=11.18
2026-08-02 15:35:03,31.21,62.57,1004.00,169.11,1822,10.012,93800,22.0,30.0,32.0,YES,UNKNOWN_ANALYSIS_IAQ169_VOC10.01ppm,5550.2,26,14.8,0.259,429
2026-08-02 15:35:13,31.21,62.57,1004.00,169.11,1822,10.012,93800,20.0,28.0,28.0,YES,UNKNOWN_ANALYSIS_IAQ169_VOC10.01ppm,5559.6,26,14.8,0.259,429
2026-08-02 15:35:23,31.21,62.57,1004.00,169.11,1822,10.012,93800,21.0,30.0,30.0,YES,UNKNOWN_ANALYSIS_IAQ169_VOC10.01ppm,5570.1,26,14.8,0.259,429
2026-08-02 15:35:32,31.21,62.57,1004.00,169.11,1822,10.012,93800,20.0,29.0,29.0,YES,UNKNOWN_ANALYSIS_IAQ169_VOC10.01ppm,5579.5,26,14.8,0.259,429
2026-08-02 15:35:43,31.21,62.57,1004.00,169.11,1822,10.012,93800,19.0,28.0,28.0,YES,UNKNOWN_ANALYSIS_IAQ169_VOC10.01ppm,5590.0,26,14.8,0.259,429
2026-08-02 15:35:52,31.21,62.57,1004.00,169.11,1822,10.012,93800,20.0,27.0,28.0,YES,UNKNOWN_ANALYSIS_IAQ169_VOC10.01ppm,5599.4,26,14.8,0.259,429
2026-08-02 15:36:03,31.21,62.57,1004.00,169.11,1822,10.012,93800,21.0,30.0,30.0,YES,UNKNOWN_ANALYSIS_IAQ169_VOC10.01ppm,5609.8,26,14.8,0.259,429
📊 Z-scores: IAQ=23.23 VOC=214.33 CO2=103.79 GasDrop=11.18
2026-08-02 15:36:13,31.21,62.57,1004.00,169.11,1822,10.012,93800,21.0,29.0,30.0,YES,UNKNOWN_ANALYSIS_IAQ169_VOC10.01ppm,5620.3,26,14.8,0.259,429
2026-08-02 15:36:23,31.21,62.57,1004.00,169.11,1822,10.012,93800,22.0,30.0,32.0,YES,UNKNOWN_ANALYSIS_IAQ169_VOC10.01ppm,5629.7,26,14.8,0.259,429
2026-08-02 15:36:33,31.21,62.57,1004.00,169.11,1822,10.012,93800,21.0,29.0,31.0,YES,UNKNOWN_ANALYSIS_IAQ169_VOC10.01ppm,5640.1,26,14.8,0.259,429
2026-08-02 15:36:42,31.21,62.57,1004.00,169.11,1822,10.012,93800,21.0,29.0,32.0,YES,UNKNOWN_ANALYSIS_IAQ169_VOC10.01ppm,5649.5,26,14.8,0.259,429
2026-08-02 15:36:53,31.21,62.57,1004.00,169.11,1822,10.012,93800,22.0,31.0,34.0,YES,UNKNOWN_ANALYSIS_IAQ169_VOC10.01ppm,5660.0,26,14.8,0.259,429
2026-08-02 15:37:02,31.21,62.57,1004.00,169.11,1822,10.012,93800,22.0,31.0,34.0,YES,UNKNOWN_ANALYSIS_IAQ169_VOC10.01ppm,5669.4,26,14.8,0.259,429
2026-08-02 15:37:13,31.21,62.57,1004.00,169.11,1822,10.012,93800,23.0,32.0,33.0,YES,UNKNOWN_ANALYSIS_IAQ169_VOC10.01ppm,5679.9,26,14.8,0.259,429
📊 Z-scores: IAQ=23.23 VOC=214.33 CO2=103.79 GasDrop=11.18
2026-08-02 15:37:23,31.21,62.57,1004.00,169.11,1822,10.012,93800,21.0,31.0,34.0,YES,UNKNOWN_ANALYSIS_IAQ169_VOC10.01ppm,5690.3,26,14.8,0.259,429
2026-08-02 15:37:33,31.21,62.57,1004.00,169.11,1822,10.012,93800,22.0,32.0,36.0,YES,UNKNOWN_ANALYSIS_IAQ169_VOC10.01ppm,5699.7,26,14.8,0.259,429
2026-08-02 15:37:43,31.27,62.51,1003.00,158.82,1697,7.550,95500,21.0,31.0,33.0,YES,UNKNOWN_ANALYSIS_IAQ159_VOC7.55ppm,5710.2,26,14.8,0.259,429
2026-08-02 15:37:53,31.27,62.51,1003.00,158.82,1697,7.550,95500,21.0,31.0,33.0,YES,UNKNOWN_ANALYSIS_IAQ159_VOC7.55ppm,5719.6,26,14.8,0.259,429
2026-08-02 15:38:03,31.27,62.51,1003.00,158.82,1697,7.550,95500,22.0,32.0,34.0,YES,UNKNOWN_ANALYSIS_IAQ159_VOC7.55ppm,5730.0,26,14.8,0.259,429
2026-08-02 15:38:12,31.27,62.51,1003.00,158.82,1697,7.550,95500,21.0,31.0,34.0,YES,UNKNOWN_ANALYSIS_IAQ159_VOC7.55ppm,5739.4,26,14.8,0.259,429
2026-08-02 15:38:23,31.27,62.51,1003.00,158.82,1697,7.550,95500,22.0,33.0,38.0,YES,UNKNOWN_ANALYSIS_IAQ159_VOC7.55ppm,5749.9,26,14.8,0.259,429
📊 Z-scores: IAQ=21.68 VOC=160.23 CO2=94.51 GasDrop=10.96
2026-08-02 15:38:33,31.27,62.51,1003.00,158.82,1697,7.550,95500,22.0,33.0,38.0,YES,UNKNOWN_ANALYSIS_IAQ159_VOC7.55ppm,5760.3,26,14.8,0.259,429
2026-08-02 15:38:43,31.27,62.51,1003.00,158.82,1697,7.550,95500,22.0,31.0,35.0,YES,UNKNOWN_ANALYSIS_IAQ159_VOC7.55ppm,5769.8,26,14.8,0.259,429
2026-08-02 15:38:53,31.27,62.51,1003.00,158.82,1697,7.550,95500,22.0,31.0,35.0,YES,UNKNOWN_ANALYSIS_IAQ159_VOC7.55ppm,5780.2,26,14.8,0.259,429
2026-08-02 15:39:03,31.27,62.51,1003.00,158.82,1697,7.550,95500,23.0,33.0,38.0,YES,UNKNOWN_ANALYSIS_IAQ159_VOC7.55ppm,5789.6,26,14.8,0.259,429
2026-08-02 15:39:13,31.27,62.51,1003.00,158.82,1697,7.550,95500,23.0,33.0,38.0,YES,UNKNOWN_ANALYSIS_IAQ159_VOC7.55ppm,5800.1,26,14.8,0.259,429
2026-08-02 15:39:22,31.27,62.51,1003.00,158.82,1697,7.550,95500,23.0,34.0,39.0,YES,UNKNOWN_ANALYSIS_IAQ159_VOC7.55ppm,5809.5,26,14.8,0.259,429
2026-08-02 15:39:33,31.27,62.51,1003.00,158.82,1697,7.550,95500,22.0,33.0,37.0,YES,UNKNOWN_ANALYSIS_IAQ159_VOC7.55ppm,5819.9,26,14.8,0.259,429
📊 Z-scores: IAQ=21.68 VOC=160.23 CO2=94.51 GasDrop=10.96
2026-08-02 15:39:43,31.27,62.51,1003.00,158.82,1697,7.550,95500,22.0,33.0,37.0,YES,UNKNOWN_ANALYSIS_IAQ159_VOC7.55ppm,5830.4,26,14.8,0.259,429
2026-08-02 15:39:53,31.27,62.51,1003.00,158.82,1697,7.550,95500,23.0,35.0,39.0,YES,UNKNOWN_ANALYSIS_IAQ159_VOC7.55ppm,5839.8,26,14.8,0.259,429
2026-08-02 15:40:03,31.27,62.51,1003.00,158.82,1697,7.550,95500,23.0,34.0,38.0,YES,UNKNOWN_ANALYSIS_IAQ159_VOC7.55ppm,5850.3,26,14.8,0.259,429
2026-08-02 15:40:13,31.27,62.51,1003.00,158.82,1697,7.550,95500,25.0,35.0,39.0,YES,UNKNOWN_ANALYSIS_IAQ159_VOC7.55ppm,5859.7,26,14.8,0.259,429
2026-08-02 15:40:23,31.27,62.51,1003.00,158.82,1697,7.550,95500,25.0,35.0,40.0,YES,UNKNOWN_ANALYSIS_IAQ159_VOC7.55ppm,5870.1,26,14.8,0.259,429
2026-08-02 15:40:32,31.27,62.51,1003.00,158.82,1697,7.550,95500,26.0,36.0,42.0,YES,UNKNOWN_ANALYSIS_IAQ159_VOC7.55ppm,5879.5,26,14.8,0.259,429
2026-08-02 15:40:43,31.27,62.51,1003.00,158.82,1697,7.550,95500,26.0,37.0,42.0,YES,UNKNOWN_ANALYSIS_IAQ159_VOC7.55ppm,5890.0,26,14.8,0.259,429
📊 Z-scores: IAQ=21.68 VOC=160.23 CO2=94.51 GasDrop=10.96
2026-08-02 15:40:53,31.27,62.51,1003.00,158.82,1697,7.550,95500,26.0,36.0,40.0,YES,UNKNOWN_ANALYSIS_IAQ159_VOC7.55ppm,5900.4,26,14.8,0.259,429
2026-08-02 15:41:03,31.27,62.51,1003.00,158.82,1697,7.550,95500,26.0,35.0,39.0,YES,UNKNOWN_ANALYSIS_IAQ159_VOC7.55ppm,5909.9,26,14.8,0.259,429
2026-08-02 15:41:13,31.27,62.51,1003.00,158.82,1697,7.550,95500,25.0,34.0,39.0,YES,UNKNOWN_ANALYSIS_IAQ159_VOC7.55ppm,5920.3,26,14.8,0.259,429
2026-08-02 15:41:23,31.27,62.51,1003.00,158.82,1697,7.550,95500,25.0,34.0,39.0,YES,UNKNOWN_ANALYSIS_IAQ159_VOC7.55ppm,5929.7,26,14.8,0.259,429
2026-08-02 15:41:33,31.27,62.51,1003.00,158.82,1697,7.550,95500,26.0,35.0,42.0,YES,UNKNOWN_ANALYSIS_IAQ159_VOC7.55ppm,5940.2,26,14.8,0.259,429
2026-08-02 15:41:43,31.27,62.51,1003.00,158.82,1697,7.550,95500,25.0,34.0,41.0,YES,UNKNOWN_ANALYSIS_IAQ159_VOC7.55ppm,5949.6,26,14.8,0.259,429
2026-08-02 15:41:53,31.27,62.51,1003.00,158.82,1697,7.550,95500,26.0,35.0,40.0,YES,UNKNOWN_ANALYSIS_IAQ159_VOC7.55ppm,5960.0,26,14.8,0.259,429
📊 Z-scores: IAQ=21.68 VOC=160.23 CO2=94.51 GasDrop=10.96
2026-08-02 15:42:03,31.27,62.51,1003.00,158.82,1697,7.550,95500,26.0,36.0,42.0,YES,UNKNOWN_ANALYSIS_IAQ159_VOC7.55ppm,5970.5,26,14.8,0.259,429
2026-08-02 15:42:13,31.27,62.51,1003.00,158.82,1697,7.550,95500,24.0,36.0,42.0,YES,UNKNOWN_ANALYSIS_IAQ159_VOC7.55ppm,5979.9,26,14.8,0.259,429
2026-08-02 15:42:23,31.27,62.51,1003.00,158.82,1697,7.550,95500,24.0,35.0,42.0,YES,UNKNOWN_ANALYSIS_IAQ159_VOC7.55ppm,5990.3,26,14.8,0.259,429
2026-08-02 15:42:33,31.27,62.51,1003.00,158.82,1697,7.550,95500,24.0,34.0,39.0,YES,UNKNOWN_ANALYSIS_IAQ159_VOC7.55ppm,5999.8,26,14.8,0.259,429
2026-08-02 15:42:43,31.32,62.49,1003.00,160.24,1703,7.641,95100,23.0,34.0,40.0,YES,UNKNOWN_ANALYSIS_IAQ160_VOC7.64ppm,6010.2,26,14.8,0.259,429
2026-08-02 15:42:54,31.32,62.49,1003.00,160.24,1703,7.641,95100,23.0,35.0,40.0,YES,UNKNOWN_ANALYSIS_IAQ160_VOC7.64ppm,6020.7,26,14.8,0.259,429
2026-08-02 15:43:03,31.32,62.49,1003.00,160.24,1703,7.641,95100,25.0,36.0,41.0,YES,UNKNOWN_ANALYSIS_IAQ160_VOC7.64ppm,6030.1,26,14.8,0.259,429
📊 Z-scores: IAQ=21.90 VOC=162.23 CO2=94.90 GasDrop=11.01
2026-08-02 15:43:13,31.32,62.49,1003.00,160.24,1703,7.641,95100,24.0,35.0,40.0,YES,UNKNOWN_ANALYSIS_IAQ160_VOC7.64ppm,6040.5,26,14.8,0.259,429
2026-08-02 15:43:23,31.32,62.49,1003.00,160.24,1703,7.641,95100,25.0,37.0,43.0,YES,UNKNOWN_ANALYSIS_IAQ160_VOC7.64ppm,6049.9,26,14.8,0.259,429
2026-08-02 15:43:33,31.32,62.49,1003.00,160.24,1703,7.641,95100,26.0,38.0,44.0,YES,UNKNOWN_ANALYSIS_IAQ160_VOC7.64ppm,6060.4,26,14.8,0.259,429
2026-08-02 15:43:44,31.32,62.49,1003.00,160.24,1703,7.641,95100,25.0,37.0,43.0,YES,UNKNOWN_ANALYSIS_IAQ160_VOC7.64ppm,6070.8,26,14.8,0.259,429
2026-08-02 15:43:53,31.32,62.49,1003.00,160.24,1703,7.641,95100,26.0,38.0,43.0,YES,UNKNOWN_ANALYSIS_IAQ160_VOC7.64ppm,6080.2,26,14.8,0.259,429
2026-08-02 15:44:04,31.32,62.49,1003.00,160.24,1703,7.641,95100,26.0,37.0,42.0,YES,UNKNOWN_ANALYSIS_IAQ160_VOC7.64ppm,6090.7,26,14.8,0.259,429
2026-08-02 15:44:13,31.32,62.49,1003.00,160.24,1703,7.641,95100,25.0,36.0,42.0,YES,UNKNOWN_ANALYSIS_IAQ160_VOC7.64ppm,6100.1,26,14.8,0.259,429
📊 Z-scores: IAQ=21.90 VOC=162.23 CO2=94.90 GasDrop=11.01
2026-08-02 15:44:23,31.32,62.49,1003.00,160.24,1703,7.641,95100,26.0,38.0,43.0,YES,UNKNOWN_ANALYSIS_IAQ160_VOC7.64ppm,6110.5,26,14.8,0.259,429
2026-08-02 15:44:33,31.32,62.49,1003.00,160.24,1703,7.641,95100,25.0,37.0,44.0,YES,UNKNOWN_ANALYSIS_IAQ160_VOC7.64ppm,6120.0,26,14.8,0.259,429
2026-08-02 15:44:43,31.32,62.49,1003.00,160.24,1703,7.641,95100,26.0,37.0,45.0,YES,UNKNOWN_ANALYSIS_IAQ160_VOC7.64ppm,6130.4,26,14.8,0.259,429
2026-08-02 15:44:54,31.32,62.49,1003.00,160.24,1703,7.641,95100,25.0,36.0,43.0,YES,UNKNOWN_ANALYSIS_IAQ160_VOC7.64ppm,6140.9,26,14.8,0.259,429
2026-08-02 15:45:03,31.32,62.49,1003.00,160.24,1703,7.641,95100,27.0,36.0,42.0,YES,UNKNOWN_ANALYSIS_IAQ160_VOC7.64ppm,6150.3,26,14.8,0.259,429
2026-08-02 15:45:14,31.32,62.49,1003.00,160.24,1703,7.641,95100,27.0,36.0,43.0,YES,UNKNOWN_ANALYSIS_IAQ160_VOC7.64ppm,6160.7,26,14.8,0.259,429
2026-08-02 15:45:23,31.32,62.49,1003.00,160.24,1703,7.641,95100,27.0,36.0,43.0,YES,UNKNOWN_ANALYSIS_IAQ160_VOC7.64ppm,6170.1,26,14.8,0.259,429
📊 Z-scores: IAQ=21.90 VOC=162.23 CO2=94.90 GasDrop=11.01
2026-08-02 15:45:34,31.32,62.49,1003.00,160.24,1703,7.641,95100,28.0,39.0,46.0,YES,UNKNOWN_ANALYSIS_IAQ160_VOC7.64ppm,6180.6,26,14.8,0.259,429
2026-08-02 15:45:43,31.32,62.49,1003.00,160.24,1703,7.641,95100,27.0,38.0,46.0,YES,UNKNOWN_ANALYSIS_IAQ160_VOC7.64ppm,6190.0,26,14.8,0.259,429
2026-08-02 15:45:53,31.32,62.49,1003.00,160.24,1703,7.641,95100,27.0,38.0,45.0,YES,UNKNOWN_ANALYSIS_IAQ160_VOC7.64ppm,6200.4,26,14.8,0.259,429
2026-08-02 15:46:04,31.32,62.49,1003.00,160.24,1703,7.641,95100,26.0,36.0,43.0,YES,UNKNOWN_ANALYSIS_IAQ160_VOC7.64ppm,6210.9,26,14.8,0.259,429
2026-08-02 15:46:13,31.32,62.49,1003.00,160.24,1703,7.641,95100,27.0,37.0,44.0,YES,UNKNOWN_ANALYSIS_IAQ160_VOC7.64ppm,6220.3,26,14.8,0.259,429
2026-08-02 15:46:24,31.32,62.49,1003.00,160.24,1703,7.641,95100,27.0,38.0,43.0,YES,UNKNOWN_ANALYSIS_IAQ160_VOC7.64ppm,6230.7,26,14.8,0.259,429
2026-08-02 15:46:33,31.32,62.49,1003.00,160.24,1703,7.641,95100,26.0,36.0,44.0,YES,UNKNOWN_ANALYSIS_IAQ160_VOC7.64ppm,6240.2,26,14.8,0.259,429
📊 Z-scores: IAQ=21.90 VOC=162.23 CO2=94.90 GasDrop=11.01
2026-08-02 15:46:44,31.32,62.49,1003.00,160.24,1703,7.641,95100,27.0,38.0,45.0,YES,UNKNOWN_ANALYSIS_IAQ160_VOC7.64ppm,6250.6,26,14.8,0.259,429
2026-08-02 15:46:54,31.32,62.49,1003.00,160.24,1703,7.641,95100,27.0,38.0,45.0,YES,UNKNOWN_ANALYSIS_IAQ160_VOC7.64ppm,6261.1,26,14.8,0.259,429
2026-08-02 15:47:03,31.32,62.49,1003.00,160.24,1703,7.641,95100,27.0,38.0,45.0,YES,UNKNOWN_ANALYSIS_IAQ160_VOC7.64ppm,6270.5,26,14.8,0.259,429
2026-08-02 15:47:14,31.32,62.49,1003.00,160.24,1703,7.641,95100,27.0,38.0,45.0,YES,UNKNOWN_ANALYSIS_IAQ160_VOC7.64ppm,6280.9,26,14.8,0.259,429
2026-08-02 15:47:23,31.32,62.49,1003.00,160.24,1703,7.641,95100,27.0,39.0,45.0,YES,UNKNOWN_ANALYSIS_IAQ160_VOC7.64ppm,6290.3,26,14.8,0.259,429
2026-08-02 15:47:34,31.32,62.49,1003.00,160.24,1703,7.641,95100,27.0,38.0,45.0,YES,UNKNOWN_ANALYSIS_IAQ160_VOC7.64ppm,6300.8,26,14.8,0.259,429
2026-08-02 15:47:43,31.44,62.43,1003.00,153.58,1621,6.345,96000,26.0,37.0,44.0,YES,UNKNOWN_ANALYSIS_IAQ154_VOC6.35ppm,6310.2,26,14.8,0.259,429
📊 Z-scores: IAQ=20.89 VOC=133.75 CO2=88.80 GasDrop=10.89
2026-08-02 15:47:54,31.44,62.43,1003.00,153.58,1621,6.345,96000,27.0,38.0,44.0,YES,UNKNOWN_ANALYSIS_IAQ154_VOC6.35ppm,6320.6,26,14.8,0.259,429
2026-08-02 15:48:04,31.44,62.43,1003.00,153.58,1621,6.345,96000,27.0,38.0,43.0,YES,UNKNOWN_ANALYSIS_IAQ154_VOC6.35ppm,6331.1,26,14.8,0.259,429
2026-08-02 15:48:13,31.44,62.43,1003.00,153.58,1621,6.345,96000,26.0,37.0,42.0,YES,UNKNOWN_ANALYSIS_IAQ154_VOC6.35ppm,6340.5,26,14.8,0.259,429
2026-08-02 15:48:24,31.44,62.43,1003.00,153.58,1621,6.345,96000,27.0,37.0,42.0,YES,UNKNOWN_ANALYSIS_IAQ154_VOC6.35ppm,6350.9,26,14.8,0.259,429
2026-08-02 15:48:33,31.44,62.43,1003.00,153.58,1621,6.345,96000,27.0,37.0,43.0,YES,UNKNOWN_ANALYSIS_IAQ154_VOC6.35ppm,6360.3,26,14.8,0.259,429
2026-08-02 15:48:44,31.44,62.43,1003.00,153.58,1621,6.345,96000,28.0,39.0,45.0,YES,UNKNOWN_ANALYSIS_IAQ154_VOC6.35ppm,6370.8,26,14.8,0.259,429
📊 Z-scores: IAQ=20.89 VOC=133.75 CO2=88.80 GasDrop=10.89
2026-08-02 15:48:54,31.44,62.43,1003.00,153.58,1621,6.345,96000,27.0,38.0,45.0,YES,UNKNOWN_ANALYSIS_IAQ154_VOC6.35ppm,6381.2,26,14.8,0.259,429
2026-08-02 15:49:04,31.44,62.43,1003.00,153.58,1621,6.345,96000,26.0,37.0,44.0,YES,UNKNOWN_ANALYSIS_IAQ154_VOC6.35ppm,6390.6,26,14.8,0.259,429
2026-08-02 15:49:14,31.44,62.43,1003.00,153.58,1621,6.345,96000,27.0,39.0,46.0,YES,UNKNOWN_ANALYSIS_IAQ154_VOC6.35ppm,6401.1,26,14.8,0.259,429
2026-08-02 15:49:23,31.44,62.43,1003.00,153.58,1621,6.345,96000,28.0,41.0,49.0,YES,UNKNOWN_ANALYSIS_IAQ154_VOC6.35ppm,6410.5,26,14.8,0.259,429
2026-08-02 15:49:34,31.44,62.43,1003.00,153.58,1621,6.345,96000,28.0,40.0,49.0,YES,UNKNOWN_ANALYSIS_IAQ154_VOC6.35ppm,6420.9,26,14.8,0.259,429
PMS7003: Timeout error
2026-08-02 15:49:44,31.44,62.43,1003.00,153.58,1621,6.345,96000,28.0,40.0,49.0,YES,UNKNOWN_ANALYSIS_IAQ154_VOC6.35ppm,6431.4,26,14.8,0.259,429
2026-08-02 15:49:54,31.44,62.43,1003.00,153.58,1621,6.345,96000,28.0,40.0,49.0,YES,UNKNOWN_ANALYSIS_IAQ154_VOC6.35ppm,6440.8,26,14.8,0.259,429
📊 Z-scores: IAQ=20.89 VOC=133.75 CO2=88.80 GasDrop=10.89
2026-08-02 15:50:04,31.44,62.43,1003.00,153.58,1621,6.345,96000,27.0,38.0,46.0,YES,UNKNOWN_ANALYSIS_IAQ154_VOC6.35ppm,6451.3,26,14.8,0.259,429
2026-08-02 15:50:14,31.44,62.43,1003.00,153.58,1621,6.345,96000,26.0,37.0,44.0,YES,UNKNOWN_ANALYSIS_IAQ154_VOC6.35ppm,6460.7,26,14.8,0.259,429
2026-08-02 15:50:24,31.44,62.43,1003.00,153.58,1621,6.345,96000,27.0,38.0,45.0,YES,UNKNOWN_ANALYSIS_IAQ154_VOC6.35ppm,6471.1,26,14.8,0.259,429
2026-08-02 15:50:33,31.44,62.43,1003.00,153.58,1621,6.345,96000,27.0,39.0,47.0,YES,UNKNOWN_ANALYSIS_IAQ154_VOC6.35ppm,6480.5,26,14.8,0.259,429
2026-08-02 15:50:44,31.44,62.43,1003.00,153.58,1621,6.345,96000,25.0,37.0,46.0,YES,UNKNOWN_ANALYSIS_IAQ154_VOC6.35ppm,6491.0,26,14.8,0.259,429
2026-08-02 15:50:54,31.44,62.43,1003.00,153.58,1621,6.345,96000,27.0,38.0,46.0,YES,UNKNOWN_ANALYSIS_IAQ154_VOC6.35ppm,6501.4,26,14.8,0.259,429
2026-08-02 15:51:04,31.44,62.43,1003.00,153.58,1621,6.345,96000,26.0,37.0,46.0,YES,UNKNOWN_ANALYSIS_IAQ154_VOC6.35ppm,6510.8,26,14.8,0.259,429
📊 Z-scores: IAQ=20.89 VOC=133.75 CO2=88.80 GasDrop=10.89
2026-08-02 15:51:14,31.44,62.43,1003.00,153.58,1621,6.345,96000,27.0,37.0,45.0,YES,UNKNOWN_ANALYSIS_IAQ154_VOC6.35ppm,6521.3,26,14.8,0.259,429
2026-08-02 15:51:24,31.44,62.43,1003.00,153.58,1621,6.345,96000,26.0,38.0,47.0,YES,UNKNOWN_ANALYSIS_IAQ154_VOC6.35ppm,6530.7,26,14.8,0.259,429
2026-08-02 15:51:34,31.44,62.43,1003.00,153.58,1621,6.345,96000,26.0,39.0,47.0,YES,UNKNOWN_ANALYSIS_IAQ154_VOC6.35ppm,6541.1,26,14.8,0.259,429
2026-08-02 15:51:43,31.44,62.43,1003.00,153.58,1621,6.345,96000,26.0,39.0,47.0,YES,UNKNOWN_ANALYSIS_IAQ154_VOC6.35ppm,6550.6,26,14.8,0.259,429
2026-08-02 15:51:54,31.44,62.43,1003.00,153.58,1621,6.345,96000,28.0,39.0,47.0,YES,UNKNOWN_ANALYSIS_IAQ154_VOC6.35ppm,6561.0,26,14.8,0.259,429
2026-08-02 15:52:04,31.44,62.43,1003.00,153.58,1621,6.345,96000,28.0,40.0,47.0,YES,UNKNOWN_ANALYSIS_IAQ154_VOC6.35ppm,6571.5,26,14.8,0.259,429
2026-08-02 15:52:14,31.44,62.43,1003.00,153.58,1621,6.345,96000,28.0,39.0,47.0,YES,UNKNOWN_ANALYSIS_IAQ154_VOC6.35ppm,6580.9,26,14.8,0.259,429
📊 Z-scores: IAQ=20.89 VOC=133.75 CO2=88.80 GasDrop=10.89
2026-08-02 15:52:24,31.44,62.43,1003.00,153.58,1621,6.345,96000,26.0,38.0,45.0,YES,UNKNOWN_ANALYSIS_IAQ154_VOC6.35ppm,6591.3,26,14.8,0.259,429
2026-08-02 15:52:34,31.44,62.43,1003.00,153.58,1621,6.345,96000,27.0,39.0,45.0,YES,UNKNOWN_ANALYSIS_IAQ154_VOC6.35ppm,6600.7,26,14.8,0.259,429
2026-08-02 15:52:44,31.62,62.34,1003.00,156.91,1647,6.736,95000,26.0,39.0,48.0,YES,UNKNOWN_ANALYSIS_IAQ157_VOC6.74ppm,6611.2,26,14.8,0.259,429
PMS7003: Timeout error
2026-08-02 15:52:55,31.62,62.34,1003.00,156.91,1647,6.736,95000,26.0,39.0,48.0,YES,UNKNOWN_ANALYSIS_IAQ157_VOC6.74ppm,6621.6,26,14.8,0.259,429
2026-08-02 15:53:04,31.62,62.34,1003.00,156.91,1647,6.736,95000,27.0,37.0,46.0,YES,UNKNOWN_ANALYSIS_IAQ157_VOC6.74ppm,6631.0,26,14.8,0.259,429
2026-08-02 15:53:14,31.62,62.34,1003.00,156.91,1647,6.736,95000,26.0,38.0,46.0,YES,UNKNOWN_ANALYSIS_IAQ157_VOC6.74ppm,6641.5,26,14.8,0.259,429
2026-08-02 15:53:24,31.62,62.34,1003.00,156.91,1647,6.736,95000,26.0,38.0,46.0,YES,UNKNOWN_ANALYSIS_IAQ157_VOC6.74ppm,6650.9,26,14.8,0.259,429
📊 Z-scores: IAQ=21.40 VOC=142.33 CO2=90.76 GasDrop=11.02
2026-08-02 15:53:34,31.62,62.34,1003.00,156.91,1647,6.736,95000,26.0,39.0,46.0,YES,UNKNOWN_ANALYSIS_IAQ157_VOC6.74ppm,6661.3,26,14.8,0.259,429
2026-08-02 15:53:44,31.62,62.34,1003.00,156.91,1647,6.736,95000,27.0,40.0,47.0,YES,UNKNOWN_ANALYSIS_IAQ157_VOC6.74ppm,6670.7,26,14.8,0.259,429
2026-08-02 15:53:54,31.62,62.34,1003.00,156.91,1647,6.736,95000,28.0,40.0,47.0,YES,UNKNOWN_ANALYSIS_IAQ157_VOC6.74ppm,6681.2,26,14.8,0.259,429
2026-08-02 15:54:05,31.62,62.34,1003.00,156.91,1647,6.736,95000,28.0,41.0,47.0,YES,UNKNOWN_ANALYSIS_IAQ157_VOC6.74ppm,6691.6,26,14.8,0.259,429
2026-08-02 15:54:14,31.62,62.34,1003.00,156.91,1647,6.736,95000,26.0,38.0,44.0,YES,UNKNOWN_ANALYSIS_IAQ157_VOC6.74ppm,6701.1,26,14.8,0.259,429
2026-08-02 15:54:24,31.62,62.34,1003.00,156.91,1647,6.736,95000,27.0,39.0,45.0,YES,UNKNOWN_ANALYSIS_IAQ157_VOC6.74ppm,6711.5,26,14.8,0.259,429
2026-08-02 15:54:34,31.62,62.34,1003.00,156.91,1647,6.736,95000,27.0,39.0,45.0,YES,UNKNOWN_ANALYSIS_IAQ157_VOC6.74ppm,6720.9,26,14.8,0.259,429
📊 Z-scores: IAQ=21.40 VOC=142.33 CO2=90.76 GasDrop=11.02
2026-08-02 15:54:44,31.62,62.34,1003.00,156.91,1647,6.736,95000,28.0,39.0,45.0,YES,UNKNOWN_ANALYSIS_IAQ157_VOC6.74ppm,6731.4,26,14.8,0.259,429
PMS7003: Timeout error
2026-08-02 15:54:55,31.62,62.34,1003.00,156.91,1647,6.736,95000,28.0,39.0,45.0,YES,UNKNOWN_ANALYSIS_IAQ157_VOC6.74ppm,6741.8,26,14.8,0.259,429
2026-08-02 15:55:04,31.62,62.34,1003.00,156.91,1647,6.736,95000,27.0,39.0,46.0,YES,UNKNOWN_ANALYSIS_IAQ157_VOC6.74ppm,6751.2,26,14.8,0.259,429
2026-08-02 15:55:15,31.62,62.34,1003.00,156.91,1647,6.736,95000,28.0,39.0,46.0,YES,UNKNOWN_ANALYSIS_IAQ157_VOC6.74ppm,6761.7,26,14.8,0.259,429
2026-08-02 15:55:24,31.62,62.34,1003.00,156.91,1647,6.736,95000,27.0,39.0,46.0,YES,UNKNOWN_ANALYSIS_IAQ157_VOC6.74ppm,6771.1,26,14.8,0.259,429
2026-08-02 15:55:34,31.62,62.34,1003.00,156.91,1647,6.736,95000,27.0,39.0,46.0,YES,UNKNOWN_ANALYSIS_IAQ157_VOC6.74ppm,6781.5,26,14.8,0.259,429
2026-08-02 15:55:44,31.62,62.34,1003.00,156.91,1647,6.736,95000,28.0,39.0,47.0,YES,UNKNOWN_ANALYSIS_IAQ157_VOC6.74ppm,6791.0,26,14.8,0.259,429
📊 Z-scores: IAQ=21.40 VOC=142.33 CO2=90.76 GasDrop=11.02
2026-08-02 15:55:54,31.62,62.34,1003.00,156.91,1647,6.736,95000,27.0,38.0,46.0,YES,UNKNOWN_ANALYSIS_IAQ157_VOC6.74ppm,6801.4,26,14.8,0.259,429
2026-08-02 15:56:05,31.62,62.34,1003.00,156.91,1647,6.736,95000,27.0,38.0,46.0,YES,UNKNOWN_ANALYSIS_IAQ157_VOC6.74ppm,6811.9,26,14.8,0.259,429
2026-08-02 15:56:14,31.62,62.34,1003.00,156.91,1647,6.736,95000,27.0,39.0,47.0,YES,UNKNOWN_ANALYSIS_IAQ157_VOC6.74ppm,6821.3,26,14.8,0.259,429
2026-08-02 15:56:25,31.62,62.34,1003.00,156.91,1647,6.736,95000,26.0,39.0,47.0,YES,UNKNOWN_ANALYSIS_IAQ157_VOC6.74ppm,6831.7,26,14.8,0.259,429
2026-08-02 15:56:34,31.62,62.34,1003.00,156.91,1647,6.736,95000,27.0,38.0,47.0,YES,UNKNOWN_ANALYSIS_IAQ157_VOC6.74ppm,6841.1,26,14.8,0.259,429
2026-08-02 15:56:45,31.62,62.34,1003.00,156.91,1647,6.736,95000,27.0,38.0,46.0,YES,UNKNOWN_ANALYSIS_IAQ157_VOC6.74ppm,6851.6,26,14.8,0.259,429
PMS7003: Unknown error
2026-08-02 15:56:54,31.62,62.34,1003.00,156.91,1647,6.736,95000,27.0,38.0,46.0,YES,UNKNOWN_ANALYSIS_IAQ157_VOC6.74ppm,6861.0,26,14.8,0.259,429
📊 Z-scores: IAQ=21.40 VOC=142.33 CO2=90.76 GasDrop=11.02
2026-08-02 15:57:04,31.62,62.34,1003.00,156.91,1647,6.736,95000,26.0,38.0,45.0,YES,UNKNOWN_ANALYSIS_IAQ157_VOC6.74ppm,6871.4,26,14.8,0.259,429
2026-08-02 15:57:15,31.62,62.34,1003.00,156.91,1647,6.736,95000,27.0,38.0,46.0,YES,UNKNOWN_ANALYSIS_IAQ157_VOC6.74ppm,6881.9,26,14.8,0.259,429
2026-08-02 15:57:24,31.62,62.34,1003.00,156.91,1647,6.736,95000,27.0,38.0,45.0,YES,UNKNOWN_ANALYSIS_IAQ157_VOC6.74ppm,6891.3,26,14.8,0.259,429
2026-08-02 15:57:35,31.62,62.34,1003.00,156.91,1647,6.736,95000,27.0,38.0,45.0,YES,UNKNOWN_ANALYSIS_IAQ157_VOC6.74ppm,6901.8,26,14.8,0.259,429
2026-08-02 15:57:44,31.70,62.25,1003.00,138.91,1447,4.277,98000,26.0,37.0,45.0,YES,UNKNOWN_ANALYSIS_IAQ139_VOC4.28ppm,6911.2,26,14.8,0.259,429
2026-08-02 15:57:55,31.70,62.25,1003.00,138.91,1447,4.277,98000,27.0,39.0,49.0,YES,UNKNOWN_ANALYSIS_IAQ139_VOC4.28ppm,6921.6,26,14.8,0.259,429
📊 Z-scores: IAQ=18.68 VOC=88.30 CO2=75.84 GasDrop=10.63
2026-08-02 15:58:05,31.70,62.25,1003.00,138.91,1447,4.277,98000,28.0,39.0,49.0,YES,UNKNOWN_ANALYSIS_IAQ139_VOC4.28ppm,6932.1,26,14.8,0.259,429
2026-08-02 15:58:14,31.70,62.25,1003.00,138.91,1447,4.277,98000,28.0,39.0,49.0,YES,UNKNOWN_ANALYSIS_IAQ139_VOC4.28ppm,6941.5,26,14.8,0.259,429
2026-08-02 15:58:25,31.70,62.25,1003.00,138.91,1447,4.277,98000,27.0,39.0,48.0,YES,UNKNOWN_ANALYSIS_IAQ139_VOC4.28ppm,6951.9,26,14.8,0.259,429
2026-08-02 15:58:34,31.70,62.25,1003.00,138.91,1447,4.277,98000,29.0,41.0,50.0,YES,UNKNOWN_ANALYSIS_IAQ139_VOC4.28ppm,6961.3,26,14.8,0.259,429
2026-08-02 15:58:45,31.70,62.25,1003.00,138.91,1447,4.277,98000,28.0,40.0,49.0,YES,UNKNOWN_ANALYSIS_IAQ139_VOC4.28ppm,6971.8,26,14.8,0.259,429
2026-08-02 15:58:54,31.70,62.25,1003.00,138.91,1447,4.277,98000,27.0,38.0,47.0,YES,UNKNOWN_ANALYSIS_IAQ139_VOC4.28ppm,6981.2,26,14.8,0.259,429
2026-08-02 15:59:05,31.70,62.25,1003.00,138.91,1447,4.277,98000,28.0,40.0,47.0,YES,UNKNOWN_ANALYSIS_IAQ139_VOC4.28ppm,6991.6,26,14.8,0.259,429
📊 Z-scores: IAQ=18.68 VOC=88.30 CO2=75.84 GasDrop=10.63
2026-08-02 15:59:15,31.70,62.25,1003.00,138.91,1447,4.277,98000,27.0,38.0,46.0,YES,UNKNOWN_ANALYSIS_IAQ139_VOC4.28ppm,7002.1,26,14.8,0.259,429
2026-08-02 15:59:24,31.70,62.25,1003.00,138.91,1447,4.277,98000,27.0,38.0,46.0,YES,UNKNOWN_ANALYSIS_IAQ139_VOC4.28ppm,7011.5,26,14.8,0.259,429
2026-08-02 15:59:35,31.70,62.25,1003.00,138.91,1447,4.277,98000,27.0,39.0,46.0,YES,UNKNOWN_ANALYSIS_IAQ139_VOC4.28ppm,7022.0,26,14.8,0.259,429
2026-08-02 15:59:44,31.70,62.25,1003.00,138.91,1447,4.277,98000,28.0,40.0,47.0,YES,UNKNOWN_ANALYSIS_IAQ139_VOC4.28ppm,7031.4,26,14.8,0.259,429
2026-08-02 15:59:55,31.70,62.25,1003.00,138.91,1447,4.277,98000,28.0,40.0,49.0,YES,UNKNOWN_ANALYSIS_IAQ139_VOC4.28ppm,7041.8,26,14.8,0.259,429
2026-08-02 16:00:05,31.70,62.25,1003.00,138.91,1447,4.277,98000,27.0,39.0,48.0,YES,UNKNOWN_ANALYSIS_IAQ139_VOC4.28ppm,7052.3,26,14.8,0.259,429
2026-08-02 16:00:15,31.70,62.25,1003.00,138.91,1447,4.277,98000,27.0,39.0,47.0,YES,UNKNOWN_ANALYSIS_IAQ139_VOC4.28ppm,7061.7,26,14.8,0.259,429
📊 Z-scores: IAQ=18.68 VOC=88.30 CO2=75.84 GasDrop=10.63
2026-08-02 16:00:25,31.70,62.25,1003.00,138.91,1447,4.277,98000,28.0,39.0,47.0,YES,UNKNOWN_ANALYSIS_IAQ139_VOC4.28ppm,7072.1,26,14.8,0.259,429
2026-08-02 16:00:34,31.70,62.25,1003.00,138.91,1447,4.277,98000,27.0,38.0,46.0,YES,UNKNOWN_ANALYSIS_IAQ139_VOC4.28ppm,7081.5,26,14.8,0.259,429
2026-08-02 16:00:45,31.70,62.25,1003.00,138.91,1447,4.277,98000,27.0,39.0,48.0,YES,UNKNOWN_ANALYSIS_IAQ139_VOC4.28ppm,7092.0,26,14.8,0.259,429
2026-08-02 16:00:54,31.70,62.25,1003.00,138.91,1447,4.277,98000,28.0,40.0,49.0,YES,UNKNOWN_ANALYSIS_IAQ139_VOC4.28ppm,7101.4,26,14.8,0.259,429
2026-08-02 16:01:05,31.70,62.25,1003.00,138.91,1447,4.277,98000,28.0,40.0,49.0,YES,UNKNOWN_ANALYSIS_IAQ139_VOC4.28ppm,7111.8,26,14.8,0.259,429
2026-08-02 16:01:15,31.70,62.25,1003.00,138.91,1447,4.277,98000,27.0,39.0,46.0,YES,UNKNOWN_ANALYSIS_IAQ139_VOC4.28ppm,7122.3,26,14.8,0.259,429
2026-08-02 16:01:25,31.70,62.25,1003.00,138.91,1447,4.277,98000,28.0,40.0,47.0,YES,UNKNOWN_ANALYSIS_IAQ139_VOC4.28ppm,7131.7,26,14.8,0.259,429
📊 Z-scores: IAQ=18.68 VOC=88.30 CO2=75.84 GasDrop=10.63
2026-08-02 16:01:35,31.70,62.25,1003.00,138.91,1447,4.277,98000,28.0,40.0,47.0,YES,UNKNOWN_ANALYSIS_IAQ139_VOC4.28ppm,7142.2,26,14.8,0.259,429
2026-08-02 16:01:45,31.70,62.25,1003.00,138.91,1447,4.277,98000,28.0,41.0,48.0,YES,UNKNOWN_ANALYSIS_IAQ139_VOC4.28ppm,7151.6,26,14.8,0.259,429
2026-08-02 16:01:55,31.70,62.25,1003.00,138.91,1447,4.277,98000,27.0,39.0,46.0,YES,UNKNOWN_ANALYSIS_IAQ139_VOC4.28ppm,7162.0,26,14.8,0.259,429
💾 Saved baseline: IAQ=15.4 VOC=0.263 CO2=430 Gas=177816
2026-08-02 16:02:04,31.70,62.25,1003.00,138.91,1447,4.277,98000,28.0,40.0,49.0,YES,UNKNOWN_ANALYSIS_IAQ139_VOC4.28ppm,7171.4,26,14.8,0.259,429
2026-08-02 16:02:15,31.70,62.25,1003.00,138.91,1447,4.277,98000,27.0,39.0,49.0,YES,UNKNOWN_ANALYSIS_IAQ139_VOC4.28ppm,7181.9,26,14.8,0.259,429
2026-08-02 16:02:25,31.70,62.25,1003.00,138.91,1447,4.277,98000,27.0,39.0,48.0,YES,UNKNOWN_ANALYSIS_IAQ139_VOC4.28ppm,7192.4,26,14.8,0.259,429
2026-08-02 16:02:35,31.70,62.25,1003.00,138.91,1447,4.277,98000,27.0,38.0,48.0,YES,UNKNOWN_ANALYSIS_IAQ139_VOC4.28ppm,7201.8,26,14.8,0.259,429
📊 Z-scores: IAQ=17.83 VOC=75.07 CO2=70.85 GasDrop=10.50
2026-08-02 16:02:45,31.70,62.21,1003.00,133.24,1380,3.675,99000,28.0,40.0,49.0,YES,UNKNOWN_ANALYSIS_IAQ133_VOC3.67ppm,7212.2,26,14.8,0.259,429
2026-08-02 16:02:55,31.70,62.21,1003.00,133.24,1380,3.675,99000,28.0,40.0,50.0,YES,UNKNOWN_ANALYSIS_IAQ133_VOC3.67ppm,7221.6,26,14.8,0.259,429
2026-08-02 16:03:05,31.70,62.21,1003.00,133.24,1380,3.675,99000,27.0,39.0,49.0,YES,UNKNOWN_ANALYSIS_IAQ133_VOC3.67ppm,7232.1,26,14.8,0.259,429
PMS7003: Unknown error
2026-08-02 16:03:15,31.70,62.21,1003.00,133.24,1380,3.675,99000,27.0,39.0,49.0,YES,UNKNOWN_ANALYSIS_IAQ133_VOC3.67ppm,7242.5,26,14.8,0.259,429
2026-08-02 16:03:25,31.70,62.21,1003.00,133.24,1380,3.675,99000,28.0,40.0,50.0,YES,UNKNOWN_ANALYSIS_IAQ133_VOC3.67ppm,7251.9,26,14.8,0.259,429
2026-08-02 16:03:35,31.70,62.21,1003.00,133.24,1380,3.675,99000,29.0,41.0,50.0,YES,UNKNOWN_ANALYSIS_IAQ133_VOC3.67ppm,7262.4,26,14.8,0.259,429
2026-08-02 16:03:45,31.70,62.21,1003.00,133.24,1380,3.675,99000,29.0,40.0,48.0,YES,UNKNOWN_ANALYSIS_IAQ133_VOC3.67ppm,7271.8,26,14.8,0.259,429
📊 Z-scores: IAQ=17.83 VOC=75.07 CO2=70.85 GasDrop=10.50
2026-08-02 16:03:55,31.70,62.21,1003.00,133.24,1380,3.675,99000,29.0,41.0,48.0,YES,UNKNOWN_ANALYSIS_IAQ133_VOC3.67ppm,7282.3,26,14.8,0.259,429
2026-08-02 16:04:05,31.70,62.21,1003.00,133.24,1380,3.675,99000,27.0,40.0,48.0,YES,UNKNOWN_ANALYSIS_IAQ133_VOC3.67ppm,7291.7,26,14.8,0.259,429
2026-08-02 16:04:15,31.70,62.21,1003.00,133.24,1380,3.675,99000,28.0,40.0,47.0,YES,UNKNOWN_ANALYSIS_IAQ133_VOC3.67ppm,7302.1,26,14.8,0.259,429
2026-08-02 16:04:26,31.70,62.21,1003.00,133.24,1380,3.675,99000,28.0,41.0,48.0,YES,UNKNOWN_ANALYSIS_IAQ133_VOC3.67ppm,7312.6,26,14.8,0.259,429
2026-08-02 16:04:35,31.70,62.21,1003.00,133.24,1380,3.675,99000,29.0,40.0,48.0,YES,UNKNOWN_ANALYSIS_IAQ133_VOC3.67ppm,7322.0,26,14.8,0.259,429
2026-08-02 16:04:45,31.70,62.21,1003.00,133.24,1380,3.675,99000,27.0,39.0,46.0,YES,UNKNOWN_ANALYSIS_IAQ133_VOC3.67ppm,7332.5,26,14.8,0.259,429
2026-08-02 16:04:55,31.70,62.21,1003.00,133.24,1380,3.675,99000,27.0,39.0,48.0,YES,UNKNOWN_ANALYSIS_IAQ133_VOC3.67ppm,7341.9,26,14.8,0.259,429
📊 Z-scores: IAQ=17.83 VOC=75.07 CO2=70.85 GasDrop=10.50
2026-08-02 16:05:05,31.70,62.21,1003.00,133.24,1380,3.675,99000,28.0,40.0,47.0,YES,UNKNOWN_ANALYSIS_IAQ133_VOC3.67ppm,7352.3,26,14.8,0.259,429
2026-08-02 16:05:15,31.70,62.21,1003.00,133.24,1380,3.675,99000,27.0,39.0,46.0,YES,UNKNOWN_ANALYSIS_IAQ133_VOC3.67ppm,7361.7,26,14.8,0.259,429
2026-08-02 16:05:25,31.70,62.21,1003.00,133.24,1380,3.675,99000,27.0,40.0,47.0,YES,UNKNOWN_ANALYSIS_IAQ133_VOC3.67ppm,7372.2,26,14.8,0.259,429
2026-08-02 16:05:36,31.70,62.21,1003.00,133.24,1380,3.675,99000,27.0,40.0,49.0,YES,UNKNOWN_ANALYSIS_IAQ133_VOC3.67ppm,7382.6,26,14.8,0.259,429
2026-08-02 16:05:45,31.70,62.21,1003.00,133.24,1380,3.675,99000,29.0,42.0,51.0,YES,UNKNOWN_ANALYSIS_IAQ133_VOC3.67ppm,7392.0,26,14.8,0.259,429
2026-08-02 16:05:55,31.70,62.21,1003.00,133.24,1380,3.675,99000,29.0,42.0,49.0,YES,UNKNOWN_ANALYSIS_IAQ133_VOC3.67ppm,7402.5,26,14.8,0.259,429
2026-08-02 16:06:05,31.70,62.21,1003.00,133.24,1380,3.675,99000,27.0,40.0,48.0,YES,UNKNOWN_ANALYSIS_IAQ133_VOC3.67ppm,7411.9,26,14.8,0.259,429
📊 Z-scores: IAQ=17.83 VOC=75.07 CO2=70.85 GasDrop=10.50
2026-08-02 16:06:15,31.70,62.21,1003.00,133.24,1380,3.675,99000,28.0,41.0,49.0,YES,UNKNOWN_ANALYSIS_IAQ133_VOC3.67ppm,7422.4,26,14.8,0.259,429
2026-08-02 16:06:25,31.70,62.21,1003.00,133.24,1380,3.675,99000,29.0,41.0,49.0,YES,UNKNOWN_ANALYSIS_IAQ133_VOC3.67ppm,7431.8,26,14.8,0.259,429
2026-08-02 16:06:35,31.70,62.21,1003.00,133.24,1380,3.675,99000,28.0,41.0,49.0,YES,UNKNOWN_ANALYSIS_IAQ133_VOC3.67ppm,7442.2,26,14.8,0.259,429
2026-08-02 16:06:46,31.70,62.21,1003.00,133.24,1380,3.675,99000,27.0,41.0,49.0,YES,UNKNOWN_ANALYSIS_IAQ133_VOC3.67ppm,7452.7,26,14.8,0.259,429
2026-08-02 16:06:55,31.70,62.21,1003.00,133.24,1380,3.675,99000,27.0,41.0,48.0,YES,UNKNOWN_ANALYSIS_IAQ133_VOC3.67ppm,7462.1,26,14.8,0.259,429
2026-08-02 16:07:05,31.70,62.21,1003.00,133.24,1380,3.675,99000,28.0,41.0,48.0,YES,UNKNOWN_ANALYSIS_IAQ133_VOC3.67ppm,7472.5,26,14.8,0.259,429
2026-08-02 16:07:15,31.70,62.21,1003.00,133.24,1380,3.675,99000,27.0,39.0,47.0,YES,UNKNOWN_ANALYSIS_IAQ133_VOC3.67ppm,7481.9,26,14.8,0.259,429
📊 Z-scores: IAQ=17.83 VOC=75.07 CO2=70.85 GasDrop=10.50
2026-08-02 16:07:25,31.70,62.21,1003.00,133.24,1380,3.675,99000,28.0,41.0,49.0,YES,UNKNOWN_ANALYSIS_IAQ133_VOC3.67ppm,7492.4,26,14.8,0.259,429
2026-08-02 16:07:35,31.70,62.21,1003.00,133.24,1380,3.675,99000,29.0,42.0,50.0,YES,UNKNOWN_ANALYSIS_IAQ133_VOC3.67ppm,7501.8,26,14.8,0.259,429
2026-08-02 16:07:45,31.86,62.16,1003.00,129.78,1337,3.337,99200,29.0,41.0,51.0,YES,UNKNOWN_ANALYSIS_IAQ130_VOC3.34ppm,7512.2,26,14.8,0.259,429
2026-08-02 16:07:56,31.86,62.16,1003.00,129.78,1337,3.337,99200,29.0,41.0,50.0,YES,UNKNOWN_ANALYSIS_IAQ130_VOC3.34ppm,7522.7,26,14.8,0.259,429
2026-08-02 16:08:05,31.86,62.16,1003.00,129.78,1337,3.337,99200,30.0,41.0,51.0,YES,UNKNOWN_ANALYSIS_IAQ130_VOC3.34ppm,7532.1,26,14.8,0.259,429
2026-08-02 16:08:15,31.86,62.16,1003.00,129.78,1337,3.337,99200,31.0,43.0,52.0,YES,UNKNOWN_ANALYSIS_IAQ130_VOC3.34ppm,7542.6,26,14.8,0.259,429
2026-08-02 16:08:25,31.86,62.16,1003.00,129.78,1337,3.337,99200,29.0,42.0,51.0,YES,UNKNOWN_ANALYSIS_IAQ130_VOC3.34ppm,7552.0,26,14.8,0.259,429
📊 Z-scores: IAQ=17.31 VOC=67.64 CO2=67.68 GasDrop=10.47
2026-08-02 16:08:35,31.86,62.16,1003.00,129.78,1337,3.337,99200,30.0,42.0,52.0,YES,UNKNOWN_ANALYSIS_IAQ130_VOC3.34ppm,7562.4,26,14.8,0.259,429
2026-08-02 16:08:45,31.86,62.16,1003.00,129.78,1337,3.337,99200,29.0,43.0,52.0,YES,UNKNOWN_ANALYSIS_IAQ130_VOC3.34ppm,7571.8,26,14.8,0.259,429
2026-08-02 16:08:55,31.86,62.16,1003.00,129.78,1337,3.337,99200,30.0,43.0,52.0,YES,UNKNOWN_ANALYSIS_IAQ130_VOC3.34ppm,7582.3,26,14.8,0.259,429
2026-08-02 16:09:06,31.86,62.16,1003.00,129.78,1337,3.337,99200,30.0,43.0,54.0,YES,UNKNOWN_ANALYSIS_IAQ130_VOC3.34ppm,7592.7,26,14.8,0.259,429
2026-08-02 16:09:15,31.86,62.16,1003.00,129.78,1337,3.337,99200,30.0,43.0,54.0,YES,UNKNOWN_ANALYSIS_IAQ130_VOC3.34ppm,7602.1,26,14.8,0.259,429
2026-08-02 16:09:26,31.86,62.16,1003.00,129.78,1337,3.337,99200,31.0,43.0,52.0,YES,UNKNOWN_ANALYSIS_IAQ130_VOC3.34ppm,7612.6,26,14.8,0.259,429
2026-08-02 16:09:35,31.86,62.16,1003.00,129.78,1337,3.337,99200,30.0,42.0,51.0,YES,UNKNOWN_ANALYSIS_IAQ130_VOC3.34ppm,7622.0,26,14.8,0.259,429
📊 Z-scores: IAQ=17.31 VOC=67.64 CO2=67.68 GasDrop=10.47
2026-08-02 16:09:45,31.86,62.16,1003.00,129.78,1337,3.337,99200,29.0,42.0,51.0,YES,UNKNOWN_ANALYSIS_IAQ130_VOC3.34ppm,7632.4,26,14.8,0.259,429
2026-08-02 16:09:55,31.86,62.16,1003.00,129.78,1337,3.337,99200,30.0,43.0,52.0,YES,UNKNOWN_ANALYSIS_IAQ130_VOC3.34ppm,7641.9,26,14.8,0.259,429
2026-08-02 16:10:05,31.86,62.16,1003.00,129.78,1337,3.337,99200,29.0,42.0,51.0,YES,UNKNOWN_ANALYSIS_IAQ130_VOC3.34ppm,7652.3,26,14.8,0.259,429
2026-08-02 16:10:16,31.86,62.16,1003.00,129.78,1337,3.337,99200,29.0,42.0,51.0,YES,UNKNOWN_ANALYSIS_IAQ130_VOC3.34ppm,7662.7,26,14.8,0.259,429
2026-08-02 16:10:25,31.86,62.16,1003.00,129.78,1337,3.337,99200,29.0,42.0,52.0,YES,UNKNOWN_ANALYSIS_IAQ130_VOC3.34ppm,7672.2,26,14.8,0.259,429
2026-08-02 16:10:36,31.86,62.16,1003.00,129.78,1337,3.337,99200,28.0,41.0,51.0,YES,UNKNOWN_ANALYSIS_IAQ130_VOC3.34ppm,7682.6,26,14.8,0.259,429
2026-08-02 16:10:45,31.86,62.16,1003.00,129.78,1337,3.337,99200,29.0,42.0,53.0,YES,UNKNOWN_ANALYSIS_IAQ130_VOC3.34ppm,7692.0,26,14.8,0.259,429
📊 Z-scores: IAQ=17.31 VOC=67.64 CO2=67.68 GasDrop=10.47
2026-08-02 16:10:55,31.86,62.16,1003.00,129.78,1337,3.337,99200,29.0,43.0,51.0,YES,UNKNOWN_ANALYSIS_IAQ130_VOC3.34ppm,7702.5,26,14.8,0.259,429
PMS7003: Timeout error
2026-08-02 16:11:06,31.86,62.16,1003.00,129.78,1337,3.337,99200,29.0,43.0,51.0,YES,UNKNOWN_ANALYSIS_IAQ130_VOC3.34ppm,7712.9,26,14.8,0.259,429
2026-08-02 16:11:15,31.86,62.16,1003.00,129.78,1337,3.337,99200,30.0,43.0,52.0,YES,UNKNOWN_ANALYSIS_IAQ130_VOC3.34ppm,7722.3,26,14.8,0.259,429
2026-08-02 16:11:26,31.86,62.16,1003.00,129.78,1337,3.337,99200,29.0,42.0,51.0,YES,UNKNOWN_ANALYSIS_IAQ130_VOC3.34ppm,7732.8,26,14.8,0.259,429
2026-08-02 16:11:35,31.86,62.16,1003.00,129.78,1337,3.337,99200,28.0,40.0,49.0,YES,UNKNOWN_ANALYSIS_IAQ130_VOC3.34ppm,7742.2,26,14.8,0.259,429
2026-08-02 16:11:46,31.86,62.16,1003.00,129.78,1337,3.337,99200,28.0,39.0,49.0,YES,UNKNOWN_ANALYSIS_IAQ130_VOC3.34ppm,7752.7,26,14.8,0.259,429
2026-08-02 16:11:55,31.86,62.16,1003.00,129.78,1337,3.337,99200,29.0,41.0,50.0,YES,UNKNOWN_ANALYSIS_IAQ130_VOC3.34ppm,7762.1,26,14.8,0.259,429
📊 Z-scores: IAQ=17.31 VOC=67.64 CO2=67.68 GasDrop=10.47
2026-08-02 16:12:05,31.86,62.16,1003.00,129.78,1337,3.337,99200,28.0,40.0,49.0,YES,UNKNOWN_ANALYSIS_IAQ130_VOC3.34ppm,7772.5,26,14.8,0.259,429
2026-08-02 16:12:16,31.86,62.16,1003.00,129.78,1337,3.337,99200,29.0,42.0,51.0,YES,UNKNOWN_ANALYSIS_IAQ130_VOC3.34ppm,7783.0,26,14.8,0.259,429
2026-08-02 16:12:25,31.86,62.16,1003.00,129.78,1337,3.337,99200,28.0,41.0,49.0,YES,UNKNOWN_ANALYSIS_IAQ130_VOC3.34ppm,7792.4,26,14.8,0.259,429
2026-08-02 16:12:36,31.86,62.16,1003.00,129.78,1337,3.337,99200,29.0,41.0,48.0,YES,UNKNOWN_ANALYSIS_IAQ130_VOC3.34ppm,7802.8,26,14.8,0.259,429
2026-08-02 16:12:45,31.96,62.12,1003.00,134.51,1380,3.680,98100,30.0,42.0,50.0,YES,UNKNOWN_ANALYSIS_IAQ135_VOC3.68ppm,7812.2,26,14.8,0.259,429
2026-08-02 16:12:56,31.96,62.12,1003.00,134.51,1380,3.680,98100,30.0,43.0,52.0,YES,UNKNOWN_ANALYSIS_IAQ135_VOC3.68ppm,7822.7,26,14.8,0.259,429
PMS7003: Timeout error
📊 Z-scores: IAQ=18.02 VOC=75.18 CO2=70.89 GasDrop=10.61
2026-08-02 16:13:06,31.96,62.12,1003.00,134.51,1380,3.680,98100,30.0,43.0,52.0,YES,UNKNOWN_ANALYSIS_IAQ135_VOC3.68ppm,7833.1,26,14.8,0.259,429
2026-08-02 16:13:15,31.96,62.12,1003.00,134.51,1380,3.680,98100,30.0,44.0,53.0,YES,UNKNOWN_ANALYSIS_IAQ135_VOC3.68ppm,7842.5,26,14.8,0.259,429
2026-08-02 16:13:26,31.96,62.12,1003.00,134.51,1380,3.680,98100,31.0,44.0,53.0,YES,UNKNOWN_ANALYSIS_IAQ135_VOC3.68ppm,7853.0,26,14.8,0.259,429
2026-08-02 16:13:35,31.96,62.12,1003.00,134.51,1380,3.680,98100,30.0,42.0,51.0,YES,UNKNOWN_ANALYSIS_IAQ135_VOC3.68ppm,7862.4,26,14.8,0.259,429
2026-08-02 16:13:46,31.96,62.12,1003.00,134.51,1380,3.680,98100,31.0,43.0,52.0,YES,UNKNOWN_ANALYSIS_IAQ135_VOC3.68ppm,7872.9,26,14.8,0.259,429
2026-08-02 16:13:55,31.96,62.12,1003.00,134.51,1380,3.680,98100,30.0,41.0,49.0,YES,UNKNOWN_ANALYSIS_IAQ135_VOC3.68ppm,7882.3,26,14.8,0.259,429
2026-08-02 16:14:06,31.96,62.12,1003.00,134.51,1380,3.680,98100,30.0,41.0,50.0,YES,UNKNOWN_ANALYSIS_IAQ135_VOC3.68ppm,7892.7,26,14.8,0.259,429
📊 Z-scores: IAQ=18.02 VOC=75.18 CO2=70.89 GasDrop=10.61
2026-08-02 16:14:16,31.96,62.12,1003.00,134.51,1380,3.680,98100,30.0,43.0,52.0,YES,UNKNOWN_ANALYSIS_IAQ135_VOC3.68ppm,7903.2,26,14.8,0.259,429
2026-08-02 16:14:26,31.96,62.12,1003.00,134.51,1380,3.680,98100,29.0,43.0,52.0,YES,UNKNOWN_ANALYSIS_IAQ135_VOC3.68ppm,7912.6,26,14.8,0.259,429
2026-08-02 16:14:36,31.96,62.12,1003.00,134.51,1380,3.680,98100,30.0,42.0,52.0,YES,UNKNOWN_ANALYSIS_IAQ135_VOC3.68ppm,7923.0,26,14.8,0.259,429
2026-08-02 16:14:45,31.96,62.12,1003.00,134.51,1380,3.680,98100,29.0,42.0,51.0,YES,UNKNOWN_ANALYSIS_IAQ135_VOC3.68ppm,7932.4,26,14.8,0.259,429
2026-08-02 16:14:56,31.96,62.12,1003.00,134.51,1380,3.680,98100,31.0,43.0,52.0,YES,UNKNOWN_ANALYSIS_IAQ135_VOC3.68ppm,7942.9,26,14.8,0.259,429
2026-08-02 16:15:05,31.96,62.12,1003.00,134.51,1380,3.680,98100,31.0,43.0,52.0,YES,UNKNOWN_ANALYSIS_IAQ135_VOC3.68ppm,7952.3,26,14.8,0.259,429
2026-08-02 16:15:16,31.96,62.12,1003.00,134.51,1380,3.680,98100,31.0,44.0,53.0,YES,UNKNOWN_ANALYSIS_IAQ135_VOC3.68ppm,7962.8,26,14.8,0.259,429
📊 Z-scores: IAQ=18.02 VOC=75.18 CO2=70.89 GasDrop=10.61
2026-08-02 16:15:26,31.96,62.12,1003.00,134.51,1380,3.680,98100,31.0,44.0,53.0,YES,UNKNOWN_ANALYSIS_IAQ135_VOC3.68ppm,7973.2,26,14.8,0.259,429
2026-08-02 16:15:36,31.96,62.12,1003.00,134.51,1380,3.680,98100,31.0,43.0,51.0,YES,UNKNOWN_ANALYSIS_IAQ135_VOC3.68ppm,7982.6,26,14.8,0.259,429
2026-08-02 16:15:46,31.96,62.12,1003.00,134.51,1380,3.680,98100,30.0,41.0,49.0,YES,UNKNOWN_ANALYSIS_IAQ135_VOC3.68ppm,7993.1,26,14.8,0.259,429
2026-08-02 16:15:55,31.96,62.12,1003.00,134.51,1380,3.680,98100,30.0,42.0,51.0,YES,UNKNOWN_ANALYSIS_IAQ135_VOC3.68ppm,8002.5,26,14.8,0.259,429
2026-08-02 16:16:06,31.96,62.12,1003.00,134.51,1380,3.680,98100,30.0,43.0,53.0,YES,UNKNOWN_ANALYSIS_IAQ135_VOC3.68ppm,8012.9,26,14.8,0.259,429
2026-08-02 16:16:16,31.96,62.12,1003.00,134.51,1380,3.680,98100,29.0,42.0,51.0,YES,UNKNOWN_ANALYSIS_IAQ135_VOC3.68ppm,8023.4,26,14.8,0.259,429
2026-08-02 16:16:26,31.96,62.12,1003.00,134.51,1380,3.680,98100,29.0,41.0,52.0,YES,UNKNOWN_ANALYSIS_IAQ135_VOC3.68ppm,8032.8,26,14.8,0.259,429
📊 Z-scores: IAQ=18.02 VOC=75.18 CO2=70.89 GasDrop=10.61
2026-08-02 16:16:36,31.96,62.12,1003.00,134.51,1380,3.680,98100,30.0,42.0,52.0,YES,UNKNOWN_ANALYSIS_IAQ135_VOC3.68ppm,8043.2,26,14.8,0.259,429
2026-08-02 16:16:46,31.96,62.12,1003.00,134.51,1380,3.680,98100,30.0,43.0,52.0,YES,UNKNOWN_ANALYSIS_IAQ135_VOC3.68ppm,8052.6,26,14.8,0.259,429
2026-08-02 16:16:56,31.96,62.12,1003.00,134.51,1380,3.680,98100,31.0,44.0,52.0,YES,UNKNOWN_ANALYSIS_IAQ135_VOC3.68ppm,8063.1,26,14.8,0.259,429
2026-08-02 16:17:05,31.96,62.12,1003.00,134.51,1380,3.680,98100,31.0,43.0,51.0,YES,UNKNOWN_ANALYSIS_IAQ135_VOC3.68ppm,8072.5,26,14.8,0.259,429
2026-08-02 16:17:16,31.96,62.12,1003.00,134.51,1380,3.680,98100,29.0,42.0,51.0,YES,UNKNOWN_ANALYSIS_IAQ135_VOC3.68ppm,8082.9,26,14.8,0.259,429
2026-08-02 16:17:26,31.96,62.12,1003.00,134.51,1380,3.680,98100,29.0,43.0,52.0,YES,UNKNOWN_ANALYSIS_IAQ135_VOC3.68ppm,8093.4,26,14.8,0.259,429
2026-08-02 16:17:36,31.96,62.12,1003.00,134.51,1380,3.680,98100,29.0,42.0,51.0,YES,UNKNOWN_ANALYSIS_IAQ135_VOC3.68ppm,8102.8,26,14.8,0.259,429
📊 Z-scores: IAQ=20.67 VOC=114.36 CO2=83.88 GasDrop=11.00
2026-08-02 16:17:46,31.88,62.19,1003.00,152.08,1555,5.463,95200,31.0,43.0,53.0,YES,UNKNOWN_ANALYSIS_IAQ152_VOC5.46ppm,8113.3,26,14.8,0.259,429
2026-08-02 16:17:56,31.88,62.19,1003.00,152.08,1555,5.463,95200,30.0,43.0,53.0,YES,UNKNOWN_ANALYSIS_IAQ152_VOC5.46ppm,8122.7,26,14.8,0.259,429
2026-08-02 16:18:06,31.88,62.19,1003.00,152.08,1555,5.463,95200,29.0,43.0,51.0,YES,UNKNOWN_ANALYSIS_IAQ152_VOC5.46ppm,8133.1,26,14.8,0.259,429
PMS7003: Unknown error
2026-08-02 16:18:16,31.88,62.19,1003.00,152.08,1555,5.463,95200,29.0,43.0,51.0,YES,UNKNOWN_ANALYSIS_IAQ152_VOC5.46ppm,8143.5,26,14.8,0.259,429
2026-08-02 16:18:26,31.88,62.19,1003.00,152.08,1555,5.463,95200,30.0,43.0,51.0,YES,UNKNOWN_ANALYSIS_IAQ152_VOC5.46ppm,8153.0,26,14.8,0.259,429
2026-08-02 16:18:36,31.88,62.19,1003.00,152.08,1555,5.463,95200,31.0,43.0,51.0,YES,UNKNOWN_ANALYSIS_IAQ152_VOC5.46ppm,8163.4,26,14.8,0.259,429
2026-08-02 16:18:46,31.88,62.19,1003.00,152.08,1555,5.463,95200,31.0,43.0,52.0,YES,UNKNOWN_ANALYSIS_IAQ152_VOC5.46ppm,8172.8,26,14.8,0.259,429
📊 Z-scores: IAQ=20.67 VOC=114.36 CO2=83.88 GasDrop=11.00
2026-08-02 16:18:56,31.88,62.19,1003.00,152.08,1555,5.463,95200,31.0,43.0,53.0,YES,UNKNOWN_ANALYSIS_IAQ152_VOC5.46ppm,8183.3,26,14.8,0.259,429
2026-08-02 16:19:06,31.88,62.19,1003.00,152.08,1555,5.463,95200,29.0,42.0,52.0,YES,UNKNOWN_ANALYSIS_IAQ152_VOC5.46ppm,8192.7,26,14.8,0.259,429
2026-08-02 16:19:16,31.88,62.19,1003.00,152.08,1555,5.463,95200,31.0,42.0,51.0,YES,UNKNOWN_ANALYSIS_IAQ152_VOC5.46ppm,8203.2,26,14.8,0.259,429
2026-08-02 16:19:27,31.88,62.19,1003.00,152.08,1555,5.463,95200,29.0,41.0,49.0,YES,UNKNOWN_ANALYSIS_IAQ152_VOC5.46ppm,8213.6,26,14.8,0.259,429
2026-08-02 16:19:36,31.88,62.19,1003.00,152.08,1555,5.463,95200,29.0,42.0,49.0,YES,UNKNOWN_ANALYSIS_IAQ152_VOC5.46ppm,8223.0,26,14.8,0.259,429
2026-08-02 16:19:46,31.88,62.19,1003.00,152.08,1555,5.463,95200,30.0,44.0,51.0,YES,UNKNOWN_ANALYSIS_IAQ152_VOC5.46ppm,8233.5,26,14.8,0.259,429
2026-08-02 16:19:56,31.88,62.19,1003.00,152.08,1555,5.463,95200,30.0,44.0,52.0,YES,UNKNOWN_ANALYSIS_IAQ152_VOC5.46ppm,8242.9,26,14.8,0.259,429
📊 Z-scores: IAQ=20.67 VOC=114.36 CO2=83.88 GasDrop=11.00
2026-08-02 16:20:06,31.88,62.19,1003.00,152.08,1555,5.463,95200,31.0,44.0,52.0,YES,UNKNOWN_ANALYSIS_IAQ152_VOC5.46ppm,8253.3,26,14.8,0.259,429
2026-08-02 16:20:16,31.88,62.19,1003.00,152.08,1555,5.463,95200,30.0,44.0,53.0,YES,UNKNOWN_ANALYSIS_IAQ152_VOC5.46ppm,8262.7,26,14.8,0.259,429
2026-08-02 16:20:26,31.88,62.19,1003.00,152.08,1555,5.463,95200,30.0,44.0,54.0,YES,UNKNOWN_ANALYSIS_IAQ152_VOC5.46ppm,8273.2,26,14.8,0.259,429
2026-08-02 16:20:37,31.88,62.19,1003.00,152.08,1555,5.463,95200,29.0,42.0,52.0,YES,UNKNOWN_ANALYSIS_IAQ152_VOC5.46ppm,8283.6,26,14.8,0.259,429
2026-08-02 16:20:46,31.88,62.19,1003.00,152.08,1555,5.463,95200,30.0,44.0,54.0,YES,UNKNOWN_ANALYSIS_IAQ152_VOC5.46ppm,8293.1,26,14.8,0.259,429
2026-08-02 16:20:56,31.88,62.19,1003.00,152.08,1555,5.463,95200,29.0,43.0,52.0,YES,UNKNOWN_ANALYSIS_IAQ152_VOC5.46ppm,8303.5,26,14.8,0.259,429
2026-08-02 16:21:06,31.88,62.19,1003.00,152.08,1555,5.463,95200,31.0,44.0,55.0,YES,UNKNOWN_ANALYSIS_IAQ152_VOC5.46ppm,8312.9,26,14.8,0.259,429
📊 Z-scores: IAQ=20.67 VOC=114.36 CO2=83.88 GasDrop=11.00
2026-08-02 16:21:16,31.88,62.19,1003.00,152.08,1555,5.463,95200,31.0,44.0,54.0,YES,UNKNOWN_ANALYSIS_IAQ152_VOC5.46ppm,8323.4,26,14.8,0.259,429
2026-08-02 16:21:26,31.88,62.19,1003.00,152.08,1555,5.463,95200,31.0,45.0,55.0,YES,UNKNOWN_ANALYSIS_IAQ152_VOC5.46ppm,8332.8,26,14.8,0.259,429
2026-08-02 16:21:36,31.88,62.19,1003.00,152.08,1555,5.463,95200,31.0,44.0,53.0,YES,UNKNOWN_ANALYSIS_IAQ152_VOC5.46ppm,8343.3,26,14.8,0.259,429
2026-08-02 16:21:47,31.88,62.19,1003.00,152.08,1555,5.463,95200,30.0,42.0,51.0,YES,UNKNOWN_ANALYSIS_IAQ152_VOC5.46ppm,8353.7,26,14.8,0.259,429
2026-08-02 16:21:56,31.88,62.19,1003.00,152.08,1555,5.463,95200,30.0,43.0,51.0,YES,UNKNOWN_ANALYSIS_IAQ152_VOC5.46ppm,8363.1,26,14.8,0.259,429
2026-08-02 16:22:07,31.88,62.19,1003.00,152.08,1555,5.463,95200,31.0,43.0,51.0,YES,UNKNOWN_ANALYSIS_IAQ152_VOC5.46ppm,8373.6,26,14.8,0.259,429
2026-08-02 16:22:16,31.88,62.19,1003.00,152.08,1555,5.463,95200,30.0,43.0,52.0,YES,UNKNOWN_ANALYSIS_IAQ152_VOC5.46ppm,8383.0,26,14.8,0.259,429
📊 Z-scores: IAQ=20.67 VOC=114.36 CO2=83.88 GasDrop=11.00
2026-08-02 16:22:26,31.88,62.19,1003.00,152.08,1555,5.463,95200,30.0,44.0,52.0,YES,UNKNOWN_ANALYSIS_IAQ152_VOC5.46ppm,8393.4,26,14.8,0.259,429
2026-08-02 16:22:36,31.88,62.19,1003.00,152.08,1555,5.463,95200,30.0,44.0,52.0,YES,UNKNOWN_ANALYSIS_IAQ152_VOC5.46ppm,8402.8,26,14.8,0.259,429
2026-08-02 16:22:46,31.87,62.23,1003.00,171.92,1748,8.472,91900,28.0,42.0,51.0,YES,UNKNOWN_ANALYSIS_IAQ172_VOC8.47ppm,8413.3,26,14.8,0.259,429
2026-08-02 16:22:57,31.87,62.23,1003.00,171.92,1748,8.472,91900,29.0,43.0,50.0,YES,UNKNOWN_ANALYSIS_IAQ172_VOC8.47ppm,8423.7,26,14.8,0.259,429
2026-08-02 16:23:06,31.87,62.23,1003.00,171.92,1748,8.472,91900,30.0,43.0,51.0,YES,UNKNOWN_ANALYSIS_IAQ172_VOC8.47ppm,8433.1,26,14.8,0.259,429
2026-08-02 16:23:17,31.87,62.23,1003.00,171.92,1748,8.472,91900,29.0,42.0,50.0,YES,UNKNOWN_ANALYSIS_IAQ172_VOC8.47ppm,8443.6,26,14.8,0.259,429
2026-08-02 16:23:26,31.87,62.23,1003.00,171.92,1748,8.472,91900,30.0,42.0,51.0,YES,UNKNOWN_ANALYSIS_IAQ172_VOC8.47ppm,8453.0,26,14.8,0.259,429
📊 Z-scores: IAQ=23.65 VOC=180.50 CO2=98.30 GasDrop=11.43
2026-08-02 16:23:36,31.87,62.23,1003.00,171.92,1748,8.472,91900,31.0,43.0,52.0,YES,UNKNOWN_ANALYSIS_IAQ172_VOC8.47ppm,8463.5,26,14.8,0.259,429
2026-08-02 16:23:46,31.87,62.23,1003.00,171.92,1748,8.472,91900,30.0,42.0,51.0,YES,UNKNOWN_ANALYSIS_IAQ172_VOC8.47ppm,8472.9,26,14.8,0.259,429
2026-08-02 16:23:56,31.87,62.23,1003.00,171.92,1748,8.472,91900,28.0,41.0,50.0,YES,UNKNOWN_ANALYSIS_IAQ172_VOC8.47ppm,8483.3,26,14.8,0.259,429
2026-08-02 16:24:07,31.87,62.23,1003.00,171.92,1748,8.472,91900,28.0,41.0,49.0,YES,UNKNOWN_ANALYSIS_IAQ172_VOC8.47ppm,8493.8,26,14.8,0.259,429
2026-08-02 16:24:16,31.87,62.23,1003.00,171.92,1748,8.472,91900,30.0,42.0,52.0,YES,UNKNOWN_ANALYSIS_IAQ172_VOC8.47ppm,8503.2,26,14.8,0.259,429
2026-08-02 16:24:27,31.87,62.23,1003.00,171.92,1748,8.472,91900,29.0,41.0,50.0,YES,UNKNOWN_ANALYSIS_IAQ172_VOC8.47ppm,8513.6,26,14.8,0.259,429
2026-08-02 16:24:36,31.87,62.23,1003.00,171.92,1748,8.472,91900,30.0,43.0,51.0,YES,UNKNOWN_ANALYSIS_IAQ172_VOC8.47ppm,8523.0,26,14.8,0.259,429
📊 Z-scores: IAQ=23.65 VOC=180.50 CO2=98.30 GasDrop=11.43
2026-08-02 16:24:46,31.87,62.23,1003.00,171.92,1748,8.472,91900,30.0,43.0,52.0,YES,UNKNOWN_ANALYSIS_IAQ172_VOC8.47ppm,8533.5,26,14.8,0.259,429
PMS7003: Timeout error
2026-08-02 16:24:57,31.87,62.23,1003.00,171.92,1748,8.472,91900,30.0,43.0,52.0,YES,UNKNOWN_ANALYSIS_IAQ172_VOC8.47ppm,8543.9,26,14.8,0.259,429
2026-08-02 16:25:06,31.87,62.23,1003.00,171.92,1748,8.472,91900,29.0,43.0,52.0,YES,UNKNOWN_ANALYSIS_IAQ172_VOC8.47ppm,8553.3,26,14.8,0.259,429
2026-08-02 16:25:17,31.87,62.23,1003.00,171.92,1748,8.472,91900,29.0,43.0,51.0,YES,UNKNOWN_ANALYSIS_IAQ172_VOC8.47ppm,8563.8,26,14.8,0.259,429
2026-08-02 16:25:26,31.87,62.23,1003.00,171.92,1748,8.472,91900,29.0,42.0,52.0,YES,UNKNOWN_ANALYSIS_IAQ172_VOC8.47ppm,8573.2,26,14.8,0.259,429
2026-08-02 16:25:37,31.87,62.23,1003.00,171.92,1748,8.472,91900,29.0,41.0,50.0,YES,UNKNOWN_ANALYSIS_IAQ172_VOC8.47ppm,8583.6,26,14.8,0.259,429
2026-08-02 16:25:46,31.87,62.23,1003.00,171.92,1748,8.472,91900,28.0,41.0,50.0,YES,UNKNOWN_ANALYSIS_IAQ172_VOC8.47ppm,8593.0,26,14.8,0.259,429
📊 Z-scores: IAQ=23.65 VOC=180.50 CO2=98.30 GasDrop=11.43
2026-08-02 16:25:56,31.87,62.23,1003.00,171.92,1748,8.472,91900,28.0,42.0,50.0,YES,UNKNOWN_ANALYSIS_IAQ172_VOC8.47ppm,8603.5,26,14.8,0.259,429
2026-08-02 16:26:07,31.87,62.23,1003.00,171.92,1748,8.472,91900,29.0,43.0,52.0,YES,UNKNOWN_ANALYSIS_IAQ172_VOC8.47ppm,8614.0,26,14.8,0.259,429
2026-08-02 16:26:16,31.87,62.23,1003.00,171.92,1748,8.472,91900,28.0,41.0,49.0,YES,UNKNOWN_ANALYSIS_IAQ172_VOC8.47ppm,8623.4,26,14.8,0.259,429
2026-08-02 16:26:27,31.87,62.23,1003.00,171.92,1748,8.472,91900,29.0,42.0,50.0,YES,UNKNOWN_ANALYSIS_IAQ172_VOC8.47ppm,8633.8,26,14.8,0.259,429
2026-08-02 16:26:36,31.87,62.23,1003.00,171.92,1748,8.472,91900,30.0,42.0,50.0,YES,UNKNOWN_ANALYSIS_IAQ172_VOC8.47ppm,8643.2,26,14.8,0.259,429
2026-08-02 16:26:47,31.87,62.23,1003.00,171.92,1748,8.472,91900,30.0,43.0,50.0,YES,UNKNOWN_ANALYSIS_IAQ172_VOC8.47ppm,8653.7,26,14.8,0.259,429
2026-08-02 16:26:56,31.87,62.23,1003.00,171.92,1748,8.472,91900,29.0,41.0,49.0,YES,UNKNOWN_ANALYSIS_IAQ172_VOC8.47ppm,8663.1,26,14.8,0.259,429
📊 Z-scores: IAQ=23.65 VOC=180.50 CO2=98.30 GasDrop=11.43
2026-08-02 16:27:06,31.87,62.23,1003.00,171.92,1748,8.472,91900,29.0,41.0,49.0,YES,UNKNOWN_ANALYSIS_IAQ172_VOC8.47ppm,8673.5,26,14.8,0.259,429
2026-08-02 16:27:17,31.87,62.23,1003.00,171.92,1748,8.472,91900,31.0,42.0,51.0,YES,UNKNOWN_ANALYSIS_IAQ172_VOC8.47ppm,8684.0,26,14.8,0.259,429
2026-08-02 16:27:26,31.87,62.23,1003.00,171.92,1748,8.472,91900,29.0,42.0,51.0,YES,UNKNOWN_ANALYSIS_IAQ172_VOC8.47ppm,8693.4,26,14.8,0.259,429
2026-08-02 16:27:37,31.87,62.23,1003.00,171.92,1748,8.472,91900,30.0,42.0,51.0,YES,UNKNOWN_ANALYSIS_IAQ172_VOC8.47ppm,8703.8,26,14.8,0.259,429
2026-08-02 16:27:46,31.91,62.26,1003.00,181.17,1830,10.203,90300,30.0,43.0,52.0,YES,UNKNOWN_ANALYSIS_IAQ181_VOC10.20ppm,8713.2,26,14.8,0.259,429
2026-08-02 16:27:57,31.91,62.26,1003.00,181.17,1830,10.203,90300,31.0,44.0,53.0,YES,UNKNOWN_ANALYSIS_IAQ181_VOC10.20ppm,8723.7,26,14.8,0.259,429
2026-08-02 16:28:06,31.91,62.26,1003.00,181.17,1830,10.203,90300,30.0,43.0,52.0,YES,UNKNOWN_ANALYSIS_IAQ181_VOC10.20ppm,8733.1,26,14.8,0.259,429
📊 Z-scores: IAQ=25.05 VOC=218.53 CO2=104.41 GasDrop=11.64
2026-08-02 16:28:16,31.91,62.26,1003.00,181.17,1830,10.203,90300,30.0,42.0,51.0,YES,UNKNOWN_ANALYSIS_IAQ181_VOC10.20ppm,8743.6,26,14.8,0.259,429
2026-08-02 16:28:27,31.91,62.26,1003.00,181.17,1830,10.203,90300,31.0,43.0,52.0,YES,UNKNOWN_ANALYSIS_IAQ181_VOC10.20ppm,8754.0,26,14.8,0.259,429
2026-08-02 16:28:36,31.91,62.26,1003.00,181.17,1830,10.203,90300,30.0,42.0,51.0,YES,UNKNOWN_ANALYSIS_IAQ181_VOC10.20ppm,8763.4,26,14.8,0.259,429
2026-08-02 16:28:47,31.91,62.26,1003.00,181.17,1830,10.203,90300,30.0,42.0,51.0,YES,UNKNOWN_ANALYSIS_IAQ181_VOC10.20ppm,8773.9,26,14.8,0.259,429
2026-08-02 16:28:56,31.91,62.26,1003.00,181.17,1830,10.203,90300,30.0,43.0,52.0,YES,UNKNOWN_ANALYSIS_IAQ181_VOC10.20ppm,8783.3,26,14.8,0.259,429
2026-08-02 16:29:07,31.91,62.26,1003.00,181.17,1830,10.203,90300,31.0,43.0,52.0,YES,UNKNOWN_ANALYSIS_IAQ181_VOC10.20ppm,8793.8,26,14.8,0.259,429
2026-08-02 16:29:16,31.91,62.26,1003.00,181.17,1830,10.203,90300,30.0,41.0,51.0,YES,UNKNOWN_ANALYSIS_IAQ181_VOC10.20ppm,8803.2,26,14.8,0.259,429
📊 Z-scores: IAQ=25.05 VOC=218.53 CO2=104.41 GasDrop=11.64
2026-08-02 16:29:27,31.91,62.26,1003.00,181.17,1830,10.203,90300,30.0,43.0,52.0,YES,UNKNOWN_ANALYSIS_IAQ181_VOC10.20ppm,8813.6,26,14.8,0.259,429
2026-08-02 16:29:37,31.91,62.26,1003.00,181.17,1830,10.203,90300,30.0,42.0,52.0,YES,UNKNOWN_ANALYSIS_IAQ181_VOC10.20ppm,8824.1,26,14.8,0.259,429
2026-08-02 16:29:46,31.91,62.26,1003.00,181.17,1830,10.203,90300,29.0,41.0,51.0,YES,UNKNOWN_ANALYSIS_IAQ181_VOC10.20ppm,8833.5,26,14.8,0.259,429
2026-08-02 16:29:57,31.91,62.26,1003.00,181.17,1830,10.203,90300,29.0,41.0,51.0,YES,UNKNOWN_ANALYSIS_IAQ181_VOC10.20ppm,8843.9,26,14.8,0.259,429
2026-08-02 16:30:06,31.91,62.26,1003.00,181.17,1830,10.203,90300,29.0,42.0,49.0,YES,UNKNOWN_ANALYSIS_IAQ181_VOC10.20ppm,8853.3,26,14.8,0.259,429
2026-08-02 16:30:17,31.91,62.26,1003.00,181.17,1830,10.203,90300,29.0,42.0,49.0,YES,UNKNOWN_ANALYSIS_IAQ181_VOC10.20ppm,8863.8,26,14.8,0.259,429
2026-08-02 16:30:26,31.91,62.26,1003.00,181.17,1830,10.203,90300,29.0,42.0,50.0,YES,UNKNOWN_ANALYSIS_IAQ181_VOC10.20ppm,8873.2,26,14.8,0.259,429
📊 Z-scores: IAQ=25.05 VOC=218.53 CO2=104.41 GasDrop=11.64
2026-08-02 16:30:37,31.91,62.26,1003.00,181.17,1830,10.203,90300,29.0,42.0,50.0,YES,UNKNOWN_ANALYSIS_IAQ181_VOC10.20ppm,8883.7,26,14.8,0.259,429
2026-08-02 16:30:47,31.91,62.26,1003.00,181.17,1830,10.203,90300,29.0,41.0,48.0,YES,UNKNOWN_ANALYSIS_IAQ181_VOC10.20ppm,8894.1,26,14.8,0.259,429
2026-08-02 16:30:56,31.91,62.26,1003.00,181.17,1830,10.203,90300,29.0,40.0,48.0,YES,UNKNOWN_ANALYSIS_IAQ181_VOC10.20ppm,8903.5,26,14.8,0.259,429
2026-08-02 16:31:07,31.91,62.26,1003.00,181.17,1830,10.203,90300,30.0,42.0,50.0,YES,UNKNOWN_ANALYSIS_IAQ181_VOC10.20ppm,8914.0,26,14.8,0.259,429
2026-08-02 16:31:16,31.91,62.26,1003.00,181.17,1830,10.203,90300,29.0,41.0,49.0,YES,UNKNOWN_ANALYSIS_IAQ181_VOC10.20ppm,8923.4,26,14.8,0.259,429
2026-08-02 16:31:27,31.91,62.26,1003.00,181.17,1830,10.203,90300,30.0,43.0,52.0,YES,UNKNOWN_ANALYSIS_IAQ181_VOC10.20ppm,8933.8,26,14.8,0.259,429
2026-08-02 16:31:36,31.91,62.26,1003.00,181.17,1830,10.203,90300,29.0,42.0,51.0,YES,UNKNOWN_ANALYSIS_IAQ181_VOC10.20ppm,8943.2,26,14.8,0.259,429
📊 Z-scores: IAQ=25.05 VOC=218.53 CO2=104.41 GasDrop=11.64
2026-08-02 16:31:47,31.91,62.26,1003.00,181.17,1830,10.203,90300,30.0,43.0,52.0,YES,UNKNOWN_ANALYSIS_IAQ181_VOC10.20ppm,8953.7,26,14.8,0.259,429
2026-08-02 16:31:57,31.91,62.26,1003.00,181.17,1830,10.203,90300,30.0,43.0,53.0,YES,UNKNOWN_ANALYSIS_IAQ181_VOC10.20ppm,8964.2,26,14.8,0.259,429
2026-08-02 16:32:06,31.91,62.26,1003.00,181.17,1830,10.203,90300,29.0,42.0,52.0,YES,UNKNOWN_ANALYSIS_IAQ181_VOC10.20ppm,8973.6,26,14.8,0.259,429
2026-08-02 16:32:17,31.91,62.26,1003.00,181.17,1830,10.203,90300,29.0,41.0,50.0,YES,UNKNOWN_ANALYSIS_IAQ181_VOC10.20ppm,8984.0,26,14.8,0.259,429
2026-08-02 16:32:26,31.91,62.26,1003.00,181.17,1830,10.203,90300,29.0,42.0,51.0,YES,UNKNOWN_ANALYSIS_IAQ181_VOC10.20ppm,8993.4,26,14.8,0.259,429
2026-08-02 16:32:37,31.91,62.26,1003.00,181.17,1830,10.203,90300,29.0,42.0,51.0,YES,UNKNOWN_ANALYSIS_IAQ181_VOC10.20ppm,9003.9,26,14.8,0.259,429
2026-08-02 16:32:46,31.96,62.29,1003.00,170.59,1712,7.803,91800,29.0,42.0,52.0,YES,UNKNOWN_ANALYSIS_IAQ171_VOC7.80ppm,9013.3,26,14.8,0.259,429
📊 Z-scores: IAQ=23.46 VOC=165.78 CO2=95.59 GasDrop=11.45
2026-08-02 16:32:57,31.96,62.29,1003.00,170.59,1712,7.803,91800,29.0,43.0,52.0,YES,UNKNOWN_ANALYSIS_IAQ171_VOC7.80ppm,9023.7,26,14.8,0.259,429
2026-08-02 16:33:07,31.96,62.29,1003.00,170.59,1712,7.803,91800,29.0,43.0,52.0,YES,UNKNOWN_ANALYSIS_IAQ171_VOC7.80ppm,9034.2,26,14.8,0.259,429
2026-08-02 16:33:17,31.96,62.29,1003.00,170.59,1712,7.803,91800,28.0,42.0,51.0,YES,UNKNOWN_ANALYSIS_IAQ171_VOC7.80ppm,9043.6,26,14.8,0.259,429
2026-08-02 16:33:27,31.96,62.29,1003.00,170.59,1712,7.803,91800,29.0,43.0,50.0,YES,UNKNOWN_ANALYSIS_IAQ171_VOC7.80ppm,9054.1,26,14.8,0.259,429
2026-08-02 16:33:36,31.96,62.29,1003.00,170.59,1712,7.803,91800,29.0,42.0,50.0,YES,UNKNOWN_ANALYSIS_IAQ171_VOC7.80ppm,9063.5,26,14.8,0.259,429
2026-08-02 16:33:47,31.96,62.29,1003.00,170.59,1712,7.803,91800,27.0,41.0,48.0,YES,UNKNOWN_ANALYSIS_IAQ171_VOC7.80ppm,9073.9,26,14.8,0.259,429
2026-08-02 16:33:56,31.96,62.29,1003.00,170.59,1712,7.803,91800,29.0,42.0,50.0,YES,UNKNOWN_ANALYSIS_IAQ171_VOC7.80ppm,9083.3,26,14.8,0.259,429
📊 Z-scores: IAQ=23.46 VOC=165.78 CO2=95.59 GasDrop=11.45
2026-08-02 16:34:07,31.96,62.29,1003.00,170.59,1712,7.803,91800,28.0,41.0,49.0,YES,UNKNOWN_ANALYSIS_IAQ171_VOC7.80ppm,9093.8,26,14.8,0.259,429
2026-08-02 16:34:17,31.96,62.29,1003.00,170.59,1712,7.803,91800,30.0,43.0,50.0,YES,UNKNOWN_ANALYSIS_IAQ171_VOC7.80ppm,9104.2,26,14.8,0.259,429
2026-08-02 16:34:27,31.96,62.29,1003.00,170.59,1712,7.803,91800,29.0,42.0,49.0,YES,UNKNOWN_ANALYSIS_IAQ171_VOC7.80ppm,9113.6,26,14.8,0.259,429
2026-08-02 16:34:37,31.96,62.29,1003.00,170.59,1712,7.803,91800,28.0,41.0,48.0,YES,UNKNOWN_ANALYSIS_IAQ171_VOC7.80ppm,9124.1,26,14.8,0.259,429
2026-08-02 16:34:46,31.96,62.29,1003.00,170.59,1712,7.803,91800,29.0,42.0,50.0,YES,UNKNOWN_ANALYSIS_IAQ171_VOC7.80ppm,9133.5,26,14.8,0.259,429
2026-08-02 16:34:57,31.96,62.29,1003.00,170.59,1712,7.803,91800,28.0,42.0,50.0,YES,UNKNOWN_ANALYSIS_IAQ171_VOC7.80ppm,9143.9,26,14.8,0.259,429
2026-08-02 16:35:06,31.96,62.29,1003.00,170.59,1712,7.803,91800,28.0,42.0,51.0,YES,UNKNOWN_ANALYSIS_IAQ171_VOC7.80ppm,9153.4,26,14.8,0.259,429
📊 Z-scores: IAQ=23.46 VOC=165.78 CO2=95.59 GasDrop=11.45
2026-08-02 16:35:17,31.96,62.29,1003.00,170.59,1712,7.803,91800,28.0,42.0,50.0,YES,UNKNOWN_ANALYSIS_IAQ171_VOC7.80ppm,9163.8,26,14.8,0.259,429
2026-08-02 16:35:27,31.96,62.29,1003.00,170.59,1712,7.803,91800,29.0,42.0,50.0,YES,UNKNOWN_ANALYSIS_IAQ171_VOC7.80ppm,9174.3,26,14.8,0.259,429
2026-08-02 16:35:37,31.96,62.29,1003.00,170.59,1712,7.803,91800,29.0,42.0,50.0,YES,UNKNOWN_ANALYSIS_IAQ171_VOC7.80ppm,9183.7,26,14.8,0.259,429
2026-08-02 16:35:47,31.96,62.29,1003.00,170.59,1712,7.803,91800,29.0,42.0,51.0,YES,UNKNOWN_ANALYSIS_IAQ171_VOC7.80ppm,9194.1,26,14.8,0.259,429
2026-08-02 16:35:56,31.96,62.29,1003.00,170.59,1712,7.803,91800,29.0,42.0,51.0,YES,UNKNOWN_ANALYSIS_IAQ171_VOC7.80ppm,9203.5,26,14.8,0.259,429
2026-08-02 16:36:07,31.96,62.29,1003.00,170.59,1712,7.803,91800,28.0,40.0,49.0,YES,UNKNOWN_ANALYSIS_IAQ171_VOC7.80ppm,9214.0,26,14.8,0.259,429
2026-08-02 16:36:16,31.96,62.29,1003.00,170.59,1712,7.803,91800,29.0,42.0,51.0,YES,UNKNOWN_ANALYSIS_IAQ171_VOC7.80ppm,9223.4,26,14.8,0.259,429
📊 Z-scores: IAQ=23.46 VOC=165.78 CO2=95.59 GasDrop=11.45
2026-08-02 16:36:27,31.96,62.29,1003.00,170.59,1712,7.803,91800,28.0,41.0,50.0,YES,UNKNOWN_ANALYSIS_IAQ171_VOC7.80ppm,9233.9,26,14.8,0.259,429
2026-08-02 16:36:37,31.96,62.29,1003.00,170.59,1712,7.803,91800,29.0,42.0,52.0,YES,UNKNOWN_ANALYSIS_IAQ171_VOC7.80ppm,9244.3,26,14.8,0.259,429
2026-08-02 16:36:47,31.96,62.29,1003.00,170.59,1712,7.803,91800,29.0,42.0,50.0,YES,UNKNOWN_ANALYSIS_IAQ171_VOC7.80ppm,9253.7,26,14.8,0.259,429
2026-08-02 16:36:57,31.96,62.29,1003.00,170.59,1712,7.803,91800,28.0,41.0,49.0,YES,UNKNOWN_ANALYSIS_IAQ171_VOC7.80ppm,9264.2,26,14.8,0.259,429
2026-08-02 16:37:07,31.96,62.29,1003.00,170.59,1712,7.803,91800,28.0,41.0,50.0,YES,UNKNOWN_ANALYSIS_IAQ171_VOC7.80ppm,9273.6,26,14.8,0.259,429
2026-08-02 16:37:17,31.96,62.29,1003.00,170.59,1712,7.803,91800,30.0,43.0,52.0,YES,UNKNOWN_ANALYSIS_IAQ171_VOC7.80ppm,9284.0,26,14.8,0.259,429
2026-08-02 16:37:26,31.96,62.29,1003.00,170.59,1712,7.803,91800,30.0,43.0,52.0,YES,UNKNOWN_ANALYSIS_IAQ171_VOC7.80ppm,9293.5,26,14.8,0.259,429
📊 Z-scores: IAQ=23.46 VOC=165.78 CO2=95.59 GasDrop=11.45
2026-08-02 16:37:37,31.96,62.29,1003.00,170.59,1712,7.803,91800,29.0,41.0,51.0,YES,UNKNOWN_ANALYSIS_IAQ171_VOC7.80ppm,9303.9,26,14.8,0.259,429
2026-08-02 16:37:47,31.96,62.24,1003.00,159.28,1589,5.904,93600,28.0,41.0,52.0,YES,UNKNOWN_ANALYSIS_IAQ159_VOC5.90ppm,9314.4,26,14.8,0.259,429
2026-08-02 16:37:57,31.96,62.24,1003.00,159.28,1589,5.904,93600,30.0,42.0,52.0,YES,UNKNOWN_ANALYSIS_IAQ159_VOC5.90ppm,9323.8,26,14.8,0.259,429
2026-08-02 16:38:07,31.96,62.24,1003.00,159.28,1589,5.904,93600,28.0,40.0,49.0,YES,UNKNOWN_ANALYSIS_IAQ159_VOC5.90ppm,9334.2,26,14.8,0.259,429
2026-08-02 16:38:17,31.96,62.24,1003.00,159.28,1589,5.904,93600,29.0,41.0,49.0,YES,UNKNOWN_ANALYSIS_IAQ159_VOC5.90ppm,9343.6,26,14.8,0.259,429
2026-08-02 16:38:27,31.96,62.24,1003.00,159.28,1589,5.904,93600,29.0,41.0,50.0,YES,UNKNOWN_ANALYSIS_IAQ159_VOC5.90ppm,9354.1,26,14.8,0.259,429
PMS7003: Timeout error
📊 Z-scores: IAQ=21.75 VOC=124.05 CO2=86.43 GasDrop=11.21
2026-08-02 16:38:37,31.96,62.24,1003.00,159.28,1589,5.904,93600,29.0,41.0,50.0,YES,UNKNOWN_ANALYSIS_IAQ159_VOC5.90ppm,9364.5,26,14.8,0.259,429
2026-08-02 16:38:47,31.96,62.24,1003.00,159.28,1589,5.904,93600,30.0,43.0,51.0,YES,UNKNOWN_ANALYSIS_IAQ159_VOC5.90ppm,9373.9,26,14.8,0.259,429
2026-08-02 16:38:57,31.96,62.24,1003.00,159.28,1589,5.904,93600,30.0,43.0,50.0,YES,UNKNOWN_ANALYSIS_IAQ159_VOC5.90ppm,9384.4,26,14.8,0.259,429
2026-08-02 16:39:07,31.96,62.24,1003.00,159.28,1589,5.904,93600,29.0,43.0,50.0,YES,UNKNOWN_ANALYSIS_IAQ159_VOC5.90ppm,9393.8,26,14.8,0.259,429
2026-08-02 16:39:17,31.96,62.24,1003.00,159.28,1589,5.904,93600,28.0,41.0,49.0,YES,UNKNOWN_ANALYSIS_IAQ159_VOC5.90ppm,9404.3,26,14.8,0.259,429
2026-08-02 16:39:27,31.96,62.24,1003.00,159.28,1589,5.904,93600,29.0,42.0,50.0,YES,UNKNOWN_ANALYSIS_IAQ159_VOC5.90ppm,9413.7,26,14.8,0.259,429
2026-08-02 16:39:37,31.96,62.24,1003.00,159.28,1589,5.904,93600,28.0,40.0,49.0,YES,UNKNOWN_ANALYSIS_IAQ159_VOC5.90ppm,9424.1,26,14.8,0.259,429
PMS7003: Timeout error
📊 Z-scores: IAQ=21.75 VOC=124.05 CO2=86.43 GasDrop=11.21
2026-08-02 16:39:47,31.96,62.24,1003.00,159.28,1589,5.904,93600,28.0,40.0,49.0,YES,UNKNOWN_ANALYSIS_IAQ159_VOC5.90ppm,9434.5,26,14.8,0.259,429
2026-08-02 16:39:57,31.96,62.24,1003.00,159.28,1589,5.904,93600,30.0,42.0,51.0,YES,UNKNOWN_ANALYSIS_IAQ159_VOC5.90ppm,9444.0,26,14.8,0.259,429
2026-08-02 16:40:07,31.96,62.24,1003.00,159.28,1589,5.904,93600,30.0,43.0,51.0,YES,UNKNOWN_ANALYSIS_IAQ159_VOC5.90ppm,9454.4,26,14.8,0.259,429
2026-08-02 16:40:17,31.96,62.24,1003.00,159.28,1589,5.904,93600,30.0,43.0,51.0,YES,UNKNOWN_ANALYSIS_IAQ159_VOC5.90ppm,9463.9,26,14.8,0.259,429
2026-08-02 16:40:27,31.96,62.24,1003.00,159.28,1589,5.904,93600,29.0,43.0,52.0,YES,UNKNOWN_ANALYSIS_IAQ159_VOC5.90ppm,9474.3,26,14.8,0.259,429
2026-08-02 16:40:37,31.96,62.24,1003.00,159.28,1589,5.904,93600,29.0,42.0,51.0,YES,UNKNOWN_ANALYSIS_IAQ159_VOC5.90ppm,9483.7,26,14.8,0.259,429
2026-08-02 16:40:47,31.96,62.24,1003.00,159.28,1589,5.904,93600,29.0,42.0,51.0,YES,UNKNOWN_ANALYSIS_IAQ159_VOC5.90ppm,9494.2,26,14.8,0.259,429
PMS7003: Timeout error
📊 Z-scores: IAQ=21.75 VOC=124.05 CO2=86.43 GasDrop=11.21
2026-08-02 16:40:58,31.96,62.24,1003.00,159.28,1589,5.904,93600,29.0,42.0,51.0,YES,UNKNOWN_ANALYSIS_IAQ159_VOC5.90ppm,9504.6,26,14.8,0.259,429
2026-08-02 16:41:07,31.96,62.24,1003.00,159.28,1589,5.904,93600,30.0,43.0,50.0,YES,UNKNOWN_ANALYSIS_IAQ159_VOC5.90ppm,9514.0,26,14.8,0.259,429
2026-08-02 16:41:17,31.96,62.24,1003.00,159.28,1589,5.904,93600,30.0,42.0,49.0,YES,UNKNOWN_ANALYSIS_IAQ159_VOC5.90ppm,9524.5,26,14.8,0.259,429
2026-08-02 16:41:27,31.96,62.24,1003.00,159.28,1589,5.904,93600,29.0,42.0,49.0,YES,UNKNOWN_ANALYSIS_IAQ159_VOC5.90ppm,9533.9,26,14.8,0.259,429
2026-08-02 16:41:37,31.96,62.24,1003.00,159.28,1589,5.904,93600,30.0,42.0,50.0,YES,UNKNOWN_ANALYSIS_IAQ159_VOC5.90ppm,9544.3,26,14.8,0.259,429
2026-08-02 16:41:47,31.96,62.24,1003.00,159.28,1589,5.904,93600,30.0,44.0,52.0,YES,UNKNOWN_ANALYSIS_IAQ159_VOC5.90ppm,9553.7,26,14.8,0.259,429
2026-08-02 16:41:57,31.96,62.24,1003.00,159.28,1589,5.904,93600,28.0,42.0,49.0,YES,UNKNOWN_ANALYSIS_IAQ159_VOC5.90ppm,9564.2,26,14.8,0.259,429
📊 Z-scores: IAQ=21.75 VOC=124.05 CO2=86.43 GasDrop=11.21
2026-08-02 16:42:08,31.96,62.24,1003.00,159.28,1589,5.904,93600,28.0,42.0,50.0,YES,UNKNOWN_ANALYSIS_IAQ159_VOC5.90ppm,9574.7,26,14.8,0.259,429
2026-08-02 16:42:17,31.96,62.24,1003.00,159.28,1589,5.904,93600,28.0,42.0,51.0,YES,UNKNOWN_ANALYSIS_IAQ159_VOC5.90ppm,9584.1,26,14.8,0.259,429
2026-08-02 16:42:27,31.96,62.24,1003.00,159.28,1589,5.904,93600,30.0,44.0,52.0,YES,UNKNOWN_ANALYSIS_IAQ159_VOC5.90ppm,9594.5,26,14.8,0.259,429
2026-08-02 16:42:37,31.96,62.24,1003.00,159.28,1589,5.904,93600,29.0,43.0,51.0,YES,UNKNOWN_ANALYSIS_IAQ159_VOC5.90ppm,9603.9,26,14.8,0.259,429
2026-08-02 16:42:47,31.97,62.19,1003.00,157.87,1566,5.602,93800,28.0,41.0,49.0,YES,UNKNOWN_ANALYSIS_IAQ158_VOC5.60ppm,9614.4,26,14.8,0.259,429
2026-08-02 16:42:57,31.97,62.19,1003.00,157.87,1566,5.602,93800,28.0,41.0,49.0,YES,UNKNOWN_ANALYSIS_IAQ158_VOC5.60ppm,9623.8,26,14.8,0.259,429
2026-08-02 16:43:07,31.97,62.19,1003.00,157.87,1566,5.602,93800,29.0,42.0,50.0,YES,UNKNOWN_ANALYSIS_IAQ158_VOC5.60ppm,9634.2,26,14.8,0.259,429
📊 Z-scores: IAQ=21.54 VOC=117.43 CO2=84.71 GasDrop=11.18
2026-08-02 16:43:18,31.97,62.19,1003.00,157.87,1566,5.602,93800,28.0,41.0,48.0,YES,UNKNOWN_ANALYSIS_IAQ158_VOC5.60ppm,9644.7,26,14.8,0.259,429
2026-08-02 16:43:27,31.97,62.19,1003.00,157.87,1566,5.602,93800,29.0,43.0,50.0,YES,UNKNOWN_ANALYSIS_IAQ158_VOC5.60ppm,9654.1,26,14.8,0.259,429
2026-08-02 16:43:37,31.97,62.19,1003.00,157.87,1566,5.602,93800,29.0,42.0,50.0,YES,UNKNOWN_ANALYSIS_IAQ158_VOC5.60ppm,9664.5,26,14.8,0.259,429
2026-08-02 16:43:47,31.97,62.19,1003.00,157.87,1566,5.602,93800,29.0,43.0,51.0,YES,UNKNOWN_ANALYSIS_IAQ158_VOC5.60ppm,9674.0,26,14.8,0.259,429
2026-08-02 16:43:57,31.97,62.19,1003.00,157.87,1566,5.602,93800,28.0,41.0,49.0,YES,UNKNOWN_ANALYSIS_IAQ158_VOC5.60ppm,9684.4,26,14.8,0.259,429
2026-08-02 16:44:07,31.97,62.19,1003.00,157.87,1566,5.602,93800,29.0,43.0,51.0,YES,UNKNOWN_ANALYSIS_IAQ158_VOC5.60ppm,9693.8,26,14.8,0.259,429
2026-08-02 16:44:17,31.97,62.19,1003.00,157.87,1566,5.602,93800,30.0,44.0,53.0,YES,UNKNOWN_ANALYSIS_IAQ158_VOC5.60ppm,9704.3,26,14.8,0.259,429
📊 Z-scores: IAQ=21.54 VOC=117.43 CO2=84.71 GasDrop=11.18
2026-08-02 16:44:28,31.97,62.19,1003.00,157.87,1566,5.602,93800,30.0,44.0,52.0,YES,UNKNOWN_ANALYSIS_IAQ158_VOC5.60ppm,9714.7,26,14.8,0.259,429
2026-08-02 16:44:37,31.97,62.19,1003.00,157.87,1566,5.602,93800,30.0,44.0,52.0,YES,UNKNOWN_ANALYSIS_IAQ158_VOC5.60ppm,9724.1,26,14.8,0.259,429
2026-08-02 16:44:48,31.97,62.19,1003.00,157.87,1566,5.602,93800,30.0,44.0,52.0,YES,UNKNOWN_ANALYSIS_IAQ158_VOC5.60ppm,9734.6,26,14.8,0.259,429
2026-08-02 16:44:57,31.97,62.19,1003.00,157.87,1566,5.602,93800,30.0,43.0,52.0,YES,UNKNOWN_ANALYSIS_IAQ158_VOC5.60ppm,9744.0,26,14.8,0.259,429
2026-08-02 16:45:07,31.97,62.19,1003.00,157.87,1566,5.602,93800,29.0,42.0,51.0,YES,UNKNOWN_ANALYSIS_IAQ158_VOC5.60ppm,9754.4,26,14.8,0.259,429
2026-08-02 16:45:17,31.97,62.19,1003.00,157.87,1566,5.602,93800,29.0,42.0,51.0,YES,UNKNOWN_ANALYSIS_IAQ158_VOC5.60ppm,9763.9,26,14.8,0.259,429
2026-08-02 16:45:27,31.97,62.19,1003.00,157.87,1566,5.602,93800,29.0,43.0,50.0,YES,UNKNOWN_ANALYSIS_IAQ158_VOC5.60ppm,9774.3,26,14.8,0.259,429
📊 Z-scores: IAQ=21.54 VOC=117.43 CO2=84.71 GasDrop=11.18
2026-08-02 16:45:38,31.97,62.19,1003.00,157.87,1566,5.602,93800,29.0,43.0,50.0,YES,UNKNOWN_ANALYSIS_IAQ158_VOC5.60ppm,9784.8,26,14.8,0.259,429
2026-08-02 16:45:47,31.97,62.19,1003.00,157.87,1566,5.602,93800,28.0,41.0,48.0,YES,UNKNOWN_ANALYSIS_IAQ158_VOC5.60ppm,9794.2,26,14.8,0.259,429
2026-08-02 16:45:58,31.97,62.19,1003.00,157.87,1566,5.602,93800,29.0,42.0,50.0,YES,UNKNOWN_ANALYSIS_IAQ158_VOC5.60ppm,9804.6,26,14.8,0.259,429
2026-08-02 16:46:07,31.97,62.19,1003.00,157.87,1566,5.602,93800,29.0,43.0,52.0,YES,UNKNOWN_ANALYSIS_IAQ158_VOC5.60ppm,9814.0,26,14.8,0.259,429
2026-08-02 16:46:17,31.97,62.19,1003.00,157.87,1566,5.602,93800,29.0,43.0,52.0,YES,UNKNOWN_ANALYSIS_IAQ158_VOC5.60ppm,9824.5,26,14.8,0.259,429
2026-08-02 16:46:27,31.97,62.19,1003.00,157.87,1566,5.602,93800,28.0,43.0,51.0,YES,UNKNOWN_ANALYSIS_IAQ158_VOC5.60ppm,9833.9,26,14.8,0.259,429
2026-08-02 16:46:37,31.97,62.19,1003.00,157.87,1566,5.602,93800,28.0,43.0,52.0,YES,UNKNOWN_ANALYSIS_IAQ158_VOC5.60ppm,9844.3,26,14.8,0.259,429
📊 Z-scores: IAQ=21.54 VOC=117.43 CO2=84.71 GasDrop=11.18
2026-08-02 16:46:48,31.97,62.19,1003.00,157.87,1566,5.602,93800,28.0,42.0,50.0,YES,UNKNOWN_ANALYSIS_IAQ158_VOC5.60ppm,9854.8,26,14.8,0.259,429
2026-08-02 16:46:57,31.97,62.19,1003.00,157.87,1566,5.602,93800,30.0,43.0,52.0,YES,UNKNOWN_ANALYSIS_IAQ158_VOC5.60ppm,9864.2,26,14.8,0.259,429
2026-08-02 16:47:08,31.97,62.19,1003.00,157.87,1566,5.602,93800,29.0,41.0,50.0,YES,UNKNOWN_ANALYSIS_IAQ158_VOC5.60ppm,9874.7,26,14.8,0.259,429
2026-08-02 16:47:17,31.97,62.19,1003.00,157.87,1566,5.602,93800,30.0,42.0,50.0,YES,UNKNOWN_ANALYSIS_IAQ158_VOC5.60ppm,9884.1,26,14.8,0.259,429
2026-08-02 16:47:27,31.97,62.19,1003.00,157.87,1566,5.602,93800,30.0,42.0,51.0,YES,UNKNOWN_ANALYSIS_IAQ158_VOC5.60ppm,9894.5,26,14.8,0.259,429
PMS7003: Unknown error
2026-08-02 16:47:38,31.97,62.19,1003.00,157.87,1566,5.602,93800,30.0,42.0,51.0,YES,UNKNOWN_ANALYSIS_IAQ158_VOC5.60ppm,9904.9,26,14.8,0.259,429
2026-08-02 16:47:47,32.02,62.17,1003.00,157.00,1548,5.384,93800,30.0,42.0,51.0,YES,UNKNOWN_ANALYSIS_IAQ157_VOC5.38ppm,9914.4,26,14.8,0.259,429
📊 Z-scores: IAQ=21.41 VOC=112.63 CO2=83.40 GasDrop=11.18
2026-08-02 16:47:58,32.02,62.17,1003.00,157.00,1548,5.384,93800,30.0,42.0,50.0,YES,UNKNOWN_ANALYSIS_IAQ157_VOC5.38ppm,9924.8,26,14.8,0.259,429
2026-08-02 16:48:07,32.02,62.17,1003.00,157.00,1548,5.384,93800,28.0,41.0,50.0,YES,UNKNOWN_ANALYSIS_IAQ157_VOC5.38ppm,9934.2,26,14.8,0.259,429
2026-08-02 16:48:18,32.02,62.17,1003.00,157.00,1548,5.384,93800,30.0,43.0,51.0,YES,UNKNOWN_ANALYSIS_IAQ157_VOC5.38ppm,9944.7,26,14.8,0.259,429
2026-08-02 16:48:27,32.02,62.17,1003.00,157.00,1548,5.384,93800,29.0,42.0,51.0,YES,UNKNOWN_ANALYSIS_IAQ157_VOC5.38ppm,9954.1,26,14.8,0.259,429
2026-08-02 16:48:37,32.02,62.17,1003.00,157.00,1548,5.384,93800,30.0,44.0,52.0,YES,UNKNOWN_ANALYSIS_IAQ157_VOC5.38ppm,9964.5,26,14.8,0.259,429
2026-08-02 16:48:48,32.02,62.17,1003.00,157.00,1548,5.384,93800,29.0,43.0,53.0,YES,UNKNOWN_ANALYSIS_IAQ157_VOC5.38ppm,9975.0,26,14.8,0.259,429
2026-08-02 16:48:57,32.02,62.17,1003.00,157.00,1548,5.384,93800,29.0,43.0,55.0,YES,UNKNOWN_ANALYSIS_IAQ157_VOC5.38ppm,9984.4,26,14.8,0.259,429
📊 Z-scores: IAQ=21.41 VOC=112.63 CO2=83.40 GasDrop=11.18
2026-08-02 16:49:08,32.02,62.17,1003.00,157.00,1548,5.384,93800,29.0,42.0,52.0,YES,UNKNOWN_ANALYSIS_IAQ157_VOC5.38ppm,9994.9,26,14.8,0.259,429
2026-08-02 16:49:17,32.02,62.17,1003.00,157.00,1548,5.384,93800,30.0,43.0,53.0,YES,UNKNOWN_ANALYSIS_IAQ157_VOC5.38ppm,10004.3,26,14.8,0.259,429
2026-08-02 16:49:28,32.02,62.17,1003.00,157.00,1548,5.384,93800,28.0,42.0,51.0,YES,UNKNOWN_ANALYSIS_IAQ157_VOC5.38ppm,10014.7,26,14.8,0.259,429
2026-08-02 16:49:37,32.02,62.17,1003.00,157.00,1548,5.384,93800,29.0,43.0,51.0,YES,UNKNOWN_ANALYSIS_IAQ157_VOC5.38ppm,10024.1,26,14.8,0.259,429
2026-08-02 16:49:48,32.02,62.17,1003.00,157.00,1548,5.384,93800,28.0,41.0,50.0,YES,UNKNOWN_ANALYSIS_IAQ157_VOC5.38ppm,10034.6,26,14.8,0.259,429
2026-08-02 16:49:58,32.02,62.17,1003.00,157.00,1548,5.384,93800,29.0,41.0,50.0,YES,UNKNOWN_ANALYSIS_IAQ157_VOC5.38ppm,10045.0,26,14.8,0.259,429
2026-08-02 16:50:07,32.02,62.17,1003.00,157.00,1548,5.384,93800,29.0,41.0,50.0,YES,UNKNOWN_ANALYSIS_IAQ157_VOC5.38ppm,10054.5,26,14.8,0.259,429
📊 Z-scores: IAQ=21.41 VOC=112.63 CO2=83.40 GasDrop=11.18
2026-08-02 16:50:18,32.02,62.17,1003.00,157.00,1548,5.384,93800,30.0,43.0,51.0,YES,UNKNOWN_ANALYSIS_IAQ157_VOC5.38ppm,10064.9,26,14.8,0.259,429
2026-08-02 16:50:27,32.02,62.17,1003.00,157.00,1548,5.384,93800,30.0,43.0,51.0,YES,UNKNOWN_ANALYSIS_IAQ157_VOC5.38ppm,10074.3,26,14.8,0.259,429
2026-08-02 16:50:38,32.02,62.17,1003.00,157.00,1548,5.384,93800,29.0,43.0,51.0,YES,UNKNOWN_ANALYSIS_IAQ157_VOC5.38ppm,10084.8,26,14.8,0.259,429
2026-08-02 16:50:47,32.02,62.17,1003.00,157.00,1548,5.384,93800,30.0,43.0,52.0,YES,UNKNOWN_ANALYSIS_IAQ157_VOC5.38ppm,10094.2,26,14.8,0.259,429
2026-08-02 16:50:58,32.02,62.17,1003.00,157.00,1548,5.384,93800,29.0,41.0,51.0,YES,UNKNOWN_ANALYSIS_IAQ157_VOC5.38ppm,10104.6,26,14.8,0.259,429
2026-08-02 16:51:08,32.02,62.17,1003.00,157.00,1548,5.384,93800,30.0,42.0,53.0,YES,UNKNOWN_ANALYSIS_IAQ157_VOC5.38ppm,10115.1,26,14.8,0.259,429
2026-08-02 16:51:17,32.02,62.17,1003.00,157.00,1548,5.384,93800,29.0,42.0,52.0,YES,UNKNOWN_ANALYSIS_IAQ157_VOC5.38ppm,10124.5,26,14.8,0.259,429
📊 Z-scores: IAQ=21.41 VOC=112.63 CO2=83.40 GasDrop=11.18
2026-08-02 16:51:28,32.02,62.17,1003.00,157.00,1548,5.384,93800,29.0,42.0,50.0,YES,UNKNOWN_ANALYSIS_IAQ157_VOC5.38ppm,10134.9,26,14.8,0.259,429
2026-08-02 16:51:37,32.02,62.17,1003.00,157.00,1548,5.384,93800,28.0,41.0,49.0,YES,UNKNOWN_ANALYSIS_IAQ157_VOC5.38ppm,10144.4,26,14.8,0.259,429
2026-08-02 16:51:48,32.02,62.17,1003.00,157.00,1548,5.384,93800,30.0,43.0,52.0,YES,UNKNOWN_ANALYSIS_IAQ157_VOC5.38ppm,10154.8,26,14.8,0.259,429
PMS7003: Timeout error
2026-08-02 16:51:58,32.02,62.17,1003.00,157.00,1548,5.384,93800,30.0,43.0,52.0,YES,UNKNOWN_ANALYSIS_IAQ157_VOC5.38ppm,10165.2,26,14.8,0.259,429
2026-08-02 16:52:08,32.02,62.17,1003.00,157.00,1548,5.384,93800,30.0,41.0,50.0,YES,UNKNOWN_ANALYSIS_IAQ157_VOC5.38ppm,10174.7,26,14.8,0.259,429
2026-08-02 16:52:18,32.02,62.17,1003.00,157.00,1548,5.384,93800,30.0,42.0,50.0,YES,UNKNOWN_ANALYSIS_IAQ157_VOC5.38ppm,10185.1,26,14.8,0.259,429
2026-08-02 16:52:27,32.02,62.17,1003.00,157.00,1548,5.384,93800,29.0,42.0,49.0,YES,UNKNOWN_ANALYSIS_IAQ157_VOC5.38ppm,10194.5,26,14.8,0.259,429
📊 Z-scores: IAQ=21.41 VOC=112.63 CO2=83.40 GasDrop=11.18
2026-08-02 16:52:38,32.02,62.17,1003.00,157.00,1548,5.384,93800,30.0,43.0,51.0,YES,UNKNOWN_ANALYSIS_IAQ157_VOC5.38ppm,10205.0,26,14.8,0.259,429
2026-08-02 16:52:47,32.05,62.17,1003.00,158.29,1552,5.429,93500,30.0,43.0,52.0,YES,UNKNOWN_ANALYSIS_IAQ158_VOC5.43ppm,10214.4,26,14.8,0.259,429
2026-08-02 16:52:58,32.05,62.17,1003.00,158.29,1552,5.429,93500,30.0,43.0,52.0,YES,UNKNOWN_ANALYSIS_IAQ158_VOC5.43ppm,10224.8,26,14.8,0.259,429
PMS7003: Timeout error
2026-08-02 16:53:08,32.05,62.17,1003.00,158.29,1552,5.429,93500,30.0,43.0,52.0,YES,UNKNOWN_ANALYSIS_IAQ158_VOC5.43ppm,10235.3,26,14.8,0.259,429
2026-08-02 16:53:18,32.05,62.17,1003.00,158.29,1552,5.429,93500,31.0,43.0,52.0,YES,UNKNOWN_ANALYSIS_IAQ158_VOC5.43ppm,10244.7,26,14.8,0.259,429
2026-08-02 16:53:28,32.05,62.17,1003.00,158.29,1552,5.429,93500,29.0,42.0,50.0,YES,UNKNOWN_ANALYSIS_IAQ158_VOC5.43ppm,10255.2,26,14.8,0.259,429
2026-08-02 16:53:38,32.05,62.17,1003.00,158.29,1552,5.429,93500,28.0,41.0,51.0,YES,UNKNOWN_ANALYSIS_IAQ158_VOC5.43ppm,10264.6,26,14.8,0.259,429
📊 Z-scores: IAQ=21.60 VOC=113.62 CO2=83.67 GasDrop=11.22
2026-08-02 16:53:48,32.05,62.17,1003.00,158.29,1552,5.429,93500,29.0,43.0,52.0,YES,UNKNOWN_ANALYSIS_IAQ158_VOC5.43ppm,10275.0,26,14.8,0.259,429
2026-08-02 16:53:57,32.05,62.17,1003.00,158.29,1552,5.429,93500,30.0,44.0,53.0,YES,UNKNOWN_ANALYSIS_IAQ158_VOC5.43ppm,10284.4,26,14.8,0.259,429
2026-08-02 16:54:08,32.05,62.17,1003.00,158.29,1552,5.429,93500,31.0,44.0,52.0,YES,UNKNOWN_ANALYSIS_IAQ158_VOC5.43ppm,10294.9,26,14.8,0.259,429
2026-08-02 16:54:18,32.05,62.17,1003.00,158.29,1552,5.429,93500,31.0,44.0,52.0,YES,UNKNOWN_ANALYSIS_IAQ158_VOC5.43ppm,10305.3,26,14.8,0.259,429
2026-08-02 16:54:28,32.05,62.17,1003.00,158.29,1552,5.429,93500,30.0,43.0,51.0,YES,UNKNOWN_ANALYSIS_IAQ158_VOC5.43ppm,10314.7,26,14.8,0.259,429
2026-08-02 16:54:38,32.05,62.17,1003.00,158.29,1552,5.429,93500,29.0,42.0,51.0,YES,UNKNOWN_ANALYSIS_IAQ158_VOC5.43ppm,10325.2,26,14.8,0.259,429
2026-08-02 16:54:48,32.05,62.17,1003.00,158.29,1552,5.429,93500,30.0,43.0,52.0,YES,UNKNOWN_ANALYSIS_IAQ158_VOC5.43ppm,10334.6,26,14.8,0.259,429
📊 Z-scores: IAQ=21.60 VOC=113.62 CO2=83.67 GasDrop=11.22
2026-08-02 16:54:58,32.05,62.17,1003.00,158.29,1552,5.429,93500,30.0,43.0,50.0,YES,UNKNOWN_ANALYSIS_IAQ158_VOC5.43ppm,10345.0,26,14.8,0.259,429
2026-08-02 16:55:07,32.05,62.17,1003.00,158.29,1552,5.429,93500,30.0,44.0,52.0,YES,UNKNOWN_ANALYSIS_IAQ158_VOC5.43ppm,10354.5,26,14.8,0.259,429
2026-08-02 16:55:18,32.05,62.17,1003.00,158.29,1552,5.429,93500,30.0,42.0,51.0,YES,UNKNOWN_ANALYSIS_IAQ158_VOC5.43ppm,10364.9,26,14.8,0.259,429
2026-08-02 16:55:28,32.05,62.17,1003.00,158.29,1552,5.429,93500,30.0,43.0,52.0,YES,UNKNOWN_ANALYSIS_IAQ158_VOC5.43ppm,10375.4,26,14.8,0.259,429
2026-08-02 16:55:38,32.05,62.17,1003.00,158.29,1552,5.429,93500,30.0,44.0,53.0,YES,UNKNOWN_ANALYSIS_IAQ158_VOC5.43ppm,10384.8,26,14.8,0.259,429
2026-08-02 16:55:48,32.05,62.17,1003.00,158.29,1552,5.429,93500,31.0,44.0,55.0,YES,UNKNOWN_ANALYSIS_IAQ158_VOC5.43ppm,10395.2,26,14.8,0.259,429
2026-08-02 16:55:58,32.05,62.17,1003.00,158.29,1552,5.429,93500,30.0,42.0,52.0,YES,UNKNOWN_ANALYSIS_IAQ158_VOC5.43ppm,10404.6,26,14.8,0.259,429
📊 Z-scores: IAQ=21.60 VOC=113.62 CO2=83.67 GasDrop=11.22
2026-08-02 16:56:08,32.05,62.17,1003.00,158.29,1552,5.429,93500,31.0,43.0,53.0,YES,UNKNOWN_ANALYSIS_IAQ158_VOC5.43ppm,10415.1,26,14.8,0.259,429
2026-08-02 16:56:18,32.05,62.17,1003.00,158.29,1552,5.429,93500,30.0,43.0,52.0,YES,UNKNOWN_ANALYSIS_IAQ158_VOC5.43ppm,10425.5,26,14.8,0.259,429
2026-08-02 16:56:28,32.05,62.17,1003.00,158.29,1552,5.429,93500,30.0,42.0,51.0,YES,UNKNOWN_ANALYSIS_IAQ158_VOC5.43ppm,10434.9,26,14.8,0.259,429
2026-08-02 16:56:38,32.05,62.17,1003.00,158.29,1552,5.429,93500,31.0,43.0,53.0,YES,UNKNOWN_ANALYSIS_IAQ158_VOC5.43ppm,10445.4,26,14.8,0.259,429
2026-08-02 16:56:48,32.05,62.17,1003.00,158.29,1552,5.429,93500,31.0,44.0,54.0,YES,UNKNOWN_ANALYSIS_IAQ158_VOC5.43ppm,10454.8,26,14.8,0.259,429
2026-08-02 16:56:58,32.05,62.17,1003.00,158.29,1552,5.429,93500,30.0,43.0,52.0,YES,UNKNOWN_ANALYSIS_IAQ158_VOC5.43ppm,10465.2,26,14.8,0.259,429
2026-08-02 16:57:08,32.05,62.17,1003.00,158.29,1552,5.429,93500,30.0,42.0,52.0,YES,UNKNOWN_ANALYSIS_IAQ158_VOC5.43ppm,10474.6,26,14.8,0.259,429
📊 Z-scores: IAQ=21.60 VOC=113.62 CO2=83.67 GasDrop=11.22
2026-08-02 16:57:18,32.05,62.17,1003.00,158.29,1552,5.429,93500,31.0,44.0,53.0,YES,UNKNOWN_ANALYSIS_IAQ158_VOC5.43ppm,10485.1,26,14.8,0.259,429
2026-08-02 16:57:28,32.05,62.17,1003.00,158.29,1552,5.429,93500,30.0,43.0,52.0,YES,UNKNOWN_ANALYSIS_IAQ158_VOC5.43ppm,10495.5,26,14.8,0.259,429
2026-08-02 16:57:38,32.05,62.17,1003.00,158.29,1552,5.429,93500,31.0,44.0,53.0,YES,UNKNOWN_ANALYSIS_IAQ158_VOC5.43ppm,10504.9,26,14.8,0.259,429
2026-08-02 16:57:48,32.10,62.15,1003.00,165.87,1616,6.273,92200,30.0,43.0,52.0,YES,UNKNOWN_ANALYSIS_IAQ166_VOC6.27ppm,10515.4,26,14.8,0.259,429
2026-08-02 16:57:58,32.10,62.15,1003.00,165.87,1616,6.273,92200,31.0,44.0,53.0,YES,UNKNOWN_ANALYSIS_IAQ166_VOC6.27ppm,10524.8,26,14.8,0.259,429
2026-08-02 16:58:08,32.10,62.15,1003.00,165.87,1616,6.273,92200,30.0,43.0,54.0,YES,UNKNOWN_ANALYSIS_IAQ166_VOC6.27ppm,10535.3,26,14.8,0.259,429
📊 Z-scores: IAQ=22.74 VOC=132.17 CO2=88.42 GasDrop=11.39
2026-08-02 16:58:19,32.10,62.15,1003.00,165.87,1616,6.273,92200,30.0,44.0,55.0,YES,UNKNOWN_ANALYSIS_IAQ166_VOC6.27ppm,10545.7,26,14.8,0.259,429
2026-08-02 16:58:28,32.10,62.15,1003.00,165.87,1616,6.273,92200,31.0,45.0,55.0,YES,UNKNOWN_ANALYSIS_IAQ166_VOC6.27ppm,10555.1,26,14.8,0.259,429
2026-08-02 16:58:38,32.10,62.15,1003.00,165.87,1616,6.273,92200,31.0,45.0,55.0,YES,UNKNOWN_ANALYSIS_IAQ166_VOC6.27ppm,10565.6,26,14.8,0.259,429
2026-08-02 16:58:48,32.10,62.15,1003.00,165.87,1616,6.273,92200,30.0,44.0,54.0,YES,UNKNOWN_ANALYSIS_IAQ166_VOC6.27ppm,10575.0,26,14.8,0.259,429
2026-08-02 16:58:58,32.10,62.15,1003.00,165.87,1616,6.273,92200,31.0,44.0,55.0,YES,UNKNOWN_ANALYSIS_IAQ166_VOC6.27ppm,10585.4,26,14.8,0.259,429
2026-08-02 16:59:08,32.10,62.15,1003.00,165.87,1616,6.273,92200,30.0,44.0,53.0,YES,UNKNOWN_ANALYSIS_IAQ166_VOC6.27ppm,10594.8,26,14.8,0.259,429
2026-08-02 16:59:18,32.10,62.15,1003.00,165.87,1616,6.273,92200,30.0,44.0,53.0,YES,UNKNOWN_ANALYSIS_IAQ166_VOC6.27ppm,10605.3,26,14.8,0.259,429
📊 Z-scores: IAQ=22.74 VOC=132.17 CO2=88.42 GasDrop=11.39
2026-08-02 16:59:29,32.10,62.15,1003.00,165.87,1616,6.273,92200,30.0,44.0,53.0,YES,UNKNOWN_ANALYSIS_IAQ166_VOC6.27ppm,10615.7,26,14.8,0.259,429
2026-08-02 16:59:38,32.10,62.15,1003.00,165.87,1616,6.273,92200,29.0,43.0,52.0,YES,UNKNOWN_ANALYSIS_IAQ166_VOC6.27ppm,10625.1,26,14.8,0.259,429
2026-08-02 16:59:49,32.10,62.15,1003.00,165.87,1616,6.273,92200,29.0,44.0,53.0,YES,UNKNOWN_ANALYSIS_IAQ166_VOC6.27ppm,10635.6,26,14.8,0.259,429
2026-08-02 16:59:58,32.10,62.15,1003.00,165.87,1616,6.273,92200,30.0,43.0,52.0,YES,UNKNOWN_ANALYSIS_IAQ166_VOC6.27ppm,10645.0,26,14.8,0.259,429
2026-08-02 17:00:08,32.10,62.15,1003.00,165.87,1616,6.273,92200,30.0,44.0,52.0,YES,UNKNOWN_ANALYSIS_IAQ166_VOC6.27ppm,10655.4,26,14.8,0.259,429
2026-08-02 17:00:18,32.10,62.15,1003.00,165.87,1616,6.273,92200,30.0,44.0,52.0,YES,UNKNOWN_ANALYSIS_IAQ166_VOC6.27ppm,10664.8,26,14.8,0.259,429
2026-08-02 17:00:28,32.10,62.15,1003.00,165.87,1616,6.273,92200,30.0,43.0,51.0,YES,UNKNOWN_ANALYSIS_IAQ166_VOC6.27ppm,10675.3,26,14.8,0.259,429
📊 Z-scores: IAQ=22.74 VOC=132.17 CO2=88.42 GasDrop=11.39
2026-08-02 17:00:39,32.10,62.15,1003.00,165.87,1616,6.273,92200,31.0,44.0,52.0,YES,UNKNOWN_ANALYSIS_IAQ166_VOC6.27ppm,10685.7,26,14.8,0.259,429
2026-08-02 17:00:48,32.10,62.15,1003.00,165.87,1616,6.273,92200,30.0,44.0,54.0,YES,UNKNOWN_ANALYSIS_IAQ166_VOC6.27ppm,10695.1,26,14.8,0.259,429
2026-08-02 17:00:59,32.10,62.15,1003.00,165.87,1616,6.273,92200,30.0,44.0,55.0,YES,UNKNOWN_ANALYSIS_IAQ166_VOC6.27ppm,10705.6,26,14.8,0.259,429
2026-08-02 17:01:08,32.10,62.15,1003.00,165.87,1616,6.273,92200,31.0,45.0,56.0,YES,UNKNOWN_ANALYSIS_IAQ166_VOC6.27ppm,10715.0,26,14.8,0.259,429
2026-08-02 17:01:18,32.10,62.15,1003.00,165.87,1616,6.273,92200,30.0,43.0,54.0,YES,UNKNOWN_ANALYSIS_IAQ166_VOC6.27ppm,10725.4,26,14.8,0.259,429
2026-08-02 17:01:29,32.10,62.15,1003.00,165.87,1616,6.273,92200,31.0,44.0,53.0,YES,UNKNOWN_ANALYSIS_IAQ166_VOC6.27ppm,10735.9,26,14.8,0.259,429
2026-08-02 17:01:38,32.10,62.15,1003.00,165.87,1616,6.273,92200,30.0,43.0,51.0,YES,UNKNOWN_ANALYSIS_IAQ166_VOC6.27ppm,10745.3,26,14.8,0.259,429
📊 Z-scores: IAQ=22.74 VOC=132.17 CO2=88.42 GasDrop=11.39
2026-08-02 17:01:49,32.10,62.15,1003.00,165.87,1616,6.273,92200,31.0,44.0,52.0,YES,UNKNOWN_ANALYSIS_IAQ166_VOC6.27ppm,10755.8,26,14.8,0.259,429
2026-08-02 17:01:58,32.10,62.15,1003.00,165.87,1616,6.273,92200,30.0,42.0,51.0,YES,UNKNOWN_ANALYSIS_IAQ166_VOC6.27ppm,10765.2,26,14.8,0.259,429
💾 Saved baseline: IAQ=15.4 VOC=0.263 CO2=430 Gas=177816
2026-08-02 17:02:09,32.10,62.15,1003.00,165.87,1616,6.273,92200,30.0,43.0,52.0,YES,UNKNOWN_ANALYSIS_IAQ166_VOC6.27ppm,10775.6,26,14.8,0.259,429
2026-08-02 17:02:19,32.10,62.15,1003.00,165.87,1616,6.273,92200,30.0,44.0,52.0,YES,UNKNOWN_ANALYSIS_IAQ166_VOC6.27ppm,10786.1,26,14.8,0.259,429
2026-08-02 17:02:28,32.10,62.15,1003.00,165.87,1616,6.273,92200,30.0,44.0,52.0,YES,UNKNOWN_ANALYSIS_IAQ166_VOC6.27ppm,10795.5,26,14.8,0.259,429
2026-08-02 17:02:39,32.10,62.15,1003.00,165.87,1616,6.273,92200,31.0,44.0,52.0,YES,UNKNOWN_ANALYSIS_IAQ166_VOC6.27ppm,10805.9,26,14.8,0.259,429
2026-08-02 17:02:48,32.13,62.18,1003.00,176.47,1706,7.707,90500,31.0,44.0,53.0,YES,UNKNOWN_ANALYSIS_IAQ176_VOC7.71ppm,10815.3,26,14.8,0.259,429
📊 Z-scores: IAQ=24.34 VOC=163.68 CO2=95.19 GasDrop=11.62
2026-08-02 17:02:59,32.13,62.18,1003.00,176.47,1706,7.707,90500,31.0,45.0,54.0,YES,UNKNOWN_ANALYSIS_IAQ176_VOC7.71ppm,10825.8,26,14.8,0.259,429
PMS7003: Timeout error
2026-08-02 17:03:09,32.13,62.18,1003.00,176.47,1706,7.707,90500,31.0,45.0,54.0,YES,UNKNOWN_ANALYSIS_IAQ176_VOC7.71ppm,10836.2,26,14.8,0.259,429
2026-08-02 17:03:19,32.13,62.18,1003.00,176.47,1706,7.707,90500,33.0,46.0,55.0,YES,UNKNOWN_ANALYSIS_IAQ176_VOC7.71ppm,10845.6,26,14.8,0.259,429
2026-08-02 17:03:29,32.13,62.18,1003.00,176.47,1706,7.707,90500,32.0,46.0,55.0,YES,UNKNOWN_ANALYSIS_IAQ176_VOC7.71ppm,10856.1,26,14.8,0.259,429
2026-08-02 17:03:38,32.13,62.18,1003.00,176.47,1706,7.707,90500,32.0,46.0,56.0,YES,UNKNOWN_ANALYSIS_IAQ176_VOC7.71ppm,10865.5,26,14.8,0.259,429
2026-08-02 17:03:49,32.13,62.18,1003.00,176.47,1706,7.707,90500,32.0,46.0,56.0,YES,UNKNOWN_ANALYSIS_IAQ176_VOC7.71ppm,10875.9,26,14.8,0.259,429
2026-08-02 17:03:58,32.13,62.18,1003.00,176.47,1706,7.707,90500,32.0,45.0,56.0,YES,UNKNOWN_ANALYSIS_IAQ176_VOC7.71ppm,10885.3,26,14.8,0.259,429
📊 Z-scores: IAQ=24.34 VOC=163.68 CO2=95.19 GasDrop=11.62
2026-08-02 17:04:09,32.13,62.18,1003.00,176.47,1706,7.707,90500,33.0,46.0,58.0,YES,UNKNOWN_ANALYSIS_IAQ176_VOC7.71ppm,10895.8,26,14.8,0.259,429
2026-08-02 17:04:19,32.13,62.18,1003.00,176.47,1706,7.707,90500,33.0,47.0,56.0,YES,UNKNOWN_ANALYSIS_IAQ176_VOC7.71ppm,10906.2,26,14.8,0.259,429
2026-08-02 17:04:29,32.13,62.18,1003.00,176.47,1706,7.707,90500,33.0,48.0,57.0,YES,UNKNOWN_ANALYSIS_IAQ176_VOC7.71ppm,10915.6,26,14.8,0.259,429
2026-08-02 17:04:39,32.13,62.18,1003.00,176.47,1706,7.707,90500,33.0,47.0,57.0,YES,UNKNOWN_ANALYSIS_IAQ176_VOC7.71ppm,10926.1,26,14.8,0.259,429
2026-08-02 17:04:48,32.13,62.18,1003.00,176.47,1706,7.707,90500,32.0,47.0,57.0,YES,UNKNOWN_ANALYSIS_IAQ176_VOC7.71ppm,10935.5,26,14.8,0.259,429
2026-08-02 17:04:59,32.13,62.18,1003.00,176.47,1706,7.707,90500,32.0,47.0,57.0,YES,UNKNOWN_ANALYSIS_IAQ176_VOC7.71ppm,10945.9,26,14.8,0.259,429
PMS7003: Timeout error
📊 Z-scores: IAQ=24.34 VOC=163.68 CO2=95.19 GasDrop=11.62
2026-08-02 17:05:09,32.13,62.18,1003.00,176.47,1706,7.707,90500,32.0,47.0,57.0,YES,UNKNOWN_ANALYSIS_IAQ176_VOC7.71ppm,10956.4,26,14.8,0.259,429
2026-08-02 17:05:19,32.13,62.18,1003.00,176.47,1706,7.707,90500,33.0,46.0,59.0,YES,UNKNOWN_ANALYSIS_IAQ176_VOC7.71ppm,10965.8,26,14.8,0.259,429
2026-08-02 17:05:29,32.13,62.18,1003.00,176.47,1706,7.707,90500,33.0,46.0,58.0,YES,UNKNOWN_ANALYSIS_IAQ176_VOC7.71ppm,10976.2,26,14.8,0.259,429
2026-08-02 17:05:39,32.13,62.18,1003.00,176.47,1706,7.707,90500,34.0,47.0,60.0,YES,UNKNOWN_ANALYSIS_IAQ176_VOC7.71ppm,10985.6,26,14.8,0.259,429
2026-08-02 17:05:49,32.13,62.18,1003.00,176.47,1706,7.707,90500,34.0,47.0,60.0,YES,UNKNOWN_ANALYSIS_IAQ176_VOC7.71ppm,10996.1,26,14.8,0.259,429
2026-08-02 17:05:58,32.13,62.18,1003.00,176.47,1706,7.707,90500,34.0,47.0,60.0,YES,UNKNOWN_ANALYSIS_IAQ176_VOC7.71ppm,11005.5,26,14.8,0.259,429
2026-08-02 17:06:09,32.13,62.18,1003.00,176.47,1706,7.707,90500,34.0,48.0,59.0,YES,UNKNOWN_ANALYSIS_IAQ176_VOC7.71ppm,11015.9,26,14.8,0.259,429
📊 Z-scores: IAQ=24.34 VOC=163.68 CO2=95.19 GasDrop=11.62
2026-08-02 17:06:19,32.13,62.18,1003.00,176.47,1706,7.707,90500,33.0,47.0,58.0,YES,UNKNOWN_ANALYSIS_IAQ176_VOC7.71ppm,11026.4,26,14.8,0.259,429
2026-08-02 17:06:29,32.13,62.18,1003.00,176.47,1706,7.707,90500,34.0,48.0,60.0,YES,UNKNOWN_ANALYSIS_IAQ176_VOC7.71ppm,11035.8,26,14.8,0.259,429
2026-08-02 17:06:39,32.13,62.18,1003.00,176.47,1706,7.707,90500,32.0,47.0,57.0,YES,UNKNOWN_ANALYSIS_IAQ176_VOC7.71ppm,11046.2,26,14.8,0.259,429
2026-08-02 17:06:49,32.13,62.18,1003.00,176.47,1706,7.707,90500,33.0,48.0,58.0,YES,UNKNOWN_ANALYSIS_IAQ176_VOC7.71ppm,11055.6,26,14.8,0.259,429
2026-08-02 17:06:59,32.13,62.18,1003.00,176.47,1706,7.707,90500,33.0,48.0,58.0,YES,UNKNOWN_ANALYSIS_IAQ176_VOC7.71ppm,11066.1,26,14.8,0.259,429
2026-08-02 17:07:09,32.13,62.18,1003.00,176.47,1706,7.707,90500,33.0,48.0,58.0,YES,UNKNOWN_ANALYSIS_IAQ176_VOC7.71ppm,11076.5,26,14.8,0.259,429
2026-08-02 17:07:19,32.13,62.18,1003.00,176.47,1706,7.707,90500,33.0,48.0,58.0,YES,UNKNOWN_ANALYSIS_IAQ176_VOC7.71ppm,11085.9,26,14.8,0.259,429
📊 Z-scores: IAQ=24.34 VOC=163.68 CO2=95.19 GasDrop=11.62
2026-08-02 17:07:29,32.13,62.18,1003.00,176.47,1706,7.707,90500,34.0,48.0,60.0,YES,UNKNOWN_ANALYSIS_IAQ176_VOC7.71ppm,11096.4,26,14.8,0.259,429
2026-08-02 17:07:39,32.13,62.18,1003.00,176.47,1706,7.707,90500,33.0,47.0,59.0,YES,UNKNOWN_ANALYSIS_IAQ176_VOC7.71ppm,11105.8,26,14.8,0.259,429
2026-08-02 17:07:49,32.15,62.20,1003.00,191.19,1833,10.279,88300,34.0,48.0,60.0,YES,SCOPOLAMINE_MEDIUMDOSE_VOC:10.3_IAQ:191.2_CO2:1833,11116.2,26,14.8,0.259,429
2026-08-02 17:08:00,32.15,62.20,1003.00,191.19,1833,10.279,88300,33.0,49.0,60.0,YES,SCOPOLAMINE_MEDIUMDOSE_VOC:10.3_IAQ:191.2_CO2:1833,11126.7,26,14.8,0.259,429
2026-08-02 17:08:09,32.15,62.20,1003.00,191.19,1833,10.279,88300,33.0,50.0,61.0,YES,SCOPOLAMINE_MEDIUMDOSE_VOC:10.3_IAQ:191.2_CO2:1833,11136.1,26,14.8,0.259,429
2026-08-02 17:08:19,32.15,62.20,1003.00,191.19,1833,10.279,88300,33.0,49.0,60.0,YES,SCOPOLAMINE_MEDIUMDOSE_VOC:10.3_IAQ:191.2_CO2:1833,11146.6,26,14.8,0.259,429
2026-08-02 17:08:29,32.15,62.20,1003.00,191.19,1833,10.279,88300,32.0,48.0,58.0,YES,SCOPOLAMINE_MEDIUMDOSE_VOC:10.3_IAQ:191.2_CO2:1833,11156.0,26,14.8,0.259,429
📊 Z-scores: IAQ=26.56 VOC=220.19 CO2=104.65 GasDrop=11.91
2026-08-02 17:08:39,32.15,62.20,1003.00,191.19,1833,10.279,88300,33.0,49.0,59.0,YES,SCOPOLAMINE_MEDIUMDOSE_VOC:10.3_IAQ:191.2_CO2:1833,11166.4,26,14.8,0.259,429
2026-08-02 17:08:49,32.15,62.20,1003.00,191.19,1833,10.279,88300,33.0,49.0,58.0,YES,SCOPOLAMINE_MEDIUMDOSE_VOC:10.3_IAQ:191.2_CO2:1833,11175.8,26,14.8,0.259,429
2026-08-02 17:08:59,32.15,62.20,1003.00,191.19,1833,10.279,88300,32.0,47.0,57.0,YES,SCOPOLAMINE_MEDIUMDOSE_VOC:10.3_IAQ:191.2_CO2:1833,11186.3,26,14.8,0.259,429
2026-08-02 17:09:10,32.15,62.20,1003.00,191.19,1833,10.279,88300,33.0,48.0,59.0,YES,SCOPOLAMINE_MEDIUMDOSE_VOC:10.3_IAQ:191.2_CO2:1833,11196.7,26,14.8,0.259,429
2026-08-02 17:09:19,32.15,62.20,1003.00,191.19,1833,10.279,88300,32.0,47.0,58.0,YES,SCOPOLAMINE_MEDIUMDOSE_VOC:10.3_IAQ:191.2_CO2:1833,11206.1,26,14.8,0.259,429
2026-08-02 17:09:30,32.15,62.20,1003.00,191.19,1833,10.279,88300,32.0,47.0,57.0,YES,SCOPOLAMINE_MEDIUMDOSE_VOC:10.3_IAQ:191.2_CO2:1833,11216.6,26,14.8,0.259,429
2026-08-02 17:09:39,32.15,62.20,1003.00,191.19,1833,10.279,88300,32.0,47.0,58.0,YES,SCOPOLAMINE_MEDIUMDOSE_VOC:10.3_IAQ:191.2_CO2:1833,11226.0,26,14.8,0.259,429
📊 Z-scores: IAQ=26.56 VOC=220.19 CO2=104.65 GasDrop=11.91
2026-08-02 17:09:49,32.15,62.20,1003.00,191.19,1833,10.279,88300,34.0,48.0,61.0,YES,SCOPOLAMINE_MEDIUMDOSE_VOC:10.3_IAQ:191.2_CO2:1833,11236.4,26,14.8,0.259,429
2026-08-02 17:09:59,32.15,62.20,1003.00,191.19,1833,10.279,88300,32.0,47.0,59.0,YES,SCOPOLAMINE_MEDIUMDOSE_VOC:10.3_IAQ:191.2_CO2:1833,11245.8,26,14.8,0.259,429
2026-08-02 17:10:09,32.15,62.20,1003.00,191.19,1833,10.279,88300,32.0,47.0,59.0,YES,SCOPOLAMINE_MEDIUMDOSE_VOC:10.3_IAQ:191.2_CO2:1833,11256.3,26,14.8,0.259,429
2026-08-02 17:10:20,32.15,62.20,1003.00,191.19,1833,10.279,88300,33.0,49.0,61.0,YES,SCOPOLAMINE_MEDIUMDOSE_VOC:10.3_IAQ:191.2_CO2:1833,11266.7,26,14.8,0.259,429
2026-08-02 17:10:29,32.15,62.20,1003.00,191.19,1833,10.279,88300,34.0,48.0,59.0,YES,SCOPOLAMINE_MEDIUMDOSE_VOC:10.3_IAQ:191.2_CO2:1833,11276.1,26,14.8,0.259,429
2026-08-02 17:10:40,32.15,62.20,1003.00,191.19,1833,10.279,88300,32.0,47.0,57.0,YES,SCOPOLAMINE_MEDIUMDOSE_VOC:10.3_IAQ:191.2_CO2:1833,11286.6,26,14.8,0.259,429
2026-08-02 17:10:49,32.15,62.20,1003.00,191.19,1833,10.279,88300,33.0,48.0,57.0,YES,SCOPOLAMINE_MEDIUMDOSE_VOC:10.3_IAQ:191.2_CO2:1833,11296.0,26,14.8,0.259,429
📊 Z-scores: IAQ=26.56 VOC=220.19 CO2=104.65 GasDrop=11.91
2026-08-02 17:10:59,32.15,62.20,1003.00,191.19,1833,10.279,88300,33.0,47.0,57.0,YES,SCOPOLAMINE_MEDIUMDOSE_VOC:10.3_IAQ:191.2_CO2:1833,11306.4,26,14.8,0.259,429
2026-08-02 17:11:10,32.15,62.20,1003.00,191.19,1833,10.279,88300,33.0,48.0,59.0,YES,SCOPOLAMINE_MEDIUMDOSE_VOC:10.3_IAQ:191.2_CO2:1833,11316.9,26,14.8,0.259,429
2026-08-02 17:11:19,32.15,62.20,1003.00,191.19,1833,10.279,88300,33.0,48.0,59.0,YES,SCOPOLAMINE_MEDIUMDOSE_VOC:10.3_IAQ:191.2_CO2:1833,11326.3,26,14.8,0.259,429
2026-08-02 17:11:30,32.15,62.20,1003.00,191.19,1833,10.279,88300,32.0,47.0,58.0,YES,SCOPOLAMINE_MEDIUMDOSE_VOC:10.3_IAQ:191.2_CO2:1833,11336.7,26,14.8,0.259,429
2026-08-02 17:11:39,32.15,62.20,1003.00,191.19,1833,10.279,88300,33.0,48.0,60.0,YES,SCOPOLAMINE_MEDIUMDOSE_VOC:10.3_IAQ:191.2_CO2:1833,11346.1,26,14.8,0.259,429
2026-08-02 17:11:50,32.15,62.20,1003.00,191.19,1833,10.279,88300,33.0,49.0,60.0,YES,SCOPOLAMINE_MEDIUMDOSE_VOC:10.3_IAQ:191.2_CO2:1833,11356.6,26,14.8,0.259,429
📊 Z-scores: IAQ=26.56 VOC=220.19 CO2=104.65 GasDrop=11.91
2026-08-02 17:12:00,32.15,62.20,1003.00,191.19,1833,10.279,88300,34.0,49.0,61.0,YES,SCOPOLAMINE_MEDIUMDOSE_VOC:10.3_IAQ:191.2_CO2:1833,11367.0,26,14.8,0.259,429
2026-08-02 17:12:09,32.15,62.20,1003.00,191.19,1833,10.279,88300,33.0,49.0,59.0,YES,SCOPOLAMINE_MEDIUMDOSE_VOC:10.3_IAQ:191.2_CO2:1833,11376.4,26,14.8,0.259,429
2026-08-02 17:12:20,32.15,62.20,1003.00,191.19,1833,10.279,88300,33.0,48.0,57.0,YES,SCOPOLAMINE_MEDIUMDOSE_VOC:10.3_IAQ:191.2_CO2:1833,11386.9,26,14.8,0.259,429
2026-08-02 17:12:29,32.15,62.20,1003.00,191.19,1833,10.279,88300,34.0,50.0,60.0,YES,SCOPOLAMINE_MEDIUMDOSE_VOC:10.3_IAQ:191.2_CO2:1833,11396.3,26,14.8,0.259,429
2026-08-02 17:12:40,32.15,62.20,1003.00,191.19,1833,10.279,88300,34.0,49.0,60.0,YES,SCOPOLAMINE_MEDIUMDOSE_VOC:10.3_IAQ:191.2_CO2:1833,11406.7,26,14.8,0.259,429
2026-08-02 17:12:50,32.14,62.21,1003.00,198.34,1886,11.594,87300,33.0,49.0,60.0,YES,SCOPOLAMINE_MEDIUMDOSE_VOC:11.6_IAQ:198.3_CO2:1886,11417.2,26,14.8,0.259,429
2026-08-02 17:13:00,32.14,62.21,1003.00,198.34,1886,11.594,87300,34.0,50.0,62.0,YES,SCOPOLAMINE_MEDIUMDOSE_VOC:11.6_IAQ:198.3_CO2:1886,11426.6,26,14.8,0.259,429
📊 Z-scores: IAQ=27.63 VOC=249.09 CO2=108.61 GasDrop=12.04
2026-08-02 17:13:10,32.14,62.21,1003.00,198.34,1886,11.594,87300,34.0,50.0,62.0,YES,SCOPOLAMINE_MEDIUMDOSE_VOC:11.6_IAQ:198.3_CO2:1886,11437.0,26,14.8,0.259,429
2026-08-02 17:13:19,32.14,62.21,1003.00,198.34,1886,11.594,87300,33.0,49.0,61.0,YES,SCOPOLAMINE_MEDIUMDOSE_VOC:11.6_IAQ:198.3_CO2:1886,11446.4,26,14.8,0.259,429
2026-08-02 17:13:30,32.14,62.21,1003.00,198.34,1886,11.594,87300,34.0,50.0,63.0,YES,SCOPOLAMINE_MEDIUMDOSE_VOC:11.6_IAQ:198.3_CO2:1886,11456.9,26,14.8,0.259,429
2026-08-02 17:13:40,32.14,62.21,1003.00,198.34,1886,11.594,87300,34.0,50.0,62.0,YES,SCOPOLAMINE_MEDIUMDOSE_VOC:11.6_IAQ:198.3_CO2:1886,11467.3,26,14.8,0.259,429
2026-08-02 17:13:50,32.14,62.21,1003.00,198.34,1886,11.594,87300,34.0,50.0,62.0,YES,SCOPOLAMINE_MEDIUMDOSE_VOC:11.6_IAQ:198.3_CO2:1886,11476.7,26,14.8,0.259,429
2026-08-02 17:14:00,32.14,62.21,1003.00,198.34,1886,11.594,87300,33.0,49.0,61.0,YES,SCOPOLAMINE_MEDIUMDOSE_VOC:11.6_IAQ:198.3_CO2:1886,11487.2,26,14.8,0.259,429
2026-08-02 17:14:10,32.14,62.21,1003.00,198.34,1886,11.594,87300,34.0,50.0,62.0,YES,SCOPOLAMINE_MEDIUMDOSE_VOC:11.6_IAQ:198.3_CO2:1886,11496.6,26,14.8,0.259,429
📊 Z-scores: IAQ=27.63 VOC=249.09 CO2=108.61 GasDrop=12.04
2026-08-02 17:14:20,32.14,62.21,1003.00,198.34,1886,11.594,87300,33.0,49.0,61.0,YES,SCOPOLAMINE_MEDIUMDOSE_VOC:11.6_IAQ:198.3_CO2:1886,11507.0,26,14.8,0.259,429
2026-08-02 17:14:29,32.14,62.21,1003.00,198.34,1886,11.594,87300,34.0,50.0,62.0,YES,SCOPOLAMINE_MEDIUMDOSE_VOC:11.6_IAQ:198.3_CO2:1886,11516.4,26,14.8,0.259,429
2026-08-02 17:14:40,32.14,62.21,1003.00,198.34,1886,11.594,87300,34.0,49.0,61.0,YES,SCOPOLAMINE_MEDIUMDOSE_VOC:11.6_IAQ:198.3_CO2:1886,11526.9,26,14.8,0.259,429
2026-08-02 17:14:50,32.14,62.21,1003.00,198.34,1886,11.594,87300,33.0,49.0,61.0,YES,SCOPOLAMINE_MEDIUMDOSE_VOC:11.6_IAQ:198.3_CO2:1886,11537.3,26,14.8,0.259,429
2026-08-02 17:15:00,32.14,62.21,1003.00,198.34,1886,11.594,87300,34.0,50.0,62.0,YES,SCOPOLAMINE_MEDIUMDOSE_VOC:11.6_IAQ:198.3_CO2:1886,11546.7,26,14.8,0.259,429
2026-08-02 17:15:10,32.14,62.21,1003.00,198.34,1886,11.594,87300,33.0,48.0,61.0,YES,SCOPOLAMINE_MEDIUMDOSE_VOC:11.6_IAQ:198.3_CO2:1886,11557.2,26,14.8,0.259,429
2026-08-02 17:15:20,32.14,62.21,1003.00,198.34,1886,11.594,87300,34.0,49.0,62.0,YES,SCOPOLAMINE_MEDIUMDOSE_VOC:11.6_IAQ:198.3_CO2:1886,11566.6,26,14.8,0.259,429
📊 Z-scores: IAQ=27.63 VOC=249.09 CO2=108.61 GasDrop=12.04
2026-08-02 17:15:30,32.14,62.21,1003.00,198.34,1886,11.594,87300,34.0,49.0,63.0,YES,SCOPOLAMINE_MEDIUMDOSE_VOC:11.6_IAQ:198.3_CO2:1886,11577.0,26,14.8,0.259,429
2026-08-02 17:15:40,32.14,62.21,1003.00,198.34,1886,11.594,87300,33.0,50.0,63.0,YES,SCOPOLAMINE_MEDIUMDOSE_VOC:11.6_IAQ:198.3_CO2:1886,11587.5,26,14.8,0.259,429
2026-08-02 17:15:50,32.14,62.21,1003.00,198.34,1886,11.594,87300,33.0,50.0,62.0,YES,SCOPOLAMINE_MEDIUMDOSE_VOC:11.6_IAQ:198.3_CO2:1886,11596.9,26,14.8,0.259,429
2026-08-02 17:16:00,32.14,62.21,1003.00,198.34,1886,11.594,87300,33.0,50.0,63.0,YES,SCOPOLAMINE_MEDIUMDOSE_VOC:11.6_IAQ:198.3_CO2:1886,11607.3,26,14.8,0.259,429
2026-08-02 17:16:10,32.14,62.21,1003.00,198.34,1886,11.594,87300,35.0,51.0,64.0,YES,SCOPOLAMINE_MEDIUMDOSE_VOC:11.6_IAQ:198.3_CO2:1886,11616.7,26,14.8,0.259,429
2026-08-02 17:16:20,32.14,62.21,1003.00,198.34,1886,11.594,87300,35.0,51.0,65.0,YES,SCOPOLAMINE_MEDIUMDOSE_VOC:11.6_IAQ:198.3_CO2:1886,11627.2,26,14.8,0.259,429
2026-08-02 17:16:30,32.14,62.21,1003.00,198.34,1886,11.594,87300,34.0,49.0,62.0,YES,SCOPOLAMINE_MEDIUMDOSE_VOC:11.6_IAQ:198.3_CO2:1886,11636.6,26,14.8,0.259,429
📊 Z-scores: IAQ=27.63 VOC=249.09 CO2=108.61 GasDrop=12.04
2026-08-02 17:16:40,32.14,62.21,1003.00,198.34,1886,11.594,87300,34.0,50.0,62.0,YES,SCOPOLAMINE_MEDIUMDOSE_VOC:11.6_IAQ:198.3_CO2:1886,11647.1,26,14.8,0.259,429
2026-08-02 17:16:50,32.14,62.21,1003.00,198.34,1886,11.594,87300,33.0,49.0,60.0,YES,SCOPOLAMINE_MEDIUMDOSE_VOC:11.6_IAQ:198.3_CO2:1886,11657.5,26,14.8,0.259,429
2026-08-02 17:17:00,32.14,62.21,1003.00,198.34,1886,11.594,87300,33.0,49.0,60.0,YES,SCOPOLAMINE_MEDIUMDOSE_VOC:11.6_IAQ:198.3_CO2:1886,11666.9,26,14.8,0.259,429
2026-08-02 17:17:10,32.14,62.21,1003.00,198.34,1886,11.594,87300,34.0,50.0,60.0,YES,SCOPOLAMINE_MEDIUMDOSE_VOC:11.6_IAQ:198.3_CO2:1886,11677.4,26,14.8,0.259,429
2026-08-02 17:17:20,32.14,62.21,1003.00,198.34,1886,11.594,87300,33.0,49.0,60.0,YES,SCOPOLAMINE_MEDIUMDOSE_VOC:11.6_IAQ:198.3_CO2:1886,11686.8,26,14.8,0.259,429
2026-08-02 17:17:30,32.14,62.21,1003.00,198.34,1886,11.594,87300,33.0,49.0,60.0,YES,SCOPOLAMINE_MEDIUMDOSE_VOC:11.6_IAQ:198.3_CO2:1886,11697.2,26,14.8,0.259,429
2026-08-02 17:17:40,32.14,62.21,1003.00,198.34,1886,11.594,87300,33.0,49.0,60.0,YES,SCOPOLAMINE_MEDIUMDOSE_VOC:11.6_IAQ:198.3_CO2:1886,11706.6,26,14.8,0.259,429
📊 Z-scores: IAQ=27.88 VOC=296.57 CO2=114.22 GasDrop=12.23
2026-08-02 17:17:50,32.17,62.21,1004.00,200.00,1962,13.754,85900,33.0,49.0,61.0,YES,SCOPOLAMINE_MEDIUMDOSE_VOC:13.8_IAQ:200.0_CO2:1962,11717.1,26,14.8,0.259,429
2026-08-02 17:18:00,32.17,62.21,1004.00,200.00,1962,13.754,85900,34.0,48.0,60.0,YES,SCOPOLAMINE_MEDIUMDOSE_VOC:13.8_IAQ:200.0_CO2:1962,11727.5,26,14.8,0.259,429
2026-08-02 17:18:10,32.17,62.21,1004.00,200.00,1962,13.754,85900,34.0,48.0,60.0,YES,SCOPOLAMINE_MEDIUMDOSE_VOC:13.8_IAQ:200.0_CO2:1962,11737.0,26,14.8,0.259,429
2026-08-02 17:18:20,32.17,62.21,1004.00,200.00,1962,13.754,85900,33.0,48.0,60.0,YES,SCOPOLAMINE_MEDIUMDOSE_VOC:13.8_IAQ:200.0_CO2:1962,11747.4,26,14.8,0.259,429
2026-08-02 17:18:30,32.17,62.21,1004.00,200.00,1962,13.754,85900,34.0,49.0,61.0,YES,SCOPOLAMINE_MEDIUMDOSE_VOC:13.8_IAQ:200.0_CO2:1962,11756.8,26,14.8,0.259,429
2026-08-02 17:18:40,32.17,62.21,1004.00,200.00,1962,13.754,85900,34.0,49.0,62.0,YES,SCOPOLAMINE_MEDIUMDOSE_VOC:13.8_IAQ:200.0_CO2:1962,11767.3,26,14.8,0.259,429
2026-08-02 17:18:50,32.17,62.21,1004.00,200.00,1962,13.754,85900,32.0,47.0,60.0,YES,SCOPOLAMINE_MEDIUMDOSE_VOC:13.8_IAQ:200.0_CO2:1962,11776.7,26,14.8,0.259,429
📊 Z-scores: IAQ=27.88 VOC=296.57 CO2=114.22 GasDrop=12.23
2026-08-02 17:19:00,32.17,62.21,1004.00,200.00,1962,13.754,85900,33.0,48.0,59.0,YES,SCOPOLAMINE_MEDIUMDOSE_VOC:13.8_IAQ:200.0_CO2:1962,11787.1,26,14.8,0.259,429
2026-08-02 17:19:11,32.17,62.21,1004.00,200.00,1962,13.754,85900,33.0,48.0,58.0,YES,SCOPOLAMINE_MEDIUMDOSE_VOC:13.8_IAQ:200.0_CO2:1962,11797.6,26,14.8,0.259,429
2026-08-02 17:19:20,32.17,62.21,1004.00,200.00,1962,13.754,85900,33.0,47.0,56.0,YES,SCOPOLAMINE_MEDIUMDOSE_VOC:13.8_IAQ:200.0_CO2:1962,11807.0,26,14.8,0.259,429
2026-08-02 17:19:30,32.17,62.21,1004.00,200.00,1962,13.754,85900,34.0,49.0,60.0,YES,SCOPOLAMINE_MEDIUMDOSE_VOC:13.8_IAQ:200.0_CO2:1962,11817.4,26,14.8,0.259,429
2026-08-02 17:19:40,32.17,62.21,1004.00,200.00,1962,13.754,85900,34.0,48.0,59.0,YES,SCOPOLAMINE_MEDIUMDOSE_VOC:13.8_IAQ:200.0_CO2:1962,11826.8,26,14.8,0.259,429
2026-08-02 17:19:50,32.17,62.21,1004.00,200.00,1962,13.754,85900,33.0,47.0,56.0,YES,SCOPOLAMINE_MEDIUMDOSE_VOC:13.8_IAQ:200.0_CO2:1962,11837.3,26,14.8,0.259,429
2026-08-02 17:20:00,32.17,62.21,1004.00,200.00,1962,13.754,85900,34.0,47.0,58.0,YES,SCOPOLAMINE_MEDIUMDOSE_VOC:13.8_IAQ:200.0_CO2:1962,11846.7,26,14.8,0.259,429
📊 Z-scores: IAQ=27.88 VOC=296.57 CO2=114.22 GasDrop=12.23
2026-08-02 17:20:10,32.17,62.21,1004.00,200.00,1962,13.754,85900,33.0,46.0,57.0,YES,SCOPOLAMINE_MEDIUMDOSE_VOC:13.8_IAQ:200.0_CO2:1962,11857.2,26,14.8,0.259,429
2026-08-02 17:20:21,32.17,62.21,1004.00,200.00,1962,13.754,85900,33.0,45.0,58.0,YES,SCOPOLAMINE_MEDIUMDOSE_VOC:13.8_IAQ:200.0_CO2:1962,11867.6,26,14.8,0.259,429
2026-08-02 17:20:30,32.17,62.21,1004.00,200.00,1962,13.754,85900,33.0,46.0,58.0,YES,SCOPOLAMINE_MEDIUMDOSE_VOC:13.8_IAQ:200.0_CO2:1962,11877.0,26,14.8,0.259,429
2026-08-02 17:20:40,32.17,62.21,1004.00,200.00,1962,13.754,85900,33.0,46.0,58.0,YES,SCOPOLAMINE_MEDIUMDOSE_VOC:13.8_IAQ:200.0_CO2:1962,11887.5,26,14.8,0.259,429
2026-08-02 17:20:50,32.17,62.21,1004.00,200.00,1962,13.754,85900,32.0,45.0,58.0,YES,SCOPOLAMINE_MEDIUMDOSE_VOC:13.8_IAQ:200.0_CO2:1962,11896.9,26,14.8,0.259,429
2026-08-02 17:21:00,32.17,62.21,1004.00,200.00,1962,13.754,85900,32.0,46.0,57.0,YES,SCOPOLAMINE_MEDIUMDOSE_VOC:13.8_IAQ:200.0_CO2:1962,11907.3,26,14.8,0.259,429
📊 Z-scores: IAQ=27.88 VOC=296.57 CO2=114.22 GasDrop=12.23
2026-08-02 17:21:11,32.17,62.21,1004.00,200.00,1962,13.754,85900,33.0,47.0,58.0,YES,SCOPOLAMINE_MEDIUMDOSE_VOC:13.8_IAQ:200.0_CO2:1962,11917.8,26,14.8,0.259,429
2026-08-02 17:21:20,32.17,62.21,1004.00,200.00,1962,13.754,85900,33.0,47.0,57.0,YES,SCOPOLAMINE_MEDIUMDOSE_VOC:13.8_IAQ:200.0_CO2:1962,11927.2,26,14.8,0.259,429
2026-08-02 17:21:31,32.17,62.21,1004.00,200.00,1962,13.754,85900,32.0,47.0,57.0,YES,SCOPOLAMINE_MEDIUMDOSE_VOC:13.8_IAQ:200.0_CO2:1962,11937.6,26,14.8,0.259,429
2026-08-02 17:21:40,32.17,62.21,1004.00,200.00,1962,13.754,85900,32.0,47.0,57.0,YES,SCOPOLAMINE_MEDIUMDOSE_VOC:13.8_IAQ:200.0_CO2:1962,11947.0,26,14.8,0.259,429
2026-08-02 17:21:50,32.17,62.21,1004.00,200.00,1962,13.754,85900,32.0,47.0,56.0,YES,SCOPOLAMINE_MEDIUMDOSE_VOC:13.8_IAQ:200.0_CO2:1962,11957.5,26,14.8,0.259,429
PMS7003: Timeout error
2026-08-02 17:22:01,32.17,62.21,1004.00,200.00,1962,13.754,85900,32.0,47.0,56.0,YES,SCOPOLAMINE_MEDIUMDOSE_VOC:13.8_IAQ:200.0_CO2:1962,11967.9,26,14.8,0.259,429
2026-08-02 17:22:10,32.17,62.21,1004.00,200.00,1962,13.754,85900,31.0,46.0,57.0,YES,SCOPOLAMINE_MEDIUMDOSE_VOC:13.8_IAQ:200.0_CO2:1962,11977.3,26,14.8,0.259,429
📊 Z-scores: IAQ=27.88 VOC=296.57 CO2=114.22 GasDrop=12.23
2026-08-02 17:22:21,32.17,62.21,1004.00,200.00,1962,13.754,85900,31.0,45.0,56.0,YES,SCOPOLAMINE_MEDIUMDOSE_VOC:13.8_IAQ:200.0_CO2:1962,11987.8,26,14.8,0.259,429
2026-08-02 17:22:30,32.17,62.21,1004.00,200.00,1962,13.754,85900,32.0,46.0,57.0,YES,SCOPOLAMINE_MEDIUMDOSE_VOC:13.8_IAQ:200.0_CO2:1962,11997.2,26,14.8,0.259,429
2026-08-02 17:22:41,32.17,62.21,1004.00,200.00,1962,13.754,85900,31.0,45.0,56.0,YES,SCOPOLAMINE_MEDIUMDOSE_VOC:13.8_IAQ:200.0_CO2:1962,12007.7,26,14.8,0.259,429
2026-08-02 17:22:50,32.19,62.20,1004.00,194.81,1897,11.872,86600,31.0,45.0,56.0,YES,SCOPOLAMINE_MEDIUMDOSE_VOC:11.9_IAQ:194.8_CO2:1897,12017.1,26,14.8,0.259,429
2026-08-02 17:23:00,32.19,62.20,1004.00,194.81,1897,11.872,86600,31.0,46.0,56.0,YES,SCOPOLAMINE_MEDIUMDOSE_VOC:11.9_IAQ:194.8_CO2:1897,12027.5,26,14.8,0.259,429
2026-08-02 17:23:11,32.19,62.20,1004.00,194.81,1897,11.872,86600,30.0,44.0,54.0,YES,SCOPOLAMINE_MEDIUMDOSE_VOC:11.9_IAQ:194.8_CO2:1897,12038.0,26,14.8,0.259,429
2026-08-02 17:23:20,32.19,62.20,1004.00,194.81,1897,11.872,86600,31.0,45.0,53.0,YES,SCOPOLAMINE_MEDIUMDOSE_VOC:11.9_IAQ:194.8_CO2:1897,12047.4,26,14.8,0.259,429
📊 Z-scores: IAQ=27.10 VOC=255.20 CO2=109.38 GasDrop=12.13
2026-08-02 17:23:31,32.19,62.20,1004.00,194.81,1897,11.872,86600,30.0,43.0,53.0,YES,SCOPOLAMINE_MEDIUMDOSE_VOC:11.9_IAQ:194.8_CO2:1897,12057.8,26,14.8,0.259,429
2026-08-02 17:23:40,32.19,62.20,1004.00,194.81,1897,11.872,86600,31.0,45.0,55.0,YES,SCOPOLAMINE_MEDIUMDOSE_VOC:11.9_IAQ:194.8_CO2:1897,12067.2,26,14.8,0.259,429
2026-08-02 17:23:51,32.19,62.20,1004.00,194.81,1897,11.872,86600,31.0,45.0,54.0,YES,SCOPOLAMINE_MEDIUMDOSE_VOC:11.9_IAQ:194.8_CO2:1897,12077.7,26,14.8,0.259,429
PMS7003: Timeout error
2026-08-02 17:24:01,32.19,62.20,1004.00,194.81,1897,11.872,86600,31.0,45.0,54.0,YES,SCOPOLAMINE_MEDIUMDOSE_VOC:11.9_IAQ:194.8_CO2:1897,12088.1,26,14.8,0.259,429
2026-08-02 17:24:10,32.19,62.20,1004.00,194.81,1897,11.872,86600,31.0,45.0,53.0,YES,SCOPOLAMINE_MEDIUMDOSE_VOC:11.9_IAQ:194.8_CO2:1897,12097.5,26,14.8,0.259,429
2026-08-02 17:24:21,32.19,62.20,1004.00,194.81,1897,11.872,86600,31.0,44.0,52.0,YES,SCOPOLAMINE_MEDIUMDOSE_VOC:11.9_IAQ:194.8_CO2:1897,12108.0,26,14.8,0.259,429
2026-08-02 17:24:30,32.19,62.20,1004.00,194.81,1897,11.872,86600,31.0,44.0,52.0,YES,SCOPOLAMINE_MEDIUMDOSE_VOC:11.9_IAQ:194.8_CO2:1897,12117.4,26,14.8,0.259,429
📊 Z-scores: IAQ=27.10 VOC=255.20 CO2=109.38 GasDrop=12.13
2026-08-02 17:24:41,32.19,62.20,1004.00,194.81,1897,11.872,86600,30.0,43.0,51.0,YES,SCOPOLAMINE_MEDIUMDOSE_VOC:11.9_IAQ:194.8_CO2:1897,12127.8,26,14.8,0.259,429
2026-08-02 17:24:50,32.19,62.20,1004.00,194.81,1897,11.872,86600,30.0,44.0,53.0,YES,SCOPOLAMINE_MEDIUMDOSE_VOC:11.9_IAQ:194.8_CO2:1897,12137.2,26,14.8,0.259,429
2026-08-02 17:25:01,32.19,62.20,1004.00,194.81,1897,11.872,86600,31.0,44.0,53.0,YES,SCOPOLAMINE_MEDIUMDOSE_VOC:11.9_IAQ:194.8_CO2:1897,12147.7,26,14.8,0.259,429
2026-08-02 17:25:11,32.19,62.20,1004.00,194.81,1897,11.872,86600,30.0,44.0,53.0,YES,SCOPOLAMINE_MEDIUMDOSE_VOC:11.9_IAQ:194.8_CO2:1897,12158.1,26,14.8,0.259,429
2026-08-02 17:25:20,32.19,62.20,1004.00,194.81,1897,11.872,86600,30.0,44.0,52.0,YES,SCOPOLAMINE_MEDIUMDOSE_VOC:11.9_IAQ:194.8_CO2:1897,12167.6,26,14.8,0.259,429
2026-08-02 17:25:31,32.19,62.20,1004.00,194.81,1897,11.872,86600,30.0,43.0,52.0,YES,SCOPOLAMINE_MEDIUMDOSE_VOC:11.9_IAQ:194.8_CO2:1897,12178.0,26,14.8,0.259,429
2026-08-02 17:25:40,32.19,62.20,1004.00,194.81,1897,11.872,86600,31.0,44.0,54.0,YES,SCOPOLAMINE_MEDIUMDOSE_VOC:11.9_IAQ:194.8_CO2:1897,12187.4,26,14.8,0.259,429
📊 Z-scores: IAQ=27.10 VOC=255.20 CO2=109.38 GasDrop=12.13
2026-08-02 17:25:51,32.19,62.20,1004.00,194.81,1897,11.872,86600,30.0,43.0,53.0,YES,SCOPOLAMINE_MEDIUMDOSE_VOC:11.9_IAQ:194.8_CO2:1897,12197.9,26,14.8,0.259,429
2026-08-02 17:26:01,32.19,62.20,1004.00,194.81,1897,11.872,86600,30.0,43.0,52.0,YES,SCOPOLAMINE_MEDIUMDOSE_VOC:11.9_IAQ:194.8_CO2:1897,12208.3,26,14.8,0.259,429
2026-08-02 17:26:11,32.19,62.20,1004.00,194.81,1897,11.872,86600,31.0,44.0,53.0,YES,SCOPOLAMINE_MEDIUMDOSE_VOC:11.9_IAQ:194.8_CO2:1897,12217.7,26,14.8,0.259,429
2026-08-02 17:26:21,32.19,62.20,1004.00,194.81,1897,11.872,86600,30.0,43.0,51.0,YES,SCOPOLAMINE_MEDIUMDOSE_VOC:11.9_IAQ:194.8_CO2:1897,12228.1,26,14.8,0.259,429
2026-08-02 17:26:30,32.19,62.20,1004.00,194.81,1897,11.872,86600,31.0,44.0,53.0,YES,SCOPOLAMINE_MEDIUMDOSE_VOC:11.9_IAQ:194.8_CO2:1897,12237.5,26,14.8,0.259,429
2026-08-02 17:26:41,32.19,62.20,1004.00,194.81,1897,11.872,86600,31.0,44.0,53.0,YES,SCOPOLAMINE_MEDIUMDOSE_VOC:11.9_IAQ:194.8_CO2:1897,12248.0,26,14.8,0.259,429
📊 Z-scores: IAQ=27.10 VOC=255.20 CO2=109.38 GasDrop=12.13
2026-08-02 17:26:51,32.19,62.20,1004.00,194.81,1897,11.872,86600,30.0,43.0,52.0,YES,SCOPOLAMINE_MEDIUMDOSE_VOC:11.9_IAQ:194.8_CO2:1897,12258.4,26,14.8,0.259,429
2026-08-02 17:27:01,32.19,62.20,1004.00,194.81,1897,11.872,86600,31.0,44.0,53.0,YES,SCOPOLAMINE_MEDIUMDOSE_VOC:11.9_IAQ:194.8_CO2:1897,12267.9,26,14.8,0.259,429
2026-08-02 17:27:11,32.19,62.20,1004.00,194.81,1897,11.872,86600,29.0,42.0,51.0,YES,SCOPOLAMINE_MEDIUMDOSE_VOC:11.9_IAQ:194.8_CO2:1897,12278.3,26,14.8,0.259,429
2026-08-02 17:27:21,32.19,62.20,1004.00,194.81,1897,11.872,86600,30.0,43.0,52.0,YES,SCOPOLAMINE_MEDIUMDOSE_VOC:11.9_IAQ:194.8_CO2:1897,12287.7,26,14.8,0.259,429
2026-08-02 17:27:31,32.19,62.20,1004.00,194.81,1897,11.872,86600,29.0,41.0,52.0,YES,SCOPOLAMINE_MEDIUMDOSE_VOC:11.9_IAQ:194.8_CO2:1897,12298.2,26,14.8,0.259,429
2026-08-02 17:27:40,32.19,62.20,1004.00,194.81,1897,11.872,86600,29.0,41.0,51.0,YES,SCOPOLAMINE_MEDIUMDOSE_VOC:11.9_IAQ:194.8_CO2:1897,12307.6,26,14.8,0.259,429
2026-08-02 17:27:51,32.33,62.14,1004.00,185.16,1791,9.342,87700,29.0,42.0,52.0,YES,UNKNOWN_ANALYSIS_IAQ185_VOC9.34ppm,12318.0,26,14.8,0.259,429
📊 Z-scores: IAQ=25.65 VOC=199.61 CO2=101.51 GasDrop=11.99
2026-08-02 17:28:01,32.33,62.14,1004.00,185.16,1791,9.342,87700,29.0,42.0,52.0,YES,UNKNOWN_ANALYSIS_IAQ185_VOC9.34ppm,12328.5,26,14.8,0.259,429
2026-08-02 17:28:11,32.33,62.14,1004.00,185.16,1791,9.342,87700,29.0,43.0,52.0,YES,UNKNOWN_ANALYSIS_IAQ185_VOC9.34ppm,12337.9,26,14.8,0.259,429
2026-08-02 17:28:21,32.33,62.14,1004.00,185.16,1791,9.342,87700,28.0,42.0,51.0,YES,UNKNOWN_ANALYSIS_IAQ185_VOC9.34ppm,12348.3,26,14.8,0.259,429
2026-08-02 17:28:31,32.33,62.14,1004.00,185.16,1791,9.342,87700,29.0,42.0,50.0,YES,UNKNOWN_ANALYSIS_IAQ185_VOC9.34ppm,12357.7,26,14.8,0.259,429
2026-08-02 17:28:41,32.33,62.14,1004.00,185.16,1791,9.342,87700,29.0,42.0,50.0,YES,UNKNOWN_ANALYSIS_IAQ185_VOC9.34ppm,12368.2,26,14.8,0.259,429
2026-08-02 17:28:52,32.33,62.14,1004.00,185.16,1791,9.342,87700,29.0,42.0,50.0,YES,UNKNOWN_ANALYSIS_IAQ185_VOC9.34ppm,12378.6,26,14.8,0.259,429
2026-08-02 17:29:01,32.33,62.14,1004.00,185.16,1791,9.342,87700,29.0,42.0,50.0,YES,UNKNOWN_ANALYSIS_IAQ185_VOC9.34ppm,12388.0,26,14.8,0.259,429
📊 Z-scores: IAQ=25.65 VOC=199.61 CO2=101.51 GasDrop=11.99
2026-08-02 17:29:11,32.33,62.14,1004.00,185.16,1791,9.342,87700,30.0,43.0,51.0,YES,UNKNOWN_ANALYSIS_IAQ185_VOC9.34ppm,12398.5,26,14.8,0.259,429
2026-08-02 17:29:21,32.33,62.14,1004.00,185.16,1791,9.342,87700,30.0,43.0,52.0,YES,UNKNOWN_ANALYSIS_IAQ185_VOC9.34ppm,12407.9,26,14.8,0.259,429
2026-08-02 17:29:31,32.33,62.14,1004.00,185.16,1791,9.342,87700,28.0,41.0,49.0,YES,UNKNOWN_ANALYSIS_IAQ185_VOC9.34ppm,12418.3,26,14.8,0.259,429
2026-08-02 17:29:42,32.33,62.14,1004.00,185.16,1791,9.342,87700,28.0,40.0,48.0,YES,UNKNOWN_ANALYSIS_IAQ185_VOC9.34ppm,12428.8,26,14.8,0.259,429
2026-08-02 17:29:51,32.33,62.14,1004.00,185.16,1791,9.342,87700,28.0,40.0,48.0,YES,UNKNOWN_ANALYSIS_IAQ185_VOC9.34ppm,12438.2,26,14.8,0.259,429
2026-08-02 17:30:02,32.33,62.14,1004.00,185.16,1791,9.342,87700,28.0,42.0,49.0,YES,UNKNOWN_ANALYSIS_IAQ185_VOC9.34ppm,12448.6,26,14.8,0.259,429
2026-08-02 17:30:11,32.33,62.14,1004.00,185.16,1791,9.342,87700,29.0,42.0,50.0,YES,UNKNOWN_ANALYSIS_IAQ185_VOC9.34ppm,12458.0,26,14.8,0.259,429
📊 Z-scores: IAQ=25.65 VOC=199.61 CO2=101.51 GasDrop=11.99
2026-08-02 17:30:21,32.33,62.14,1004.00,185.16,1791,9.342,87700,29.0,42.0,51.0,YES,UNKNOWN_ANALYSIS_IAQ185_VOC9.34ppm,12468.5,26,14.8,0.259,429
2026-08-02 17:30:31,32.33,62.14,1004.00,185.16,1791,9.342,87700,29.0,41.0,50.0,YES,UNKNOWN_ANALYSIS_IAQ185_VOC9.34ppm,12477.9,26,14.8,0.259,429
2026-08-02 17:30:41,32.33,62.14,1004.00,185.16,1791,9.342,87700,28.0,41.0,50.0,YES,UNKNOWN_ANALYSIS_IAQ185_VOC9.34ppm,12488.3,26,14.8,0.259,429
2026-08-02 17:30:52,32.33,62.14,1004.00,185.16,1791,9.342,87700,29.0,40.0,50.0,YES,UNKNOWN_ANALYSIS_IAQ185_VOC9.34ppm,12498.8,26,14.8,0.259,429
2026-08-02 17:31:01,32.33,62.14,1004.00,185.16,1791,9.342,87700,28.0,39.0,48.0,YES,UNKNOWN_ANALYSIS_IAQ185_VOC9.34ppm,12508.2,26,14.8,0.259,429
2026-08-02 17:31:12,32.33,62.14,1004.00,185.16,1791,9.342,87700,29.0,40.0,49.0,YES,UNKNOWN_ANALYSIS_IAQ185_VOC9.34ppm,12518.6,26,14.8,0.259,429
2026-08-02 17:31:21,32.33,62.14,1004.00,185.16,1791,9.342,87700,28.0,39.0,47.0,YES,UNKNOWN_ANALYSIS_IAQ185_VOC9.34ppm,12528.0,26,14.8,0.259,429
📊 Z-scores: IAQ=25.65 VOC=199.61 CO2=101.51 GasDrop=11.99
2026-08-02 17:31:31,32.33,62.14,1004.00,185.16,1791,9.342,87700,28.0,39.0,48.0,YES,UNKNOWN_ANALYSIS_IAQ185_VOC9.34ppm,12538.5,26,14.8,0.259,429
2026-08-02 17:31:42,32.33,62.14,1004.00,185.16,1791,9.342,87700,28.0,40.0,48.0,YES,UNKNOWN_ANALYSIS_IAQ185_VOC9.34ppm,12548.9,26,14.8,0.259,429
2026-08-02 17:31:51,32.33,62.14,1004.00,185.16,1791,9.342,87700,27.0,39.0,48.0,YES,UNKNOWN_ANALYSIS_IAQ185_VOC9.34ppm,12558.3,26,14.8,0.259,429
2026-08-02 17:32:02,32.33,62.14,1004.00,185.16,1791,9.342,87700,27.0,39.0,49.0,YES,UNKNOWN_ANALYSIS_IAQ185_VOC9.34ppm,12568.8,26,14.8,0.259,429
2026-08-02 17:32:11,32.33,62.14,1004.00,185.16,1791,9.342,87700,28.0,41.0,49.0,YES,UNKNOWN_ANALYSIS_IAQ185_VOC9.34ppm,12578.2,26,14.8,0.259,429
2026-08-02 17:32:22,32.33,62.14,1004.00,185.16,1791,9.342,87700,28.0,40.0,48.0,YES,UNKNOWN_ANALYSIS_IAQ185_VOC9.34ppm,12588.6,26,14.8,0.259,429
📊 Z-scores: IAQ=25.65 VOC=199.61 CO2=101.51 GasDrop=11.99
2026-08-02 17:32:32,32.33,62.14,1004.00,185.16,1791,9.342,87700,28.0,40.0,48.0,YES,UNKNOWN_ANALYSIS_IAQ185_VOC9.34ppm,12599.1,26,14.8,0.259,429
2026-08-02 17:32:41,32.33,62.14,1004.00,185.16,1791,9.342,87700,28.0,41.0,49.0,YES,UNKNOWN_ANALYSIS_IAQ185_VOC9.34ppm,12608.5,26,14.8,0.259,429
2026-08-02 17:32:52,32.26,62.11,1004.00,168.24,1619,6.330,90300,28.0,41.0,49.0,YES,UNKNOWN_ANALYSIS_IAQ168_VOC6.33ppm,12618.9,26,14.8,0.259,429
2026-08-02 17:33:01,32.26,62.11,1004.00,168.24,1619,6.330,90300,28.0,40.0,48.0,YES,UNKNOWN_ANALYSIS_IAQ168_VOC6.33ppm,12628.3,26,14.8,0.259,429
2026-08-02 17:33:12,32.26,62.11,1004.00,168.24,1619,6.330,90300,28.0,40.0,48.0,YES,UNKNOWN_ANALYSIS_IAQ168_VOC6.33ppm,12638.8,26,14.8,0.259,429
2026-08-02 17:33:22,32.26,62.11,1004.00,168.24,1619,6.330,90300,28.0,41.0,49.0,YES,UNKNOWN_ANALYSIS_IAQ168_VOC6.33ppm,12649.2,26,14.8,0.259,429
2026-08-02 17:33:32,32.26,62.11,1004.00,168.24,1619,6.330,90300,27.0,40.0,47.0,YES,UNKNOWN_ANALYSIS_IAQ168_VOC6.33ppm,12658.6,26,14.8,0.259,429
📊 Z-scores: IAQ=23.10 VOC=133.41 CO2=88.72 GasDrop=11.64
2026-08-02 17:33:42,32.26,62.11,1004.00,168.24,1619,6.330,90300,27.0,40.0,48.0,YES,UNKNOWN_ANALYSIS_IAQ168_VOC6.33ppm,12669.1,26,14.8,0.259,429
2026-08-02 17:33:51,32.26,62.11,1004.00,168.24,1619,6.330,90300,28.0,40.0,49.0,YES,UNKNOWN_ANALYSIS_IAQ168_VOC6.33ppm,12678.5,26,14.8,0.259,429
2026-08-02 17:34:02,32.26,62.11,1004.00,168.24,1619,6.330,90300,27.0,39.0,48.0,YES,UNKNOWN_ANALYSIS_IAQ168_VOC6.33ppm,12688.9,26,14.8,0.259,429
2026-08-02 17:34:11,32.26,62.11,1004.00,168.24,1619,6.330,90300,27.0,38.0,46.0,YES,UNKNOWN_ANALYSIS_IAQ168_VOC6.33ppm,12698.3,26,14.8,0.259,429
2026-08-02 17:34:22,32.26,62.11,1004.00,168.24,1619,6.330,90300,27.0,38.0,46.0,YES,UNKNOWN_ANALYSIS_IAQ168_VOC6.33ppm,12708.8,26,14.8,0.259,429
2026-08-02 17:34:32,32.26,62.11,1004.00,168.24,1619,6.330,90300,27.0,39.0,48.0,YES,UNKNOWN_ANALYSIS_IAQ168_VOC6.33ppm,12719.2,26,14.8,0.259,429
2026-08-02 17:34:42,32.26,62.11,1004.00,168.24,1619,6.330,90300,28.0,41.0,49.0,YES,UNKNOWN_ANALYSIS_IAQ168_VOC6.33ppm,12728.6,26,14.8,0.259,429
📊 Z-scores: IAQ=23.10 VOC=133.41 CO2=88.72 GasDrop=11.64
2026-08-02 17:34:52,32.26,62.11,1004.00,168.24,1619,6.330,90300,28.0,42.0,49.0,YES,UNKNOWN_ANALYSIS_IAQ168_VOC6.33ppm,12739.1,26,14.8,0.259,429
2026-08-02 17:35:01,32.26,62.11,1004.00,168.24,1619,6.330,90300,27.0,41.0,49.0,YES,UNKNOWN_ANALYSIS_IAQ168_VOC6.33ppm,12748.5,26,14.8,0.259,429
2026-08-02 17:35:12,32.26,62.11,1004.00,168.24,1619,6.330,90300,27.0,40.0,47.0,YES,UNKNOWN_ANALYSIS_IAQ168_VOC6.33ppm,12758.9,26,14.8,0.259,429
2026-08-02 17:35:22,32.26,62.11,1004.00,168.24,1619,6.330,90300,28.0,40.0,47.0,YES,UNKNOWN_ANALYSIS_IAQ168_VOC6.33ppm,12769.4,26,14.8,0.259,429
2026-08-02 17:35:32,32.26,62.11,1004.00,168.24,1619,6.330,90300,28.0,40.0,50.0,YES,UNKNOWN_ANALYSIS_IAQ168_VOC6.33ppm,12778.8,26,14.8,0.259,429
2026-08-02 17:35:42,32.26,62.11,1004.00,168.24,1619,6.330,90300,27.0,39.0,48.0,YES,UNKNOWN_ANALYSIS_IAQ168_VOC6.33ppm,12789.2,26,14.8,0.259,429
2026-08-02 17:35:52,32.26,62.11,1004.00,168.24,1619,6.330,90300,28.0,40.0,49.0,YES,UNKNOWN_ANALYSIS_IAQ168_VOC6.33ppm,12798.6,26,14.8,0.259,429
📊 Z-scores: IAQ=23.10 VOC=133.41 CO2=88.72 GasDrop=11.64
2026-08-02 17:36:02,32.26,62.11,1004.00,168.24,1619,6.330,90300,27.0,40.0,50.0,YES,UNKNOWN_ANALYSIS_IAQ168_VOC6.33ppm,12809.1,26,14.8,0.259,429
2026-08-02 17:36:12,32.26,62.11,1004.00,168.24,1619,6.330,90300,27.0,41.0,50.0,YES,UNKNOWN_ANALYSIS_IAQ168_VOC6.33ppm,12819.5,26,14.8,0.259,429
2026-08-02 17:36:22,32.26,62.11,1004.00,168.24,1619,6.330,90300,26.0,40.0,50.0,YES,UNKNOWN_ANALYSIS_IAQ168_VOC6.33ppm,12828.9,26,14.8,0.259,429
2026-08-02 17:36:32,32.26,62.11,1004.00,168.24,1619,6.330,90300,27.0,41.0,50.0,YES,UNKNOWN_ANALYSIS_IAQ168_VOC6.33ppm,12839.4,26,14.8,0.259,429
2026-08-02 17:36:42,32.26,62.11,1004.00,168.24,1619,6.330,90300,28.0,40.0,50.0,YES,UNKNOWN_ANALYSIS_IAQ168_VOC6.33ppm,12848.8,26,14.8,0.259,429
2026-08-02 17:36:52,32.26,62.11,1004.00,168.24,1619,6.330,90300,27.0,38.0,48.0,YES,UNKNOWN_ANALYSIS_IAQ168_VOC6.33ppm,12859.2,26,14.8,0.259,429
2026-08-02 17:37:02,32.26,62.11,1004.00,168.24,1619,6.330,90300,28.0,39.0,49.0,YES,UNKNOWN_ANALYSIS_IAQ168_VOC6.33ppm,12868.6,26,14.8,0.259,429
📊 Z-scores: IAQ=23.10 VOC=133.41 CO2=88.72 GasDrop=11.64
2026-08-02 17:37:12,32.26,62.11,1004.00,168.24,1619,6.330,90300,28.0,39.0,49.0,YES,UNKNOWN_ANALYSIS_IAQ168_VOC6.33ppm,12879.1,26,14.8,0.259,429
2026-08-02 17:37:22,32.26,62.11,1004.00,168.24,1619,6.330,90300,28.0,39.0,49.0,YES,UNKNOWN_ANALYSIS_IAQ168_VOC6.33ppm,12889.5,26,14.8,0.259,429
2026-08-02 17:37:32,32.26,62.11,1004.00,168.24,1619,6.330,90300,28.0,40.0,49.0,YES,UNKNOWN_ANALYSIS_IAQ168_VOC6.33ppm,12898.9,26,14.8,0.259,429
2026-08-02 17:37:42,32.26,62.11,1004.00,168.24,1619,6.330,90300,28.0,39.0,48.0,YES,UNKNOWN_ANALYSIS_IAQ168_VOC6.33ppm,12909.4,26,14.8,0.259,429
PMS7003: Unknown error
2026-08-02 17:37:52,32.22,62.09,1004.00,161.28,1545,5.341,91400,28.0,39.0,48.0,YES,UNKNOWN_ANALYSIS_IAQ161_VOC5.34ppm,12918.7,26,14.8,0.259,429
2026-08-02 17:38:02,32.22,62.09,1004.00,161.28,1545,5.341,91400,27.0,40.0,47.0,YES,UNKNOWN_ANALYSIS_IAQ161_VOC5.34ppm,12929.2,26,14.8,0.259,429
📊 Z-scores: IAQ=22.05 VOC=111.67 CO2=83.13 GasDrop=11.50
2026-08-02 17:38:13,32.22,62.09,1004.00,161.28,1545,5.341,91400,28.0,40.0,47.0,YES,UNKNOWN_ANALYSIS_IAQ161_VOC5.34ppm,12939.6,26,14.8,0.259,429
2026-08-02 17:38:22,32.22,62.09,1004.00,161.28,1545,5.341,91400,27.0,39.0,46.0,YES,UNKNOWN_ANALYSIS_IAQ161_VOC5.34ppm,12949.0,26,14.8,0.259,429
2026-08-02 17:38:32,32.22,62.09,1004.00,161.28,1545,5.341,91400,28.0,39.0,47.0,YES,UNKNOWN_ANALYSIS_IAQ161_VOC5.34ppm,12959.5,26,14.8,0.259,429
2026-08-02 17:38:42,32.22,62.09,1004.00,161.28,1545,5.341,91400,27.0,38.0,48.0,YES,UNKNOWN_ANALYSIS_IAQ161_VOC5.34ppm,12968.9,26,14.8,0.259,429
2026-08-02 17:38:52,32.22,62.09,1004.00,161.28,1545,5.341,91400,27.0,39.0,47.0,YES,UNKNOWN_ANALYSIS_IAQ161_VOC5.34ppm,12979.4,26,14.8,0.259,429
2026-08-02 17:39:03,32.22,62.09,1004.00,161.28,1545,5.341,91400,27.0,38.0,46.0,YES,UNKNOWN_ANALYSIS_IAQ161_VOC5.34ppm,12989.8,26,14.8,0.259,429
2026-08-02 17:39:12,32.22,62.09,1004.00,161.28,1545,5.341,91400,27.0,39.0,47.0,YES,UNKNOWN_ANALYSIS_IAQ161_VOC5.34ppm,12999.2,26,14.8,0.259,429
📊 Z-scores: IAQ=22.05 VOC=111.67 CO2=83.13 GasDrop=11.50
2026-08-02 17:39:23,32.22,62.09,1004.00,161.28,1545,5.341,91400,27.0,38.0,45.0,YES,UNKNOWN_ANALYSIS_IAQ161_VOC5.34ppm,13009.6,26,14.8,0.259,429
2026-08-02 17:39:32,32.22,62.09,1004.00,161.28,1545,5.341,91400,28.0,39.0,47.0,YES,UNKNOWN_ANALYSIS_IAQ161_VOC5.34ppm,13019.0,26,14.8,0.259,429
2026-08-02 17:39:42,32.22,62.09,1004.00,161.28,1545,5.341,91400,28.0,40.0,48.0,YES,UNKNOWN_ANALYSIS_IAQ161_VOC5.34ppm,13029.5,26,14.8,0.259,429
2026-08-02 17:39:53,32.22,62.09,1004.00,161.28,1545,5.341,91400,27.0,38.0,46.0,YES,UNKNOWN_ANALYSIS_IAQ161_VOC5.34ppm,13039.9,26,14.8,0.259,429
2026-08-02 17:40:02,32.22,62.09,1004.00,161.28,1545,5.341,91400,28.0,39.0,49.0,YES,UNKNOWN_ANALYSIS_IAQ161_VOC5.34ppm,13049.3,26,14.8,0.259,429
2026-08-02 17:40:13,32.22,62.09,1004.00,161.28,1545,5.341,91400,28.0,39.0,49.0,YES,UNKNOWN_ANALYSIS_IAQ161_VOC5.34ppm,13059.8,26,14.8,0.259,429
2026-08-02 17:40:22,32.22,62.09,1004.00,161.28,1545,5.341,91400,27.0,39.0,48.0,YES,UNKNOWN_ANALYSIS_IAQ161_VOC5.34ppm,13069.2,26,14.8,0.259,429
📊 Z-scores: IAQ=22.05 VOC=111.67 CO2=83.13 GasDrop=11.50
2026-08-02 17:40:33,32.22,62.09,1004.00,161.28,1545,5.341,91400,28.0,39.0,47.0,YES,UNKNOWN_ANALYSIS_IAQ161_VOC5.34ppm,13079.6,26,14.8,0.259,429
2026-08-02 17:40:43,32.22,62.09,1004.00,161.28,1545,5.341,91400,27.0,39.0,46.0,YES,UNKNOWN_ANALYSIS_IAQ161_VOC5.34ppm,13090.1,26,14.8,0.259,429
2026-08-02 17:40:52,32.22,62.09,1004.00,161.28,1545,5.341,91400,28.0,40.0,47.0,YES,UNKNOWN_ANALYSIS_IAQ161_VOC5.34ppm,13099.5,26,14.8,0.259,429
2026-08-02 17:41:03,32.22,62.09,1004.00,161.28,1545,5.341,91400,26.0,38.0,45.0,YES,UNKNOWN_ANALYSIS_IAQ161_VOC5.34ppm,13109.9,26,14.8,0.259,429
2026-08-02 17:41:12,32.22,62.09,1004.00,161.28,1545,5.341,91400,26.0,39.0,45.0,YES,UNKNOWN_ANALYSIS_IAQ161_VOC5.34ppm,13119.3,26,14.8,0.259,429
2026-08-02 17:41:23,32.22,62.09,1004.00,161.28,1545,5.341,91400,27.0,39.0,45.0,YES,UNKNOWN_ANALYSIS_IAQ161_VOC5.34ppm,13129.8,26,14.8,0.259,429
📊 Z-scores: IAQ=22.05 VOC=111.67 CO2=83.13 GasDrop=11.50
2026-08-02 17:41:33,32.22,62.09,1004.00,161.28,1545,5.341,91400,26.0,38.0,45.0,YES,UNKNOWN_ANALYSIS_IAQ161_VOC5.34ppm,13140.2,26,14.8,0.259,429
2026-08-02 17:41:43,32.22,62.09,1004.00,161.28,1545,5.341,91400,26.0,38.0,46.0,YES,UNKNOWN_ANALYSIS_IAQ161_VOC5.34ppm,13149.6,26,14.8,0.259,429
2026-08-02 17:41:53,32.22,62.09,1004.00,161.28,1545,5.341,91400,28.0,39.0,48.0,YES,UNKNOWN_ANALYSIS_IAQ161_VOC5.34ppm,13160.1,26,14.8,0.259,429
2026-08-02 17:42:02,32.22,62.09,1004.00,161.28,1545,5.341,91400,27.0,38.0,46.0,YES,UNKNOWN_ANALYSIS_IAQ161_VOC5.34ppm,13169.5,26,14.8,0.259,429
2026-08-02 17:42:13,32.22,62.09,1004.00,161.28,1545,5.341,91400,26.0,37.0,45.0,YES,UNKNOWN_ANALYSIS_IAQ161_VOC5.34ppm,13179.9,26,14.8,0.259,429
2026-08-02 17:42:22,32.22,62.09,1004.00,161.28,1545,5.341,91400,25.0,37.0,45.0,YES,UNKNOWN_ANALYSIS_IAQ161_VOC5.34ppm,13189.3,26,14.8,0.259,429
2026-08-02 17:42:33,32.22,62.09,1004.00,161.28,1545,5.341,91400,26.0,39.0,47.0,YES,UNKNOWN_ANALYSIS_IAQ161_VOC5.34ppm,13199.8,26,14.8,0.259,429
📊 Z-scores: IAQ=22.05 VOC=111.67 CO2=83.13 GasDrop=11.50
2026-08-02 17:42:43,32.22,62.09,1004.00,161.28,1545,5.341,91400,27.0,40.0,48.0,YES,UNKNOWN_ANALYSIS_IAQ161_VOC5.34ppm,13210.2,26,14.8,0.259,429
2026-08-02 17:42:53,32.16,62.16,1004.00,167.21,1590,5.926,90600,27.0,39.0,47.0,YES,UNKNOWN_ANALYSIS_IAQ167_VOC5.93ppm,13219.6,26,14.8,0.259,429
2026-08-02 17:43:03,32.16,62.16,1004.00,167.21,1590,5.926,90600,27.0,39.0,47.0,YES,UNKNOWN_ANALYSIS_IAQ167_VOC5.93ppm,13230.1,26,14.8,0.259,429
2026-08-02 17:43:12,32.16,62.16,1004.00,167.21,1590,5.926,90600,27.0,39.0,45.0,YES,UNKNOWN_ANALYSIS_IAQ167_VOC5.93ppm,13239.5,26,14.8,0.259,429
2026-08-02 17:43:23,32.16,62.16,1004.00,167.21,1590,5.926,90600,27.0,38.0,45.0,YES,UNKNOWN_ANALYSIS_IAQ167_VOC5.93ppm,13249.9,26,14.8,0.259,429
2026-08-02 17:43:33,32.16,62.16,1004.00,167.21,1590,5.926,90600,26.0,37.0,45.0,YES,UNKNOWN_ANALYSIS_IAQ167_VOC5.93ppm,13260.4,26,14.8,0.259,429
2026-08-02 17:43:43,32.16,62.16,1004.00,167.21,1590,5.926,90600,27.0,38.0,46.0,YES,UNKNOWN_ANALYSIS_IAQ167_VOC5.93ppm,13269.8,26,14.8,0.259,429
📊 Z-scores: IAQ=22.95 VOC=124.53 CO2=86.55 GasDrop=11.60
2026-08-02 17:43:53,32.16,62.16,1004.00,167.21,1590,5.926,90600,28.0,39.0,47.0,YES,UNKNOWN_ANALYSIS_IAQ167_VOC5.93ppm,13280.2,26,14.8,0.259,429
2026-08-02 17:44:03,32.16,62.16,1004.00,167.21,1590,5.926,90600,28.0,39.0,47.0,YES,UNKNOWN_ANALYSIS_IAQ167_VOC5.93ppm,13289.6,26,14.8,0.259,429
2026-08-02 17:44:13,32.16,62.16,1004.00,167.21,1590,5.926,90600,27.0,38.0,46.0,YES,UNKNOWN_ANALYSIS_IAQ167_VOC5.93ppm,13300.1,26,14.8,0.259,429
2026-08-02 17:44:23,32.16,62.16,1004.00,167.21,1590,5.926,90600,27.0,37.0,44.0,YES,UNKNOWN_ANALYSIS_IAQ167_VOC5.93ppm,13310.5,26,14.8,0.259,429
2026-08-02 17:44:33,32.16,62.16,1004.00,167.21,1590,5.926,90600,28.0,38.0,45.0,YES,UNKNOWN_ANALYSIS_IAQ167_VOC5.93ppm,13319.9,26,14.8,0.259,429
2026-08-02 17:44:43,32.16,62.16,1004.00,167.21,1590,5.926,90600,27.0,37.0,45.0,YES,UNKNOWN_ANALYSIS_IAQ167_VOC5.93ppm,13330.4,26,14.8,0.259,429
2026-08-02 17:44:53,32.16,62.16,1004.00,167.21,1590,5.926,90600,27.0,37.0,46.0,YES,UNKNOWN_ANALYSIS_IAQ167_VOC5.93ppm,13339.8,26,14.8,0.259,429
📊 Z-scores: IAQ=22.95 VOC=124.53 CO2=86.55 GasDrop=11.60
2026-08-02 17:45:03,32.16,62.16,1004.00,167.21,1590,5.926,90600,26.0,37.0,45.0,YES,UNKNOWN_ANALYSIS_IAQ167_VOC5.93ppm,13350.2,26,14.8,0.259,429
2026-08-02 17:45:13,32.16,62.16,1004.00,167.21,1590,5.926,90600,27.0,38.0,45.0,YES,UNKNOWN_ANALYSIS_IAQ167_VOC5.93ppm,13359.6,26,14.8,0.259,429
2026-08-02 17:45:23,32.16,62.16,1004.00,167.21,1590,5.926,90600,26.0,38.0,45.0,YES,UNKNOWN_ANALYSIS_IAQ167_VOC5.93ppm,13370.1,26,14.8,0.259,429
2026-08-02 17:45:33,32.16,62.16,1004.00,167.21,1590,5.926,90600,26.0,38.0,45.0,YES,UNKNOWN_ANALYSIS_IAQ167_VOC5.93ppm,13380.5,26,14.8,0.259,429
2026-08-02 17:45:43,32.16,62.16,1004.00,167.21,1590,5.926,90600,27.0,39.0,46.0,YES,UNKNOWN_ANALYSIS_IAQ167_VOC5.93ppm,13390.0,26,14.8,0.259,429
2026-08-02 17:45:53,32.16,62.16,1004.00,167.21,1590,5.926,90600,26.0,39.0,46.0,YES,UNKNOWN_ANALYSIS_IAQ167_VOC5.93ppm,13400.4,26,14.8,0.259,429
2026-08-02 17:46:03,32.16,62.16,1004.00,167.21,1590,5.926,90600,26.0,39.0,46.0,YES,UNKNOWN_ANALYSIS_IAQ167_VOC5.93ppm,13409.8,26,14.8,0.259,429
📊 Z-scores: IAQ=22.95 VOC=124.53 CO2=86.55 GasDrop=11.60
2026-08-02 17:46:13,32.16,62.16,1004.00,167.21,1590,5.926,90600,27.0,38.0,45.0,YES,UNKNOWN_ANALYSIS_IAQ167_VOC5.93ppm,13420.3,26,14.8,0.259,429
2026-08-02 17:46:24,32.16,62.16,1004.00,167.21,1590,5.926,90600,26.0,38.0,46.0,YES,UNKNOWN_ANALYSIS_IAQ167_VOC5.93ppm,13430.7,26,14.8,0.259,429
2026-08-02 17:46:33,32.16,62.16,1004.00,167.21,1590,5.926,90600,26.0,37.0,45.0,YES,UNKNOWN_ANALYSIS_IAQ167_VOC5.93ppm,13440.1,26,14.8,0.259,429
2026-08-02 17:46:43,32.16,62.16,1004.00,167.21,1590,5.926,90600,25.0,37.0,46.0,YES,UNKNOWN_ANALYSIS_IAQ167_VOC5.93ppm,13450.5,26,14.8,0.259,429
2026-08-02 17:46:53,32.16,62.16,1004.00,167.21,1590,5.926,90600,25.0,36.0,45.0,YES,UNKNOWN_ANALYSIS_IAQ167_VOC5.93ppm,13459.9,26,14.8,0.259,429
2026-08-02 17:47:03,32.16,62.16,1004.00,167.21,1590,5.926,90600,26.0,38.0,45.0,YES,UNKNOWN_ANALYSIS_IAQ167_VOC5.93ppm,13470.4,26,14.8,0.259,429
📊 Z-scores: IAQ=22.95 VOC=124.53 CO2=86.55 GasDrop=11.60
2026-08-02 17:47:14,32.16,62.16,1004.00,167.21,1590,5.926,90600,27.0,39.0,47.0,YES,UNKNOWN_ANALYSIS_IAQ167_VOC5.93ppm,13480.8,26,14.8,0.259,429
2026-08-02 17:47:23,32.16,62.16,1004.00,167.21,1590,5.926,90600,26.0,38.0,47.0,YES,UNKNOWN_ANALYSIS_IAQ167_VOC5.93ppm,13490.2,26,14.8,0.259,429
2026-08-02 17:47:34,32.16,62.16,1004.00,167.21,1590,5.926,90600,25.0,37.0,46.0,YES,UNKNOWN_ANALYSIS_IAQ167_VOC5.93ppm,13500.7,26,14.8,0.259,429
2026-08-02 17:47:43,32.16,62.16,1004.00,167.21,1590,5.926,90600,25.0,36.0,46.0,YES,UNKNOWN_ANALYSIS_IAQ167_VOC5.93ppm,13510.1,26,14.8,0.259,429
2026-08-02 17:47:53,32.18,62.13,1004.00,165.47,1565,5.591,90800,26.0,37.0,46.0,YES,UNKNOWN_ANALYSIS_IAQ165_VOC5.59ppm,13520.5,26,14.8,0.259,429
2026-08-02 17:48:04,32.18,62.13,1004.00,165.47,1565,5.591,90800,25.0,36.0,44.0,YES,UNKNOWN_ANALYSIS_IAQ165_VOC5.59ppm,13531.0,26,14.8,0.259,429
2026-08-02 17:48:13,32.18,62.13,1004.00,165.47,1565,5.591,90800,26.0,37.0,44.0,YES,UNKNOWN_ANALYSIS_IAQ165_VOC5.59ppm,13540.4,26,14.8,0.259,429
📊 Z-scores: IAQ=22.68 VOC=117.18 CO2=84.64 GasDrop=11.58
2026-08-02 17:48:24,32.18,62.13,1004.00,165.47,1565,5.591,90800,26.0,37.0,44.0,YES,UNKNOWN_ANALYSIS_IAQ165_VOC5.59ppm,13550.8,26,14.8,0.259,429
2026-08-02 17:48:33,32.18,62.13,1004.00,165.47,1565,5.591,90800,27.0,38.0,44.0,YES,UNKNOWN_ANALYSIS_IAQ165_VOC5.59ppm,13560.3,26,14.8,0.259,429
2026-08-02 17:48:44,32.18,62.13,1004.00,165.47,1565,5.591,90800,27.0,36.0,43.0,YES,UNKNOWN_ANALYSIS_IAQ165_VOC5.59ppm,13570.7,26,14.8,0.259,429
2026-08-02 17:48:54,32.18,62.13,1004.00,165.47,1565,5.591,90800,27.0,36.0,44.0,YES,UNKNOWN_ANALYSIS_IAQ165_VOC5.59ppm,13581.1,26,14.8,0.259,429
2026-08-02 17:49:03,32.18,62.13,1004.00,165.47,1565,5.591,90800,26.0,37.0,46.0,YES,UNKNOWN_ANALYSIS_IAQ165_VOC5.59ppm,13590.6,26,14.8,0.259,429
2026-08-02 17:49:14,32.18,62.13,1004.00,165.47,1565,5.591,90800,26.0,36.0,45.0,YES,UNKNOWN_ANALYSIS_IAQ165_VOC5.59ppm,13601.0,26,14.8,0.259,429
2026-08-02 17:49:23,32.18,62.13,1004.00,165.47,1565,5.591,90800,25.0,36.0,44.0,YES,UNKNOWN_ANALYSIS_IAQ165_VOC5.59ppm,13610.4,26,14.8,0.259,429
📊 Z-scores: IAQ=22.68 VOC=117.18 CO2=84.64 GasDrop=11.58
2026-08-02 17:49:34,32.18,62.13,1004.00,165.47,1565,5.591,90800,26.0,38.0,45.0,YES,UNKNOWN_ANALYSIS_IAQ165_VOC5.59ppm,13620.9,26,14.8,0.259,429
2026-08-02 17:49:43,32.18,62.13,1004.00,165.47,1565,5.591,90800,25.0,36.0,43.0,YES,UNKNOWN_ANALYSIS_IAQ165_VOC5.59ppm,13630.3,26,14.8,0.259,429
2026-08-02 17:49:54,32.18,62.13,1004.00,165.47,1565,5.591,90800,26.0,36.0,43.0,YES,UNKNOWN_ANALYSIS_IAQ165_VOC5.59ppm,13640.7,26,14.8,0.259,429
2026-08-02 17:50:04,32.18,62.13,1004.00,165.47,1565,5.591,90800,26.0,38.0,44.0,YES,UNKNOWN_ANALYSIS_IAQ165_VOC5.59ppm,13651.2,26,14.8,0.259,429
2026-08-02 17:50:13,32.18,62.13,1004.00,165.47,1565,5.591,90800,25.0,37.0,44.0,YES,UNKNOWN_ANALYSIS_IAQ165_VOC5.59ppm,13660.6,26,14.8,0.259,429
2026-08-02 17:50:24,32.18,62.13,1004.00,165.47,1565,5.591,90800,26.0,38.0,45.0,YES,UNKNOWN_ANALYSIS_IAQ165_VOC5.59ppm,13671.0,26,14.8,0.259,429
2026-08-02 17:50:33,32.18,62.13,1004.00,165.47,1565,5.591,90800,25.0,36.0,44.0,YES,UNKNOWN_ANALYSIS_IAQ165_VOC5.59ppm,13680.4,26,14.8,0.259,429
📊 Z-scores: IAQ=22.68 VOC=117.18 CO2=84.64 GasDrop=11.58
2026-08-02 17:50:44,32.18,62.13,1004.00,165.47,1565,5.591,90800,26.0,36.0,44.0,YES,UNKNOWN_ANALYSIS_IAQ165_VOC5.59ppm,13690.9,26,14.8,0.259,429
2026-08-02 17:50:54,32.18,62.13,1004.00,165.47,1565,5.591,90800,27.0,38.0,47.0,YES,UNKNOWN_ANALYSIS_IAQ165_VOC5.59ppm,13701.3,26,14.8,0.259,429
2026-08-02 17:51:04,32.18,62.13,1004.00,165.47,1565,5.591,90800,26.0,38.0,45.0,YES,UNKNOWN_ANALYSIS_IAQ165_VOC5.59ppm,13710.7,26,14.8,0.259,429
2026-08-02 17:51:14,32.18,62.13,1004.00,165.47,1565,5.591,90800,25.0,37.0,44.0,YES,UNKNOWN_ANALYSIS_IAQ165_VOC5.59ppm,13721.2,26,14.8,0.259,429
2026-08-02 17:51:24,32.18,62.13,1004.00,165.47,1565,5.591,90800,26.0,37.0,44.0,YES,UNKNOWN_ANALYSIS_IAQ165_VOC5.59ppm,13730.6,26,14.8,0.259,429
2026-08-02 17:51:34,32.18,62.13,1004.00,165.47,1565,5.591,90800,25.0,35.0,41.0,YES,UNKNOWN_ANALYSIS_IAQ165_VOC5.59ppm,13741.0,26,14.8,0.259,429
2026-08-02 17:51:43,32.18,62.13,1004.00,165.47,1565,5.591,90800,26.0,37.0,43.0,YES,UNKNOWN_ANALYSIS_IAQ165_VOC5.59ppm,13750.4,26,14.8,0.259,429
📊 Z-scores: IAQ=22.68 VOC=117.18 CO2=84.64 GasDrop=11.58
2026-08-02 17:51:54,32.18,62.13,1004.00,165.47,1565,5.591,90800,26.0,36.0,43.0,YES,UNKNOWN_ANALYSIS_IAQ165_VOC5.59ppm,13760.9,26,14.8,0.259,429
2026-08-02 17:52:04,32.18,62.13,1004.00,165.47,1565,5.591,90800,27.0,37.0,45.0,YES,UNKNOWN_ANALYSIS_IAQ165_VOC5.59ppm,13771.3,26,14.8,0.259,429
2026-08-02 17:52:14,32.18,62.13,1004.00,165.47,1565,5.591,90800,27.0,37.0,45.0,YES,UNKNOWN_ANALYSIS_IAQ165_VOC5.59ppm,13780.7,26,14.8,0.259,429
2026-08-02 17:52:24,32.18,62.13,1004.00,165.47,1565,5.591,90800,26.0,37.0,44.0,YES,UNKNOWN_ANALYSIS_IAQ165_VOC5.59ppm,13791.2,26,14.8,0.259,429
2026-08-02 17:52:34,32.18,62.13,1004.00,165.47,1565,5.591,90800,27.0,38.0,45.0,YES,UNKNOWN_ANALYSIS_IAQ165_VOC5.59ppm,13800.6,26,14.8,0.259,429
2026-08-02 17:52:44,32.18,62.13,1004.00,165.47,1565,5.591,90800,27.0,38.0,45.0,YES,UNKNOWN_ANALYSIS_IAQ165_VOC5.59ppm,13811.0,26,14.8,0.259,429
📊 Z-scores: IAQ=21.44 VOC=95.75 CO2=78.34 GasDrop=11.42
2026-08-02 17:52:54,32.15,62.16,1004.00,157.20,1480,4.616,92000,26.0,38.0,45.0,YES,UNKNOWN_ANALYSIS_IAQ157_VOC4.62ppm,13821.5,26,14.8,0.259,429
2026-08-02 17:53:04,32.15,62.16,1004.00,157.20,1480,4.616,92000,26.0,38.0,45.0,YES,UNKNOWN_ANALYSIS_IAQ157_VOC4.62ppm,13830.9,26,14.8,0.259,429
2026-08-02 17:53:14,32.15,62.16,1004.00,157.20,1480,4.616,92000,26.0,37.0,45.0,YES,UNKNOWN_ANALYSIS_IAQ157_VOC4.62ppm,13841.3,26,14.8,0.259,429
2026-08-02 17:53:24,32.15,62.16,1004.00,157.20,1480,4.616,92000,26.0,36.0,45.0,YES,UNKNOWN_ANALYSIS_IAQ157_VOC4.62ppm,13850.7,26,14.8,0.259,429
2026-08-02 17:53:34,32.15,62.16,1004.00,157.20,1480,4.616,92000,27.0,38.0,44.0,YES,UNKNOWN_ANALYSIS_IAQ157_VOC4.62ppm,13861.2,26,14.8,0.259,429
2026-08-02 17:53:44,32.15,62.16,1004.00,157.20,1480,4.616,92000,27.0,38.0,45.0,YES,UNKNOWN_ANALYSIS_IAQ157_VOC4.62ppm,13870.6,26,14.8,0.259,429
2026-08-02 17:53:54,32.15,62.16,1004.00,157.20,1480,4.616,92000,26.0,38.0,45.0,YES,UNKNOWN_ANALYSIS_IAQ157_VOC4.62ppm,13881.0,26,14.8,0.259,429
📊 Z-scores: IAQ=21.44 VOC=95.75 CO2=78.34 GasDrop=11.42
2026-08-02 17:54:04,32.15,62.16,1004.00,157.20,1480,4.616,92000,26.0,37.0,45.0,YES,UNKNOWN_ANALYSIS_IAQ157_VOC4.62ppm,13891.5,26,14.8,0.259,429
2026-08-02 17:54:14,32.15,62.16,1004.00,157.20,1480,4.616,92000,26.0,38.0,46.0,YES,UNKNOWN_ANALYSIS_IAQ157_VOC4.62ppm,13900.9,26,14.8,0.259,429
2026-08-02 17:54:24,32.15,62.16,1004.00,157.20,1480,4.616,92000,25.0,37.0,44.0,YES,UNKNOWN_ANALYSIS_IAQ157_VOC4.62ppm,13911.3,26,14.8,0.259,429
2026-08-02 17:54:34,32.15,62.16,1004.00,157.20,1480,4.616,92000,26.0,38.0,45.0,YES,UNKNOWN_ANALYSIS_IAQ157_VOC4.62ppm,13920.7,26,14.8,0.259,429
2026-08-02 17:54:44,32.15,62.16,1004.00,157.20,1480,4.616,92000,25.0,36.0,43.0,YES,UNKNOWN_ANALYSIS_IAQ157_VOC4.62ppm,13931.2,26,14.8,0.259,429
2026-08-02 17:54:55,32.15,62.16,1004.00,157.20,1480,4.616,92000,25.0,35.0,41.0,YES,UNKNOWN_ANALYSIS_IAQ157_VOC4.62ppm,13941.6,26,14.8,0.259,429
2026-08-02 17:55:04,32.15,62.16,1004.00,157.20,1480,4.616,92000,25.0,35.0,43.0,YES,UNKNOWN_ANALYSIS_IAQ157_VOC4.62ppm,13951.0,26,14.8,0.259,429
📊 Z-scores: IAQ=21.44 VOC=95.75 CO2=78.34 GasDrop=11.42
2026-08-02 17:55:14,32.15,62.16,1004.00,157.20,1480,4.616,92000,25.0,34.0,42.0,YES,UNKNOWN_ANALYSIS_IAQ157_VOC4.62ppm,13961.5,26,14.8,0.259,429
2026-08-02 17:55:24,32.15,62.16,1004.00,157.20,1480,4.616,92000,26.0,36.0,44.0,YES,UNKNOWN_ANALYSIS_IAQ157_VOC4.62ppm,13970.9,26,14.8,0.259,429
2026-08-02 17:55:34,32.15,62.16,1004.00,157.20,1480,4.616,92000,26.0,37.0,45.0,YES,UNKNOWN_ANALYSIS_IAQ157_VOC4.62ppm,13981.4,26,14.8,0.259,429
2026-08-02 17:55:45,32.15,62.16,1004.00,157.20,1480,4.616,92000,26.0,38.0,45.0,YES,UNKNOWN_ANALYSIS_IAQ157_VOC4.62ppm,13991.8,26,14.8,0.259,429
2026-08-02 17:55:54,32.15,62.16,1004.00,157.20,1480,4.616,92000,25.0,38.0,46.0,YES,UNKNOWN_ANALYSIS_IAQ157_VOC4.62ppm,14001.2,26,14.8,0.259,429
2026-08-02 17:56:05,32.15,62.16,1004.00,157.20,1480,4.616,92000,26.0,38.0,45.0,YES,UNKNOWN_ANALYSIS_IAQ157_VOC4.62ppm,14011.6,26,14.8,0.259,429
2026-08-02 17:56:14,32.15,62.16,1004.00,157.20,1480,4.616,92000,27.0,36.0,44.0,YES,UNKNOWN_ANALYSIS_IAQ157_VOC4.62ppm,14021.0,26,14.8,0.259,429
📊 Z-scores: IAQ=21.44 VOC=95.75 CO2=78.34 GasDrop=11.42
2026-08-02 17:56:24,32.15,62.16,1004.00,157.20,1480,4.616,92000,25.0,35.0,43.0,YES,UNKNOWN_ANALYSIS_IAQ157_VOC4.62ppm,14031.5,26,14.8,0.259,429
2026-08-02 17:56:35,32.15,62.16,1004.00,157.20,1480,4.616,92000,25.0,36.0,44.0,YES,UNKNOWN_ANALYSIS_IAQ157_VOC4.62ppm,14041.9,26,14.8,0.259,429
2026-08-02 17:56:44,32.15,62.16,1004.00,157.20,1480,4.616,92000,25.0,36.0,43.0,YES,UNKNOWN_ANALYSIS_IAQ157_VOC4.62ppm,14051.4,26,14.8,0.259,429
2026-08-02 17:56:55,32.15,62.16,1004.00,157.20,1480,4.616,92000,25.0,35.0,41.0,YES,UNKNOWN_ANALYSIS_IAQ157_VOC4.62ppm,14061.8,26,14.8,0.259,429
2026-08-02 17:57:04,32.15,62.16,1004.00,157.20,1480,4.616,92000,25.0,35.0,44.0,YES,UNKNOWN_ANALYSIS_IAQ157_VOC4.62ppm,14071.2,26,14.8,0.259,429
2026-08-02 17:57:15,32.15,62.16,1004.00,157.20,1480,4.616,92000,25.0,35.0,43.0,YES,UNKNOWN_ANALYSIS_IAQ157_VOC4.62ppm,14081.7,26,14.8,0.259,429
2026-08-02 17:57:24,32.15,62.16,1004.00,157.20,1480,4.616,92000,26.0,37.0,44.0,YES,UNKNOWN_ANALYSIS_IAQ157_VOC4.62ppm,14091.1,26,14.8,0.259,429
📊 Z-scores: IAQ=21.44 VOC=95.75 CO2=78.34 GasDrop=11.42
2026-08-02 17:57:34,32.15,62.16,1004.00,157.20,1480,4.616,92000,26.0,37.0,42.0,YES,UNKNOWN_ANALYSIS_IAQ157_VOC4.62ppm,14101.5,26,14.8,0.259,429
2026-08-02 17:57:45,32.15,62.16,1004.00,157.20,1480,4.616,92000,25.0,35.0,41.0,YES,UNKNOWN_ANALYSIS_IAQ157_VOC4.62ppm,14112.0,26,14.8,0.259,429
2026-08-02 17:57:54,32.09,62.17,1004.00,153.73,1441,4.220,92600,26.0,36.0,42.0,YES,UNKNOWN_ANALYSIS_IAQ154_VOC4.22ppm,14121.4,26,14.8,0.259,429
2026-08-02 17:58:05,32.09,62.17,1004.00,153.73,1441,4.220,92600,26.0,36.0,41.0,YES,UNKNOWN_ANALYSIS_IAQ154_VOC4.22ppm,14131.8,26,14.8,0.259,429
2026-08-02 17:58:14,32.09,62.17,1004.00,153.73,1441,4.220,92600,26.0,36.0,42.0,YES,UNKNOWN_ANALYSIS_IAQ154_VOC4.22ppm,14141.2,26,14.8,0.259,429
2026-08-02 17:58:25,32.09,62.17,1004.00,153.73,1441,4.220,92600,25.0,35.0,43.0,YES,UNKNOWN_ANALYSIS_IAQ154_VOC4.22ppm,14151.7,26,14.8,0.259,429
📊 Z-scores: IAQ=20.92 VOC=87.06 CO2=75.40 GasDrop=11.34
2026-08-02 17:58:35,32.09,62.17,1004.00,153.73,1441,4.220,92600,25.0,35.0,43.0,YES,UNKNOWN_ANALYSIS_IAQ154_VOC4.22ppm,14162.1,26,14.8,0.259,429
2026-08-02 17:58:44,32.09,62.17,1004.00,153.73,1441,4.220,92600,25.0,35.0,41.0,YES,UNKNOWN_ANALYSIS_IAQ154_VOC4.22ppm,14171.5,26,14.8,0.259,429
2026-08-02 17:58:55,32.09,62.17,1004.00,153.73,1441,4.220,92600,25.0,36.0,42.0,YES,UNKNOWN_ANALYSIS_IAQ154_VOC4.22ppm,14182.0,26,14.8,0.259,429
2026-08-02 17:59:04,32.09,62.17,1004.00,153.73,1441,4.220,92600,25.0,35.0,42.0,YES,UNKNOWN_ANALYSIS_IAQ154_VOC4.22ppm,14191.4,26,14.8,0.259,429
2026-08-02 17:59:15,32.09,62.17,1004.00,153.73,1441,4.220,92600,25.0,35.0,41.0,YES,UNKNOWN_ANALYSIS_IAQ154_VOC4.22ppm,14201.8,26,14.8,0.259,429
2026-08-02 17:59:25,32.09,62.17,1004.00,153.73,1441,4.220,92600,25.0,35.0,43.0,YES,UNKNOWN_ANALYSIS_IAQ154_VOC4.22ppm,14212.3,26,14.8,0.259,429
2026-08-02 17:59:35,32.09,62.17,1004.00,153.73,1441,4.220,92600,26.0,37.0,44.0,YES,UNKNOWN_ANALYSIS_IAQ154_VOC4.22ppm,14221.7,26,14.8,0.259,429
📊 Z-scores: IAQ=20.92 VOC=87.06 CO2=75.40 GasDrop=11.34
2026-08-02 17:59:45,32.09,62.17,1004.00,153.73,1441,4.220,92600,26.0,36.0,41.0,YES,UNKNOWN_ANALYSIS_IAQ154_VOC4.22ppm,14232.1,26,14.8,0.259,429
2026-08-02 17:59:54,32.09,62.17,1004.00,153.73,1441,4.220,92600,25.0,36.0,41.0,YES,UNKNOWN_ANALYSIS_IAQ154_VOC4.22ppm,14241.5,26,14.8,0.259,429
2026-08-02 18:00:05,32.09,62.17,1004.00,153.73,1441,4.220,92600,26.0,37.0,43.0,YES,UNKNOWN_ANALYSIS_IAQ154_VOC4.22ppm,14252.0,26,14.8,0.259,429
2026-08-02 18:00:14,32.09,62.17,1004.00,153.73,1441,4.220,92600,26.0,36.0,42.0,YES,UNKNOWN_ANALYSIS_IAQ154_VOC4.22ppm,14261.4,26,14.8,0.259,429
2026-08-02 18:00:25,32.09,62.17,1004.00,153.73,1441,4.220,92600,25.0,36.0,41.0,YES,UNKNOWN_ANALYSIS_IAQ154_VOC4.22ppm,14271.8,26,14.8,0.259,429
2026-08-02 18:00:35,32.09,62.17,1004.00,153.73,1441,4.220,92600,24.0,35.0,39.0,YES,UNKNOWN_ANALYSIS_IAQ154_VOC4.22ppm,14282.3,26,14.8,0.259,429
2026-08-02 18:00:45,32.09,62.17,1004.00,153.73,1441,4.220,92600,25.0,36.0,41.0,YES,UNKNOWN_ANALYSIS_IAQ154_VOC4.22ppm,14291.7,26,14.8,0.259,429
📊 Z-scores: IAQ=20.92 VOC=87.06 CO2=75.40 GasDrop=11.34
2026-08-02 18:00:55,32.09,62.17,1004.00,153.73,1441,4.220,92600,25.0,35.0,40.0,YES,UNKNOWN_ANALYSIS_IAQ154_VOC4.22ppm,14302.1,26,14.8,0.259,429
2026-08-02 18:01:04,32.09,62.17,1004.00,153.73,1441,4.220,92600,25.0,35.0,42.0,YES,UNKNOWN_ANALYSIS_IAQ154_VOC4.22ppm,14311.5,26,14.8,0.259,429
2026-08-02 18:01:15,32.09,62.17,1004.00,153.73,1441,4.220,92600,26.0,36.0,43.0,YES,UNKNOWN_ANALYSIS_IAQ154_VOC4.22ppm,14322.0,26,14.8,0.259,429
2026-08-02 18:01:25,32.09,62.17,1004.00,153.73,1441,4.220,92600,27.0,37.0,44.0,YES,UNKNOWN_ANALYSIS_IAQ154_VOC4.22ppm,14332.4,26,14.8,0.259,429
2026-08-02 18:01:35,32.09,62.17,1004.00,153.73,1441,4.220,92600,27.0,38.0,45.0,YES,UNKNOWN_ANALYSIS_IAQ154_VOC4.22ppm,14341.8,26,14.8,0.259,429
2026-08-02 18:01:45,32.09,62.17,1004.00,153.73,1441,4.220,92600,26.0,35.0,44.0,YES,UNKNOWN_ANALYSIS_IAQ154_VOC4.22ppm,14352.3,26,14.8,0.259,429
2026-08-02 18:01:55,32.09,62.17,1004.00,153.73,1441,4.220,92600,26.0,35.0,42.0,YES,UNKNOWN_ANALYSIS_IAQ154_VOC4.22ppm,14361.7,26,14.8,0.259,429
💾 Saved baseline: IAQ=15.4 VOC=0.263 CO2=430 Gas=177816
📊 Z-scores: IAQ=20.92 VOC=87.06 CO2=75.40 GasDrop=11.34
2026-08-02 18:02:05,32.09,62.17,1004.00,153.73,1441,4.220,92600,26.0,35.0,42.0,YES,UNKNOWN_ANALYSIS_IAQ154_VOC4.22ppm,14372.1,26,14.8,0.259,429
2026-08-02 18:02:15,32.09,62.17,1004.00,153.73,1441,4.220,92600,26.0,36.0,42.0,YES,UNKNOWN_ANALYSIS_IAQ154_VOC4.22ppm,14382.5,26,14.8,0.259,429
2026-08-02 18:02:25,32.09,62.17,1004.00,153.73,1441,4.220,92600,26.0,36.0,42.0,YES,UNKNOWN_ANALYSIS_IAQ154_VOC4.22ppm,14392.0,26,14.8,0.259,429
2026-08-02 18:02:35,32.09,62.17,1004.00,153.73,1441,4.220,92600,25.0,36.0,45.0,YES,UNKNOWN_ANALYSIS_IAQ154_VOC4.22ppm,14402.4,26,14.8,0.259,429
2026-08-02 18:02:45,32.09,62.17,1004.00,153.73,1441,4.220,92600,24.0,37.0,45.0,YES,UNKNOWN_ANALYSIS_IAQ154_VOC4.22ppm,14411.8,26,14.8,0.259,429
2026-08-02 18:02:55,32.08,62.16,1004.00,152.32,1420,4.030,92800,25.0,38.0,46.0,YES,UNKNOWN_ANALYSIS_IAQ152_VOC4.03ppm,14422.2,26,14.8,0.259,429
📊 Z-scores: IAQ=20.70 VOC=82.86 CO2=73.88 GasDrop=11.31
2026-08-02 18:03:06,32.08,62.16,1004.00,152.32,1420,4.030,92800,25.0,37.0,44.0,YES,UNKNOWN_ANALYSIS_IAQ152_VOC4.03ppm,14432.7,26,14.8,0.259,429
2026-08-02 18:03:15,32.08,62.16,1004.00,152.32,1420,4.030,92800,25.0,38.0,44.0,YES,UNKNOWN_ANALYSIS_IAQ152_VOC4.03ppm,14442.1,26,14.8,0.259,429
2026-08-02 18:03:25,32.08,62.16,1004.00,152.32,1420,4.030,92800,27.0,38.0,45.0,YES,UNKNOWN_ANALYSIS_IAQ152_VOC4.03ppm,14452.5,26,14.8,0.259,429
2026-08-02 18:03:35,32.08,62.16,1004.00,152.32,1420,4.030,92800,25.0,37.0,44.0,YES,UNKNOWN_ANALYSIS_IAQ152_VOC4.03ppm,14462.0,26,14.8,0.259,429
2026-08-02 18:03:45,32.08,62.16,1004.00,152.32,1420,4.030,92800,26.0,38.0,44.0,YES,UNKNOWN_ANALYSIS_IAQ152_VOC4.03ppm,14472.4,26,14.8,0.259,429
2026-08-02 18:03:56,32.08,62.16,1004.00,152.32,1420,4.030,92800,26.0,38.0,45.0,YES,UNKNOWN_ANALYSIS_IAQ152_VOC4.03ppm,14482.8,26,14.8,0.259,429
2026-08-02 18:04:05,32.08,62.16,1004.00,152.32,1420,4.030,92800,26.0,37.0,44.0,YES,UNKNOWN_ANALYSIS_IAQ152_VOC4.03ppm,14492.2,26,14.8,0.259,429
📊 Z-scores: IAQ=20.70 VOC=82.86 CO2=73.88 GasDrop=11.31
2026-08-02 18:04:16,32.08,62.16,1004.00,152.32,1420,4.030,92800,26.0,38.0,45.0,YES,UNKNOWN_ANALYSIS_IAQ152_VOC4.03ppm,14502.7,26,14.8,0.259,429
2026-08-02 18:04:25,32.08,62.16,1004.00,152.32,1420,4.030,92800,25.0,37.0,44.0,YES,UNKNOWN_ANALYSIS_IAQ152_VOC4.03ppm,14512.1,26,14.8,0.259,429
2026-08-02 18:04:35,32.08,62.16,1004.00,152.32,1420,4.030,92800,25.0,37.0,46.0,YES,UNKNOWN_ANALYSIS_IAQ152_VOC4.03ppm,14522.5,26,14.8,0.259,429
2026-08-02 18:04:45,32.08,62.16,1004.00,152.32,1420,4.030,92800,26.0,38.0,45.0,YES,UNKNOWN_ANALYSIS_IAQ152_VOC4.03ppm,14531.9,26,14.8,0.259,429
2026-08-02 18:04:55,32.08,62.16,1004.00,152.32,1420,4.030,92800,26.0,37.0,43.0,YES,UNKNOWN_ANALYSIS_IAQ152_VOC4.03ppm,14542.4,26,14.8,0.259,429
2026-08-02 18:05:06,32.08,62.16,1004.00,152.32,1420,4.030,92800,25.0,35.0,41.0,YES,UNKNOWN_ANALYSIS_IAQ152_VOC4.03ppm,14552.8,26,14.8,0.259,429
2026-08-02 18:05:15,32.08,62.16,1004.00,152.32,1420,4.030,92800,26.0,36.0,44.0,YES,UNKNOWN_ANALYSIS_IAQ152_VOC4.03ppm,14562.2,26,14.8,0.259,429
📊 Z-scores: IAQ=20.70 VOC=82.86 CO2=73.88 GasDrop=11.31
2026-08-02 18:05:26,32.08,62.16,1004.00,152.32,1420,4.030,92800,27.0,38.0,46.0,YES,UNKNOWN_ANALYSIS_IAQ152_VOC4.03ppm,14572.7,26,14.8,0.259,429
2026-08-02 18:05:35,32.08,62.16,1004.00,152.32,1420,4.030,92800,26.0,36.0,45.0,YES,UNKNOWN_ANALYSIS_IAQ152_VOC4.03ppm,14582.1,26,14.8,0.259,429
2026-08-02 18:05:45,32.08,62.16,1004.00,152.32,1420,4.030,92800,25.0,36.0,46.0,YES,UNKNOWN_ANALYSIS_IAQ152_VOC4.03ppm,14592.5,26,14.8,0.259,429
2026-08-02 18:05:56,32.08,62.16,1004.00,152.32,1420,4.030,92800,26.0,37.0,45.0,YES,UNKNOWN_ANALYSIS_IAQ152_VOC4.03ppm,14603.0,26,14.8,0.259,429
2026-08-02 18:06:05,32.08,62.16,1004.00,152.32,1420,4.030,92800,27.0,38.0,46.0,YES,UNKNOWN_ANALYSIS_IAQ152_VOC4.03ppm,14612.4,26,14.8,0.259,429
2026-08-02 18:06:16,32.08,62.16,1004.00,152.32,1420,4.030,92800,26.0,38.0,46.0,YES,UNKNOWN_ANALYSIS_IAQ152_VOC4.03ppm,14622.8,26,14.8,0.259,429
2026-08-02 18:06:25,32.08,62.16,1004.00,152.32,1420,4.030,92800,26.0,38.0,46.0,YES,UNKNOWN_ANALYSIS_IAQ152_VOC4.03ppm,14632.2,26,14.8,0.259,429
📊 Z-scores: IAQ=20.70 VOC=82.86 CO2=73.88 GasDrop=11.31
2026-08-02 18:06:36,32.08,62.16,1004.00,152.32,1420,4.030,92800,26.0,37.0,45.0,YES,UNKNOWN_ANALYSIS_IAQ152_VOC4.03ppm,14642.7,26,14.8,0.259,429
2026-08-02 18:06:46,32.08,62.16,1004.00,152.32,1420,4.030,92800,26.0,37.0,45.0,YES,UNKNOWN_ANALYSIS_IAQ152_VOC4.03ppm,14653.1,26,14.8,0.259,429
2026-08-02 18:06:55,32.08,62.16,1004.00,152.32,1420,4.030,92800,27.0,39.0,47.0,YES,UNKNOWN_ANALYSIS_IAQ152_VOC4.03ppm,14662.5,26,14.8,0.259,429
2026-08-02 18:07:06,32.08,62.16,1004.00,152.32,1420,4.030,92800,26.0,37.0,44.0,YES,UNKNOWN_ANALYSIS_IAQ152_VOC4.03ppm,14673.0,26,14.8,0.259,429
2026-08-02 18:07:15,32.08,62.16,1004.00,152.32,1420,4.030,92800,26.0,37.0,44.0,YES,UNKNOWN_ANALYSIS_IAQ152_VOC4.03ppm,14682.4,26,14.8,0.259,429
2026-08-02 18:07:26,32.08,62.16,1004.00,152.32,1420,4.030,92800,27.0,38.0,45.0,YES,UNKNOWN_ANALYSIS_IAQ152_VOC4.03ppm,14692.8,26,14.8,0.259,429
📊 Z-scores: IAQ=20.70 VOC=82.86 CO2=73.88 GasDrop=11.31
2026-08-02 18:07:36,32.08,62.16,1004.00,152.32,1420,4.030,92800,26.0,37.0,44.0,YES,UNKNOWN_ANALYSIS_IAQ152_VOC4.03ppm,14703.3,26,14.8,0.259,429
2026-08-02 18:07:46,32.08,62.16,1004.00,152.32,1420,4.030,92800,27.0,37.0,44.0,YES,UNKNOWN_ANALYSIS_IAQ152_VOC4.03ppm,14712.7,26,14.8,0.259,429
2026-08-02 18:07:56,32.07,62.19,1004.00,150.02,1392,3.782,93100,27.0,36.0,43.0,YES,UNKNOWN_ANALYSIS_IAQ150_VOC3.78ppm,14723.1,26,14.8,0.259,429
2026-08-02 18:08:05,32.07,62.19,1004.00,150.02,1392,3.782,93100,26.0,35.0,42.0,YES,UNKNOWN_ANALYSIS_IAQ150_VOC3.78ppm,14732.5,26,14.8,0.259,429
2026-08-02 18:08:16,32.07,62.19,1004.00,150.02,1392,3.782,93100,27.0,37.0,45.0,YES,UNKNOWN_ANALYSIS_IAQ150_VOC3.78ppm,14743.0,26,14.8,0.259,429
2026-08-02 18:08:25,32.07,62.19,1004.00,150.02,1392,3.782,93100,26.0,35.0,43.0,YES,UNKNOWN_ANALYSIS_IAQ150_VOC3.78ppm,14752.4,26,14.8,0.259,429
2026-08-02 18:08:36,32.07,62.19,1004.00,150.02,1392,3.782,93100,26.0,37.0,45.0,YES,UNKNOWN_ANALYSIS_IAQ150_VOC3.78ppm,14762.9,26,14.8,0.259,429
📊 Z-scores: IAQ=20.36 VOC=77.42 CO2=71.79 GasDrop=11.27
2026-08-02 18:08:46,32.07,62.19,1004.00,150.02,1392,3.782,93100,26.0,37.0,45.0,YES,UNKNOWN_ANALYSIS_IAQ150_VOC3.78ppm,14773.3,26,14.8,0.259,429
2026-08-02 18:08:56,32.07,62.19,1004.00,150.02,1392,3.782,93100,26.0,36.0,42.0,YES,UNKNOWN_ANALYSIS_IAQ150_VOC3.78ppm,14782.7,26,14.8,0.259,429
2026-08-02 18:09:06,32.07,62.19,1004.00,150.02,1392,3.782,93100,25.0,35.0,42.0,YES,UNKNOWN_ANALYSIS_IAQ150_VOC3.78ppm,14793.2,26,14.8,0.259,429
2026-08-02 18:09:15,32.07,62.19,1004.00,150.02,1392,3.782,93100,25.0,35.0,42.0,YES,UNKNOWN_ANALYSIS_IAQ150_VOC3.78ppm,14802.6,26,14.8,0.259,429
2026-08-02 18:09:26,32.07,62.19,1004.00,150.02,1392,3.782,93100,26.0,37.0,42.0,YES,UNKNOWN_ANALYSIS_IAQ150_VOC3.78ppm,14813.0,26,14.8,0.259,429
2026-08-02 18:09:36,32.07,62.19,1004.00,150.02,1392,3.782,93100,26.0,38.0,45.0,YES,UNKNOWN_ANALYSIS_IAQ150_VOC3.78ppm,14823.5,26,14.8,0.259,429
2026-08-02 18:09:46,32.07,62.19,1004.00,150.02,1392,3.782,93100,26.0,37.0,46.0,YES,UNKNOWN_ANALYSIS_IAQ150_VOC3.78ppm,14832.9,26,14.8,0.259,429
📊 Z-scores: IAQ=20.36 VOC=77.42 CO2=71.79 GasDrop=11.27
2026-08-02 18:09:56,32.07,62.19,1004.00,150.02,1392,3.782,93100,27.0,38.0,46.0,YES,UNKNOWN_ANALYSIS_IAQ150_VOC3.78ppm,14843.3,26,14.8,0.259,429
2026-08-02 18:10:06,32.07,62.19,1004.00,150.02,1392,3.782,93100,27.0,38.0,45.0,YES,UNKNOWN_ANALYSIS_IAQ150_VOC3.78ppm,14852.7,26,14.8,0.259,429
2026-08-02 18:10:16,32.07,62.19,1004.00,150.02,1392,3.782,93100,26.0,38.0,45.0,YES,UNKNOWN_ANALYSIS_IAQ150_VOC3.78ppm,14863.2,26,14.8,0.259,429
2026-08-02 18:10:26,32.07,62.19,1004.00,150.02,1392,3.782,93100,26.0,38.0,45.0,YES,UNKNOWN_ANALYSIS_IAQ150_VOC3.78ppm,14872.6,26,14.8,0.259,429
2026-08-02 18:10:36,32.07,62.19,1004.00,150.02,1392,3.782,93100,25.0,37.0,44.0,YES,UNKNOWN_ANALYSIS_IAQ150_VOC3.78ppm,14883.0,26,14.8,0.259,429
2026-08-02 18:10:46,32.07,62.19,1004.00,150.02,1392,3.782,93100,26.0,36.0,43.0,YES,UNKNOWN_ANALYSIS_IAQ150_VOC3.78ppm,14893.5,26,14.8,0.259,429
2026-08-02 18:10:56,32.07,62.19,1004.00,150.02,1392,3.782,93100,25.0,35.0,42.0,YES,UNKNOWN_ANALYSIS_IAQ150_VOC3.78ppm,14902.9,26,14.8,0.259,429
📊 Z-scores: IAQ=20.36 VOC=77.42 CO2=71.79 GasDrop=11.27
2026-08-02 18:11:06,32.07,62.19,1004.00,150.02,1392,3.782,93100,26.0,37.0,47.0,YES,UNKNOWN_ANALYSIS_IAQ150_VOC3.78ppm,14913.3,26,14.8,0.259,429
2026-08-02 18:11:16,32.07,62.19,1004.00,150.02,1392,3.782,93100,26.0,37.0,46.0,YES,UNKNOWN_ANALYSIS_IAQ150_VOC3.78ppm,14922.7,26,14.8,0.259,429
2026-08-02 18:11:26,32.07,62.19,1004.00,150.02,1392,3.782,93100,25.0,37.0,44.0,YES,UNKNOWN_ANALYSIS_IAQ150_VOC3.78ppm,14933.2,26,14.8,0.259,429
2026-08-02 18:11:37,32.07,62.19,1004.00,150.02,1392,3.782,93100,27.0,39.0,47.0,YES,UNKNOWN_ANALYSIS_IAQ150_VOC3.78ppm,14943.6,26,14.8,0.259,429
2026-08-02 18:11:46,32.07,62.19,1004.00,150.02,1392,3.782,93100,26.0,37.0,45.0,YES,UNKNOWN_ANALYSIS_IAQ150_VOC3.78ppm,14953.0,26,14.8,0.259,429
2026-08-02 18:11:56,32.07,62.19,1004.00,150.02,1392,3.782,93100,27.0,37.0,46.0,YES,UNKNOWN_ANALYSIS_IAQ150_VOC3.78ppm,14963.5,26,14.8,0.259,429
2026-08-02 18:12:06,32.07,62.19,1004.00,150.02,1392,3.782,93100,27.0,38.0,46.0,YES,UNKNOWN_ANALYSIS_IAQ150_VOC3.78ppm,14972.9,26,14.8,0.259,429
📊 Z-scores: IAQ=20.36 VOC=77.42 CO2=71.79 GasDrop=11.27
2026-08-02 18:12:16,32.07,62.19,1004.00,150.02,1392,3.782,93100,26.0,37.0,46.0,YES,UNKNOWN_ANALYSIS_IAQ150_VOC3.78ppm,14983.3,26,14.8,0.259,429
2026-08-02 18:12:27,32.07,62.19,1004.00,150.02,1392,3.782,93100,25.0,37.0,47.0,YES,UNKNOWN_ANALYSIS_IAQ150_VOC3.78ppm,14993.8,26,14.8,0.259,429
2026-08-02 18:12:36,32.07,62.19,1004.00,150.02,1392,3.782,93100,25.0,38.0,46.0,YES,UNKNOWN_ANALYSIS_IAQ150_VOC3.78ppm,15003.2,26,14.8,0.259,429
2026-08-02 18:12:47,32.07,62.19,1004.00,150.02,1392,3.782,93100,26.0,38.0,45.0,YES,UNKNOWN_ANALYSIS_IAQ150_VOC3.78ppm,15013.6,26,14.8,0.259,429
2026-08-02 18:12:56,32.03,62.18,1004.00,148.40,1371,3.602,93400,25.0,37.0,43.0,YES,UNKNOWN_ANALYSIS_IAQ148_VOC3.60ppm,15023.0,26,14.8,0.259,429
2026-08-02 18:13:06,32.03,62.18,1004.00,148.40,1371,3.602,93400,26.0,38.0,45.0,YES,UNKNOWN_ANALYSIS_IAQ148_VOC3.60ppm,15033.5,26,14.8,0.259,429
2026-08-02 18:13:16,32.03,62.18,1004.00,148.40,1371,3.602,93400,25.0,38.0,45.0,YES,UNKNOWN_ANALYSIS_IAQ148_VOC3.60ppm,15042.9,26,14.8,0.259,429
📊 Z-scores: IAQ=20.11 VOC=73.47 CO2=70.19 GasDrop=11.24
2026-08-02 18:13:26,32.03,62.18,1004.00,148.40,1371,3.602,93400,26.0,38.0,44.0,YES,UNKNOWN_ANALYSIS_IAQ148_VOC3.60ppm,15053.4,26,14.8,0.259,429
2026-08-02 18:13:37,32.03,62.18,1004.00,148.40,1371,3.602,93400,26.0,39.0,46.0,YES,UNKNOWN_ANALYSIS_IAQ148_VOC3.60ppm,15063.8,26,14.8,0.259,429
2026-08-02 18:13:46,32.03,62.18,1004.00,148.40,1371,3.602,93400,26.0,39.0,49.0,YES,UNKNOWN_ANALYSIS_IAQ148_VOC3.60ppm,15073.2,26,14.8,0.259,429
2026-08-02 18:13:57,32.03,62.18,1004.00,148.40,1371,3.602,93400,27.0,39.0,49.0,YES,UNKNOWN_ANALYSIS_IAQ148_VOC3.60ppm,15083.6,26,14.8,0.259,429
2026-08-02 18:14:06,32.03,62.18,1004.00,148.40,1371,3.602,93400,27.0,39.0,48.0,YES,UNKNOWN_ANALYSIS_IAQ148_VOC3.60ppm,15093.1,26,14.8,0.259,429
2026-08-02 18:14:16,32.03,62.18,1004.00,148.40,1371,3.602,93400,26.0,39.0,47.0,YES,UNKNOWN_ANALYSIS_IAQ148_VOC3.60ppm,15103.5,26,14.8,0.259,429
📊 Z-scores: IAQ=20.11 VOC=73.47 CO2=70.19 GasDrop=11.24
2026-08-02 18:14:27,32.03,62.18,1004.00,148.40,1371,3.602,93400,25.0,38.0,45.0,YES,UNKNOWN_ANALYSIS_IAQ148_VOC3.60ppm,15113.9,26,14.8,0.259,429
2026-08-02 18:14:36,32.03,62.18,1004.00,148.40,1371,3.602,93400,27.0,39.0,47.0,YES,UNKNOWN_ANALYSIS_IAQ148_VOC3.60ppm,15123.3,26,14.8,0.259,429
2026-08-02 18:14:47,32.03,62.18,1004.00,148.40,1371,3.602,93400,26.0,38.0,46.0,YES,UNKNOWN_ANALYSIS_IAQ148_VOC3.60ppm,15133.8,26,14.8,0.259,429
2026-08-02 18:14:56,32.03,62.18,1004.00,148.40,1371,3.602,93400,26.0,39.0,45.0,YES,UNKNOWN_ANALYSIS_IAQ148_VOC3.60ppm,15143.2,26,14.8,0.259,429
2026-08-02 18:15:07,32.03,62.18,1004.00,148.40,1371,3.602,93400,26.0,37.0,44.0,YES,UNKNOWN_ANALYSIS_IAQ148_VOC3.60ppm,15153.6,26,14.8,0.259,429
PMS7003: Timeout error
2026-08-02 18:15:17,32.03,62.18,1004.00,148.40,1371,3.602,93400,26.0,37.0,44.0,YES,UNKNOWN_ANALYSIS_IAQ148_VOC3.60ppm,15164.1,26,14.8,0.259,429
2026-08-02 18:15:26,32.03,62.18,1004.00,148.40,1371,3.602,93400,27.0,39.0,47.0,YES,UNKNOWN_ANALYSIS_IAQ148_VOC3.60ppm,15173.5,26,14.8,0.259,429
📊 Z-scores: IAQ=20.11 VOC=73.47 CO2=70.19 GasDrop=11.24
2026-08-02 18:15:37,32.03,62.18,1004.00,148.40,1371,3.602,93400,27.0,38.0,46.0,YES,UNKNOWN_ANALYSIS_IAQ148_VOC3.60ppm,15184.0,26,14.8,0.259,429
2026-08-02 18:15:46,32.03,62.18,1004.00,148.40,1371,3.602,93400,28.0,39.0,46.0,YES,UNKNOWN_ANALYSIS_IAQ148_VOC3.60ppm,15193.4,26,14.8,0.259,429
2026-08-02 18:15:57,32.03,62.18,1004.00,148.40,1371,3.602,93400,27.0,38.0,46.0,YES,UNKNOWN_ANALYSIS_IAQ148_VOC3.60ppm,15203.8,26,14.8,0.259,429
2026-08-02 18:16:06,32.03,62.18,1004.00,148.40,1371,3.602,93400,26.0,38.0,47.0,YES,UNKNOWN_ANALYSIS_IAQ148_VOC3.60ppm,15213.2,26,14.8,0.259,429
2026-08-02 18:16:17,32.03,62.18,1004.00,148.40,1371,3.602,93400,27.0,38.0,48.0,YES,UNKNOWN_ANALYSIS_IAQ148_VOC3.60ppm,15223.7,26,14.8,0.259,429
2026-08-02 18:16:27,32.03,62.18,1004.00,148.40,1371,3.602,93400,27.0,38.0,46.0,YES,UNKNOWN_ANALYSIS_IAQ148_VOC3.60ppm,15234.1,26,14.8,0.259,429
2026-08-02 18:16:36,32.03,62.18,1004.00,148.40,1371,3.602,93400,26.0,38.0,46.0,YES,UNKNOWN_ANALYSIS_IAQ148_VOC3.60ppm,15243.5,26,14.8,0.259,429
📊 Z-scores: IAQ=20.11 VOC=73.47 CO2=70.19 GasDrop=11.24
2026-08-02 18:16:47,32.03,62.18,1004.00,148.40,1371,3.602,93400,26.0,37.0,44.0,YES,UNKNOWN_ANALYSIS_IAQ148_VOC3.60ppm,15254.0,26,14.8,0.259,429
2026-08-02 18:16:56,32.03,62.18,1004.00,148.40,1371,3.602,93400,27.0,39.0,45.0,YES,UNKNOWN_ANALYSIS_IAQ148_VOC3.60ppm,15263.4,26,14.8,0.259,429
2026-08-02 18:17:07,32.03,62.18,1004.00,148.40,1371,3.602,93400,26.0,38.0,44.0,YES,UNKNOWN_ANALYSIS_IAQ148_VOC3.60ppm,15273.8,26,14.8,0.259,429
2026-08-02 18:17:17,32.03,62.18,1004.00,148.40,1371,3.602,93400,27.0,38.0,45.0,YES,UNKNOWN_ANALYSIS_IAQ148_VOC3.60ppm,15284.3,26,14.8,0.259,429
2026-08-02 18:17:27,32.03,62.18,1004.00,148.40,1371,3.602,93400,26.0,38.0,46.0,YES,UNKNOWN_ANALYSIS_IAQ148_VOC3.60ppm,15293.7,26,14.8,0.259,429
2026-08-02 18:17:37,32.03,62.18,1004.00,148.40,1371,3.602,93400,27.0,39.0,47.0,YES,UNKNOWN_ANALYSIS_IAQ148_VOC3.60ppm,15304.1,26,14.8,0.259,429
2026-08-02 18:17:46,32.03,62.18,1004.00,148.40,1371,3.602,93400,28.0,38.0,47.0,YES,UNKNOWN_ANALYSIS_IAQ148_VOC3.60ppm,15313.5,26,14.8,0.259,429
📊 Z-scores: IAQ=19.91 VOC=70.20 CO2=68.80 GasDrop=11.21
2026-08-02 18:17:57,32.01,62.18,1004.00,147.07,1352,3.453,93600,28.0,38.0,46.0,YES,UNKNOWN_ANALYSIS_IAQ147_VOC3.45ppm,15324.0,26,14.8,0.259,429
PMS7003: Timeout error
2026-08-02 18:18:07,32.01,62.18,1004.00,147.07,1352,3.453,93600,28.0,38.0,46.0,YES,UNKNOWN_ANALYSIS_IAQ147_VOC3.45ppm,15334.4,26,14.8,0.259,429
2026-08-02 18:18:17,32.01,62.18,1004.00,147.07,1352,3.453,93600,27.0,39.0,47.0,YES,UNKNOWN_ANALYSIS_IAQ147_VOC3.45ppm,15343.8,26,14.8,0.259,429
2026-08-02 18:18:27,32.01,62.18,1004.00,147.07,1352,3.453,93600,28.0,40.0,48.0,YES,UNKNOWN_ANALYSIS_IAQ147_VOC3.45ppm,15354.3,26,14.8,0.259,429
2026-08-02 18:18:37,32.01,62.18,1004.00,147.07,1352,3.453,93600,26.0,39.0,47.0,YES,UNKNOWN_ANALYSIS_IAQ147_VOC3.45ppm,15363.7,26,14.8,0.259,429
2026-08-02 18:18:47,32.01,62.18,1004.00,147.07,1352,3.453,93600,26.0,39.0,47.0,YES,UNKNOWN_ANALYSIS_IAQ147_VOC3.45ppm,15374.1,26,14.8,0.259,429
2026-08-02 18:18:56,32.01,62.18,1004.00,147.07,1352,3.453,93600,26.0,38.0,46.0,YES,UNKNOWN_ANALYSIS_IAQ147_VOC3.45ppm,15383.6,26,14.8,0.259,429
📊 Z-scores: IAQ=19.91 VOC=70.20 CO2=68.80 GasDrop=11.21
2026-08-02 18:19:07,32.01,62.18,1004.00,147.07,1352,3.453,93600,25.0,38.0,44.0,YES,UNKNOWN_ANALYSIS_IAQ147_VOC3.45ppm,15394.0,26,14.8,0.259,429
2026-08-02 18:19:17,32.01,62.18,1004.00,147.07,1352,3.453,93600,25.0,37.0,43.0,YES,UNKNOWN_ANALYSIS_IAQ147_VOC3.45ppm,15404.4,26,14.8,0.259,429
2026-08-02 18:19:27,32.01,62.18,1004.00,147.07,1352,3.453,93600,26.0,39.0,45.0,YES,UNKNOWN_ANALYSIS_IAQ147_VOC3.45ppm,15413.8,26,14.8,0.259,429
2026-08-02 18:19:37,32.01,62.18,1004.00,147.07,1352,3.453,93600,27.0,40.0,46.0,YES,UNKNOWN_ANALYSIS_IAQ147_VOC3.45ppm,15424.3,26,14.8,0.259,429
2026-08-02 18:19:47,32.01,62.18,1004.00,147.07,1352,3.453,93600,27.0,40.0,47.0,YES,UNKNOWN_ANALYSIS_IAQ147_VOC3.45ppm,15433.7,26,14.8,0.259,429
2026-08-02 18:19:57,32.01,62.18,1004.00,147.07,1352,3.453,93600,26.0,39.0,46.0,YES,UNKNOWN_ANALYSIS_IAQ147_VOC3.45ppm,15444.1,26,14.8,0.259,429
📊 Z-scores: IAQ=19.91 VOC=70.20 CO2=68.80 GasDrop=11.21
2026-08-02 18:20:08,32.01,62.18,1004.00,147.07,1352,3.453,93600,26.0,39.0,47.0,YES,UNKNOWN_ANALYSIS_IAQ147_VOC3.45ppm,15454.6,26,14.8,0.259,429
2026-08-02 18:20:17,32.01,62.18,1004.00,147.07,1352,3.453,93600,25.0,38.0,48.0,YES,UNKNOWN_ANALYSIS_IAQ147_VOC3.45ppm,15464.0,26,14.8,0.259,429
2026-08-02 18:20:27,32.01,62.18,1004.00,147.07,1352,3.453,93600,27.0,38.0,47.0,YES,UNKNOWN_ANALYSIS_IAQ147_VOC3.45ppm,15474.4,26,14.8,0.259,429
2026-08-02 18:20:37,32.01,62.18,1004.00,147.07,1352,3.453,93600,26.0,38.0,47.0,YES,UNKNOWN_ANALYSIS_IAQ147_VOC3.45ppm,15483.8,26,14.8,0.259,429
2026-08-02 18:20:47,32.01,62.18,1004.00,147.07,1352,3.453,93600,26.0,38.0,47.0,YES,UNKNOWN_ANALYSIS_IAQ147_VOC3.45ppm,15494.3,26,14.8,0.259,429
2026-08-02 18:20:58,32.01,62.18,1004.00,147.07,1352,3.453,93600,26.0,39.0,47.0,YES,UNKNOWN_ANALYSIS_IAQ147_VOC3.45ppm,15504.7,26,14.8,0.259,429
2026-08-02 18:21:07,32.01,62.18,1004.00,147.07,1352,3.453,93600,27.0,38.0,47.0,YES,UNKNOWN_ANALYSIS_IAQ147_VOC3.45ppm,15514.1,26,14.8,0.259,429
📊 Z-scores: IAQ=19.91 VOC=70.20 CO2=68.80 GasDrop=11.21
2026-08-02 18:21:18,32.01,62.18,1004.00,147.07,1352,3.453,93600,27.0,38.0,47.0,YES,UNKNOWN_ANALYSIS_IAQ147_VOC3.45ppm,15524.6,26,14.8,0.259,429
2026-08-02 18:21:27,32.01,62.18,1004.00,147.07,1352,3.453,93600,28.0,40.0,47.0,YES,UNKNOWN_ANALYSIS_IAQ147_VOC3.45ppm,15534.0,26,14.8,0.259,429
2026-08-02 18:21:37,32.01,62.18,1004.00,147.07,1352,3.453,93600,28.0,39.0,47.0,YES,UNKNOWN_ANALYSIS_IAQ147_VOC3.45ppm,15544.4,26,14.8,0.259,429
2026-08-02 18:21:48,32.01,62.18,1004.00,147.07,1352,3.453,93600,27.0,38.0,46.0,YES,UNKNOWN_ANALYSIS_IAQ147_VOC3.45ppm,15554.9,26,14.8,0.259,429
2026-08-02 18:21:57,32.01,62.18,1004.00,147.07,1352,3.453,93600,26.0,37.0,46.0,YES,UNKNOWN_ANALYSIS_IAQ147_VOC3.45ppm,15564.3,26,14.8,0.259,429
2026-08-02 18:22:08,32.01,62.18,1004.00,147.07,1352,3.453,93600,26.0,38.0,46.0,YES,UNKNOWN_ANALYSIS_IAQ147_VOC3.45ppm,15574.7,26,14.8,0.259,429
2026-08-02 18:22:17,32.01,62.18,1004.00,147.07,1352,3.453,93600,26.0,37.0,47.0,YES,UNKNOWN_ANALYSIS_IAQ147_VOC3.45ppm,15584.1,26,14.8,0.259,429
📊 Z-scores: IAQ=19.91 VOC=70.20 CO2=68.80 GasDrop=11.21
2026-08-02 18:22:28,32.01,62.18,1004.00,147.07,1352,3.453,93600,25.0,37.0,47.0,YES,UNKNOWN_ANALYSIS_IAQ147_VOC3.45ppm,15594.6,26,14.8,0.259,429
2026-08-02 18:22:37,32.01,62.18,1004.00,147.07,1352,3.453,93600,25.0,38.0,46.0,YES,UNKNOWN_ANALYSIS_IAQ147_VOC3.45ppm,15604.0,26,14.8,0.259,429
2026-08-02 18:22:47,32.01,62.18,1004.00,147.07,1352,3.453,93600,26.0,38.0,46.0,YES,UNKNOWN_ANALYSIS_IAQ147_VOC3.45ppm,15614.4,26,14.8,0.259,429
2026-08-02 18:22:58,32.00,62.21,1004.00,131.56,1214,2.522,95800,26.0,38.0,47.0,YES,UNKNOWN_ANALYSIS_IAQ132_VOC2.52ppm,15624.9,26,14.8,0.259,429
2026-08-02 18:23:07,32.00,62.21,1004.00,131.56,1214,2.522,95800,26.0,38.0,47.0,YES,UNKNOWN_ANALYSIS_IAQ132_VOC2.52ppm,15634.3,26,14.8,0.259,429
2026-08-02 18:23:18,32.00,62.21,1004.00,131.56,1214,2.522,95800,27.0,39.0,48.0,YES,UNKNOWN_ANALYSIS_IAQ132_VOC2.52ppm,15644.8,26,14.8,0.259,429
2026-08-02 18:23:27,32.00,62.21,1004.00,131.56,1214,2.522,95800,26.0,38.0,47.0,YES,UNKNOWN_ANALYSIS_IAQ132_VOC2.52ppm,15654.2,26,14.8,0.259,429
📊 Z-scores: IAQ=17.58 VOC=49.73 CO2=58.47 GasDrop=10.92
2026-08-02 18:23:38,32.00,62.21,1004.00,131.56,1214,2.522,95800,27.0,38.0,47.0,YES,UNKNOWN_ANALYSIS_IAQ132_VOC2.52ppm,15664.6,26,14.8,0.259,429
2026-08-02 18:23:48,32.00,62.21,1004.00,131.56,1214,2.522,95800,26.0,37.0,46.0,YES,UNKNOWN_ANALYSIS_IAQ132_VOC2.52ppm,15675.1,26,14.8,0.259,429
2026-08-02 18:23:57,32.00,62.21,1004.00,131.56,1214,2.522,95800,27.0,38.0,47.0,YES,UNKNOWN_ANALYSIS_IAQ132_VOC2.52ppm,15684.5,26,14.8,0.259,429
2026-08-02 18:24:08,32.00,62.21,1004.00,131.56,1214,2.522,95800,26.0,37.0,44.0,YES,UNKNOWN_ANALYSIS_IAQ132_VOC2.52ppm,15694.9,26,14.8,0.259,429
2026-08-02 18:24:17,32.00,62.21,1004.00,131.56,1214,2.522,95800,27.0,38.0,45.0,YES,UNKNOWN_ANALYSIS_IAQ132_VOC2.52ppm,15704.3,26,14.8,0.259,429
2026-08-02 18:24:28,32.00,62.21,1004.00,131.56,1214,2.522,95800,26.0,38.0,44.0,YES,UNKNOWN_ANALYSIS_IAQ132_VOC2.52ppm,15714.8,26,14.8,0.259,429
2026-08-02 18:24:37,32.00,62.21,1004.00,131.56,1214,2.522,95800,27.0,39.0,46.0,YES,UNKNOWN_ANALYSIS_IAQ132_VOC2.52ppm,15724.2,26,14.8,0.259,429
📊 Z-scores: IAQ=17.58 VOC=49.73 CO2=58.47 GasDrop=10.92
2026-08-02 18:24:48,32.00,62.21,1004.00,131.56,1214,2.522,95800,26.0,37.0,45.0,YES,UNKNOWN_ANALYSIS_IAQ132_VOC2.52ppm,15734.6,26,14.8,0.259,429
2026-08-02 18:24:58,32.00,62.21,1004.00,131.56,1214,2.522,95800,28.0,38.0,46.0,YES,UNKNOWN_ANALYSIS_IAQ132_VOC2.52ppm,15745.1,26,14.8,0.259,429
2026-08-02 18:25:07,32.00,62.21,1004.00,131.56,1214,2.522,95800,28.0,38.0,48.0,YES,UNKNOWN_ANALYSIS_IAQ132_VOC2.52ppm,15754.5,26,14.8,0.259,429
2026-08-02 18:25:18,32.00,62.21,1004.00,131.56,1214,2.522,95800,28.0,38.0,48.0,YES,UNKNOWN_ANALYSIS_IAQ132_VOC2.52ppm,15764.9,26,14.8,0.259,429
2026-08-02 18:25:27,32.00,62.21,1004.00,131.56,1214,2.522,95800,26.0,37.0,46.0,YES,UNKNOWN_ANALYSIS_IAQ132_VOC2.52ppm,15774.3,26,14.8,0.259,429
2026-08-02 18:25:38,32.00,62.21,1004.00,131.56,1214,2.522,95800,26.0,37.0,46.0,YES,UNKNOWN_ANALYSIS_IAQ132_VOC2.52ppm,15784.8,26,14.8,0.259,429
📊 Z-scores: IAQ=17.58 VOC=49.73 CO2=58.47 GasDrop=10.92
2026-08-02 18:25:48,32.00,62.21,1004.00,131.56,1214,2.522,95800,27.0,39.0,47.0,YES,UNKNOWN_ANALYSIS_IAQ132_VOC2.52ppm,15795.2,26,14.8,0.259,429
2026-08-02 18:25:58,32.00,62.21,1004.00,131.56,1214,2.522,95800,27.0,39.0,47.0,YES,UNKNOWN_ANALYSIS_IAQ132_VOC2.52ppm,15804.6,26,14.8,0.259,429
2026-08-02 18:26:08,32.00,62.21,1004.00,131.56,1214,2.522,95800,27.0,39.0,47.0,YES,UNKNOWN_ANALYSIS_IAQ132_VOC2.52ppm,15815.1,26,14.8,0.259,429
2026-08-02 18:26:17,32.00,62.21,1004.00,131.56,1214,2.522,95800,26.0,39.0,46.0,YES,UNKNOWN_ANALYSIS_IAQ132_VOC2.52ppm,15824.5,26,14.8,0.259,429
2026-08-02 18:26:28,32.00,62.21,1004.00,131.56,1214,2.522,95800,27.0,39.0,47.0,YES,UNKNOWN_ANALYSIS_IAQ132_VOC2.52ppm,15835.0,26,14.8,0.259,429
2026-08-02 18:26:37,32.00,62.21,1004.00,131.56,1214,2.522,95800,27.0,38.0,46.0,YES,UNKNOWN_ANALYSIS_IAQ132_VOC2.52ppm,15844.4,26,14.8,0.259,429
2026-08-02 18:26:48,32.00,62.21,1004.00,131.56,1214,2.522,95800,27.0,38.0,48.0,YES,UNKNOWN_ANALYSIS_IAQ132_VOC2.52ppm,15854.8,26,14.8,0.259,429
📊 Z-scores: IAQ=17.58 VOC=49.73 CO2=58.47 GasDrop=10.92
2026-08-02 18:26:58,32.00,62.21,1004.00,131.56,1214,2.522,95800,28.0,40.0,48.0,YES,UNKNOWN_ANALYSIS_IAQ132_VOC2.52ppm,15865.3,26,14.8,0.259,429
2026-08-02 18:27:08,32.00,62.21,1004.00,131.56,1214,2.522,95800,26.0,38.0,46.0,YES,UNKNOWN_ANALYSIS_IAQ132_VOC2.52ppm,15874.7,26,14.8,0.259,429
2026-08-02 18:27:18,32.00,62.21,1004.00,131.56,1214,2.522,95800,26.0,38.0,46.0,YES,UNKNOWN_ANALYSIS_IAQ132_VOC2.52ppm,15885.1,26,14.8,0.259,429
2026-08-02 18:27:27,32.00,62.21,1004.00,131.56,1214,2.522,95800,27.0,38.0,45.0,YES,UNKNOWN_ANALYSIS_IAQ132_VOC2.52ppm,15894.5,26,14.8,0.259,429
2026-08-02 18:27:38,32.00,62.21,1004.00,131.56,1214,2.522,95800,27.0,38.0,46.0,YES,UNKNOWN_ANALYSIS_IAQ132_VOC2.52ppm,15905.0,26,14.8,0.259,429
2026-08-02 18:27:47,32.00,62.21,1004.00,131.56,1214,2.522,95800,28.0,39.0,47.0,YES,UNKNOWN_ANALYSIS_IAQ132_VOC2.52ppm,15914.4,26,14.8,0.259,429
2026-08-02 18:27:58,32.00,62.21,1004.00,128.76,1187,2.373,96200,28.0,38.0,47.0,YES,UNKNOWN_ANALYSIS_IAQ129_VOC2.37ppm,15924.8,26,14.8,0.259,429
📊 Z-scores: IAQ=17.16 VOC=46.45 CO2=56.47 GasDrop=10.87
2026-08-02 18:28:08,32.00,62.21,1004.00,128.76,1187,2.373,96200,26.0,38.0,46.0,YES,UNKNOWN_ANALYSIS_IAQ129_VOC2.37ppm,15935.3,26,14.8,0.259,429
2026-08-02 18:28:18,32.00,62.21,1004.00,128.76,1187,2.373,96200,27.0,39.0,49.0,YES,UNKNOWN_ANALYSIS_IAQ129_VOC2.37ppm,15944.7,26,14.8,0.259,429
2026-08-02 18:28:28,32.00,62.21,1004.00,128.76,1187,2.373,96200,26.0,38.0,46.0,YES,UNKNOWN_ANALYSIS_IAQ129_VOC2.37ppm,15955.2,26,14.8,0.259,429
2026-08-02 18:28:37,32.00,62.21,1004.00,128.76,1187,2.373,96200,26.0,39.0,46.0,YES,UNKNOWN_ANALYSIS_IAQ129_VOC2.37ppm,15964.6,26,14.8,0.259,429
2026-08-02 18:28:48,32.00,62.21,1004.00,128.76,1187,2.373,96200,26.0,39.0,46.0,YES,UNKNOWN_ANALYSIS_IAQ129_VOC2.37ppm,15975.0,26,14.8,0.259,429
2026-08-02 18:28:58,32.00,62.21,1004.00,128.76,1187,2.373,96200,27.0,39.0,46.0,YES,UNKNOWN_ANALYSIS_IAQ129_VOC2.37ppm,15985.5,26,14.8,0.259,429
2026-08-02 18:29:08,32.00,62.21,1004.00,128.76,1187,2.373,96200,26.0,38.0,44.0,YES,UNKNOWN_ANALYSIS_IAQ129_VOC2.37ppm,15994.9,26,14.8,0.259,429
📊 Z-scores: IAQ=17.16 VOC=46.45 CO2=56.47 GasDrop=10.87
2026-08-02 18:29:18,32.00,62.21,1004.00,128.76,1187,2.373,96200,28.0,39.0,47.0,YES,UNKNOWN_ANALYSIS_IAQ129_VOC2.37ppm,16005.3,26,14.8,0.259,429
2026-08-02 18:29:28,32.00,62.21,1004.00,128.76,1187,2.373,96200,27.0,39.0,48.0,YES,UNKNOWN_ANALYSIS_IAQ129_VOC2.37ppm,16014.7,26,14.8,0.259,429
2026-08-02 18:29:38,32.00,62.21,1004.00,128.76,1187,2.373,96200,27.0,38.0,46.0,YES,UNKNOWN_ANALYSIS_IAQ129_VOC2.37ppm,16025.2,26,14.8,0.259,429
2026-08-02 18:29:48,32.00,62.21,1004.00,128.76,1187,2.373,96200,28.0,39.0,47.0,YES,UNKNOWN_ANALYSIS_IAQ129_VOC2.37ppm,16034.6,26,14.8,0.259,429
2026-08-02 18:29:58,32.00,62.21,1004.00,128.76,1187,2.373,96200,26.0,37.0,46.0,YES,UNKNOWN_ANALYSIS_IAQ129_VOC2.37ppm,16045.0,26,14.8,0.259,429
2026-08-02 18:30:08,32.00,62.21,1004.00,128.76,1187,2.373,96200,27.0,39.0,48.0,YES,UNKNOWN_ANALYSIS_IAQ129_VOC2.37ppm,16055.5,26,14.8,0.259,429
2026-08-02 18:30:18,32.00,62.21,1004.00,128.76,1187,2.373,96200,28.0,39.0,48.0,YES,UNKNOWN_ANALYSIS_IAQ129_VOC2.37ppm,16064.9,26,14.8,0.259,429
📊 Z-scores: IAQ=17.16 VOC=46.45 CO2=56.47 GasDrop=10.87
2026-08-02 18:30:28,32.00,62.21,1004.00,128.76,1187,2.373,96200,27.0,38.0,46.0,YES,UNKNOWN_ANALYSIS_IAQ129_VOC2.37ppm,16075.3,26,14.8,0.259,429
2026-08-02 18:30:38,32.00,62.21,1004.00,128.76,1187,2.373,96200,27.0,39.0,47.0,YES,UNKNOWN_ANALYSIS_IAQ129_VOC2.37ppm,16084.7,26,14.8,0.259,429
2026-08-02 18:30:48,32.00,62.21,1004.00,128.76,1187,2.373,96200,26.0,37.0,46.0,YES,UNKNOWN_ANALYSIS_IAQ129_VOC2.37ppm,16095.2,26,14.8,0.259,429
PMS7003: Timeout error
2026-08-02 18:30:59,32.00,62.21,1004.00,128.76,1187,2.373,96200,26.0,37.0,46.0,YES,UNKNOWN_ANALYSIS_IAQ129_VOC2.37ppm,16105.6,26,14.8,0.259,429
2026-08-02 18:31:08,32.00,62.21,1004.00,128.76,1187,2.373,96200,26.0,38.0,46.0,YES,UNKNOWN_ANALYSIS_IAQ129_VOC2.37ppm,16115.0,26,14.8,0.259,429
2026-08-02 18:31:18,32.00,62.21,1004.00,128.76,1187,2.373,96200,26.0,38.0,46.0,YES,UNKNOWN_ANALYSIS_IAQ129_VOC2.37ppm,16125.5,26,14.8,0.259,429
2026-08-02 18:31:28,32.00,62.21,1004.00,128.76,1187,2.373,96200,26.0,40.0,49.0,YES,UNKNOWN_ANALYSIS_IAQ129_VOC2.37ppm,16134.9,26,14.8,0.259,429
📊 Z-scores: IAQ=17.16 VOC=46.45 CO2=56.47 GasDrop=10.87
2026-08-02 18:31:38,32.00,62.21,1004.00,128.76,1187,2.373,96200,28.0,40.0,48.0,YES,UNKNOWN_ANALYSIS_IAQ129_VOC2.37ppm,16145.3,26,14.8,0.259,429
2026-08-02 18:31:48,32.00,62.21,1004.00,128.76,1187,2.373,96200,28.0,40.0,49.0,YES,UNKNOWN_ANALYSIS_IAQ129_VOC2.37ppm,16154.7,26,14.8,0.259,429
2026-08-02 18:31:58,32.00,62.21,1004.00,128.76,1187,2.373,96200,27.0,39.0,48.0,YES,UNKNOWN_ANALYSIS_IAQ129_VOC2.37ppm,16165.2,26,14.8,0.259,429
2026-08-02 18:32:09,32.00,62.21,1004.00,128.76,1187,2.373,96200,28.0,39.0,48.0,YES,UNKNOWN_ANALYSIS_IAQ129_VOC2.37ppm,16175.6,26,14.8,0.259,429
2026-08-02 18:32:18,32.00,62.21,1004.00,128.76,1187,2.373,96200,27.0,38.0,47.0,YES,UNKNOWN_ANALYSIS_IAQ129_VOC2.37ppm,16185.0,26,14.8,0.259,429
2026-08-02 18:32:28,32.00,62.21,1004.00,128.76,1187,2.373,96200,26.0,38.0,46.0,YES,UNKNOWN_ANALYSIS_IAQ129_VOC2.37ppm,16195.5,26,14.8,0.259,429
2026-08-02 18:32:38,32.00,62.21,1004.00,128.76,1187,2.373,96200,26.0,39.0,49.0,YES,UNKNOWN_ANALYSIS_IAQ129_VOC2.37ppm,16204.9,26,14.8,0.259,429
📊 Z-scores: IAQ=17.16 VOC=46.45 CO2=56.47 GasDrop=10.87
2026-08-02 18:32:48,32.00,62.21,1004.00,128.76,1187,2.373,96200,28.0,40.0,50.0,YES,UNKNOWN_ANALYSIS_IAQ129_VOC2.37ppm,16215.4,26,14.8,0.259,429
2026-08-02 18:32:59,32.00,62.21,1004.00,128.06,1178,2.328,96300,27.0,39.0,49.0,YES,UNKNOWN_ANALYSIS_IAQ128_VOC2.33ppm,16225.8,26,14.8,0.259,429
2026-08-02 18:33:08,32.00,62.21,1004.00,128.06,1178,2.328,96300,27.0,38.0,47.0,YES,UNKNOWN_ANALYSIS_IAQ128_VOC2.33ppm,16235.2,26,14.8,0.259,429
2026-08-02 18:33:19,32.00,62.21,1004.00,128.06,1178,2.328,96300,27.0,38.0,48.0,YES,UNKNOWN_ANALYSIS_IAQ128_VOC2.33ppm,16245.6,26,14.8,0.259,429
2026-08-02 18:33:28,32.00,62.21,1004.00,128.06,1178,2.328,96300,27.0,40.0,47.0,YES,UNKNOWN_ANALYSIS_IAQ128_VOC2.33ppm,16255.0,26,14.8,0.259,429
2026-08-02 18:33:38,32.00,62.21,1004.00,128.06,1178,2.328,96300,28.0,40.0,47.0,YES,UNKNOWN_ANALYSIS_IAQ128_VOC2.33ppm,16265.5,26,14.8,0.259,429
📊 Z-scores: IAQ=17.05 VOC=45.46 CO2=55.84 GasDrop=10.85
2026-08-02 18:33:49,32.00,62.21,1004.00,128.06,1178,2.328,96300,27.0,38.0,46.0,YES,UNKNOWN_ANALYSIS_IAQ128_VOC2.33ppm,16275.9,26,14.8,0.259,429
2026-08-02 18:33:58,32.00,62.21,1004.00,128.06,1178,2.328,96300,27.0,38.0,45.0,YES,UNKNOWN_ANALYSIS_IAQ128_VOC2.33ppm,16285.4,26,14.8,0.259,429
2026-08-02 18:34:09,32.00,62.21,1004.00,128.06,1178,2.328,96300,27.0,39.0,47.0,YES,UNKNOWN_ANALYSIS_IAQ128_VOC2.33ppm,16295.8,26,14.8,0.259,429
2026-08-02 18:34:18,32.00,62.21,1004.00,128.06,1178,2.328,96300,27.0,39.0,47.0,YES,UNKNOWN_ANALYSIS_IAQ128_VOC2.33ppm,16305.2,26,14.8,0.259,429
2026-08-02 18:34:29,32.00,62.21,1004.00,128.06,1178,2.328,96300,27.0,39.0,48.0,YES,UNKNOWN_ANALYSIS_IAQ128_VOC2.33ppm,16315.7,26,14.8,0.259,429
2026-08-02 18:34:39,32.00,62.21,1004.00,128.06,1178,2.328,96300,28.0,40.0,49.0,YES,UNKNOWN_ANALYSIS_IAQ128_VOC2.33ppm,16326.1,26,14.8,0.259,429
2026-08-02 18:34:48,32.00,62.21,1004.00,128.06,1178,2.328,96300,27.0,38.0,46.0,YES,UNKNOWN_ANALYSIS_IAQ128_VOC2.33ppm,16335.5,26,14.8,0.259,429
📊 Z-scores: IAQ=17.05 VOC=45.46 CO2=55.84 GasDrop=10.85
2026-08-02 18:34:59,32.00,62.21,1004.00,128.06,1178,2.328,96300,28.0,40.0,49.0,YES,UNKNOWN_ANALYSIS_IAQ128_VOC2.33ppm,16346.0,26,14.8,0.259,429
2026-08-02 18:35:08,32.00,62.21,1004.00,128.06,1178,2.328,96300,27.0,39.0,46.0,YES,UNKNOWN_ANALYSIS_IAQ128_VOC2.33ppm,16355.4,26,14.8,0.259,429
2026-08-02 18:35:19,32.00,62.21,1004.00,128.06,1178,2.328,96300,28.0,40.0,47.0,YES,UNKNOWN_ANALYSIS_IAQ128_VOC2.33ppm,16365.8,26,14.8,0.259,429
PMS7003: Timeout error
2026-08-02 18:35:29,32.00,62.21,1004.00,128.06,1178,2.328,96300,28.0,40.0,47.0,YES,UNKNOWN_ANALYSIS_IAQ128_VOC2.33ppm,16376.2,26,14.8,0.259,429
2026-08-02 18:35:39,32.00,62.21,1004.00,128.06,1178,2.328,96300,27.0,39.0,48.0,YES,UNKNOWN_ANALYSIS_IAQ128_VOC2.33ppm,16385.7,26,14.8,0.259,429
2026-08-02 18:35:49,32.00,62.21,1004.00,128.06,1178,2.328,96300,28.0,40.0,49.0,YES,UNKNOWN_ANALYSIS_IAQ128_VOC2.33ppm,16396.1,26,14.8,0.259,429
2026-08-02 18:35:58,32.00,62.21,1004.00,128.06,1178,2.328,96300,27.0,40.0,49.0,YES,UNKNOWN_ANALYSIS_IAQ128_VOC2.33ppm,16405.5,26,14.8,0.259,429
📊 Z-scores: IAQ=17.05 VOC=45.46 CO2=55.84 GasDrop=10.85
2026-08-02 18:36:09,32.00,62.21,1004.00,128.06,1178,2.328,96300,28.0,40.0,49.0,YES,UNKNOWN_ANALYSIS_IAQ128_VOC2.33ppm,16416.0,26,14.8,0.259,429
2026-08-02 18:36:18,32.00,62.21,1004.00,128.06,1178,2.328,96300,27.0,40.0,49.0,YES,UNKNOWN_ANALYSIS_IAQ128_VOC2.33ppm,16425.4,26,14.8,0.259,429
2026-08-02 18:36:29,32.00,62.21,1004.00,128.06,1178,2.328,96300,28.0,40.0,50.0,YES,UNKNOWN_ANALYSIS_IAQ128_VOC2.33ppm,16435.8,26,14.8,0.259,429
2026-08-02 18:36:39,32.00,62.21,1004.00,128.06,1178,2.328,96300,27.0,40.0,48.0,YES,UNKNOWN_ANALYSIS_IAQ128_VOC2.33ppm,16446.3,26,14.8,0.259,429
2026-08-02 18:36:49,32.00,62.21,1004.00,128.06,1178,2.328,96300,28.0,41.0,49.0,YES,UNKNOWN_ANALYSIS_IAQ128_VOC2.33ppm,16455.7,26,14.8,0.259,429
2026-08-02 18:36:59,32.00,62.21,1004.00,128.06,1178,2.328,96300,28.0,40.0,49.0,YES,UNKNOWN_ANALYSIS_IAQ128_VOC2.33ppm,16466.2,26,14.8,0.259,429
2026-08-02 18:37:08,32.00,62.21,1004.00,128.06,1178,2.328,96300,27.0,40.0,48.0,YES,UNKNOWN_ANALYSIS_IAQ128_VOC2.33ppm,16475.6,26,14.8,0.259,429
📊 Z-scores: IAQ=17.05 VOC=45.46 CO2=55.84 GasDrop=10.85
2026-08-02 18:37:19,32.00,62.21,1004.00,128.06,1178,2.328,96300,28.0,41.0,50.0,YES,UNKNOWN_ANALYSIS_IAQ128_VOC2.33ppm,16486.0,26,14.8,0.259,429
2026-08-02 18:37:29,32.00,62.21,1004.00,128.06,1178,2.328,96300,28.0,41.0,49.0,YES,UNKNOWN_ANALYSIS_IAQ128_VOC2.33ppm,16496.5,26,14.8,0.259,429
2026-08-02 18:37:39,32.00,62.21,1004.00,128.06,1178,2.328,96300,27.0,39.0,48.0,YES,UNKNOWN_ANALYSIS_IAQ128_VOC2.33ppm,16505.9,26,14.8,0.259,429
2026-08-02 18:37:49,32.00,62.21,1004.00,128.06,1178,2.328,96300,28.0,40.0,48.0,YES,UNKNOWN_ANALYSIS_IAQ128_VOC2.33ppm,16516.3,26,14.8,0.259,429
2026-08-02 18:37:59,32.00,62.18,1004.00,145.03,1319,3.204,93900,27.0,39.0,46.0,YES,UNKNOWN_ANALYSIS_IAQ145_VOC3.20ppm,16525.7,26,14.8,0.259,429
2026-08-02 18:38:09,32.00,62.18,1004.00,145.03,1319,3.204,93900,28.0,40.0,48.0,YES,UNKNOWN_ANALYSIS_IAQ145_VOC3.20ppm,16536.2,26,14.8,0.259,429
2026-08-02 18:38:19,32.00,62.18,1004.00,145.03,1319,3.204,93900,29.0,41.0,49.0,YES,UNKNOWN_ANALYSIS_IAQ145_VOC3.20ppm,16545.6,26,14.8,0.259,429
📊 Z-scores: IAQ=19.61 VOC=64.72 CO2=66.34 GasDrop=11.17
2026-08-02 18:38:29,32.00,62.18,1004.00,145.03,1319,3.204,93900,29.0,42.0,50.0,YES,UNKNOWN_ANALYSIS_IAQ145_VOC3.20ppm,16556.0,26,14.8,0.259,429
2026-08-02 18:38:39,32.00,62.18,1004.00,145.03,1319,3.204,93900,29.0,41.0,50.0,YES,UNKNOWN_ANALYSIS_IAQ145_VOC3.20ppm,16566.5,26,14.8,0.259,429
2026-08-02 18:38:49,32.00,62.18,1004.00,145.03,1319,3.204,93900,28.0,40.0,49.0,YES,UNKNOWN_ANALYSIS_IAQ145_VOC3.20ppm,16575.9,26,14.8,0.259,429
2026-08-02 18:38:59,32.00,62.18,1004.00,145.03,1319,3.204,93900,27.0,39.0,50.0,YES,UNKNOWN_ANALYSIS_IAQ145_VOC3.20ppm,16586.3,26,14.8,0.259,429
2026-08-02 18:39:09,32.00,62.18,1004.00,145.03,1319,3.204,93900,28.0,41.0,50.0,YES,UNKNOWN_ANALYSIS_IAQ145_VOC3.20ppm,16595.8,26,14.8,0.259,429
2026-08-02 18:39:19,32.00,62.18,1004.00,145.03,1319,3.204,93900,27.0,40.0,49.0,YES,UNKNOWN_ANALYSIS_IAQ145_VOC3.20ppm,16606.2,26,14.8,0.259,429
📊 Z-scores: IAQ=19.61 VOC=64.72 CO2=66.34 GasDrop=11.17
2026-08-02 18:39:30,32.00,62.18,1004.00,145.03,1319,3.204,93900,28.0,41.0,50.0,YES,UNKNOWN_ANALYSIS_IAQ145_VOC3.20ppm,16616.7,26,14.8,0.259,429
2026-08-02 18:39:39,32.00,62.18,1004.00,145.03,1319,3.204,93900,28.0,41.0,50.0,YES,UNKNOWN_ANALYSIS_IAQ145_VOC3.20ppm,16626.1,26,14.8,0.259,429
2026-08-02 18:39:49,32.00,62.18,1004.00,145.03,1319,3.204,93900,27.0,39.0,48.0,YES,UNKNOWN_ANALYSIS_IAQ145_VOC3.20ppm,16636.5,26,14.8,0.259,429
2026-08-02 18:39:59,32.00,62.18,1004.00,145.03,1319,3.204,93900,26.0,39.0,47.0,YES,UNKNOWN_ANALYSIS_IAQ145_VOC3.20ppm,16645.9,26,14.8,0.259,429
2026-08-02 18:40:09,32.00,62.18,1004.00,145.03,1319,3.204,93900,26.0,39.0,48.0,YES,UNKNOWN_ANALYSIS_IAQ145_VOC3.20ppm,16656.4,26,14.8,0.259,429
2026-08-02 18:40:20,32.00,62.18,1004.00,145.03,1319,3.204,93900,28.0,40.0,50.0,YES,UNKNOWN_ANALYSIS_IAQ145_VOC3.20ppm,16666.8,26,14.8,0.259,429
2026-08-02 18:40:29,32.00,62.18,1004.00,145.03,1319,3.204,93900,28.0,40.0,51.0,YES,UNKNOWN_ANALYSIS_IAQ145_VOC3.20ppm,16676.2,26,14.8,0.259,429
📊 Z-scores: IAQ=19.61 VOC=64.72 CO2=66.34 GasDrop=11.17
2026-08-02 18:40:40,32.00,62.18,1004.00,145.03,1319,3.204,93900,27.0,40.0,49.0,YES,UNKNOWN_ANALYSIS_IAQ145_VOC3.20ppm,16686.7,26,14.8,0.259,429
2026-08-02 18:40:49,32.00,62.18,1004.00,145.03,1319,3.204,93900,28.0,41.0,50.0,YES,UNKNOWN_ANALYSIS_IAQ145_VOC3.20ppm,16696.1,26,14.8,0.259,429
2026-08-02 18:40:59,32.00,62.18,1004.00,145.03,1319,3.204,93900,28.0,41.0,49.0,YES,UNKNOWN_ANALYSIS_IAQ145_VOC3.20ppm,16706.5,26,14.8,0.259,429
PMS7003: Timeout error
2026-08-02 18:41:10,32.00,62.18,1004.00,145.03,1319,3.204,93900,28.0,41.0,49.0,YES,UNKNOWN_ANALYSIS_IAQ145_VOC3.20ppm,16717.0,26,14.8,0.259,429
2026-08-02 18:41:19,32.00,62.18,1004.00,145.03,1319,3.204,93900,28.0,41.0,49.0,YES,UNKNOWN_ANALYSIS_IAQ145_VOC3.20ppm,16726.4,26,14.8,0.259,429
2026-08-02 18:41:30,32.00,62.18,1004.00,145.03,1319,3.204,93900,28.0,39.0,47.0,YES,UNKNOWN_ANALYSIS_IAQ145_VOC3.20ppm,16736.8,26,14.8,0.259,429
2026-08-02 18:41:39,32.00,62.18,1004.00,145.03,1319,3.204,93900,27.0,39.0,48.0,YES,UNKNOWN_ANALYSIS_IAQ145_VOC3.20ppm,16746.2,26,14.8,0.259,429
📊 Z-scores: IAQ=19.61 VOC=64.72 CO2=66.34 GasDrop=11.17
2026-08-02 18:41:50,32.00,62.18,1004.00,145.03,1319,3.204,93900,28.0,40.0,49.0,YES,UNKNOWN_ANALYSIS_IAQ145_VOC3.20ppm,16756.7,26,14.8,0.259,429
2026-08-02 18:41:59,32.00,62.18,1004.00,145.03,1319,3.204,93900,27.0,39.0,48.0,YES,UNKNOWN_ANALYSIS_IAQ145_VOC3.20ppm,16766.1,26,14.8,0.259,429
2026-08-02 18:42:09,32.00,62.18,1004.00,145.03,1319,3.204,93900,28.0,40.0,50.0,YES,UNKNOWN_ANALYSIS_IAQ145_VOC3.20ppm,16776.5,26,14.8,0.259,429
2026-08-02 18:42:20,32.00,62.18,1004.00,145.03,1319,3.204,93900,27.0,40.0,48.0,YES,UNKNOWN_ANALYSIS_IAQ145_VOC3.20ppm,16787.0,26,14.8,0.259,429
2026-08-02 18:42:29,32.00,62.18,1004.00,145.03,1319,3.204,93900,28.0,40.0,47.0,YES,UNKNOWN_ANALYSIS_IAQ145_VOC3.20ppm,16796.4,26,14.8,0.259,429
2026-08-02 18:42:40,32.00,62.18,1004.00,145.03,1319,3.204,93900,27.0,40.0,47.0,YES,UNKNOWN_ANALYSIS_IAQ145_VOC3.20ppm,16806.8,26,14.8,0.259,429
2026-08-02 18:42:49,32.00,62.18,1004.00,145.03,1319,3.204,93900,27.0,39.0,48.0,YES,UNKNOWN_ANALYSIS_IAQ145_VOC3.20ppm,16816.2,26,14.8,0.259,429
📊 Z-scores: IAQ=19.18 VOC=60.56 CO2=64.34 GasDrop=11.12
2026-08-02 18:43:00,32.00,62.16,1004.00,142.23,1292,3.015,94300,28.0,39.0,47.0,YES,UNKNOWN_ANALYSIS_IAQ142_VOC3.01ppm,16826.7,26,14.8,0.259,429
2026-08-02 18:43:10,32.00,62.16,1004.00,142.23,1292,3.015,94300,27.0,39.0,48.0,YES,UNKNOWN_ANALYSIS_IAQ142_VOC3.01ppm,16837.1,26,14.8,0.259,429
2026-08-02 18:43:19,32.00,62.16,1004.00,142.23,1292,3.015,94300,28.0,42.0,50.0,YES,UNKNOWN_ANALYSIS_IAQ142_VOC3.01ppm,16846.6,26,14.8,0.259,429
2026-08-02 18:43:30,32.00,62.16,1004.00,142.23,1292,3.015,94300,27.0,40.0,49.0,YES,UNKNOWN_ANALYSIS_IAQ142_VOC3.01ppm,16857.0,26,14.8,0.259,429
2026-08-02 18:43:39,32.00,62.16,1004.00,142.23,1292,3.015,94300,27.0,40.0,49.0,YES,UNKNOWN_ANALYSIS_IAQ142_VOC3.01ppm,16866.4,26,14.8,0.259,429
2026-08-02 18:43:50,32.00,62.16,1004.00,142.23,1292,3.015,94300,27.0,40.0,48.0,YES,UNKNOWN_ANALYSIS_IAQ142_VOC3.01ppm,16876.9,26,14.8,0.259,429
📊 Z-scores: IAQ=19.18 VOC=60.56 CO2=64.34 GasDrop=11.12
2026-08-02 18:44:00,32.00,62.16,1004.00,142.23,1292,3.015,94300,28.0,41.0,50.0,YES,UNKNOWN_ANALYSIS_IAQ142_VOC3.01ppm,16887.3,26,14.8,0.259,429
2026-08-02 18:44:10,32.00,62.16,1004.00,142.23,1292,3.015,94300,28.0,41.0,51.0,YES,UNKNOWN_ANALYSIS_IAQ142_VOC3.01ppm,16896.7,26,14.8,0.259,429
2026-08-02 18:44:20,32.00,62.16,1004.00,142.23,1292,3.015,94300,28.0,41.0,49.0,YES,UNKNOWN_ANALYSIS_IAQ142_VOC3.01ppm,16907.2,26,14.8,0.259,429
2026-08-02 18:44:29,32.00,62.16,1004.00,142.23,1292,3.015,94300,28.0,41.0,49.0,YES,UNKNOWN_ANALYSIS_IAQ142_VOC3.01ppm,16916.6,26,14.8,0.259,429
2026-08-02 18:44:40,32.00,62.16,1004.00,142.23,1292,3.015,94300,27.0,40.0,48.0,YES,UNKNOWN_ANALYSIS_IAQ142_VOC3.01ppm,16927.0,26,14.8,0.259,429
2026-08-02 18:44:49,32.00,62.16,1004.00,142.23,1292,3.015,94300,27.0,39.0,48.0,YES,UNKNOWN_ANALYSIS_IAQ142_VOC3.01ppm,16936.4,26,14.8,0.259,429
2026-08-02 18:45:00,32.00,62.16,1004.00,142.23,1292,3.015,94300,28.0,40.0,50.0,YES,UNKNOWN_ANALYSIS_IAQ142_VOC3.01ppm,16946.9,26,14.8,0.259,429
📊 Z-scores: IAQ=19.18 VOC=60.56 CO2=64.34 GasDrop=11.12
2026-08-02 18:45:10,32.00,62.16,1004.00,142.23,1292,3.015,94300,29.0,43.0,52.0,YES,UNKNOWN_ANALYSIS_IAQ142_VOC3.01ppm,16957.3,26,14.8,0.259,429
2026-08-02 18:45:20,32.00,62.16,1004.00,142.23,1292,3.015,94300,28.0,42.0,51.0,YES,UNKNOWN_ANALYSIS_IAQ142_VOC3.01ppm,16966.7,26,14.8,0.259,429
2026-08-02 18:45:30,32.00,62.16,1004.00,142.23,1292,3.015,94300,29.0,42.0,51.0,YES,UNKNOWN_ANALYSIS_IAQ142_VOC3.01ppm,16977.2,26,14.8,0.259,429
2026-08-02 18:45:40,32.00,62.16,1004.00,142.23,1292,3.015,94300,29.0,42.0,51.0,YES,UNKNOWN_ANALYSIS_IAQ142_VOC3.01ppm,16986.6,26,14.8,0.259,429
2026-08-02 18:45:50,32.00,62.16,1004.00,142.23,1292,3.015,94300,28.0,42.0,49.0,YES,UNKNOWN_ANALYSIS_IAQ142_VOC3.01ppm,16997.0,26,14.8,0.259,429
2026-08-02 18:46:00,32.00,62.16,1004.00,142.23,1292,3.015,94300,28.0,42.0,50.0,YES,UNKNOWN_ANALYSIS_IAQ142_VOC3.01ppm,17007.5,26,14.8,0.259,429
2026-08-02 18:46:10,32.00,62.16,1004.00,142.23,1292,3.015,94300,29.0,43.0,51.0,YES,UNKNOWN_ANALYSIS_IAQ142_VOC3.01ppm,17016.9,26,14.8,0.259,429
📊 Z-scores: IAQ=19.18 VOC=60.56 CO2=64.34 GasDrop=11.12
2026-08-02 18:46:20,32.00,62.16,1004.00,142.23,1292,3.015,94300,28.0,43.0,51.0,YES,UNKNOWN_ANALYSIS_IAQ142_VOC3.01ppm,17027.3,26,14.8,0.259,429
2026-08-02 18:46:30,32.00,62.16,1004.00,142.23,1292,3.015,94300,28.0,42.0,51.0,YES,UNKNOWN_ANALYSIS_IAQ142_VOC3.01ppm,17036.7,26,14.8,0.259,429
2026-08-02 18:46:40,32.00,62.16,1004.00,142.23,1292,3.015,94300,28.0,42.0,50.0,YES,UNKNOWN_ANALYSIS_IAQ142_VOC3.01ppm,17047.2,26,14.8,0.259,429
2026-08-02 18:46:51,32.00,62.16,1004.00,142.23,1292,3.015,94300,27.0,42.0,51.0,YES,UNKNOWN_ANALYSIS_IAQ142_VOC3.01ppm,17057.6,26,14.8,0.259,429
2026-08-02 18:47:00,32.00,62.16,1004.00,142.23,1292,3.015,94300,27.0,42.0,51.0,YES,UNKNOWN_ANALYSIS_IAQ142_VOC3.01ppm,17067.0,26,14.8,0.259,429
2026-08-02 18:47:10,32.00,62.16,1004.00,142.23,1292,3.015,94300,28.0,42.0,50.0,YES,UNKNOWN_ANALYSIS_IAQ142_VOC3.01ppm,17077.5,26,14.8,0.259,429
2026-08-02 18:47:20,32.00,62.16,1004.00,142.23,1292,3.015,94300,29.0,42.0,50.0,YES,UNKNOWN_ANALYSIS_IAQ142_VOC3.01ppm,17086.9,26,14.8,0.259,429
📊 Z-scores: IAQ=19.18 VOC=60.56 CO2=64.34 GasDrop=11.12
2026-08-02 18:47:30,32.00,62.16,1004.00,142.23,1292,3.015,94300,28.0,41.0,49.0,YES,UNKNOWN_ANALYSIS_IAQ142_VOC3.01ppm,17097.3,26,14.8,0.259,429
2026-08-02 18:47:40,32.00,62.16,1004.00,142.23,1292,3.015,94300,29.0,42.0,49.0,YES,UNKNOWN_ANALYSIS_IAQ142_VOC3.01ppm,17106.7,26,14.8,0.259,429
2026-08-02 18:47:50,32.00,62.16,1004.00,142.23,1292,3.015,94300,29.0,41.0,49.0,YES,UNKNOWN_ANALYSIS_IAQ142_VOC3.01ppm,17117.2,26,14.8,0.259,429
2026-08-02 18:48:01,32.01,62.16,1004.00,138.44,1257,2.783,94800,28.0,40.0,49.0,YES,UNKNOWN_ANALYSIS_IAQ138_VOC2.78ppm,17127.6,26,14.8,0.259,429
2026-08-02 18:48:10,32.01,62.16,1004.00,138.44,1257,2.783,94800,28.0,41.0,51.0,YES,UNKNOWN_ANALYSIS_IAQ138_VOC2.78ppm,17137.0,26,14.8,0.259,429
2026-08-02 18:48:20,32.01,62.16,1004.00,138.44,1257,2.783,94800,30.0,42.0,52.0,YES,UNKNOWN_ANALYSIS_IAQ138_VOC2.78ppm,17147.5,26,14.8,0.259,429
2026-08-02 18:48:30,32.01,62.16,1004.00,138.44,1257,2.783,94800,28.0,41.0,51.0,YES,UNKNOWN_ANALYSIS_IAQ138_VOC2.78ppm,17156.9,26,14.8,0.259,429
📊 Z-scores: IAQ=18.61 VOC=55.48 CO2=61.72 GasDrop=11.05
2026-08-02 18:48:40,32.01,62.16,1004.00,138.44,1257,2.783,94800,28.0,42.0,52.0,YES,UNKNOWN_ANALYSIS_IAQ138_VOC2.78ppm,17167.3,26,14.8,0.259,429
2026-08-02 18:48:51,32.01,62.16,1004.00,138.44,1257,2.783,94800,28.0,42.0,52.0,YES,UNKNOWN_ANALYSIS_IAQ138_VOC2.78ppm,17177.8,26,14.8,0.259,429
2026-08-02 18:49:00,32.01,62.16,1004.00,138.44,1257,2.783,94800,29.0,43.0,52.0,YES,UNKNOWN_ANALYSIS_IAQ138_VOC2.78ppm,17187.2,26,14.8,0.259,429
2026-08-02 18:49:11,32.01,62.16,1004.00,138.44,1257,2.783,94800,28.0,41.0,51.0,YES,UNKNOWN_ANALYSIS_IAQ138_VOC2.78ppm,17197.6,26,14.8,0.259,429
2026-08-02 18:49:20,32.01,62.16,1004.00,138.44,1257,2.783,94800,28.0,41.0,51.0,YES,UNKNOWN_ANALYSIS_IAQ138_VOC2.78ppm,17207.0,26,14.8,0.259,429
2026-08-02 18:49:30,32.01,62.16,1004.00,138.44,1257,2.783,94800,29.0,42.0,50.0,YES,UNKNOWN_ANALYSIS_IAQ138_VOC2.78ppm,17217.5,26,14.8,0.259,429
📊 Z-scores: IAQ=18.61 VOC=55.48 CO2=61.72 GasDrop=11.05
2026-08-02 18:49:41,32.01,62.16,1004.00,138.44,1257,2.783,94800,29.0,43.0,50.0,YES,UNKNOWN_ANALYSIS_IAQ138_VOC2.78ppm,17227.9,26,14.8,0.259,429
2026-08-02 18:49:50,32.01,62.16,1004.00,138.44,1257,2.783,94800,29.0,43.0,52.0,YES,UNKNOWN_ANALYSIS_IAQ138_VOC2.78ppm,17237.3,26,14.8,0.259,429
2026-08-02 18:50:01,32.01,62.16,1004.00,138.44,1257,2.783,94800,28.0,42.0,52.0,YES,UNKNOWN_ANALYSIS_IAQ138_VOC2.78ppm,17247.8,26,14.8,0.259,429
2026-08-02 18:50:10,32.01,62.16,1004.00,138.44,1257,2.783,94800,28.0,43.0,53.0,YES,UNKNOWN_ANALYSIS_IAQ138_VOC2.78ppm,17257.2,26,14.8,0.259,429
2026-08-02 18:50:21,32.01,62.16,1004.00,138.44,1257,2.783,94800,28.0,42.0,52.0,YES,UNKNOWN_ANALYSIS_IAQ138_VOC2.78ppm,17267.6,26,14.8,0.259,429
2026-08-02 18:50:30,32.01,62.16,1004.00,138.44,1257,2.783,94800,29.0,43.0,53.0,YES,UNKNOWN_ANALYSIS_IAQ138_VOC2.78ppm,17277.0,26,14.8,0.259,429
2026-08-02 18:50:40,32.01,62.16,1004.00,138.44,1257,2.783,94800,28.0,40.0,51.0,YES,UNKNOWN_ANALYSIS_IAQ138_VOC2.78ppm,17287.5,26,14.8,0.259,429
📊 Z-scores: IAQ=18.61 VOC=55.48 CO2=61.72 GasDrop=11.05
2026-08-02 18:50:51,32.01,62.16,1004.00,138.44,1257,2.783,94800,29.0,42.0,52.0,YES,UNKNOWN_ANALYSIS_IAQ138_VOC2.78ppm,17297.9,26,14.8,0.259,429
2026-08-02 18:51:00,32.01,62.16,1004.00,138.44,1257,2.783,94800,29.0,41.0,50.0,YES,UNKNOWN_ANALYSIS_IAQ138_VOC2.78ppm,17307.3,26,14.8,0.259,429
2026-08-02 18:51:11,32.01,62.16,1004.00,138.44,1257,2.783,94800,30.0,43.0,53.0,YES,UNKNOWN_ANALYSIS_IAQ138_VOC2.78ppm,17317.8,26,14.8,0.259,429
2026-08-02 18:51:20,32.01,62.16,1004.00,138.44,1257,2.783,94800,29.0,42.0,52.0,YES,UNKNOWN_ANALYSIS_IAQ138_VOC2.78ppm,17327.2,26,14.8,0.259,429
2026-08-02 18:51:31,32.01,62.16,1004.00,138.44,1257,2.783,94800,29.0,43.0,52.0,YES,UNKNOWN_ANALYSIS_IAQ138_VOC2.78ppm,17337.6,26,14.8,0.259,429
2026-08-02 18:51:41,32.01,62.16,1004.00,138.44,1257,2.783,94800,28.0,41.0,51.0,YES,UNKNOWN_ANALYSIS_IAQ138_VOC2.78ppm,17348.1,26,14.8,0.259,429
2026-08-02 18:51:50,32.01,62.16,1004.00,138.44,1257,2.783,94800,28.0,43.0,53.0,YES,UNKNOWN_ANALYSIS_IAQ138_VOC2.78ppm,17357.5,26,14.8,0.259,429
📊 Z-scores: IAQ=18.61 VOC=55.48 CO2=61.72 GasDrop=11.05
2026-08-02 18:52:01,32.01,62.16,1004.00,138.44,1257,2.783,94800,29.0,44.0,54.0,YES,UNKNOWN_ANALYSIS_IAQ138_VOC2.78ppm,17367.9,26,14.8,0.259,429
2026-08-02 18:52:10,32.01,62.16,1004.00,138.44,1257,2.783,94800,29.0,44.0,53.0,YES,UNKNOWN_ANALYSIS_IAQ138_VOC2.78ppm,17377.3,26,14.8,0.259,429
2026-08-02 18:52:21,32.01,62.16,1004.00,138.44,1257,2.783,94800,28.0,42.0,51.0,YES,UNKNOWN_ANALYSIS_IAQ138_VOC2.78ppm,17387.8,26,14.8,0.259,429
2026-08-02 18:52:30,32.01,62.16,1004.00,138.44,1257,2.783,94800,30.0,43.0,53.0,YES,UNKNOWN_ANALYSIS_IAQ138_VOC2.78ppm,17397.2,26,14.8,0.259,429
2026-08-02 18:52:41,32.01,62.16,1004.00,138.44,1257,2.783,94800,30.0,43.0,53.0,YES,UNKNOWN_ANALYSIS_IAQ138_VOC2.78ppm,17407.6,26,14.8,0.259,429
2026-08-02 18:52:51,32.01,62.16,1004.00,138.44,1257,2.783,94800,28.0,41.0,49.0,YES,UNKNOWN_ANALYSIS_IAQ138_VOC2.78ppm,17418.1,26,14.8,0.259,429
2026-08-02 18:53:00,31.98,62.16,1005.00,138.21,1253,2.755,94900,29.0,42.0,50.0,YES,UNKNOWN_ANALYSIS_IAQ138_VOC2.75ppm,17427.5,26,14.8,0.259,429
📊 Z-scores: IAQ=18.58 VOC=54.85 CO2=61.38 GasDrop=11.04
2026-08-02 18:53:11,31.98,62.16,1005.00,138.21,1253,2.755,94900,29.0,43.0,52.0,YES,UNKNOWN_ANALYSIS_IAQ138_VOC2.75ppm,17438.0,26,14.8,0.259,429
2026-08-02 18:53:20,31.98,62.16,1005.00,138.21,1253,2.755,94900,29.0,44.0,53.0,YES,UNKNOWN_ANALYSIS_IAQ138_VOC2.75ppm,17447.4,26,14.8,0.259,429
2026-08-02 18:53:31,31.98,62.16,1005.00,138.21,1253,2.755,94900,29.0,43.0,53.0,YES,UNKNOWN_ANALYSIS_IAQ138_VOC2.75ppm,17457.8,26,14.8,0.259,429
2026-08-02 18:53:41,31.98,62.16,1005.00,138.21,1253,2.755,94900,28.0,42.0,51.0,YES,UNKNOWN_ANALYSIS_IAQ138_VOC2.75ppm,17468.3,26,14.8,0.259,429
2026-08-02 18:53:51,31.98,62.16,1005.00,138.21,1253,2.755,94900,30.0,42.0,52.0,YES,UNKNOWN_ANALYSIS_IAQ138_VOC2.75ppm,17477.7,26,14.8,0.259,429
2026-08-02 18:54:01,31.98,62.16,1005.00,138.21,1253,2.755,94900,30.0,43.0,53.0,YES,UNKNOWN_ANALYSIS_IAQ138_VOC2.75ppm,17488.1,26,14.8,0.259,429
2026-08-02 18:54:10,31.98,62.16,1005.00,138.21,1253,2.755,94900,29.0,43.0,52.0,YES,UNKNOWN_ANALYSIS_IAQ138_VOC2.75ppm,17497.5,26,14.8,0.259,429
📊 Z-scores: IAQ=18.58 VOC=54.85 CO2=61.38 GasDrop=11.04
2026-08-02 18:54:21,31.98,62.16,1005.00,138.21,1253,2.755,94900,30.0,44.0,52.0,YES,UNKNOWN_ANALYSIS_IAQ138_VOC2.75ppm,17508.0,26,14.8,0.259,429
PMS7003: Timeout error
2026-08-02 18:54:31,31.98,62.16,1005.00,138.21,1253,2.755,94900,30.0,44.0,52.0,YES,UNKNOWN_ANALYSIS_IAQ138_VOC2.75ppm,17518.4,26,14.8,0.259,429
2026-08-02 18:54:41,31.98,62.16,1005.00,138.21,1253,2.755,94900,29.0,43.0,51.0,YES,UNKNOWN_ANALYSIS_IAQ138_VOC2.75ppm,17527.8,26,14.8,0.259,429
2026-08-02 18:54:51,31.98,62.16,1005.00,138.21,1253,2.755,94900,28.0,43.0,50.0,YES,UNKNOWN_ANALYSIS_IAQ138_VOC2.75ppm,17538.3,26,14.8,0.259,429
2026-08-02 18:55:01,31.98,62.16,1005.00,138.21,1253,2.755,94900,27.0,42.0,49.0,YES,UNKNOWN_ANALYSIS_IAQ138_VOC2.75ppm,17547.7,26,14.8,0.259,429
2026-08-02 18:55:11,31.98,62.16,1005.00,138.21,1253,2.755,94900,29.0,42.0,50.0,YES,UNKNOWN_ANALYSIS_IAQ138_VOC2.75ppm,17558.1,26,14.8,0.259,429
2026-08-02 18:55:20,31.98,62.16,1005.00,138.21,1253,2.755,94900,29.0,42.0,50.0,YES,UNKNOWN_ANALYSIS_IAQ138_VOC2.75ppm,17567.5,26,14.8,0.259,429
📊 Z-scores: IAQ=18.58 VOC=54.85 CO2=61.38 GasDrop=11.04
2026-08-02 18:55:31,31.98,62.16,1005.00,138.21,1253,2.755,94900,29.0,43.0,50.0,YES,UNKNOWN_ANALYSIS_IAQ138_VOC2.75ppm,17578.0,26,14.8,0.259,429
2026-08-02 18:55:41,31.98,62.16,1005.00,138.21,1253,2.755,94900,29.0,42.0,52.0,YES,UNKNOWN_ANALYSIS_IAQ138_VOC2.75ppm,17588.4,26,14.8,0.259,429
2026-08-02 18:55:51,31.98,62.16,1005.00,138.21,1253,2.755,94900,30.0,43.0,52.0,YES,UNKNOWN_ANALYSIS_IAQ138_VOC2.75ppm,17597.8,26,14.8,0.259,429
2026-08-02 18:56:01,31.98,62.16,1005.00,138.21,1253,2.755,94900,29.0,42.0,51.0,YES,UNKNOWN_ANALYSIS_IAQ138_VOC2.75ppm,17608.3,26,14.8,0.259,429
2026-08-02 18:56:11,31.98,62.16,1005.00,138.21,1253,2.755,94900,29.0,42.0,51.0,YES,UNKNOWN_ANALYSIS_IAQ138_VOC2.75ppm,17617.7,26,14.8,0.259,429
2026-08-02 18:56:21,31.98,62.16,1005.00,138.21,1253,2.755,94900,29.0,43.0,52.0,YES,UNKNOWN_ANALYSIS_IAQ138_VOC2.75ppm,17628.1,26,14.8,0.259,429
📊 Z-scores: IAQ=18.58 VOC=54.85 CO2=61.38 GasDrop=11.04
2026-08-02 18:56:32,31.98,62.16,1005.00,138.21,1253,2.755,94900,29.0,44.0,53.0,YES,UNKNOWN_ANALYSIS_IAQ138_VOC2.75ppm,17638.6,26,14.8,0.259,429
2026-08-02 18:56:41,31.98,62.16,1005.00,138.21,1253,2.755,94900,28.0,42.0,52.0,YES,UNKNOWN_ANALYSIS_IAQ138_VOC2.75ppm,17648.0,26,14.8,0.259,429
2026-08-02 18:56:51,31.98,62.16,1005.00,138.21,1253,2.755,94900,28.0,43.0,52.0,YES,UNKNOWN_ANALYSIS_IAQ138_VOC2.75ppm,17658.4,26,14.8,0.259,429
2026-08-02 18:57:01,31.98,62.16,1005.00,138.21,1253,2.755,94900,27.0,42.0,51.0,YES,UNKNOWN_ANALYSIS_IAQ138_VOC2.75ppm,17667.8,26,14.8,0.259,429
2026-08-02 18:57:11,31.98,62.16,1005.00,138.21,1253,2.755,94900,29.0,42.0,52.0,YES,UNKNOWN_ANALYSIS_IAQ138_VOC2.75ppm,17678.3,26,14.8,0.259,429
2026-08-02 18:57:22,31.98,62.16,1005.00,138.21,1253,2.755,94900,29.0,43.0,52.0,YES,UNKNOWN_ANALYSIS_IAQ138_VOC2.75ppm,17688.7,26,14.8,0.259,429
2026-08-02 18:57:31,31.98,62.16,1005.00,138.21,1253,2.755,94900,29.0,41.0,50.0,YES,UNKNOWN_ANALYSIS_IAQ138_VOC2.75ppm,17698.1,26,14.8,0.259,429
📊 Z-scores: IAQ=18.58 VOC=54.85 CO2=61.38 GasDrop=11.04
2026-08-02 18:57:42,31.98,62.16,1005.00,138.21,1253,2.755,94900,29.0,41.0,50.0,YES,UNKNOWN_ANALYSIS_IAQ138_VOC2.75ppm,17708.6,26,14.8,0.259,429
2026-08-02 18:57:51,31.98,62.16,1005.00,138.21,1253,2.755,94900,30.0,42.0,52.0,YES,UNKNOWN_ANALYSIS_IAQ138_VOC2.75ppm,17718.0,26,14.8,0.259,429
2026-08-02 18:58:01,31.98,62.14,1005.00,131.11,1190,2.388,95900,29.0,42.0,52.0,YES,UNKNOWN_ANALYSIS_IAQ131_VOC2.39ppm,17728.4,26,14.8,0.259,429
2026-08-02 18:58:11,31.98,62.14,1005.00,131.11,1190,2.388,95900,30.0,43.0,54.0,YES,UNKNOWN_ANALYSIS_IAQ131_VOC2.39ppm,17737.8,26,14.8,0.259,429
2026-08-02 18:58:21,31.98,62.14,1005.00,131.11,1190,2.388,95900,29.0,42.0,52.0,YES,UNKNOWN_ANALYSIS_IAQ131_VOC2.39ppm,17748.3,26,14.8,0.259,429
2026-08-02 18:58:32,31.98,62.14,1005.00,131.11,1190,2.388,95900,30.0,44.0,54.0,YES,UNKNOWN_ANALYSIS_IAQ131_VOC2.39ppm,17758.7,26,14.8,0.259,429
2026-08-02 18:58:41,31.98,62.14,1005.00,131.11,1190,2.388,95900,29.0,43.0,52.0,YES,UNKNOWN_ANALYSIS_IAQ131_VOC2.39ppm,17768.1,26,14.8,0.259,429
📊 Z-scores: IAQ=17.51 VOC=46.79 CO2=56.68 GasDrop=10.91
2026-08-02 18:58:52,31.98,62.14,1005.00,131.11,1190,2.388,95900,29.0,43.0,52.0,YES,UNKNOWN_ANALYSIS_IAQ131_VOC2.39ppm,17778.6,26,14.8,0.259,429
2026-08-02 18:59:01,31.98,62.14,1005.00,131.11,1190,2.388,95900,30.0,44.0,53.0,YES,UNKNOWN_ANALYSIS_IAQ131_VOC2.39ppm,17788.0,26,14.8,0.259,429
2026-08-02 18:59:11,31.98,62.14,1005.00,131.11,1190,2.388,95900,30.0,44.0,52.0,YES,UNKNOWN_ANALYSIS_IAQ131_VOC2.39ppm,17798.4,26,14.8,0.259,429
PMS7003: Timeout error
2026-08-02 18:59:22,31.98,62.14,1005.00,131.11,1190,2.388,95900,30.0,44.0,52.0,YES,UNKNOWN_ANALYSIS_IAQ131_VOC2.39ppm,17808.9,26,14.8,0.259,429
2026-08-02 18:59:31,31.98,62.14,1005.00,131.11,1190,2.388,95900,29.0,42.0,50.0,YES,UNKNOWN_ANALYSIS_IAQ131_VOC2.39ppm,17818.3,26,14.8,0.259,429
2026-08-02 18:59:42,31.98,62.14,1005.00,131.11,1190,2.388,95900,29.0,43.0,51.0,YES,UNKNOWN_ANALYSIS_IAQ131_VOC2.39ppm,17828.8,26,14.8,0.259,429
2026-08-02 18:59:51,31.98,62.14,1005.00,131.11,1190,2.388,95900,28.0,42.0,49.0,YES,UNKNOWN_ANALYSIS_IAQ131_VOC2.39ppm,17838.2,26,14.8,0.259,429
📊 Z-scores: IAQ=17.51 VOC=46.79 CO2=56.68 GasDrop=10.91
2026-08-02 19:00:02,31.98,62.14,1005.00,131.11,1190,2.388,95900,30.0,44.0,52.0,YES,UNKNOWN_ANALYSIS_IAQ131_VOC2.39ppm,17848.6,26,14.8,0.259,429
2026-08-02 19:00:11,31.98,62.14,1005.00,131.11,1190,2.388,95900,30.0,44.0,52.0,YES,UNKNOWN_ANALYSIS_IAQ131_VOC2.39ppm,17858.0,26,14.8,0.259,429
2026-08-02 19:00:21,31.98,62.14,1005.00,131.11,1190,2.388,95900,30.0,44.0,52.0,YES,UNKNOWN_ANALYSIS_IAQ131_VOC2.39ppm,17868.5,26,14.8,0.259,429
2026-08-02 19:00:32,31.98,62.14,1005.00,131.11,1190,2.388,95900,28.0,43.0,52.0,YES,UNKNOWN_ANALYSIS_IAQ131_VOC2.39ppm,17878.9,26,14.8,0.259,429
2026-08-02 19:00:41,31.98,62.14,1005.00,131.11,1190,2.388,95900,29.0,44.0,55.0,YES,UNKNOWN_ANALYSIS_IAQ131_VOC2.39ppm,17888.3,26,14.8,0.259,429
2026-08-02 19:00:52,31.98,62.14,1005.00,131.11,1190,2.388,95900,29.0,42.0,52.0,YES,UNKNOWN_ANALYSIS_IAQ131_VOC2.39ppm,17898.8,26,14.8,0.259,429
2026-08-02 19:01:01,31.98,62.14,1005.00,131.11,1190,2.388,95900,30.0,42.0,52.0,YES,UNKNOWN_ANALYSIS_IAQ131_VOC2.39ppm,17908.2,26,14.8,0.259,429
📊 Z-scores: IAQ=17.51 VOC=46.79 CO2=56.68 GasDrop=10.91
2026-08-02 19:01:12,31.98,62.14,1005.00,131.11,1190,2.388,95900,29.0,41.0,51.0,YES,UNKNOWN_ANALYSIS_IAQ131_VOC2.39ppm,17918.6,26,14.8,0.259,429
2026-08-02 19:01:21,31.98,62.14,1005.00,131.11,1190,2.388,95900,29.0,42.0,52.0,YES,UNKNOWN_ANALYSIS_IAQ131_VOC2.39ppm,17928.0,26,14.8,0.259,429
2026-08-02 19:01:31,31.98,62.14,1005.00,131.11,1190,2.388,95900,30.0,44.0,53.0,YES,UNKNOWN_ANALYSIS_IAQ131_VOC2.39ppm,17938.5,26,14.8,0.259,429
2026-08-02 19:01:42,31.98,62.14,1005.00,131.11,1190,2.388,95900,31.0,44.0,53.0,YES,UNKNOWN_ANALYSIS_IAQ131_VOC2.39ppm,17948.9,26,14.8,0.259,429
2026-08-02 19:01:51,31.98,62.14,1005.00,131.11,1190,2.388,95900,31.0,45.0,54.0,YES,UNKNOWN_ANALYSIS_IAQ131_VOC2.39ppm,17958.3,26,14.8,0.259,429
2026-08-02 19:02:02,31.98,62.14,1005.00,131.11,1190,2.388,95900,29.0,43.0,53.0,YES,UNKNOWN_ANALYSIS_IAQ131_VOC2.39ppm,17968.8,26,14.8,0.259,429
💾 Saved baseline: IAQ=15.4 VOC=0.263 CO2=430 Gas=177816
2026-08-02 19:02:11,31.98,62.14,1005.00,131.11,1190,2.388,95900,29.0,43.0,52.0,YES,UNKNOWN_ANALYSIS_IAQ131_VOC2.39ppm,17978.2,26,14.8,0.259,429
📊 Z-scores: IAQ=17.51 VOC=46.79 CO2=56.68 GasDrop=10.91
2026-08-02 19:02:22,31.98,62.14,1005.00,131.11,1190,2.388,95900,30.0,43.0,52.0,YES,UNKNOWN_ANALYSIS_IAQ131_VOC2.39ppm,17988.6,26,14.8,0.259,429
PMS7003: Timeout error
2026-08-02 19:02:32,31.98,62.14,1005.00,131.11,1190,2.388,95900,30.0,43.0,52.0,YES,UNKNOWN_ANALYSIS_IAQ131_VOC2.39ppm,17999.1,26,14.8,0.259,429
2026-08-02 19:02:41,31.98,62.14,1005.00,131.11,1190,2.388,95900,29.0,43.0,53.0,YES,UNKNOWN_ANALYSIS_IAQ131_VOC2.39ppm,18008.5,26,14.8,0.259,429
2026-08-02 19:02:52,31.98,62.14,1005.00,131.11,1190,2.388,95900,30.0,44.0,52.0,YES,UNKNOWN_ANALYSIS_IAQ131_VOC2.39ppm,18019.0,26,14.8,0.259,429
2026-08-02 19:03:01,31.97,62.15,1005.00,122.68,1116,2.020,97100,30.0,44.0,53.0,YES,UNKNOWN_ANALYSIS_IAQ123_VOC2.02ppm,18028.4,26,14.8,0.259,429
2026-08-02 19:03:12,31.97,62.15,1005.00,122.68,1116,2.020,97100,30.0,44.0,53.0,YES,UNKNOWN_ANALYSIS_IAQ123_VOC2.02ppm,18038.8,26,14.8,0.259,429
2026-08-02 19:03:21,31.97,62.15,1005.00,122.68,1116,2.020,97100,29.0,43.0,53.0,YES,UNKNOWN_ANALYSIS_IAQ123_VOC2.02ppm,18048.2,26,14.8,0.259,429
📊 Z-scores: IAQ=16.24 VOC=38.70 CO2=51.18 GasDrop=10.75
2026-08-02 19:03:32,31.97,62.15,1005.00,122.68,1116,2.020,97100,29.0,43.0,53.0,YES,UNKNOWN_ANALYSIS_IAQ123_VOC2.02ppm,18058.7,26,14.8,0.259,429
2026-08-02 19:03:42,31.97,62.15,1005.00,122.68,1116,2.020,97100,29.0,43.0,52.0,YES,UNKNOWN_ANALYSIS_IAQ123_VOC2.02ppm,18069.1,26,14.8,0.259,429
2026-08-02 19:03:51,31.97,62.15,1005.00,122.68,1116,2.020,97100,29.0,42.0,51.0,YES,UNKNOWN_ANALYSIS_IAQ123_VOC2.02ppm,18078.5,26,14.8,0.259,429
2026-08-02 19:04:02,31.97,62.15,1005.00,122.68,1116,2.020,97100,30.0,43.0,52.0,YES,UNKNOWN_ANALYSIS_IAQ123_VOC2.02ppm,18089.0,26,14.8,0.259,429
2026-08-02 19:04:11,31.97,62.15,1005.00,122.68,1116,2.020,97100,29.0,44.0,53.0,YES,UNKNOWN_ANALYSIS_IAQ123_VOC2.02ppm,18098.4,26,14.8,0.259,429
2026-08-02 19:04:22,31.97,62.15,1005.00,122.68,1116,2.020,97100,28.0,43.0,53.0,YES,UNKNOWN_ANALYSIS_IAQ123_VOC2.02ppm,18108.8,26,14.8,0.259,429
📊 Z-scores: IAQ=16.24 VOC=38.70 CO2=51.18 GasDrop=10.75
2026-08-02 19:04:32,31.97,62.15,1005.00,122.68,1116,2.020,97100,30.0,45.0,54.0,YES,UNKNOWN_ANALYSIS_IAQ123_VOC2.02ppm,18119.3,26,14.8,0.259,429
2026-08-02 19:04:42,31.97,62.15,1005.00,122.68,1116,2.020,97100,30.0,44.0,53.0,YES,UNKNOWN_ANALYSIS_IAQ123_VOC2.02ppm,18128.7,26,14.8,0.259,429
2026-08-02 19:04:52,31.97,62.15,1005.00,122.68,1116,2.020,97100,29.0,43.0,52.0,YES,UNKNOWN_ANALYSIS_IAQ123_VOC2.02ppm,18139.1,26,14.8,0.259,429
2026-08-02 19:05:01,31.97,62.15,1005.00,122.68,1116,2.020,97100,30.0,43.0,53.0,YES,UNKNOWN_ANALYSIS_IAQ123_VOC2.02ppm,18148.5,26,14.8,0.259,429
2026-08-02 19:05:12,31.97,62.15,1005.00,122.68,1116,2.020,97100,29.0,42.0,52.0,YES,UNKNOWN_ANALYSIS_IAQ123_VOC2.02ppm,18159.0,26,14.8,0.259,429
2026-08-02 19:05:22,31.97,62.15,1005.00,122.68,1116,2.020,97100,30.0,43.0,54.0,YES,UNKNOWN_ANALYSIS_IAQ123_VOC2.02ppm,18169.4,26,14.8,0.259,429
2026-08-02 19:05:32,31.97,62.15,1005.00,122.68,1116,2.020,97100,29.0,43.0,55.0,YES,UNKNOWN_ANALYSIS_IAQ123_VOC2.02ppm,18178.8,26,14.8,0.259,429
📊 Z-scores: IAQ=16.24 VOC=38.70 CO2=51.18 GasDrop=10.75
2026-08-02 19:05:42,31.97,62.15,1005.00,122.68,1116,2.020,97100,31.0,44.0,55.0,YES,UNKNOWN_ANALYSIS_IAQ123_VOC2.02ppm,18189.3,26,14.8,0.259,429
2026-08-02 19:05:52,31.97,62.15,1005.00,122.68,1116,2.020,97100,30.0,44.0,54.0,YES,UNKNOWN_ANALYSIS_IAQ123_VOC2.02ppm,18198.7,26,14.8,0.259,429
2026-08-02 19:06:02,31.97,62.15,1005.00,122.68,1116,2.020,97100,30.0,43.0,52.0,YES,UNKNOWN_ANALYSIS_IAQ123_VOC2.02ppm,18209.1,26,14.8,0.259,429
PMS7003: Timeout error
2026-08-02 19:06:12,31.97,62.15,1005.00,122.68,1116,2.020,97100,30.0,43.0,52.0,YES,UNKNOWN_ANALYSIS_IAQ123_VOC2.02ppm,18219.5,26,14.8,0.259,429
2026-08-02 19:06:22,31.97,62.15,1005.00,122.68,1116,2.020,97100,30.0,42.0,52.0,YES,UNKNOWN_ANALYSIS_IAQ123_VOC2.02ppm,18229.0,26,14.8,0.259,429
2026-08-02 19:06:32,31.97,62.15,1005.00,122.68,1116,2.020,97100,31.0,44.0,52.0,YES,UNKNOWN_ANALYSIS_IAQ123_VOC2.02ppm,18239.4,26,14.8,0.259,429
2026-08-02 19:06:42,31.97,62.15,1005.00,122.68,1116,2.020,97100,30.0,44.0,52.0,YES,UNKNOWN_ANALYSIS_IAQ123_VOC2.02ppm,18248.8,26,14.8,0.259,429
📊 Z-scores: IAQ=16.24 VOC=38.70 CO2=51.18 GasDrop=10.75
2026-08-02 19:06:52,31.97,62.15,1005.00,122.68,1116,2.020,97100,29.0,43.0,53.0,YES,UNKNOWN_ANALYSIS_IAQ123_VOC2.02ppm,18259.3,26,14.8,0.259,429
PMS7003: Timeout error
2026-08-02 19:07:03,31.97,62.15,1005.00,122.68,1116,2.020,97100,29.0,43.0,53.0,YES,UNKNOWN_ANALYSIS_IAQ123_VOC2.02ppm,18269.7,26,14.8,0.259,429
2026-08-02 19:07:12,31.97,62.15,1005.00,122.68,1116,2.020,97100,29.0,44.0,54.0,YES,UNKNOWN_ANALYSIS_IAQ123_VOC2.02ppm,18279.1,26,14.8,0.259,429
2026-08-02 19:07:23,31.97,62.15,1005.00,122.68,1116,2.020,97100,29.0,44.0,53.0,YES,UNKNOWN_ANALYSIS_IAQ123_VOC2.02ppm,18289.6,26,14.8,0.259,429
2026-08-02 19:07:32,31.97,62.15,1005.00,122.68,1116,2.020,97100,28.0,43.0,51.0,YES,UNKNOWN_ANALYSIS_IAQ123_VOC2.02ppm,18299.0,26,14.8,0.259,429
2026-08-02 19:07:42,31.97,62.15,1005.00,122.68,1116,2.020,97100,30.0,43.0,52.0,YES,UNKNOWN_ANALYSIS_IAQ123_VOC2.02ppm,18309.5,26,14.8,0.259,429
2026-08-02 19:07:52,31.97,62.15,1005.00,122.68,1116,2.020,97100,29.0,42.0,51.0,YES,UNKNOWN_ANALYSIS_IAQ123_VOC2.02ppm,18318.9,26,14.8,0.259,429
📊 Z-scores: IAQ=15.30 VOC=33.51 CO2=47.09 GasDrop=10.63
2026-08-02 19:08:02,31.97,62.12,1005.00,116.43,1061,1.784,98000,30.0,44.0,53.0,YES,UNKNOWN_ANALYSIS_IAQ116_VOC1.78ppm,18329.3,26,14.8,0.259,429
2026-08-02 19:08:13,31.97,62.12,1005.00,116.43,1061,1.784,98000,31.0,44.0,55.0,YES,UNKNOWN_ANALYSIS_IAQ116_VOC1.78ppm,18339.8,26,14.8,0.259,429
2026-08-02 19:08:22,31.97,62.12,1005.00,116.43,1061,1.784,98000,29.0,42.0,52.0,YES,UNKNOWN_ANALYSIS_IAQ116_VOC1.78ppm,18349.2,26,14.8,0.259,429
2026-08-02 19:08:33,31.97,62.12,1005.00,116.43,1061,1.784,98000,29.0,43.0,53.0,YES,UNKNOWN_ANALYSIS_IAQ116_VOC1.78ppm,18359.6,26,14.8,0.259,429
2026-08-02 19:08:42,31.97,62.12,1005.00,116.43,1061,1.784,98000,29.0,43.0,52.0,YES,UNKNOWN_ANALYSIS_IAQ116_VOC1.78ppm,18369.0,26,14.8,0.259,429
2026-08-02 19:08:52,31.97,62.12,1005.00,116.43,1061,1.784,98000,29.0,42.0,51.0,YES,UNKNOWN_ANALYSIS_IAQ116_VOC1.78ppm,18379.5,26,14.8,0.259,429
PMS7003: Timeout error
📊 Z-scores: IAQ=15.30 VOC=33.51 CO2=47.09 GasDrop=10.63
2026-08-02 19:09:03,31.97,62.12,1005.00,116.43,1061,1.784,98000,29.0,42.0,51.0,YES,UNKNOWN_ANALYSIS_IAQ116_VOC1.78ppm,18389.9,26,14.8,0.259,429
2026-08-02 19:09:12,31.97,62.12,1005.00,116.43,1061,1.784,98000,30.0,44.0,55.0,YES,UNKNOWN_ANALYSIS_IAQ116_VOC1.78ppm,18399.3,26,14.8,0.259,429
2026-08-02 19:09:23,31.97,62.12,1005.00,116.43,1061,1.784,98000,29.0,43.0,52.0,YES,UNKNOWN_ANALYSIS_IAQ116_VOC1.78ppm,18409.8,26,14.8,0.259,429
2026-08-02 19:09:32,31.97,62.12,1005.00,116.43,1061,1.784,98000,29.0,43.0,53.0,YES,UNKNOWN_ANALYSIS_IAQ116_VOC1.78ppm,18419.2,26,14.8,0.259,429
2026-08-02 19:09:43,31.97,62.12,1005.00,116.43,1061,1.784,98000,27.0,42.0,51.0,YES,UNKNOWN_ANALYSIS_IAQ116_VOC1.78ppm,18429.7,26,14.8,0.259,429
2026-08-02 19:09:52,31.97,62.12,1005.00,116.43,1061,1.784,98000,27.0,41.0,52.0,YES,UNKNOWN_ANALYSIS_IAQ116_VOC1.78ppm,18439.1,26,14.8,0.259,429
2026-08-02 19:10:02,31.97,62.12,1005.00,116.43,1061,1.784,98000,28.0,42.0,52.0,YES,UNKNOWN_ANALYSIS_IAQ116_VOC1.78ppm,18449.5,26,14.8,0.259,429
📊 Z-scores: IAQ=15.30 VOC=33.51 CO2=47.09 GasDrop=10.63
2026-08-02 19:10:13,31.97,62.12,1005.00,116.43,1061,1.784,98000,27.0,41.0,51.0,YES,UNKNOWN_ANALYSIS_IAQ116_VOC1.78ppm,18460.0,26,14.8,0.259,429
2026-08-02 19:10:22,31.97,62.12,1005.00,116.43,1061,1.784,98000,29.0,43.0,52.0,YES,UNKNOWN_ANALYSIS_IAQ116_VOC1.78ppm,18469.4,26,14.8,0.259,429
2026-08-02 19:10:33,31.97,62.12,1005.00,116.43,1061,1.784,98000,29.0,42.0,51.0,YES,UNKNOWN_ANALYSIS_IAQ116_VOC1.78ppm,18479.8,26,14.8,0.259,429
2026-08-02 19:10:42,31.97,62.12,1005.00,116.43,1061,1.784,98000,30.0,43.0,52.0,YES,UNKNOWN_ANALYSIS_IAQ116_VOC1.78ppm,18489.2,26,14.8,0.259,429
2026-08-02 19:10:53,31.97,62.12,1005.00,116.43,1061,1.784,98000,30.0,42.0,50.0,YES,UNKNOWN_ANALYSIS_IAQ116_VOC1.78ppm,18499.7,26,14.8,0.259,429
2026-08-02 19:11:02,31.97,62.12,1005.00,116.43,1061,1.784,98000,29.0,41.0,51.0,YES,UNKNOWN_ANALYSIS_IAQ116_VOC1.78ppm,18509.1,26,14.8,0.259,429
2026-08-02 19:11:12,31.97,62.12,1005.00,116.43,1061,1.784,98000,30.0,44.0,53.0,YES,UNKNOWN_ANALYSIS_IAQ116_VOC1.78ppm,18519.5,26,14.8,0.259,429
📊 Z-scores: IAQ=15.30 VOC=33.51 CO2=47.09 GasDrop=10.63
2026-08-02 19:11:23,31.97,62.12,1005.00,116.43,1061,1.784,98000,30.0,44.0,54.0,YES,UNKNOWN_ANALYSIS_IAQ116_VOC1.78ppm,18530.0,26,14.8,0.259,429
2026-08-02 19:11:32,31.97,62.12,1005.00,116.43,1061,1.784,98000,30.0,44.0,55.0,YES,UNKNOWN_ANALYSIS_IAQ116_VOC1.78ppm,18539.4,26,14.8,0.259,429
2026-08-02 19:11:43,31.97,62.12,1005.00,116.43,1061,1.784,98000,29.0,44.0,54.0,YES,UNKNOWN_ANALYSIS_IAQ116_VOC1.78ppm,18549.8,26,14.8,0.259,429
2026-08-02 19:11:52,31.97,62.12,1005.00,116.43,1061,1.784,98000,29.0,43.0,52.0,YES,UNKNOWN_ANALYSIS_IAQ116_VOC1.78ppm,18559.2,26,14.8,0.259,429
2026-08-02 19:12:03,31.97,62.12,1005.00,116.43,1061,1.784,98000,30.0,43.0,53.0,YES,UNKNOWN_ANALYSIS_IAQ116_VOC1.78ppm,18569.7,26,14.8,0.259,429
2026-08-02 19:12:13,31.97,62.12,1005.00,116.43,1061,1.784,98000,29.0,42.0,51.0,YES,UNKNOWN_ANALYSIS_IAQ116_VOC1.78ppm,18580.1,26,14.8,0.259,429
2026-08-02 19:12:22,31.97,62.12,1005.00,116.43,1061,1.784,98000,30.0,44.0,52.0,YES,UNKNOWN_ANALYSIS_IAQ116_VOC1.78ppm,18589.5,26,14.8,0.259,429
📊 Z-scores: IAQ=15.30 VOC=33.51 CO2=47.09 GasDrop=10.63
2026-08-02 19:12:33,31.97,62.12,1005.00,116.43,1061,1.784,98000,30.0,44.0,53.0,YES,UNKNOWN_ANALYSIS_IAQ116_VOC1.78ppm,18600.0,26,14.8,0.259,429
2026-08-02 19:12:42,31.97,62.12,1005.00,116.43,1061,1.784,98000,30.0,43.0,52.0,YES,UNKNOWN_ANALYSIS_IAQ116_VOC1.78ppm,18609.4,26,14.8,0.259,429
2026-08-02 19:12:53,31.97,62.12,1005.00,116.43,1061,1.784,98000,29.0,42.0,51.0,YES,UNKNOWN_ANALYSIS_IAQ116_VOC1.78ppm,18619.8,26,14.8,0.259,429
2026-08-02 19:13:02,31.94,62.13,1005.00,113.36,1033,1.675,98500,29.0,43.0,51.0,YES,UNKNOWN_ANALYSIS_IAQ113_VOC1.67ppm,18629.3,26,14.8,0.259,429
2026-08-02 19:13:13,31.94,62.13,1005.00,113.36,1033,1.675,98500,29.0,42.0,50.0,YES,UNKNOWN_ANALYSIS_IAQ113_VOC1.67ppm,18639.7,26,14.8,0.259,429
2026-08-02 19:13:23,31.94,62.13,1005.00,113.36,1033,1.675,98500,29.0,42.0,52.0,YES,UNKNOWN_ANALYSIS_IAQ113_VOC1.67ppm,18650.2,26,14.8,0.259,429
2026-08-02 19:13:32,31.94,62.13,1005.00,113.36,1033,1.675,98500,29.0,43.0,54.0,YES,UNKNOWN_ANALYSIS_IAQ113_VOC1.67ppm,18659.6,26,14.8,0.259,429
📊 Z-scores: IAQ=14.84 VOC=31.11 CO2=45.02 GasDrop=10.56
2026-08-02 19:13:43,31.94,62.13,1005.00,113.36,1033,1.675,98500,29.0,44.0,55.0,YES,UNKNOWN_ANALYSIS_IAQ113_VOC1.67ppm,18670.0,26,14.8,0.259,429
2026-08-02 19:13:52,31.94,62.13,1005.00,113.36,1033,1.675,98500,30.0,44.0,55.0,YES,UNKNOWN_ANALYSIS_IAQ113_VOC1.67ppm,18679.4,26,14.8,0.259,429
2026-08-02 19:14:03,31.94,62.13,1005.00,113.36,1033,1.675,98500,30.0,44.0,55.0,YES,UNKNOWN_ANALYSIS_IAQ113_VOC1.67ppm,18689.9,26,14.8,0.259,429
2026-08-02 19:14:13,31.94,62.13,1005.00,113.36,1033,1.675,98500,29.0,43.0,55.0,YES,UNKNOWN_ANALYSIS_IAQ113_VOC1.67ppm,18700.3,26,14.8,0.259,429
2026-08-02 19:14:23,31.94,62.13,1005.00,113.36,1033,1.675,98500,30.0,44.0,54.0,YES,UNKNOWN_ANALYSIS_IAQ113_VOC1.67ppm,18709.7,26,14.8,0.259,429
2026-08-02 19:14:33,31.94,62.13,1005.00,113.36,1033,1.675,98500,28.0,42.0,52.0,YES,UNKNOWN_ANALYSIS_IAQ113_VOC1.67ppm,18720.2,26,14.8,0.259,429
2026-08-02 19:14:43,31.94,62.13,1005.00,113.36,1033,1.675,98500,29.0,43.0,53.0,YES,UNKNOWN_ANALYSIS_IAQ113_VOC1.67ppm,18729.6,26,14.8,0.259,429
📊 Z-scores: IAQ=14.84 VOC=31.11 CO2=45.02 GasDrop=10.56
2026-08-02 19:14:53,31.94,62.13,1005.00,113.36,1033,1.675,98500,28.0,42.0,51.0,YES,UNKNOWN_ANALYSIS_IAQ113_VOC1.67ppm,18740.0,26,14.8,0.259,429
PMS7003: Timeout error
2026-08-02 19:15:03,31.94,62.13,1005.00,113.36,1033,1.675,98500,28.0,42.0,51.0,YES,UNKNOWN_ANALYSIS_IAQ113_VOC1.67ppm,18750.4,26,14.8,0.259,429
2026-08-02 19:15:13,31.94,62.13,1005.00,113.36,1033,1.675,98500,29.0,42.0,52.0,YES,UNKNOWN_ANALYSIS_IAQ113_VOC1.67ppm,18759.9,26,14.8,0.259,429
2026-08-02 19:15:23,31.94,62.13,1005.00,113.36,1033,1.675,98500,30.0,42.0,50.0,YES,UNKNOWN_ANALYSIS_IAQ113_VOC1.67ppm,18770.3,26,14.8,0.259,429
2026-08-02 19:15:33,31.94,62.13,1005.00,113.36,1033,1.675,98500,30.0,42.0,51.0,YES,UNKNOWN_ANALYSIS_IAQ113_VOC1.67ppm,18779.7,26,14.8,0.259,429
2026-08-02 19:15:43,31.94,62.13,1005.00,113.36,1033,1.675,98500,30.0,41.0,53.0,YES,UNKNOWN_ANALYSIS_IAQ113_VOC1.67ppm,18790.2,26,14.8,0.259,429
2026-08-02 19:15:53,31.94,62.13,1005.00,113.36,1033,1.675,98500,31.0,44.0,55.0,YES,UNKNOWN_ANALYSIS_IAQ113_VOC1.67ppm,18799.6,26,14.8,0.259,429
📊 Z-scores: IAQ=14.84 VOC=31.11 CO2=45.02 GasDrop=10.56
2026-08-02 19:16:03,31.94,62.13,1005.00,113.36,1033,1.675,98500,30.0,44.0,55.0,YES,UNKNOWN_ANALYSIS_IAQ113_VOC1.67ppm,18810.0,26,14.8,0.259,429
2026-08-02 19:16:13,31.94,62.13,1005.00,113.36,1033,1.675,98500,30.0,44.0,53.0,YES,UNKNOWN_ANALYSIS_IAQ113_VOC1.67ppm,18820.5,26,14.8,0.259,429
2026-08-02 19:16:23,31.94,62.13,1005.00,113.36,1033,1.675,98500,30.0,43.0,53.0,YES,UNKNOWN_ANALYSIS_IAQ113_VOC1.67ppm,18829.9,26,14.8,0.259,429
2026-08-02 19:16:33,31.94,62.13,1005.00,113.36,1033,1.675,98500,30.0,43.0,54.0,YES,UNKNOWN_ANALYSIS_IAQ113_VOC1.67ppm,18840.3,26,14.8,0.259,429
2026-08-02 19:16:43,31.94,62.13,1005.00,113.36,1033,1.675,98500,30.0,43.0,54.0,YES,UNKNOWN_ANALYSIS_IAQ113_VOC1.67ppm,18849.7,26,14.8,0.259,429
2026-08-02 19:16:53,31.94,62.13,1005.00,113.36,1033,1.675,98500,29.0,43.0,54.0,YES,UNKNOWN_ANALYSIS_IAQ113_VOC1.67ppm,18860.2,26,14.8,0.259,429
📊 Z-scores: IAQ=14.84 VOC=31.11 CO2=45.02 GasDrop=10.56
2026-08-02 19:17:04,31.94,62.13,1005.00,113.36,1033,1.675,98500,30.0,44.0,55.0,YES,UNKNOWN_ANALYSIS_IAQ113_VOC1.67ppm,18870.6,26,14.8,0.259,429
2026-08-02 19:17:13,31.94,62.13,1005.00,113.36,1033,1.675,98500,30.0,44.0,55.0,YES,UNKNOWN_ANALYSIS_IAQ113_VOC1.67ppm,18880.0,26,14.8,0.259,429
2026-08-02 19:17:23,31.94,62.13,1005.00,113.36,1033,1.675,98500,29.0,43.0,52.0,YES,UNKNOWN_ANALYSIS_IAQ113_VOC1.67ppm,18890.5,26,14.8,0.259,429
2026-08-02 19:17:33,31.94,62.13,1005.00,113.36,1033,1.675,98500,30.0,44.0,52.0,YES,UNKNOWN_ANALYSIS_IAQ113_VOC1.67ppm,18899.9,26,14.8,0.259,429
2026-08-02 19:17:43,31.94,62.13,1005.00,113.36,1033,1.675,98500,29.0,42.0,49.0,YES,UNKNOWN_ANALYSIS_IAQ113_VOC1.67ppm,18910.4,26,14.8,0.259,429
2026-08-02 19:17:53,31.94,62.13,1005.00,113.36,1033,1.675,98500,30.0,42.0,51.0,YES,UNKNOWN_ANALYSIS_IAQ113_VOC1.67ppm,18919.8,26,14.8,0.259,429
2026-08-02 19:18:03,31.93,62.10,1005.00,110.84,1010,1.590,98900,30.0,44.0,51.0,YES,UNKNOWN_ANALYSIS_IAQ111_VOC1.59ppm,18930.2,26,14.8,0.259,429
📊 Z-scores: IAQ=14.46 VOC=29.24 CO2=43.31 GasDrop=10.51
2026-08-02 19:18:14,31.93,62.10,1005.00,110.84,1010,1.590,98900,30.0,44.0,52.0,YES,UNKNOWN_ANALYSIS_IAQ111_VOC1.59ppm,18940.7,26,14.8,0.259,429
2026-08-02 19:18:23,31.93,62.10,1005.00,110.84,1010,1.590,98900,29.0,43.0,52.0,YES,UNKNOWN_ANALYSIS_IAQ111_VOC1.59ppm,18950.1,26,14.8,0.259,429
2026-08-02 19:18:33,31.93,62.10,1005.00,110.84,1010,1.590,98900,30.0,44.0,55.0,YES,UNKNOWN_ANALYSIS_IAQ111_VOC1.59ppm,18960.5,26,14.8,0.259,429
2026-08-02 19:18:43,31.93,62.10,1005.00,110.84,1010,1.590,98900,30.0,45.0,55.0,YES,UNKNOWN_ANALYSIS_IAQ111_VOC1.59ppm,18969.9,26,14.8,0.259,429
2026-08-02 19:18:53,31.93,62.10,1005.00,110.84,1010,1.590,98900,29.0,43.0,53.0,YES,UNKNOWN_ANALYSIS_IAQ111_VOC1.59ppm,18980.4,26,14.8,0.259,429
2026-08-02 19:19:04,31.93,62.10,1005.00,110.84,1010,1.590,98900,30.0,45.0,55.0,YES,UNKNOWN_ANALYSIS_IAQ111_VOC1.59ppm,18990.8,26,14.8,0.259,429
2026-08-02 19:19:13,31.93,62.10,1005.00,110.84,1010,1.590,98900,29.0,44.0,54.0,YES,UNKNOWN_ANALYSIS_IAQ111_VOC1.59ppm,19000.2,26,14.8,0.259,429
📊 Z-scores: IAQ=14.46 VOC=29.24 CO2=43.31 GasDrop=10.51
2026-08-02 19:19:24,31.93,62.10,1005.00,110.84,1010,1.590,98900,30.0,43.0,53.0,YES,UNKNOWN_ANALYSIS_IAQ111_VOC1.59ppm,19010.7,26,14.8,0.259,429
2026-08-02 19:19:33,31.93,62.10,1005.00,110.84,1010,1.590,98900,30.0,44.0,53.0,YES,UNKNOWN_ANALYSIS_IAQ111_VOC1.59ppm,19020.1,26,14.8,0.259,429
2026-08-02 19:19:43,31.93,62.10,1005.00,110.84,1010,1.590,98900,30.0,44.0,53.0,YES,UNKNOWN_ANALYSIS_IAQ111_VOC1.59ppm,19030.5,26,14.8,0.259,429
PMS7003: Timeout error
2026-08-02 19:19:54,31.93,62.10,1005.00,110.84,1010,1.590,98900,30.0,44.0,53.0,YES,UNKNOWN_ANALYSIS_IAQ111_VOC1.59ppm,19040.9,26,14.8,0.259,429
2026-08-02 19:20:03,31.93,62.10,1005.00,110.84,1010,1.590,98900,30.0,44.0,54.0,YES,UNKNOWN_ANALYSIS_IAQ111_VOC1.59ppm,19050.4,26,14.8,0.259,429
2026-08-02 19:20:14,31.93,62.10,1005.00,110.84,1010,1.590,98900,31.0,44.0,56.0,YES,UNKNOWN_ANALYSIS_IAQ111_VOC1.59ppm,19060.8,26,14.8,0.259,429
2026-08-02 19:20:23,31.93,62.10,1005.00,110.84,1010,1.590,98900,31.0,45.0,56.0,YES,UNKNOWN_ANALYSIS_IAQ111_VOC1.59ppm,19070.2,26,14.8,0.259,429
📊 Z-scores: IAQ=14.46 VOC=29.24 CO2=43.31 GasDrop=10.51
2026-08-02 19:20:34,31.93,62.10,1005.00,110.84,1010,1.590,98900,30.0,44.0,54.0,YES,UNKNOWN_ANALYSIS_IAQ111_VOC1.59ppm,19080.7,26,14.8,0.259,429
2026-08-02 19:20:43,31.93,62.10,1005.00,110.84,1010,1.590,98900,30.0,44.0,53.0,YES,UNKNOWN_ANALYSIS_IAQ111_VOC1.59ppm,19090.1,26,14.8,0.259,429
2026-08-02 19:20:53,31.93,62.10,1005.00,110.84,1010,1.590,98900,31.0,44.0,54.0,YES,UNKNOWN_ANALYSIS_IAQ111_VOC1.59ppm,19100.5,26,14.8,0.259,429
2026-08-02 19:21:04,31.93,62.10,1005.00,110.84,1010,1.590,98900,31.0,45.0,54.0,YES,UNKNOWN_ANALYSIS_IAQ111_VOC1.59ppm,19111.0,26,14.8,0.259,429
2026-08-02 19:21:13,31.93,62.10,1005.00,110.84,1010,1.590,98900,30.0,43.0,53.0,YES,UNKNOWN_ANALYSIS_IAQ111_VOC1.59ppm,19120.4,26,14.8,0.259,429
2026-08-02 19:21:24,31.93,62.10,1005.00,110.84,1010,1.590,98900,30.0,44.0,53.0,YES,UNKNOWN_ANALYSIS_IAQ111_VOC1.59ppm,19130.8,26,14.8,0.259,429
2026-08-02 19:21:33,31.93,62.10,1005.00,110.84,1010,1.590,98900,30.0,44.0,54.0,YES,UNKNOWN_ANALYSIS_IAQ111_VOC1.59ppm,19140.2,26,14.8,0.259,429
📊 Z-scores: IAQ=14.46 VOC=29.24 CO2=43.31 GasDrop=10.51
2026-08-02 19:21:44,31.93,62.10,1005.00,110.84,1010,1.590,98900,31.0,44.0,55.0,YES,UNKNOWN_ANALYSIS_IAQ111_VOC1.59ppm,19150.7,26,14.8,0.259,429
2026-08-02 19:21:54,31.93,62.10,1005.00,110.84,1010,1.590,98900,30.0,44.0,54.0,YES,UNKNOWN_ANALYSIS_IAQ111_VOC1.59ppm,19161.1,26,14.8,0.259,429
2026-08-02 19:22:03,31.93,62.10,1005.00,110.84,1010,1.590,98900,30.0,44.0,54.0,YES,UNKNOWN_ANALYSIS_IAQ111_VOC1.59ppm,19170.6,26,14.8,0.259,429
2026-08-02 19:22:14,31.93,62.10,1005.00,110.84,1010,1.590,98900,31.0,45.0,54.0,YES,UNKNOWN_ANALYSIS_IAQ111_VOC1.59ppm,19181.0,26,14.8,0.259,429
2026-08-02 19:22:23,31.93,62.10,1005.00,110.84,1010,1.590,98900,31.0,45.0,55.0,YES,UNKNOWN_ANALYSIS_IAQ111_VOC1.59ppm,19190.4,26,14.8,0.259,429
2026-08-02 19:22:34,31.93,62.10,1005.00,110.84,1010,1.590,98900,31.0,45.0,54.0,YES,UNKNOWN_ANALYSIS_IAQ111_VOC1.59ppm,19200.9,26,14.8,0.259,429
2026-08-02 19:22:43,31.93,62.10,1005.00,110.84,1010,1.590,98900,30.0,44.0,54.0,YES,UNKNOWN_ANALYSIS_IAQ111_VOC1.59ppm,19210.3,26,14.8,0.259,429
📊 Z-scores: IAQ=14.46 VOC=29.24 CO2=43.31 GasDrop=10.51
2026-08-02 19:22:54,31.93,62.10,1005.00,110.84,1010,1.590,98900,30.0,44.0,55.0,YES,UNKNOWN_ANALYSIS_IAQ111_VOC1.59ppm,19220.7,26,14.8,0.259,429
2026-08-02 19:23:04,31.91,62.12,1005.00,107.57,981,1.488,99400,30.0,45.0,54.0,YES,UNKNOWN_ANALYSIS_IAQ108_VOC1.49ppm,19231.2,26,14.8,0.259,429
2026-08-02 19:23:14,31.91,62.12,1005.00,107.57,981,1.488,99400,30.0,43.0,52.0,YES,UNKNOWN_ANALYSIS_IAQ108_VOC1.49ppm,19240.6,26,14.8,0.259,429
2026-08-02 19:23:24,31.91,62.12,1005.00,107.57,981,1.488,99400,32.0,44.0,54.0,YES,UNKNOWN_ANALYSIS_IAQ108_VOC1.49ppm,19251.0,26,14.8,0.259,429
2026-08-02 19:23:33,31.91,62.12,1005.00,107.57,981,1.488,99400,31.0,44.0,54.0,YES,UNKNOWN_ANALYSIS_IAQ108_VOC1.49ppm,19260.4,26,14.8,0.259,429
2026-08-02 19:23:44,31.91,62.12,1005.00,107.57,981,1.488,99400,30.0,44.0,55.0,YES,UNKNOWN_ANALYSIS_IAQ108_VOC1.49ppm,19270.9,26,14.8,0.259,429
PMS7003: Timeout error
📊 Z-scores: IAQ=13.96 VOC=27.01 CO2=41.14 GasDrop=10.44
2026-08-02 19:23:54,31.91,62.12,1005.00,107.57,981,1.488,99400,30.0,44.0,55.0,YES,UNKNOWN_ANALYSIS_IAQ108_VOC1.49ppm,19281.3,26,14.8,0.259,429
2026-08-02 19:24:04,31.91,62.12,1005.00,107.57,981,1.488,99400,30.0,43.0,55.0,YES,UNKNOWN_ANALYSIS_IAQ108_VOC1.49ppm,19290.7,26,14.8,0.259,429
2026-08-02 19:24:14,31.91,62.12,1005.00,107.57,981,1.488,99400,31.0,44.0,56.0,YES,UNKNOWN_ANALYSIS_IAQ108_VOC1.49ppm,19301.2,26,14.8,0.259,429
2026-08-02 19:24:24,31.91,62.12,1005.00,107.57,981,1.488,99400,30.0,43.0,55.0,YES,UNKNOWN_ANALYSIS_IAQ108_VOC1.49ppm,19310.6,26,14.8,0.259,429
2026-08-02 19:24:34,31.91,62.12,1005.00,107.57,981,1.488,99400,29.0,43.0,55.0,YES,UNKNOWN_ANALYSIS_IAQ108_VOC1.49ppm,19321.0,26,14.8,0.259,429
2026-08-02 19:24:43,31.91,62.12,1005.00,107.57,981,1.488,99400,30.0,44.0,55.0,YES,UNKNOWN_ANALYSIS_IAQ108_VOC1.49ppm,19330.5,26,14.8,0.259,429
2026-08-02 19:24:54,31.91,62.12,1005.00,107.57,981,1.488,99400,30.0,43.0,54.0,YES,UNKNOWN_ANALYSIS_IAQ108_VOC1.49ppm,19340.9,26,14.8,0.259,429
📊 Z-scores: IAQ=13.96 VOC=27.01 CO2=41.14 GasDrop=10.44
2026-08-02 19:25:04,31.91,62.12,1005.00,107.57,981,1.488,99400,31.0,44.0,55.0,YES,UNKNOWN_ANALYSIS_IAQ108_VOC1.49ppm,19351.4,26,14.8,0.259,429
2026-08-02 19:25:14,31.91,62.12,1005.00,107.57,981,1.488,99400,31.0,45.0,56.0,YES,UNKNOWN_ANALYSIS_IAQ108_VOC1.49ppm,19360.8,26,14.8,0.259,429
2026-08-02 19:25:24,31.91,62.12,1005.00,107.57,981,1.488,99400,31.0,46.0,56.0,YES,UNKNOWN_ANALYSIS_IAQ108_VOC1.49ppm,19371.2,26,14.8,0.259,429
2026-08-02 19:25:34,31.91,62.12,1005.00,107.57,981,1.488,99400,30.0,44.0,54.0,YES,UNKNOWN_ANALYSIS_IAQ108_VOC1.49ppm,19380.6,26,14.8,0.259,429
2026-08-02 19:25:44,31.91,62.12,1005.00,107.57,981,1.488,99400,30.0,44.0,55.0,YES,UNKNOWN_ANALYSIS_IAQ108_VOC1.49ppm,19391.1,26,14.8,0.259,429
2026-08-02 19:25:54,31.91,62.12,1005.00,107.57,981,1.488,99400,31.0,45.0,56.0,YES,UNKNOWN_ANALYSIS_IAQ108_VOC1.49ppm,19401.5,26,14.8,0.259,429
2026-08-02 19:26:04,31.91,62.12,1005.00,107.57,981,1.488,99400,30.0,44.0,54.0,YES,UNKNOWN_ANALYSIS_IAQ108_VOC1.49ppm,19410.9,26,14.8,0.259,429
📊 Z-scores: IAQ=13.96 VOC=27.01 CO2=41.14 GasDrop=10.44
2026-08-02 19:26:14,31.91,62.12,1005.00,107.57,981,1.488,99400,30.0,43.0,53.0,YES,UNKNOWN_ANALYSIS_IAQ108_VOC1.49ppm,19421.4,26,14.8,0.259,429
2026-08-02 19:26:24,31.91,62.12,1005.00,107.57,981,1.488,99400,31.0,45.0,55.0,YES,UNKNOWN_ANALYSIS_IAQ108_VOC1.49ppm,19430.8,26,14.8,0.259,429
2026-08-02 19:26:34,31.91,62.12,1005.00,107.57,981,1.488,99400,30.0,43.0,54.0,YES,UNKNOWN_ANALYSIS_IAQ108_VOC1.49ppm,19441.2,26,14.8,0.259,429
2026-08-02 19:26:44,31.91,62.12,1005.00,107.57,981,1.488,99400,31.0,44.0,54.0,YES,UNKNOWN_ANALYSIS_IAQ108_VOC1.49ppm,19450.6,26,14.8,0.259,429
2026-08-02 19:26:54,31.91,62.12,1005.00,107.57,981,1.488,99400,31.0,44.0,55.0,YES,UNKNOWN_ANALYSIS_IAQ108_VOC1.49ppm,19461.1,26,14.8,0.259,429
2026-08-02 19:27:04,31.91,62.12,1005.00,107.57,981,1.488,99400,31.0,44.0,55.0,YES,UNKNOWN_ANALYSIS_IAQ108_VOC1.49ppm,19471.5,26,14.8,0.259,429
2026-08-02 19:27:14,31.91,62.12,1005.00,107.57,981,1.488,99400,30.0,44.0,54.0,YES,UNKNOWN_ANALYSIS_IAQ108_VOC1.49ppm,19480.9,26,14.8,0.259,429
📊 Z-scores: IAQ=13.96 VOC=27.01 CO2=41.14 GasDrop=10.44
2026-08-02 19:27:24,31.91,62.12,1005.00,107.57,981,1.488,99400,30.0,44.0,54.0,YES,UNKNOWN_ANALYSIS_IAQ108_VOC1.49ppm,19491.4,26,14.8,0.259,429
2026-08-02 19:27:34,31.91,62.12,1005.00,107.57,981,1.488,99400,31.0,44.0,53.0,YES,UNKNOWN_ANALYSIS_IAQ108_VOC1.49ppm,19500.8,26,14.8,0.259,429
2026-08-02 19:27:44,31.91,62.12,1005.00,107.57,981,1.488,99400,30.0,43.0,52.0,YES,UNKNOWN_ANALYSIS_IAQ108_VOC1.49ppm,19511.2,26,14.8,0.259,429
2026-08-02 19:27:55,31.91,62.12,1005.00,107.57,981,1.488,99400,31.0,44.0,53.0,YES,UNKNOWN_ANALYSIS_IAQ108_VOC1.49ppm,19521.7,26,14.8,0.259,429
2026-08-02 19:28:04,31.90,62.11,1005.00,102.89,940,1.357,100100,31.0,44.0,55.0,YES,UNKNOWN_ANALYSIS_IAQ103_VOC1.36ppm,19531.1,26,14.8,0.259,429
2026-08-02 19:28:14,31.90,62.11,1005.00,102.89,940,1.357,100100,30.0,45.0,56.0,YES,UNKNOWN_ANALYSIS_IAQ103_VOC1.36ppm,19541.5,26,14.8,0.259,429
2026-08-02 19:28:24,31.90,62.11,1005.00,102.89,940,1.357,100100,29.0,43.0,55.0,YES,UNKNOWN_ANALYSIS_IAQ103_VOC1.36ppm,19550.9,26,14.8,0.259,429
📊 Z-scores: IAQ=13.26 VOC=24.13 CO2=38.11 GasDrop=10.35
2026-08-02 19:28:34,31.90,62.11,1005.00,102.89,940,1.357,100100,31.0,44.0,55.0,YES,UNKNOWN_ANALYSIS_IAQ103_VOC1.36ppm,19561.4,26,14.8,0.259,429
2026-08-02 19:28:45,31.90,62.11,1005.00,102.89,940,1.357,100100,29.0,42.0,52.0,YES,UNKNOWN_ANALYSIS_IAQ103_VOC1.36ppm,19571.8,26,14.8,0.259,429
2026-08-02 19:28:54,31.90,62.11,1005.00,102.89,940,1.357,100100,29.0,42.0,52.0,YES,UNKNOWN_ANALYSIS_IAQ103_VOC1.36ppm,19581.2,26,14.8,0.259,429
2026-08-02 19:29:05,31.90,62.11,1005.00,102.89,940,1.357,100100,29.0,42.0,52.0,YES,UNKNOWN_ANALYSIS_IAQ103_VOC1.36ppm,19591.7,26,14.8,0.259,429
2026-08-02 19:29:14,31.90,62.11,1005.00,102.89,940,1.357,100100,30.0,43.0,53.0,YES,UNKNOWN_ANALYSIS_IAQ103_VOC1.36ppm,19601.1,26,14.8,0.259,429
2026-08-02 19:29:24,31.90,62.11,1005.00,102.89,940,1.357,100100,31.0,44.0,55.0,YES,UNKNOWN_ANALYSIS_IAQ103_VOC1.36ppm,19611.5,26,14.8,0.259,429
2026-08-02 19:29:34,31.90,62.11,1005.00,102.89,940,1.357,100100,30.0,43.0,54.0,YES,UNKNOWN_ANALYSIS_IAQ103_VOC1.36ppm,19620.9,26,14.8,0.259,429
📊 Z-scores: IAQ=13.26 VOC=24.13 CO2=38.11 GasDrop=10.35
2026-08-02 19:29:44,31.90,62.11,1005.00,102.89,940,1.357,100100,31.0,44.0,55.0,YES,UNKNOWN_ANALYSIS_IAQ103_VOC1.36ppm,19631.4,26,14.8,0.259,429
2026-08-02 19:29:55,31.90,62.11,1005.00,102.89,940,1.357,100100,30.0,43.0,54.0,YES,UNKNOWN_ANALYSIS_IAQ103_VOC1.36ppm,19641.8,26,14.8,0.259,429
2026-08-02 19:30:04,31.90,62.11,1005.00,102.89,940,1.357,100100,31.0,45.0,56.0,YES,UNKNOWN_ANALYSIS_IAQ103_VOC1.36ppm,19651.2,26,14.8,0.259,429
2026-08-02 19:30:15,31.90,62.11,1005.00,102.89,940,1.357,100100,30.0,43.0,54.0,YES,UNKNOWN_ANALYSIS_IAQ103_VOC1.36ppm,19661.7,26,14.8,0.259,429
2026-08-02 19:30:24,31.90,62.11,1005.00,102.89,940,1.357,100100,30.0,44.0,53.0,YES,UNKNOWN_ANALYSIS_IAQ103_VOC1.36ppm,19671.1,26,14.8,0.259,429
2026-08-02 19:30:34,31.90,62.11,1005.00,102.89,940,1.357,100100,29.0,44.0,53.0,YES,UNKNOWN_ANALYSIS_IAQ103_VOC1.36ppm,19681.5,26,14.8,0.259,429
📊 Z-scores: IAQ=13.26 VOC=24.13 CO2=38.11 GasDrop=10.35
2026-08-02 19:30:45,31.90,62.11,1005.00,102.89,940,1.357,100100,29.0,44.0,52.0,YES,UNKNOWN_ANALYSIS_IAQ103_VOC1.36ppm,19692.0,26,14.8,0.259,429
2026-08-02 19:30:54,31.90,62.11,1005.00,102.89,940,1.357,100100,30.0,44.0,53.0,YES,UNKNOWN_ANALYSIS_IAQ103_VOC1.36ppm,19701.4,26,14.8,0.259,429
2026-08-02 19:31:05,31.90,62.11,1005.00,102.89,940,1.357,100100,29.0,43.0,52.0,YES,UNKNOWN_ANALYSIS_IAQ103_VOC1.36ppm,19711.9,26,14.8,0.259,429
2026-08-02 19:31:14,31.90,62.11,1005.00,102.89,940,1.357,100100,30.0,43.0,51.0,YES,UNKNOWN_ANALYSIS_IAQ103_VOC1.36ppm,19721.3,26,14.8,0.259,429
2026-08-02 19:31:25,31.90,62.11,1005.00,102.89,940,1.357,100100,31.0,44.0,53.0,YES,UNKNOWN_ANALYSIS_IAQ103_VOC1.36ppm,19731.7,26,14.8,0.259,429
2026-08-02 19:31:34,31.90,62.11,1005.00,102.89,940,1.357,100100,31.0,44.0,53.0,YES,UNKNOWN_ANALYSIS_IAQ103_VOC1.36ppm,19741.1,26,14.8,0.259,429
2026-08-02 19:31:44,31.90,62.11,1005.00,102.89,940,1.357,100100,29.0,43.0,53.0,YES,UNKNOWN_ANALYSIS_IAQ103_VOC1.36ppm,19751.6,26,14.8,0.259,429
📊 Z-scores: IAQ=13.26 VOC=24.13 CO2=38.11 GasDrop=10.35
2026-08-02 19:31:55,31.90,62.11,1005.00,102.89,940,1.357,100100,29.0,43.0,54.0,YES,UNKNOWN_ANALYSIS_IAQ103_VOC1.36ppm,19762.0,26,14.8,0.259,429
2026-08-02 19:32:04,31.90,62.11,1005.00,102.89,940,1.357,100100,31.0,45.0,56.0,YES,UNKNOWN_ANALYSIS_IAQ103_VOC1.36ppm,19771.4,26,14.8,0.259,429
2026-08-02 19:32:15,31.90,62.11,1005.00,102.89,940,1.357,100100,31.0,46.0,56.0,YES,UNKNOWN_ANALYSIS_IAQ103_VOC1.36ppm,19781.9,26,14.8,0.259,429
2026-08-02 19:32:24,31.90,62.11,1005.00,102.89,940,1.357,100100,30.0,43.0,54.0,YES,UNKNOWN_ANALYSIS_IAQ103_VOC1.36ppm,19791.3,26,14.8,0.259,429
2026-08-02 19:32:35,31.90,62.11,1005.00,102.89,940,1.357,100100,29.0,43.0,52.0,YES,UNKNOWN_ANALYSIS_IAQ103_VOC1.36ppm,19801.7,26,14.8,0.259,429
2026-08-02 19:32:44,31.90,62.11,1005.00,102.89,940,1.357,100100,30.0,44.0,55.0,YES,UNKNOWN_ANALYSIS_IAQ103_VOC1.36ppm,19811.1,26,14.8,0.259,429
2026-08-02 19:32:55,31.90,62.11,1005.00,102.89,940,1.357,100100,29.0,43.0,54.0,YES,UNKNOWN_ANALYSIS_IAQ103_VOC1.36ppm,19821.6,26,14.8,0.259,429
📊 Z-scores: IAQ=12.84 VOC=22.52 CO2=36.28 GasDrop=10.30
2026-08-02 19:33:05,31.90,62.10,1005.00,100.11,916,1.284,100500,30.0,43.0,52.0,YES,UNKNOWN_ANALYSIS_IAQ100_VOC1.28ppm,19832.0,26,14.8,0.259,429
2026-08-02 19:33:14,31.90,62.10,1005.00,100.11,916,1.284,100500,30.0,43.0,54.0,YES,UNKNOWN_ANALYSIS_IAQ100_VOC1.28ppm,19841.5,26,14.8,0.259,429
2026-08-02 19:33:25,31.90,62.10,1005.00,100.11,916,1.284,100500,31.0,45.0,54.0,YES,UNKNOWN_ANALYSIS_IAQ100_VOC1.28ppm,19851.9,26,14.8,0.259,429
2026-08-02 19:33:34,31.90,62.10,1005.00,100.11,916,1.284,100500,29.0,43.0,53.0,YES,UNKNOWN_ANALYSIS_IAQ100_VOC1.28ppm,19861.3,26,14.8,0.259,429
2026-08-02 19:33:45,31.90,62.10,1005.00,100.11,916,1.284,100500,30.0,43.0,52.0,YES,UNKNOWN_ANALYSIS_IAQ100_VOC1.28ppm,19871.8,26,14.8,0.259,429
2026-08-02 19:33:55,31.90,62.10,1005.00,100.11,916,1.284,100500,29.0,42.0,52.0,YES,UNKNOWN_ANALYSIS_IAQ100_VOC1.28ppm,19882.2,26,14.8,0.259,429
2026-08-02 19:34:05,31.90,62.10,1005.00,100.11,916,1.284,100500,30.0,44.0,53.0,YES,UNKNOWN_ANALYSIS_IAQ100_VOC1.28ppm,19891.6,26,14.8,0.259,429
📊 Z-scores: IAQ=12.84 VOC=22.52 CO2=36.28 GasDrop=10.30
2026-08-02 19:34:15,31.90,62.10,1005.00,100.11,916,1.284,100500,30.0,44.0,53.0,YES,UNKNOWN_ANALYSIS_IAQ100_VOC1.28ppm,19902.1,26,14.8,0.259,429
2026-08-02 19:34:24,31.90,62.10,1005.00,100.11,916,1.284,100500,29.0,43.0,52.0,YES,UNKNOWN_ANALYSIS_IAQ100_VOC1.28ppm,19911.5,26,14.8,0.259,429
2026-08-02 19:34:35,31.90,62.10,1005.00,100.11,916,1.284,100500,30.0,44.0,53.0,YES,UNKNOWN_ANALYSIS_IAQ100_VOC1.28ppm,19921.9,26,14.8,0.259,429
2026-08-02 19:34:44,31.90,62.10,1005.00,100.11,916,1.284,100500,30.0,44.0,54.0,YES,UNKNOWN_ANALYSIS_IAQ100_VOC1.28ppm,19931.3,26,14.8,0.259,429
2026-08-02 19:34:55,31.90,62.10,1005.00,100.11,916,1.284,100500,30.0,44.0,53.0,YES,UNKNOWN_ANALYSIS_IAQ100_VOC1.28ppm,19941.8,26,14.8,0.259,429
2026-08-02 19:35:05,31.90,62.10,1005.00,100.11,916,1.284,100500,29.0,43.0,52.0,YES,UNKNOWN_ANALYSIS_IAQ100_VOC1.28ppm,19952.2,26,14.8,0.259,429
2026-08-02 19:35:15,31.90,62.10,1005.00,100.11,916,1.284,100500,30.0,44.0,52.0,YES,UNKNOWN_ANALYSIS_IAQ100_VOC1.28ppm,19961.6,26,14.8,0.259,429
📊 Z-scores: IAQ=12.84 VOC=22.52 CO2=36.28 GasDrop=10.30
2026-08-02 19:35:25,31.90,62.10,1005.00,100.11,916,1.284,100500,29.0,43.0,51.0,YES,UNKNOWN_ANALYSIS_IAQ100_VOC1.28ppm,19972.1,26,14.8,0.259,429
2026-08-02 19:35:34,31.90,62.10,1005.00,100.11,916,1.284,100500,30.0,44.0,53.0,YES,UNKNOWN_ANALYSIS_IAQ100_VOC1.28ppm,19981.5,26,14.8,0.259,429
2026-08-02 19:35:45,31.90,62.10,1005.00,100.11,916,1.284,100500,31.0,45.0,53.0,YES,UNKNOWN_ANALYSIS_IAQ100_VOC1.28ppm,19991.9,26,14.8,0.259,429
2026-08-02 19:35:55,31.90,62.10,1005.00,100.11,916,1.284,100500,30.0,44.0,53.0,YES,UNKNOWN_ANALYSIS_IAQ100_VOC1.28ppm,20002.4,26,14.8,0.259,429
2026-08-02 19:36:05,31.90,62.10,1005.00,100.11,916,1.284,100500,31.0,46.0,55.0,YES,UNKNOWN_ANALYSIS_IAQ100_VOC1.28ppm,20011.8,26,14.8,0.259,429
2026-08-02 19:36:15,31.90,62.10,1005.00,100.11,916,1.284,100500,30.0,45.0,54.0,YES,UNKNOWN_ANALYSIS_IAQ100_VOC1.28ppm,20022.2,26,14.8,0.259,429
2026-08-02 19:36:25,31.90,62.10,1005.00,100.11,916,1.284,100500,31.0,46.0,55.0,YES,UNKNOWN_ANALYSIS_IAQ100_VOC1.28ppm,20031.6,26,14.8,0.259,429
📊 Z-scores: IAQ=12.84 VOC=22.52 CO2=36.28 GasDrop=10.30
2026-08-02 19:36:35,31.90,62.10,1005.00,100.11,916,1.284,100500,30.0,45.0,55.0,YES,UNKNOWN_ANALYSIS_IAQ100_VOC1.28ppm,20042.1,26,14.8,0.259,429
2026-08-02 19:36:45,31.90,62.10,1005.00,100.11,916,1.284,100500,31.0,46.0,56.0,YES,UNKNOWN_ANALYSIS_IAQ100_VOC1.28ppm,20052.5,26,14.8,0.259,429
2026-08-02 19:36:55,31.90,62.10,1005.00,100.11,916,1.284,100500,30.0,45.0,55.0,YES,UNKNOWN_ANALYSIS_IAQ100_VOC1.28ppm,20061.9,26,14.8,0.259,429
2026-08-02 19:37:05,31.90,62.10,1005.00,100.11,916,1.284,100500,29.0,43.0,54.0,YES,UNKNOWN_ANALYSIS_IAQ100_VOC1.28ppm,20072.4,26,14.8,0.259,429
2026-08-02 19:37:15,31.90,62.10,1005.00,100.11,916,1.284,100500,29.0,43.0,53.0,YES,UNKNOWN_ANALYSIS_IAQ100_VOC1.28ppm,20081.8,26,14.8,0.259,429
2026-08-02 19:37:25,31.90,62.10,1005.00,100.11,916,1.284,100500,29.0,43.0,53.0,YES,UNKNOWN_ANALYSIS_IAQ100_VOC1.28ppm,20092.2,26,14.8,0.259,429
2026-08-02 19:37:35,31.90,62.10,1005.00,100.11,916,1.284,100500,30.0,44.0,54.0,YES,UNKNOWN_ANALYSIS_IAQ100_VOC1.28ppm,20101.7,26,14.8,0.259,429
📊 Z-scores: IAQ=12.84 VOC=22.52 CO2=36.28 GasDrop=10.30
2026-08-02 19:37:45,31.90,62.10,1005.00,100.11,916,1.284,100500,29.0,43.0,52.0,YES,UNKNOWN_ANALYSIS_IAQ100_VOC1.28ppm,20112.1,26,14.8,0.259,429
2026-08-02 19:37:55,31.90,62.10,1005.00,100.11,916,1.284,100500,29.0,43.0,53.0,YES,UNKNOWN_ANALYSIS_IAQ100_VOC1.28ppm,20122.5,26,14.8,0.259,429
2026-08-02 19:38:05,31.92,62.09,1005.00,96.29,883,1.191,101000,30.0,44.0,52.0,YES,UNKNOWN_ANALYSIS_IAQ96_VOC1.19ppm,20132.0,26,14.8,0.259,429
2026-08-02 19:38:15,31.92,62.09,1005.00,96.29,883,1.191,101000,29.0,43.0,52.0,YES,UNKNOWN_ANALYSIS_IAQ96_VOC1.19ppm,20142.4,26,14.8,0.259,429
2026-08-02 19:38:25,31.92,62.09,1005.00,96.29,883,1.191,101000,29.0,43.0,52.0,YES,UNKNOWN_ANALYSIS_IAQ96_VOC1.19ppm,20151.8,26,14.8,0.259,429
2026-08-02 19:38:35,31.92,62.09,1005.00,96.29,883,1.191,101000,29.0,43.0,52.0,YES,UNKNOWN_ANALYSIS_IAQ96_VOC1.19ppm,20162.3,26,14.8,0.259,429
📊 Z-scores: IAQ=12.27 VOC=20.48 CO2=33.82 GasDrop=10.23
2026-08-02 19:38:46,31.92,62.09,1005.00,96.29,883,1.191,101000,31.0,45.0,53.0,YES,UNKNOWN_ANALYSIS_IAQ96_VOC1.19ppm,20172.7,26,14.8,0.259,429
2026-08-02 19:38:55,31.92,62.09,1005.00,96.29,883,1.191,101000,30.0,44.0,54.0,YES,UNKNOWN_ANALYSIS_IAQ96_VOC1.19ppm,20182.1,26,14.8,0.259,429
2026-08-02 19:39:05,31.92,62.09,1005.00,96.29,883,1.191,101000,31.0,45.0,55.0,YES,UNKNOWN_ANALYSIS_IAQ96_VOC1.19ppm,20192.6,26,14.8,0.259,429
2026-08-02 19:39:15,31.92,62.09,1005.00,96.29,883,1.191,101000,30.0,45.0,54.0,YES,UNKNOWN_ANALYSIS_IAQ96_VOC1.19ppm,20202.0,26,14.8,0.259,429
2026-08-02 19:39:25,31.92,62.09,1005.00,96.29,883,1.191,101000,30.0,44.0,54.0,YES,UNKNOWN_ANALYSIS_IAQ96_VOC1.19ppm,20212.4,26,14.8,0.259,429
PMS7003: Timeout error
2026-08-02 19:39:36,31.92,62.09,1005.00,96.29,883,1.191,101000,30.0,44.0,54.0,YES,UNKNOWN_ANALYSIS_IAQ96_VOC1.19ppm,20222.8,26,14.8,0.259,429
2026-08-02 19:39:45,31.92,62.09,1005.00,96.29,883,1.191,101000,30.0,43.0,52.0,YES,UNKNOWN_ANALYSIS_IAQ96_VOC1.19ppm,20232.3,26,14.8,0.259,429
📊 Z-scores: IAQ=12.27 VOC=20.48 CO2=33.82 GasDrop=10.23
2026-08-02 19:39:56,31.92,62.09,1005.00,96.29,883,1.191,101000,31.0,45.0,55.0,YES,UNKNOWN_ANALYSIS_IAQ96_VOC1.19ppm,20242.7,26,14.8,0.259,429
2026-08-02 19:40:05,31.92,62.09,1005.00,96.29,883,1.191,101000,30.0,44.0,54.0,YES,UNKNOWN_ANALYSIS_IAQ96_VOC1.19ppm,20252.1,26,14.8,0.259,429
2026-08-02 19:40:15,31.92,62.09,1005.00,96.29,883,1.191,101000,31.0,46.0,55.0,YES,UNKNOWN_ANALYSIS_IAQ96_VOC1.19ppm,20262.6,26,14.8,0.259,429
2026-08-02 19:40:25,31.92,62.09,1005.00,96.29,883,1.191,101000,31.0,45.0,56.0,YES,UNKNOWN_ANALYSIS_IAQ96_VOC1.19ppm,20272.0,26,14.8,0.259,429
2026-08-02 19:40:35,31.92,62.09,1005.00,96.29,883,1.191,101000,31.0,46.0,57.0,YES,UNKNOWN_ANALYSIS_IAQ96_VOC1.19ppm,20282.4,26,14.8,0.259,429
2026-08-02 19:40:46,31.92,62.09,1005.00,96.29,883,1.191,101000,30.0,45.0,56.0,YES,UNKNOWN_ANALYSIS_IAQ96_VOC1.19ppm,20292.9,26,14.8,0.259,429
2026-08-02 19:40:55,31.92,62.09,1005.00,96.29,883,1.191,101000,31.0,45.0,56.0,YES,UNKNOWN_ANALYSIS_IAQ96_VOC1.19ppm,20302.3,26,14.8,0.259,429
📊 Z-scores: IAQ=12.27 VOC=20.48 CO2=33.82 GasDrop=10.23
2026-08-02 19:41:06,31.92,62.09,1005.00,96.29,883,1.191,101000,31.0,46.0,56.0,YES,UNKNOWN_ANALYSIS_IAQ96_VOC1.19ppm,20312.7,26,14.8,0.259,429
2026-08-02 19:41:15,31.92,62.09,1005.00,96.29,883,1.191,101000,31.0,44.0,55.0,YES,UNKNOWN_ANALYSIS_IAQ96_VOC1.19ppm,20322.1,26,14.8,0.259,429
2026-08-02 19:41:26,31.92,62.09,1005.00,96.29,883,1.191,101000,31.0,45.0,55.0,YES,UNKNOWN_ANALYSIS_IAQ96_VOC1.19ppm,20332.6,26,14.8,0.259,429
PMS7003: Timeout error
2026-08-02 19:41:36,31.92,62.09,1005.00,96.29,883,1.191,101000,31.0,45.0,55.0,YES,UNKNOWN_ANALYSIS_IAQ96_VOC1.19ppm,20343.0,26,14.8,0.259,429
2026-08-02 19:41:45,31.92,62.09,1005.00,96.29,883,1.191,101000,32.0,46.0,57.0,YES,UNKNOWN_ANALYSIS_IAQ96_VOC1.19ppm,20352.4,26,14.8,0.259,429
2026-08-02 19:41:56,31.92,62.09,1005.00,96.29,883,1.191,101000,31.0,45.0,55.0,YES,UNKNOWN_ANALYSIS_IAQ96_VOC1.19ppm,20362.9,26,14.8,0.259,429
2026-08-02 19:42:05,31.92,62.09,1005.00,96.29,883,1.191,101000,31.0,45.0,56.0,YES,UNKNOWN_ANALYSIS_IAQ96_VOC1.19ppm,20372.3,26,14.8,0.259,429
📊 Z-scores: IAQ=12.27 VOC=20.48 CO2=33.82 GasDrop=10.23
2026-08-02 19:42:16,31.92,62.09,1005.00,96.29,883,1.191,101000,31.0,45.0,56.0,YES,UNKNOWN_ANALYSIS_IAQ96_VOC1.19ppm,20382.7,26,14.8,0.259,429
2026-08-02 19:42:26,31.92,62.09,1005.00,96.29,883,1.191,101000,30.0,44.0,55.0,YES,UNKNOWN_ANALYSIS_IAQ96_VOC1.19ppm,20393.2,26,14.8,0.259,429
2026-08-02 19:42:36,31.92,62.09,1005.00,96.29,883,1.191,101000,29.0,44.0,55.0,YES,UNKNOWN_ANALYSIS_IAQ96_VOC1.19ppm,20402.6,26,14.8,0.259,429
2026-08-02 19:42:46,31.92,62.09,1005.00,96.29,883,1.191,101000,30.0,44.0,55.0,YES,UNKNOWN_ANALYSIS_IAQ96_VOC1.19ppm,20413.0,26,14.8,0.259,429
2026-08-02 19:42:55,31.92,62.09,1005.00,96.29,883,1.191,101000,30.0,44.0,56.0,YES,UNKNOWN_ANALYSIS_IAQ96_VOC1.19ppm,20422.4,26,14.8,0.259,429
2026-08-02 19:43:06,31.93,62.07,1005.00,90.65,835,1.069,101800,30.0,45.0,57.0,YES,UNKNOWN_ANALYSIS_IAQ91_VOC1.07ppm,20432.9,26,14.8,0.259,429
2026-08-02 19:43:15,31.93,62.07,1005.00,90.65,835,1.069,101800,31.0,46.0,57.0,YES,UNKNOWN_ANALYSIS_IAQ91_VOC1.07ppm,20442.3,26,14.8,0.259,429
📊 Z-scores: IAQ=11.42 VOC=17.79 CO2=30.26 GasDrop=10.13
2026-08-02 19:43:26,31.93,62.07,1005.00,90.65,835,1.069,101800,31.0,46.0,57.0,YES,UNKNOWN_ANALYSIS_IAQ91_VOC1.07ppm,20452.7,26,14.8,0.259,429
2026-08-02 19:43:36,31.93,62.07,1005.00,90.65,835,1.069,101800,31.0,46.0,57.0,YES,UNKNOWN_ANALYSIS_IAQ91_VOC1.07ppm,20463.2,26,14.8,0.259,429
2026-08-02 19:43:46,31.93,62.07,1005.00,90.65,835,1.069,101800,32.0,45.0,56.0,YES,UNKNOWN_ANALYSIS_IAQ91_VOC1.07ppm,20472.6,26,14.8,0.259,429
2026-08-02 19:43:56,31.93,62.07,1005.00,90.65,835,1.069,101800,32.0,45.0,56.0,YES,UNKNOWN_ANALYSIS_IAQ91_VOC1.07ppm,20483.0,26,14.8,0.259,429
2026-08-02 19:44:05,31.93,62.07,1005.00,90.65,835,1.069,101800,32.0,46.0,57.0,YES,UNKNOWN_ANALYSIS_IAQ91_VOC1.07ppm,20492.4,26,14.8,0.259,429
2026-08-02 19:44:16,31.93,62.07,1005.00,90.65,835,1.069,101800,31.0,45.0,56.0,YES,UNKNOWN_ANALYSIS_IAQ91_VOC1.07ppm,20502.9,26,14.8,0.259,429
📊 Z-scores: IAQ=11.42 VOC=17.79 CO2=30.26 GasDrop=10.13
2026-08-02 19:44:26,31.93,62.07,1005.00,90.65,835,1.069,101800,31.0,45.0,57.0,YES,UNKNOWN_ANALYSIS_IAQ91_VOC1.07ppm,20513.3,26,14.8,0.259,429
2026-08-02 19:44:36,31.93,62.07,1005.00,90.65,835,1.069,101800,32.0,46.0,57.0,YES,UNKNOWN_ANALYSIS_IAQ91_VOC1.07ppm,20522.7,26,14.8,0.259,429
2026-08-02 19:44:46,31.93,62.07,1005.00,90.65,835,1.069,101800,31.0,46.0,57.0,YES,UNKNOWN_ANALYSIS_IAQ91_VOC1.07ppm,20533.2,26,14.8,0.259,429
2026-08-02 19:44:56,31.93,62.07,1005.00,90.65,835,1.069,101800,30.0,44.0,55.0,YES,UNKNOWN_ANALYSIS_IAQ91_VOC1.07ppm,20542.6,26,14.8,0.259,429
2026-08-02 19:45:06,31.93,62.07,1005.00,90.65,835,1.069,101800,30.0,44.0,55.0,YES,UNKNOWN_ANALYSIS_IAQ91_VOC1.07ppm,20553.0,26,14.8,0.259,429
2026-08-02 19:45:15,31.93,62.07,1005.00,90.65,835,1.069,101800,30.0,44.0,56.0,YES,UNKNOWN_ANALYSIS_IAQ91_VOC1.07ppm,20562.4,26,14.8,0.259,429
2026-08-02 19:45:26,31.93,62.07,1005.00,90.65,835,1.069,101800,31.0,45.0,56.0,YES,UNKNOWN_ANALYSIS_IAQ91_VOC1.07ppm,20572.9,26,14.8,0.259,429
📊 Z-scores: IAQ=11.42 VOC=17.79 CO2=30.26 GasDrop=10.13
2026-08-02 19:45:36,31.93,62.07,1005.00,90.65,835,1.069,101800,30.0,44.0,55.0,YES,UNKNOWN_ANALYSIS_IAQ91_VOC1.07ppm,20583.3,26,14.8,0.259,429
2026-08-02 19:45:46,31.93,62.07,1005.00,90.65,835,1.069,101800,31.0,45.0,56.0,YES,UNKNOWN_ANALYSIS_IAQ91_VOC1.07ppm,20592.7,26,14.8,0.259,429
2026-08-02 19:45:56,31.93,62.07,1005.00,90.65,835,1.069,101800,32.0,46.0,57.0,YES,UNKNOWN_ANALYSIS_IAQ91_VOC1.07ppm,20603.2,26,14.8,0.259,429
2026-08-02 19:46:06,31.93,62.07,1005.00,90.65,835,1.069,101800,31.0,46.0,56.0,YES,UNKNOWN_ANALYSIS_IAQ91_VOC1.07ppm,20612.6,26,14.8,0.259,429
2026-08-02 19:46:16,31.93,62.07,1005.00,90.65,835,1.069,101800,30.0,44.0,54.0,YES,UNKNOWN_ANALYSIS_IAQ91_VOC1.07ppm,20623.0,26,14.8,0.259,429
2026-08-02 19:46:26,31.93,62.07,1005.00,90.65,835,1.069,101800,31.0,45.0,56.0,YES,UNKNOWN_ANALYSIS_IAQ91_VOC1.07ppm,20633.5,26,14.8,0.259,429
2026-08-02 19:46:36,31.93,62.07,1005.00,90.65,835,1.069,101800,31.0,46.0,55.0,YES,UNKNOWN_ANALYSIS_IAQ91_VOC1.07ppm,20642.9,26,14.8,0.259,429
📊 Z-scores: IAQ=11.42 VOC=17.79 CO2=30.26 GasDrop=10.13
2026-08-02 19:46:46,31.93,62.07,1005.00,90.65,835,1.069,101800,31.0,46.0,56.0,YES,UNKNOWN_ANALYSIS_IAQ91_VOC1.07ppm,20653.3,26,14.8,0.259,429
2026-08-02 19:46:56,31.93,62.07,1005.00,90.65,835,1.069,101800,31.0,46.0,55.0,YES,UNKNOWN_ANALYSIS_IAQ91_VOC1.07ppm,20662.7,26,14.8,0.259,429
2026-08-02 19:47:06,31.93,62.07,1005.00,90.65,835,1.069,101800,32.0,46.0,56.0,YES,UNKNOWN_ANALYSIS_IAQ91_VOC1.07ppm,20673.2,26,14.8,0.259,429
2026-08-02 19:47:17,31.93,62.07,1005.00,90.65,835,1.069,101800,31.0,45.0,55.0,YES,UNKNOWN_ANALYSIS_IAQ91_VOC1.07ppm,20683.6,26,14.8,0.259,429
2026-08-02 19:47:26,31.93,62.07,1005.00,90.65,835,1.069,101800,32.0,46.0,56.0,YES,UNKNOWN_ANALYSIS_IAQ91_VOC1.07ppm,20693.0,26,14.8,0.259,429
2026-08-02 19:47:36,31.93,62.07,1005.00,90.65,835,1.069,101800,31.0,46.0,56.0,YES,UNKNOWN_ANALYSIS_IAQ91_VOC1.07ppm,20703.5,26,14.8,0.259,429
2026-08-02 19:47:46,31.93,62.07,1005.00,90.65,835,1.069,101800,31.0,45.0,56.0,YES,UNKNOWN_ANALYSIS_IAQ91_VOC1.07ppm,20712.9,26,14.8,0.259,429
📊 Z-scores: IAQ=11.42 VOC=17.79 CO2=30.26 GasDrop=10.13
2026-08-02 19:47:56,31.93,62.07,1005.00,90.65,835,1.069,101800,30.0,44.0,54.0,YES,UNKNOWN_ANALYSIS_IAQ91_VOC1.07ppm,20723.3,26,14.8,0.259,429
2026-08-02 19:48:07,31.90,62.07,1005.00,89.05,821,1.035,102100,30.0,45.0,54.0,YES,UNKNOWN_ANALYSIS_IAQ89_VOC1.03ppm,20733.8,26,14.8,0.259,429
2026-08-02 19:48:16,31.90,62.07,1005.00,89.05,821,1.035,102100,31.0,46.0,55.0,YES,UNKNOWN_ANALYSIS_IAQ89_VOC1.03ppm,20743.2,26,14.8,0.259,429
2026-08-02 19:48:27,31.90,62.07,1005.00,89.05,821,1.035,102100,31.0,46.0,56.0,YES,UNKNOWN_ANALYSIS_IAQ89_VOC1.03ppm,20753.6,26,14.8,0.259,429
2026-08-02 19:48:36,31.90,62.07,1005.00,89.05,821,1.035,102100,31.0,45.0,56.0,YES,UNKNOWN_ANALYSIS_IAQ89_VOC1.03ppm,20763.0,26,14.8,0.259,429
2026-08-02 19:48:46,31.90,62.07,1005.00,89.05,821,1.035,102100,31.0,46.0,58.0,YES,UNKNOWN_ANALYSIS_IAQ89_VOC1.03ppm,20773.5,26,14.8,0.259,429
PMS7003: Timeout error
📊 Z-scores: IAQ=11.18 VOC=17.04 CO2=29.19 GasDrop=10.09
2026-08-02 19:48:57,31.90,62.07,1005.00,89.05,821,1.035,102100,31.0,46.0,58.0,YES,UNKNOWN_ANALYSIS_IAQ89_VOC1.03ppm,20783.9,26,14.8,0.259,429
2026-08-02 19:49:06,31.90,62.07,1005.00,89.05,821,1.035,102100,30.0,45.0,55.0,YES,UNKNOWN_ANALYSIS_IAQ89_VOC1.03ppm,20793.3,26,14.8,0.259,429
2026-08-02 19:49:17,31.90,62.07,1005.00,89.05,821,1.035,102100,32.0,47.0,57.0,YES,UNKNOWN_ANALYSIS_IAQ89_VOC1.03ppm,20803.8,26,14.8,0.259,429
2026-08-02 19:49:26,31.90,62.07,1005.00,89.05,821,1.035,102100,31.0,46.0,57.0,YES,UNKNOWN_ANALYSIS_IAQ89_VOC1.03ppm,20813.2,26,14.8,0.259,429
2026-08-02 19:49:37,31.90,62.07,1005.00,89.05,821,1.035,102100,32.0,46.0,57.0,YES,UNKNOWN_ANALYSIS_IAQ89_VOC1.03ppm,20823.6,26,14.8,0.259,429
2026-08-02 19:49:46,31.90,62.07,1005.00,89.05,821,1.035,102100,33.0,46.0,58.0,YES,UNKNOWN_ANALYSIS_IAQ89_VOC1.03ppm,20833.0,26,14.8,0.259,429
2026-08-02 19:49:56,31.90,62.07,1005.00,89.05,821,1.035,102100,32.0,46.0,57.0,YES,UNKNOWN_ANALYSIS_IAQ89_VOC1.03ppm,20843.5,26,14.8,0.259,429
📊 Z-scores: IAQ=11.18 VOC=17.04 CO2=29.19 GasDrop=10.09
2026-08-02 19:50:07,31.90,62.07,1005.00,89.05,821,1.035,102100,32.0,45.0,56.0,YES,UNKNOWN_ANALYSIS_IAQ89_VOC1.03ppm,20853.9,26,14.8,0.259,429
2026-08-02 19:50:16,31.90,62.07,1005.00,89.05,821,1.035,102100,32.0,46.0,57.0,YES,UNKNOWN_ANALYSIS_IAQ89_VOC1.03ppm,20863.3,26,14.8,0.259,429
2026-08-02 19:50:27,31.90,62.07,1005.00,89.05,821,1.035,102100,30.0,45.0,56.0,YES,UNKNOWN_ANALYSIS_IAQ89_VOC1.03ppm,20873.8,26,14.8,0.259,429
2026-08-02 19:50:36,31.90,62.07,1005.00,89.05,821,1.035,102100,30.0,45.0,55.0,YES,UNKNOWN_ANALYSIS_IAQ89_VOC1.03ppm,20883.2,26,14.8,0.259,429
2026-08-02 19:50:47,31.90,62.07,1005.00,89.05,821,1.035,102100,30.0,45.0,55.0,YES,UNKNOWN_ANALYSIS_IAQ89_VOC1.03ppm,20893.6,26,14.8,0.259,429
2026-08-02 19:50:57,31.90,62.07,1005.00,89.05,821,1.035,102100,31.0,46.0,57.0,YES,UNKNOWN_ANALYSIS_IAQ89_VOC1.03ppm,20904.1,26,14.8,0.259,429
2026-08-02 19:51:06,31.90,62.07,1005.00,89.05,821,1.035,102100,30.0,45.0,56.0,YES,UNKNOWN_ANALYSIS_IAQ89_VOC1.03ppm,20913.5,26,14.8,0.259,429
📊 Z-scores: IAQ=11.18 VOC=17.04 CO2=29.19 GasDrop=10.09
2026-08-02 19:51:17,31.90,62.07,1005.00,89.05,821,1.035,102100,30.0,45.0,57.0,YES,UNKNOWN_ANALYSIS_IAQ89_VOC1.03ppm,20923.9,26,14.8,0.259,429
2026-08-02 19:51:26,31.90,62.07,1005.00,89.05,821,1.035,102100,32.0,46.0,58.0,YES,UNKNOWN_ANALYSIS_IAQ89_VOC1.03ppm,20933.3,26,14.8,0.259,429
2026-08-02 19:51:37,31.90,62.07,1005.00,89.05,821,1.035,102100,31.0,45.0,57.0,YES,UNKNOWN_ANALYSIS_IAQ89_VOC1.03ppm,20943.8,26,14.8,0.259,429
2026-08-02 19:51:47,31.90,62.07,1005.00,89.05,821,1.035,102100,32.0,46.0,58.0,YES,UNKNOWN_ANALYSIS_IAQ89_VOC1.03ppm,20954.2,26,14.8,0.259,429
2026-08-02 19:51:57,31.90,62.07,1005.00,89.05,821,1.035,102100,32.0,46.0,58.0,YES,UNKNOWN_ANALYSIS_IAQ89_VOC1.03ppm,20963.6,26,14.8,0.259,429
2026-08-02 19:52:07,31.90,62.07,1005.00,89.05,821,1.035,102100,32.0,45.0,56.0,YES,UNKNOWN_ANALYSIS_IAQ89_VOC1.03ppm,20974.1,26,14.8,0.259,429
2026-08-02 19:52:16,31.90,62.07,1005.00,89.05,821,1.035,102100,32.0,46.0,57.0,YES,UNKNOWN_ANALYSIS_IAQ89_VOC1.03ppm,20983.5,26,14.8,0.259,429
📊 Z-scores: IAQ=11.18 VOC=17.04 CO2=29.19 GasDrop=10.09
2026-08-02 19:52:27,31.90,62.07,1005.00,89.05,821,1.035,102100,32.0,46.0,58.0,YES,UNKNOWN_ANALYSIS_IAQ89_VOC1.03ppm,20993.9,26,14.8,0.259,429
2026-08-02 19:52:36,31.90,62.07,1005.00,89.05,821,1.035,102100,32.0,45.0,57.0,YES,UNKNOWN_ANALYSIS_IAQ89_VOC1.03ppm,21003.3,26,14.8,0.259,429
2026-08-02 19:52:47,31.90,62.07,1005.00,89.05,821,1.035,102100,32.0,45.0,56.0,YES,UNKNOWN_ANALYSIS_IAQ89_VOC1.03ppm,21013.8,26,14.8,0.259,429
2026-08-02 19:52:57,31.90,62.07,1005.00,89.05,821,1.035,102100,31.0,45.0,55.0,YES,UNKNOWN_ANALYSIS_IAQ89_VOC1.03ppm,21024.2,26,14.8,0.259,429
2026-08-02 19:53:07,31.91,62.04,1005.00,89.05,820,1.032,102100,31.0,45.0,56.0,YES,UNKNOWN_ANALYSIS_IAQ89_VOC1.03ppm,21033.6,26,14.8,0.259,429
2026-08-02 19:53:17,31.91,62.04,1005.00,89.05,820,1.032,102100,32.0,46.0,56.0,YES,UNKNOWN_ANALYSIS_IAQ89_VOC1.03ppm,21044.1,26,14.8,0.259,429
2026-08-02 19:53:26,31.91,62.04,1005.00,89.05,820,1.032,102100,30.0,44.0,54.0,YES,UNKNOWN_ANALYSIS_IAQ89_VOC1.03ppm,21053.5,26,14.8,0.259,429
📊 Z-scores: IAQ=11.18 VOC=16.99 CO2=29.11 GasDrop=10.09
2026-08-02 19:53:37,31.91,62.04,1005.00,89.05,820,1.032,102100,31.0,46.0,57.0,YES,UNKNOWN_ANALYSIS_IAQ89_VOC1.03ppm,21063.9,26,14.8,0.259,429
2026-08-02 19:53:47,31.91,62.04,1005.00,89.05,820,1.032,102100,32.0,46.0,57.0,YES,UNKNOWN_ANALYSIS_IAQ89_VOC1.03ppm,21074.4,26,14.8,0.259,429
2026-08-02 19:53:57,31.91,62.04,1005.00,89.05,820,1.032,102100,31.0,44.0,55.0,YES,UNKNOWN_ANALYSIS_IAQ89_VOC1.03ppm,21083.8,26,14.8,0.259,429
2026-08-02 19:54:07,31.91,62.04,1005.00,89.05,820,1.032,102100,30.0,44.0,55.0,YES,UNKNOWN_ANALYSIS_IAQ89_VOC1.03ppm,21094.2,26,14.8,0.259,429
2026-08-02 19:54:17,31.91,62.04,1005.00,89.05,820,1.032,102100,31.0,45.0,55.0,YES,UNKNOWN_ANALYSIS_IAQ89_VOC1.03ppm,21103.6,26,14.8,0.259,429
2026-08-02 19:54:27,31.91,62.04,1005.00,89.05,820,1.032,102100,31.0,45.0,56.0,YES,UNKNOWN_ANALYSIS_IAQ89_VOC1.03ppm,21114.1,26,14.8,0.259,429
📊 Z-scores: IAQ=11.18 VOC=16.99 CO2=29.11 GasDrop=10.09
2026-08-02 19:54:37,31.91,62.04,1005.00,89.05,820,1.032,102100,31.0,45.0,55.0,YES,UNKNOWN_ANALYSIS_IAQ89_VOC1.03ppm,21124.5,26,14.8,0.259,429
2026-08-02 19:54:47,31.91,62.04,1005.00,89.05,820,1.032,102100,30.0,44.0,55.0,YES,UNKNOWN_ANALYSIS_IAQ89_VOC1.03ppm,21133.9,26,14.8,0.259,429
2026-08-02 19:54:57,31.91,62.04,1005.00,89.05,820,1.032,102100,31.0,46.0,57.0,YES,UNKNOWN_ANALYSIS_IAQ89_VOC1.03ppm,21144.4,26,14.8,0.259,429
2026-08-02 19:55:07,31.91,62.04,1005.00,89.05,820,1.032,102100,30.0,45.0,56.0,YES,UNKNOWN_ANALYSIS_IAQ89_VOC1.03ppm,21153.8,26,14.8,0.259,429
2026-08-02 19:55:17,31.91,62.04,1005.00,89.05,820,1.032,102100,31.0,47.0,58.0,YES,UNKNOWN_ANALYSIS_IAQ89_VOC1.03ppm,21164.2,26,14.8,0.259,429
PMS7003: Timeout error
2026-08-02 19:55:28,31.91,62.04,1005.00,89.05,820,1.032,102100,31.0,47.0,58.0,YES,UNKNOWN_ANALYSIS_IAQ89_VOC1.03ppm,21174.6,26,14.8,0.259,429
2026-08-02 19:55:37,31.91,62.04,1005.00,89.05,820,1.032,102100,31.0,46.0,57.0,YES,UNKNOWN_ANALYSIS_IAQ89_VOC1.03ppm,21184.1,26,14.8,0.259,429
📊 Z-scores: IAQ=11.18 VOC=16.99 CO2=29.11 GasDrop=10.09
2026-08-02 19:55:47,31.91,62.04,1005.00,89.05,820,1.032,102100,32.0,46.0,59.0,YES,UNKNOWN_ANALYSIS_IAQ89_VOC1.03ppm,21194.5,26,14.8,0.259,429
2026-08-02 19:55:57,31.91,62.04,1005.00,89.05,820,1.032,102100,32.0,46.0,59.0,YES,UNKNOWN_ANALYSIS_IAQ89_VOC1.03ppm,21203.9,26,14.8,0.259,429
2026-08-02 19:56:07,31.91,62.04,1005.00,89.05,820,1.032,102100,32.0,46.0,58.0,YES,UNKNOWN_ANALYSIS_IAQ89_VOC1.03ppm,21214.4,26,14.8,0.259,429
2026-08-02 19:56:17,31.91,62.04,1005.00,89.05,820,1.032,102100,31.0,46.0,57.0,YES,UNKNOWN_ANALYSIS_IAQ89_VOC1.03ppm,21223.8,26,14.8,0.259,429
2026-08-02 19:56:27,31.91,62.04,1005.00,89.05,820,1.032,102100,31.0,46.0,56.0,YES,UNKNOWN_ANALYSIS_IAQ89_VOC1.03ppm,21234.2,26,14.8,0.259,429
2026-08-02 19:56:38,31.91,62.04,1005.00,89.05,820,1.032,102100,31.0,45.0,56.0,YES,UNKNOWN_ANALYSIS_IAQ89_VOC1.03ppm,21244.7,26,14.8,0.259,429
2026-08-02 19:56:47,31.91,62.04,1005.00,89.05,820,1.032,102100,31.0,45.0,57.0,YES,UNKNOWN_ANALYSIS_IAQ89_VOC1.03ppm,21254.1,26,14.8,0.259,429
📊 Z-scores: IAQ=11.18 VOC=16.99 CO2=29.11 GasDrop=10.09
2026-08-02 19:56:57,31.91,62.04,1005.00,89.05,820,1.032,102100,30.0,44.0,56.0,YES,UNKNOWN_ANALYSIS_IAQ89_VOC1.03ppm,21264.5,26,14.8,0.259,429
2026-08-02 19:57:07,31.91,62.04,1005.00,89.05,820,1.032,102100,30.0,44.0,56.0,YES,UNKNOWN_ANALYSIS_IAQ89_VOC1.03ppm,21274.0,26,14.8,0.259,429
2026-08-02 19:57:17,31.91,62.04,1005.00,89.05,820,1.032,102100,30.0,45.0,56.0,YES,UNKNOWN_ANALYSIS_IAQ89_VOC1.03ppm,21284.4,26,14.8,0.259,429
2026-08-02 19:57:27,31.91,62.04,1005.00,89.05,820,1.032,102100,30.0,45.0,55.0,YES,UNKNOWN_ANALYSIS_IAQ89_VOC1.03ppm,21293.8,26,14.8,0.259,429
2026-08-02 19:57:37,31.91,62.04,1005.00,89.05,820,1.032,102100,31.0,45.0,55.0,YES,UNKNOWN_ANALYSIS_IAQ89_VOC1.03ppm,21304.3,26,14.8,0.259,429
2026-08-02 19:57:48,31.91,62.04,1005.00,89.05,820,1.032,102100,31.0,45.0,56.0,YES,UNKNOWN_ANALYSIS_IAQ89_VOC1.03ppm,21314.7,26,14.8,0.259,429
2026-08-02 19:57:57,31.91,62.04,1005.00,89.05,820,1.032,102100,31.0,45.0,55.0,YES,UNKNOWN_ANALYSIS_IAQ89_VOC1.03ppm,21324.1,26,14.8,0.259,429
📊 Z-scores: IAQ=10.98 VOC=16.39 CO2=28.24 GasDrop=10.06
2026-08-02 19:58:07,31.90,62.05,1005.00,87.76,808,1.005,102300,30.0,45.0,55.0,YES,UNKNOWN_ANALYSIS_IAQ88_VOC1.01ppm,21334.6,26,14.8,0.259,429
2026-08-02 19:58:17,31.90,62.05,1005.00,87.76,808,1.005,102300,30.0,45.0,54.0,YES,UNKNOWN_ANALYSIS_IAQ88_VOC1.01ppm,21344.0,26,14.8,0.259,429
2026-08-02 19:58:27,31.90,62.05,1005.00,87.76,808,1.005,102300,30.0,44.0,55.0,YES,UNKNOWN_ANALYSIS_IAQ88_VOC1.01ppm,21354.4,26,14.8,0.259,429
2026-08-02 19:58:38,31.90,62.05,1005.00,87.76,808,1.005,102300,30.0,45.0,56.0,YES,UNKNOWN_ANALYSIS_IAQ88_VOC1.01ppm,21364.9,26,14.8,0.259,429
2026-08-02 19:58:47,31.90,62.05,1005.00,87.76,808,1.005,102300,31.0,45.0,57.0,YES,UNKNOWN_ANALYSIS_IAQ88_VOC1.01ppm,21374.3,26,14.8,0.259,429
2026-08-02 19:58:58,31.90,62.05,1005.00,87.76,808,1.005,102300,32.0,46.0,58.0,YES,UNKNOWN_ANALYSIS_IAQ88_VOC1.01ppm,21384.7,26,14.8,0.259,429
2026-08-02 19:59:07,31.90,62.05,1005.00,87.76,808,1.005,102300,31.0,45.0,56.0,YES,UNKNOWN_ANALYSIS_IAQ88_VOC1.01ppm,21394.1,26,14.8,0.259,429
📊 Z-scores: IAQ=10.98 VOC=16.39 CO2=28.24 GasDrop=10.06
2026-08-02 19:59:17,31.90,62.05,1005.00,87.76,808,1.005,102300,31.0,45.0,56.0,YES,UNKNOWN_ANALYSIS_IAQ88_VOC1.01ppm,21404.6,26,14.8,0.259,429
2026-08-02 19:59:28,31.90,62.05,1005.00,87.76,808,1.005,102300,31.0,45.0,55.0,YES,UNKNOWN_ANALYSIS_IAQ88_VOC1.01ppm,21415.0,26,14.8,0.259,429
2026-08-02 19:59:37,31.90,62.05,1005.00,87.76,808,1.005,102300,31.0,46.0,57.0,YES,UNKNOWN_ANALYSIS_IAQ88_VOC1.01ppm,21424.4,26,14.8,0.259,429
2026-08-02 19:59:48,31.90,62.05,1005.00,87.76,808,1.005,102300,32.0,46.0,57.0,YES,UNKNOWN_ANALYSIS_IAQ88_VOC1.01ppm,21434.9,26,14.8,0.259,429
2026-08-02 19:59:57,31.90,62.05,1005.00,87.76,808,1.005,102300,31.0,45.0,57.0,YES,UNKNOWN_ANALYSIS_IAQ88_VOC1.01ppm,21444.3,26,14.8,0.259,429
2026-08-02 20:00:08,31.90,62.05,1005.00,87.76,808,1.005,102300,32.0,46.0,57.0,YES,UNKNOWN_ANALYSIS_IAQ88_VOC1.01ppm,21454.7,26,14.8,0.259,429
📊 Z-scores: IAQ=10.98 VOC=16.39 CO2=28.24 GasDrop=10.06
2026-08-02 20:00:18,31.90,62.05,1005.00,87.76,808,1.005,102300,32.0,46.0,56.0,YES,UNKNOWN_ANALYSIS_IAQ88_VOC1.01ppm,21465.2,26,14.8,0.259,429
2026-08-02 20:00:27,31.90,62.05,1005.00,87.76,808,1.005,102300,30.0,44.0,54.0,YES,UNKNOWN_ANALYSIS_IAQ88_VOC1.01ppm,21474.6,26,14.8,0.259,429
2026-08-02 20:00:38,31.90,62.05,1005.00,87.76,808,1.005,102300,30.0,44.0,55.0,YES,UNKNOWN_ANALYSIS_IAQ88_VOC1.01ppm,21485.0,26,14.8,0.259,429
2026-08-02 20:00:47,31.90,62.05,1005.00,87.76,808,1.005,102300,31.0,45.0,56.0,YES,UNKNOWN_ANALYSIS_IAQ88_VOC1.01ppm,21494.4,26,14.8,0.259,429
2026-08-02 20:00:58,31.90,62.05,1005.00,87.76,808,1.005,102300,32.0,46.0,57.0,YES,UNKNOWN_ANALYSIS_IAQ88_VOC1.01ppm,21504.9,26,14.8,0.259,429
2026-08-02 20:01:07,31.90,62.05,1005.00,87.76,808,1.005,102300,30.0,45.0,56.0,YES,UNKNOWN_ANALYSIS_IAQ88_VOC1.01ppm,21514.3,26,14.8,0.259,429
2026-08-02 20:01:18,31.90,62.05,1005.00,87.76,808,1.005,102300,31.0,46.0,57.0,YES,UNKNOWN_ANALYSIS_IAQ88_VOC1.01ppm,21524.7,26,14.8,0.259,429
📊 Z-scores: IAQ=10.98 VOC=16.39 CO2=28.24 GasDrop=10.06
2026-08-02 20:01:28,31.90,62.05,1005.00,87.76,808,1.005,102300,31.0,45.0,56.0,YES,UNKNOWN_ANALYSIS_IAQ88_VOC1.01ppm,21535.2,26,14.8,0.259,429
2026-08-02 20:01:37,31.90,62.05,1005.00,87.76,808,1.005,102300,32.0,46.0,56.0,YES,UNKNOWN_ANALYSIS_IAQ88_VOC1.01ppm,21544.6,26,14.8,0.259,429
2026-08-02 20:01:48,31.90,62.05,1005.00,87.76,808,1.005,102300,32.0,46.0,56.0,YES,UNKNOWN_ANALYSIS_IAQ88_VOC1.01ppm,21555.0,26,14.8,0.259,429
2026-08-02 20:01:57,31.90,62.05,1005.00,87.76,808,1.005,102300,32.0,45.0,55.0,YES,UNKNOWN_ANALYSIS_IAQ88_VOC1.01ppm,21564.4,26,14.8,0.259,429
💾 Saved baseline: IAQ=15.4 VOC=0.263 CO2=430 Gas=177816
2026-08-02 20:02:08,31.90,62.05,1005.00,87.76,808,1.005,102300,33.0,46.0,57.0,YES,UNKNOWN_ANALYSIS_IAQ88_VOC1.01ppm,21574.9,26,14.8,0.259,429
2026-08-02 20:02:18,31.90,62.05,1005.00,87.76,808,1.005,102300,30.0,45.0,56.0,YES,UNKNOWN_ANALYSIS_IAQ88_VOC1.01ppm,21585.3,26,14.8,0.259,429
2026-08-02 20:02:28,31.90,62.05,1005.00,87.76,808,1.005,102300,31.0,46.0,57.0,YES,UNKNOWN_ANALYSIS_IAQ88_VOC1.01ppm,21594.7,26,14.8,0.259,429
📊 Z-scores: IAQ=10.98 VOC=16.39 CO2=28.24 GasDrop=10.06
2026-08-02 20:02:38,31.90,62.05,1005.00,87.76,808,1.005,102300,30.0,45.0,55.0,YES,UNKNOWN_ANALYSIS_IAQ88_VOC1.01ppm,21605.2,26,14.8,0.259,429
2026-08-02 20:02:48,31.90,62.05,1005.00,87.76,808,1.005,102300,31.0,46.0,56.0,YES,UNKNOWN_ANALYSIS_IAQ88_VOC1.01ppm,21614.6,26,14.8,0.259,429
2026-08-02 20:02:58,31.90,62.05,1005.00,87.76,808,1.005,102300,32.0,47.0,58.0,YES,UNKNOWN_ANALYSIS_IAQ88_VOC1.01ppm,21625.0,26,14.8,0.259,429
2026-08-02 20:03:07,31.91,62.05,1005.00,86.87,800,0.986,102400,32.0,48.0,58.0,YES,UNKNOWN_ANALYSIS_IAQ87_VOC0.99ppm,21634.4,26,14.8,0.259,429
2026-08-02 20:03:18,31.91,62.05,1005.00,86.87,800,0.986,102400,32.0,47.0,58.0,YES,UNKNOWN_ANALYSIS_IAQ87_VOC0.99ppm,21644.9,26,14.8,0.259,429
2026-08-02 20:03:28,31.91,62.05,1005.00,86.87,800,0.986,102400,32.0,47.0,58.0,YES,UNKNOWN_ANALYSIS_IAQ87_VOC0.99ppm,21655.3,26,14.8,0.259,429
2026-08-02 20:03:38,31.91,62.05,1005.00,86.87,800,0.986,102400,32.0,47.0,58.0,YES,UNKNOWN_ANALYSIS_IAQ87_VOC0.99ppm,21664.7,26,14.8,0.259,429
📊 Z-scores: IAQ=10.85 VOC=15.98 CO2=27.62 GasDrop=10.05
2026-08-02 20:03:48,31.91,62.05,1005.00,86.87,800,0.986,102400,31.0,45.0,56.0,YES,UNKNOWN_ANALYSIS_IAQ87_VOC0.99ppm,21675.2,26,14.8,0.259,429
2026-08-02 20:03:58,31.91,62.05,1005.00,86.87,800,0.986,102400,31.0,46.0,57.0,YES,UNKNOWN_ANALYSIS_IAQ87_VOC0.99ppm,21684.6,26,14.8,0.259,429
2026-08-02 20:04:08,31.91,62.05,1005.00,86.87,800,0.986,102400,31.0,45.0,56.0,YES,UNKNOWN_ANALYSIS_IAQ87_VOC0.99ppm,21695.0,26,14.8,0.259,429
2026-08-02 20:04:18,31.91,62.05,1005.00,86.87,800,0.986,102400,31.0,45.0,57.0,YES,UNKNOWN_ANALYSIS_IAQ87_VOC0.99ppm,21705.5,26,14.8,0.259,429
2026-08-02 20:04:28,31.91,62.05,1005.00,86.87,800,0.986,102400,31.0,45.0,56.0,YES,UNKNOWN_ANALYSIS_IAQ87_VOC0.99ppm,21714.9,26,14.8,0.259,429
2026-08-02 20:04:38,31.91,62.05,1005.00,86.87,800,0.986,102400,32.0,46.0,56.0,YES,UNKNOWN_ANALYSIS_IAQ87_VOC0.99ppm,21725.3,26,14.8,0.259,429
2026-08-02 20:04:48,31.91,62.05,1005.00,86.87,800,0.986,102400,32.0,45.0,56.0,YES,UNKNOWN_ANALYSIS_IAQ87_VOC0.99ppm,21734.7,26,14.8,0.259,429
📊 Z-scores: IAQ=10.85 VOC=15.98 CO2=27.62 GasDrop=10.05
2026-08-02 20:04:58,31.91,62.05,1005.00,86.87,800,0.986,102400,32.0,46.0,56.0,YES,UNKNOWN_ANALYSIS_IAQ87_VOC0.99ppm,21745.2,26,14.8,0.259,429
PMS7003: Timeout error
2026-08-02 20:05:09,31.91,62.05,1005.00,86.87,800,0.986,102400,32.0,46.0,56.0,YES,UNKNOWN_ANALYSIS_IAQ87_VOC0.99ppm,21755.6,26,14.8,0.259,429
2026-08-02 20:05:18,31.91,62.05,1005.00,86.87,800,0.986,102400,32.0,46.0,57.0,YES,UNKNOWN_ANALYSIS_IAQ87_VOC0.99ppm,21765.0,26,14.8,0.259,429
2026-08-02 20:05:28,31.91,62.05,1005.00,86.87,800,0.986,102400,32.0,46.0,56.0,YES,UNKNOWN_ANALYSIS_IAQ87_VOC0.99ppm,21775.5,26,14.8,0.259,429
2026-08-02 20:05:38,31.91,62.05,1005.00,86.87,800,0.986,102400,32.0,47.0,56.0,YES,UNKNOWN_ANALYSIS_IAQ87_VOC0.99ppm,21784.9,26,14.8,0.259,429
2026-08-02 20:05:48,31.91,62.05,1005.00,86.87,800,0.986,102400,31.0,46.0,55.0,YES,UNKNOWN_ANALYSIS_IAQ87_VOC0.99ppm,21795.3,26,14.8,0.259,429
📊 Z-scores: IAQ=10.85 VOC=15.98 CO2=27.62 GasDrop=10.05
2026-08-02 20:05:59,31.91,62.05,1005.00,86.87,800,0.986,102400,30.0,44.0,54.0,YES,UNKNOWN_ANALYSIS_IAQ87_VOC0.99ppm,21805.8,26,14.8,0.259,429
2026-08-02 20:06:08,31.91,62.05,1005.00,86.87,800,0.986,102400,31.0,46.0,56.0,YES,UNKNOWN_ANALYSIS_IAQ87_VOC0.99ppm,21815.2,26,14.8,0.259,429
2026-08-02 20:06:19,31.91,62.05,1005.00,86.87,800,0.986,102400,31.0,45.0,55.0,YES,UNKNOWN_ANALYSIS_IAQ87_VOC0.99ppm,21825.6,26,14.8,0.259,429
2026-08-02 20:06:28,31.91,62.05,1005.00,86.87,800,0.986,102400,31.0,46.0,56.0,YES,UNKNOWN_ANALYSIS_IAQ87_VOC0.99ppm,21835.0,26,14.8,0.259,429
2026-08-02 20:06:38,31.91,62.05,1005.00,86.87,800,0.986,102400,30.0,45.0,55.0,YES,UNKNOWN_ANALYSIS_IAQ87_VOC0.99ppm,21845.5,26,14.8,0.259,429
2026-08-02 20:06:48,31.91,62.05,1005.00,86.87,800,0.986,102400,30.0,45.0,55.0,YES,UNKNOWN_ANALYSIS_IAQ87_VOC0.99ppm,21854.9,26,14.8,0.259,429
2026-08-02 20:06:58,31.91,62.05,1005.00,86.87,800,0.986,102400,31.0,46.0,56.0,YES,UNKNOWN_ANALYSIS_IAQ87_VOC0.99ppm,21865.3,26,14.8,0.259,429
📊 Z-scores: IAQ=10.85 VOC=15.98 CO2=27.62 GasDrop=10.05
2026-08-02 20:07:09,31.91,62.05,1005.00,86.87,800,0.986,102400,30.0,45.0,55.0,YES,UNKNOWN_ANALYSIS_IAQ87_VOC0.99ppm,21875.8,26,14.8,0.259,429
2026-08-02 20:07:18,31.91,62.05,1005.00,86.87,800,0.986,102400,30.0,45.0,55.0,YES,UNKNOWN_ANALYSIS_IAQ87_VOC0.99ppm,21885.2,26,14.8,0.259,429
2026-08-02 20:07:29,31.91,62.05,1005.00,86.87,800,0.986,102400,30.0,45.0,56.0,YES,UNKNOWN_ANALYSIS_IAQ87_VOC0.99ppm,21895.6,26,14.8,0.259,429
2026-08-02 20:07:38,31.91,62.05,1005.00,86.87,800,0.986,102400,31.0,47.0,57.0,YES,UNKNOWN_ANALYSIS_IAQ87_VOC0.99ppm,21905.0,26,14.8,0.259,429
2026-08-02 20:07:48,31.91,62.05,1005.00,86.87,800,0.986,102400,31.0,46.0,56.0,YES,UNKNOWN_ANALYSIS_IAQ87_VOC0.99ppm,21915.5,26,14.8,0.259,429
2026-08-02 20:07:59,31.91,62.05,1005.00,86.87,800,0.986,102400,31.0,45.0,56.0,YES,UNKNOWN_ANALYSIS_IAQ87_VOC0.99ppm,21925.9,26,14.8,0.259,429
2026-08-02 20:08:08,31.93,62.04,1005.00,82.34,762,0.905,103000,31.0,46.0,57.0,YES,UNKNOWN_ANALYSIS_IAQ82_VOC0.91ppm,21935.3,26,14.8,0.259,429
📊 Z-scores: IAQ=10.16 VOC=14.21 CO2=24.81 GasDrop=9.97
2026-08-02 20:08:19,31.93,62.04,1005.00,82.34,762,0.905,103000,30.0,45.0,55.0,YES,UNKNOWN_ANALYSIS_IAQ82_VOC0.91ppm,21945.8,26,14.8,0.259,429
2026-08-02 20:08:28,31.93,62.04,1005.00,82.34,762,0.905,103000,32.0,46.0,57.0,YES,UNKNOWN_ANALYSIS_IAQ82_VOC0.91ppm,21955.2,26,14.8,0.259,429
2026-08-02 20:08:39,31.93,62.04,1005.00,82.34,762,0.905,103000,31.0,46.0,58.0,YES,UNKNOWN_ANALYSIS_IAQ82_VOC0.91ppm,21965.6,26,14.8,0.259,429
2026-08-02 20:08:48,31.93,62.04,1005.00,82.34,762,0.905,103000,32.0,46.0,57.0,YES,UNKNOWN_ANALYSIS_IAQ82_VOC0.91ppm,21975.0,26,14.8,0.259,429
2026-08-02 20:08:58,31.93,62.04,1005.00,82.34,762,0.905,103000,32.0,46.0,57.0,YES,UNKNOWN_ANALYSIS_IAQ82_VOC0.91ppm,21985.5,26,14.8,0.259,429
2026-08-02 20:09:09,31.93,62.04,1005.00,82.34,762,0.905,103000,31.0,45.0,57.0,YES,UNKNOWN_ANALYSIS_IAQ82_VOC0.91ppm,21995.9,26,14.8,0.259,429
2026-08-02 20:09:18,31.93,62.04,1005.00,82.34,762,0.905,103000,31.0,45.0,57.0,YES,UNKNOWN_ANALYSIS_IAQ82_VOC0.91ppm,22005.3,26,14.8,0.259,429
📊 Z-scores: IAQ=10.16 VOC=14.21 CO2=24.81 GasDrop=9.97
2026-08-02 20:09:29,31.93,62.04,1005.00,82.34,762,0.905,103000,30.0,46.0,56.0,YES,UNKNOWN_ANALYSIS_IAQ82_VOC0.91ppm,22015.8,26,14.8,0.259,429
2026-08-02 20:09:38,31.93,62.04,1005.00,82.34,762,0.905,103000,30.0,44.0,54.0,YES,UNKNOWN_ANALYSIS_IAQ82_VOC0.91ppm,22025.2,26,14.8,0.259,429
2026-08-02 20:09:49,31.93,62.04,1005.00,82.34,762,0.905,103000,30.0,45.0,55.0,YES,UNKNOWN_ANALYSIS_IAQ82_VOC0.91ppm,22035.6,26,14.8,0.259,429
2026-08-02 20:09:59,31.93,62.04,1005.00,82.34,762,0.905,103000,31.0,46.0,57.0,YES,UNKNOWN_ANALYSIS_IAQ82_VOC0.91ppm,22046.1,26,14.8,0.259,429
2026-08-02 20:10:08,31.93,62.04,1005.00,82.34,762,0.905,103000,30.0,45.0,56.0,YES,UNKNOWN_ANALYSIS_IAQ82_VOC0.91ppm,22055.5,26,14.8,0.259,429
2026-08-02 20:10:19,31.93,62.04,1005.00,82.34,762,0.905,103000,31.0,46.0,57.0,YES,UNKNOWN_ANALYSIS_IAQ82_VOC0.91ppm,22065.9,26,14.8,0.259,429
2026-08-02 20:10:28,31.93,62.04,1005.00,82.34,762,0.905,103000,31.0,47.0,58.0,YES,UNKNOWN_ANALYSIS_IAQ82_VOC0.91ppm,22075.3,26,14.8,0.259,429
📊 Z-scores: IAQ=10.16 VOC=14.21 CO2=24.81 GasDrop=9.97
2026-08-02 20:10:39,31.93,62.04,1005.00,82.34,762,0.905,103000,30.0,45.0,55.0,YES,UNKNOWN_ANALYSIS_IAQ82_VOC0.91ppm,22085.8,26,14.8,0.259,429
2026-08-02 20:10:49,31.93,62.04,1005.00,82.34,762,0.905,103000,30.0,45.0,55.0,YES,UNKNOWN_ANALYSIS_IAQ82_VOC0.91ppm,22096.2,26,14.8,0.259,429
2026-08-02 20:10:59,31.93,62.04,1005.00,82.34,762,0.905,103000,31.0,46.0,56.0,YES,UNKNOWN_ANALYSIS_IAQ82_VOC0.91ppm,22105.6,26,14.8,0.259,429
2026-08-02 20:11:09,31.93,62.04,1005.00,82.34,762,0.905,103000,32.0,46.0,56.0,YES,UNKNOWN_ANALYSIS_IAQ82_VOC0.91ppm,22116.1,26,14.8,0.259,429
2026-08-02 20:11:18,31.93,62.04,1005.00,82.34,762,0.905,103000,31.0,45.0,55.0,YES,UNKNOWN_ANALYSIS_IAQ82_VOC0.91ppm,22125.5,26,14.8,0.259,429
2026-08-02 20:11:29,31.93,62.04,1005.00,82.34,762,0.905,103000,32.0,46.0,56.0,YES,UNKNOWN_ANALYSIS_IAQ82_VOC0.91ppm,22135.9,26,14.8,0.259,429
📊 Z-scores: IAQ=10.16 VOC=14.21 CO2=24.81 GasDrop=9.97
2026-08-02 20:11:39,31.93,62.04,1005.00,82.34,762,0.905,103000,31.0,44.0,54.0,YES,UNKNOWN_ANALYSIS_IAQ82_VOC0.91ppm,22146.4,26,14.8,0.259,429
2026-08-02 20:11:49,31.93,62.04,1005.00,82.34,762,0.905,103000,31.0,46.0,55.0,YES,UNKNOWN_ANALYSIS_IAQ82_VOC0.91ppm,22155.8,26,14.8,0.259,429
2026-08-02 20:11:59,31.93,62.04,1005.00,82.34,762,0.905,103000,31.0,46.0,55.0,YES,UNKNOWN_ANALYSIS_IAQ82_VOC0.91ppm,22166.2,26,14.8,0.259,429
2026-08-02 20:12:09,31.93,62.04,1005.00,82.34,762,0.905,103000,31.0,46.0,56.0,YES,UNKNOWN_ANALYSIS_IAQ82_VOC0.91ppm,22175.6,26,14.8,0.259,429
2026-08-02 20:12:19,31.93,62.04,1005.00,82.34,762,0.905,103000,31.0,46.0,56.0,YES,UNKNOWN_ANALYSIS_IAQ82_VOC0.91ppm,22186.1,26,14.8,0.259,429
PMS7003: Timeout error
2026-08-02 20:12:29,31.93,62.04,1005.00,82.34,762,0.905,103000,31.0,46.0,56.0,YES,UNKNOWN_ANALYSIS_IAQ82_VOC0.91ppm,22196.5,26,14.8,0.259,429
2026-08-02 20:12:39,31.93,62.04,1005.00,82.34,762,0.905,103000,31.0,44.0,55.0,YES,UNKNOWN_ANALYSIS_IAQ82_VOC0.91ppm,22205.9,26,14.8,0.259,429
📊 Z-scores: IAQ=10.16 VOC=14.21 CO2=24.81 GasDrop=9.97
2026-08-02 20:12:49,31.93,62.04,1005.00,82.34,762,0.905,103000,30.0,43.0,54.0,YES,UNKNOWN_ANALYSIS_IAQ82_VOC0.91ppm,22216.4,26,14.8,0.259,429
2026-08-02 20:12:59,31.93,62.04,1005.00,82.34,762,0.905,103000,31.0,44.0,55.0,YES,UNKNOWN_ANALYSIS_IAQ82_VOC0.91ppm,22225.8,26,14.8,0.259,429
2026-08-02 20:13:09,31.93,62.01,1005.00,78.31,728,0.839,103600,30.0,43.0,54.0,YES,MASKED_ATTACK_GAS_LOAD_IAQ:78.3_VOC:0.839_GasRes:103600Ω,22236.2,26,14.8,0.259,429
PMS7003: Timeout error
2026-08-02 20:13:20,31.93,62.01,1005.00,78.31,728,0.839,103600,30.0,43.0,54.0,YES,MASKED_ATTACK_GAS_LOAD_IAQ:78.3_VOC:0.839_GasRes:103600Ω,22246.6,26,14.8,0.259,429
2026-08-02 20:13:29,31.93,62.01,1005.00,78.31,728,0.839,103600,31.0,45.0,55.0,YES,MASKED_ATTACK_GAS_LOAD_IAQ:78.3_VOC:0.839_GasRes:103600Ω,22256.1,26,14.8,0.259,429
2026-08-02 20:13:39,31.93,62.01,1005.00,78.31,728,0.839,103600,31.0,43.0,53.0,YES,MASKED_ATTACK_GAS_LOAD_IAQ:78.3_VOC:0.839_GasRes:103600Ω,22266.5,26,14.8,0.259,429
2026-08-02 20:13:49,31.93,62.01,1005.00,78.31,728,0.839,103600,31.0,43.0,53.0,YES,MASKED_ATTACK_GAS_LOAD_IAQ:78.3_VOC:0.839_GasRes:103600Ω,22276.0,26,14.8,0.259,429
📊 Z-scores: IAQ=9.56 VOC=12.75 CO2=22.32 GasDrop=9.89
2026-08-02 20:13:59,31.93,62.01,1005.00,78.31,728,0.839,103600,31.0,45.0,55.0,YES,MASKED_ATTACK_GAS_LOAD_IAQ:78.3_VOC:0.839_GasRes:103600Ω,22286.4,26,14.8,0.259,429
2026-08-02 20:14:09,31.93,62.01,1005.00,78.31,728,0.839,103600,30.0,43.0,53.0,YES,MASKED_ATTACK_GAS_LOAD_IAQ:78.3_VOC:0.839_GasRes:103600Ω,22295.8,26,14.8,0.259,429
2026-08-02 20:14:19,31.93,62.01,1005.00,78.31,728,0.839,103600,31.0,44.0,53.0,YES,MASKED_ATTACK_GAS_LOAD_IAQ:78.3_VOC:0.839_GasRes:103600Ω,22306.3,26,14.8,0.259,429
2026-08-02 20:14:30,31.93,62.01,1005.00,78.31,728,0.839,103600,31.0,44.0,53.0,YES,MASKED_ATTACK_GAS_LOAD_IAQ:78.3_VOC:0.839_GasRes:103600Ω,22316.7,26,14.8,0.259,429
2026-08-02 20:14:39,31.93,62.01,1005.00,78.31,728,0.839,103600,29.0,43.0,53.0,YES,MASKED_ATTACK_GAS_LOAD_IAQ:78.3_VOC:0.839_GasRes:103600Ω,22326.1,26,14.8,0.259,429
2026-08-02 20:14:49,31.93,62.01,1005.00,78.31,728,0.839,103600,30.0,44.0,56.0,YES,MASKED_ATTACK_GAS_LOAD_IAQ:78.3_VOC:0.839_GasRes:103600Ω,22336.6,26,14.8,0.259,429
2026-08-02 20:14:59,31.93,62.01,1005.00,78.31,728,0.839,103600,31.0,45.0,57.0,YES,MASKED_ATTACK_GAS_LOAD_IAQ:78.3_VOC:0.839_GasRes:103600Ω,22346.0,26,14.8,0.259,429
📊 Z-scores: IAQ=9.56 VOC=12.75 CO2=22.32 GasDrop=9.89
2026-08-02 20:15:09,31.93,62.01,1005.00,78.31,728,0.839,103600,31.0,45.0,55.0,YES,MASKED_ATTACK_GAS_LOAD_IAQ:78.3_VOC:0.839_GasRes:103600Ω,22356.4,26,14.8,0.259,429
2026-08-02 20:15:20,31.93,62.01,1005.00,78.31,728,0.839,103600,30.0,43.0,53.0,YES,MASKED_ATTACK_GAS_LOAD_IAQ:78.3_VOC:0.839_GasRes:103600Ω,22366.8,26,14.8,0.259,429
2026-08-02 20:15:29,31.93,62.01,1005.00,78.31,728,0.839,103600,31.0,44.0,55.0,YES,MASKED_ATTACK_GAS_LOAD_IAQ:78.3_VOC:0.839_GasRes:103600Ω,22376.2,26,14.8,0.259,429
2026-08-02 20:15:40,31.93,62.01,1005.00,78.31,728,0.839,103600,31.0,44.0,55.0,YES,MASKED_ATTACK_GAS_LOAD_IAQ:78.3_VOC:0.839_GasRes:103600Ω,22386.7,26,14.8,0.259,429
2026-08-02 20:15:49,31.93,62.01,1005.00,78.31,728,0.839,103600,30.0,44.0,54.0,YES,MASKED_ATTACK_GAS_LOAD_IAQ:78.3_VOC:0.839_GasRes:103600Ω,22396.1,26,14.8,0.259,429
2026-08-02 20:15:59,31.93,62.01,1005.00,78.31,728,0.839,103600,30.0,43.0,54.0,YES,MASKED_ATTACK_GAS_LOAD_IAQ:78.3_VOC:0.839_GasRes:103600Ω,22406.5,26,14.8,0.259,429
📊 Z-scores: IAQ=9.56 VOC=12.75 CO2=22.32 GasDrop=9.89
2026-08-02 20:16:10,31.93,62.01,1005.00,78.31,728,0.839,103600,31.0,44.0,55.0,YES,MASKED_ATTACK_GAS_LOAD_IAQ:78.3_VOC:0.839_GasRes:103600Ω,22417.0,26,14.8,0.259,429
2026-08-02 20:16:19,31.93,62.01,1005.00,78.31,728,0.839,103600,31.0,44.0,53.0,YES,MASKED_ATTACK_GAS_LOAD_IAQ:78.3_VOC:0.839_GasRes:103600Ω,22426.4,26,14.8,0.259,429
2026-08-02 20:16:30,31.93,62.01,1005.00,78.31,728,0.839,103600,31.0,44.0,54.0,YES,MASKED_ATTACK_GAS_LOAD_IAQ:78.3_VOC:0.839_GasRes:103600Ω,22436.8,26,14.8,0.259,429
2026-08-02 20:16:39,31.93,62.01,1005.00,78.31,728,0.839,103600,30.0,44.0,55.0,YES,MASKED_ATTACK_GAS_LOAD_IAQ:78.3_VOC:0.839_GasRes:103600Ω,22446.2,26,14.8,0.259,429
2026-08-02 20:16:50,31.93,62.01,1005.00,78.31,728,0.839,103600,30.0,45.0,56.0,YES,MASKED_ATTACK_GAS_LOAD_IAQ:78.3_VOC:0.839_GasRes:103600Ω,22456.7,26,14.8,0.259,429
2026-08-02 20:16:59,31.93,62.01,1005.00,78.31,728,0.839,103600,30.0,45.0,57.0,YES,MASKED_ATTACK_GAS_LOAD_IAQ:78.3_VOC:0.839_GasRes:103600Ω,22466.1,26,14.8,0.259,429
2026-08-02 20:17:09,31.93,62.01,1005.00,78.31,728,0.839,103600,30.0,44.0,56.0,YES,MASKED_ATTACK_GAS_LOAD_IAQ:78.3_VOC:0.839_GasRes:103600Ω,22476.5,26,14.8,0.259,429
📊 Z-scores: IAQ=9.56 VOC=12.75 CO2=22.32 GasDrop=9.89
2026-08-02 20:17:20,31.93,62.01,1005.00,78.31,728,0.839,103600,31.0,45.0,56.0,YES,MASKED_ATTACK_GAS_LOAD_IAQ:78.3_VOC:0.839_GasRes:103600Ω,22487.0,26,14.8,0.259,429
2026-08-02 20:17:29,31.93,62.01,1005.00,78.31,728,0.839,103600,30.0,44.0,56.0,YES,MASKED_ATTACK_GAS_LOAD_IAQ:78.3_VOC:0.839_GasRes:103600Ω,22496.4,26,14.8,0.259,429
2026-08-02 20:17:40,31.93,62.01,1005.00,78.31,728,0.839,103600,31.0,45.0,56.0,YES,MASKED_ATTACK_GAS_LOAD_IAQ:78.3_VOC:0.839_GasRes:103600Ω,22506.8,26,14.8,0.259,429
2026-08-02 20:17:49,31.93,62.01,1005.00,78.31,728,0.839,103600,31.0,45.0,55.0,YES,MASKED_ATTACK_GAS_LOAD_IAQ:78.3_VOC:0.839_GasRes:103600Ω,22516.2,26,14.8,0.259,429
2026-08-02 20:18:00,31.93,62.01,1005.00,78.31,728,0.839,103600,31.0,45.0,54.0,YES,MASKED_ATTACK_GAS_LOAD_IAQ:78.3_VOC:0.839_GasRes:103600Ω,22526.7,26,14.8,0.259,429
2026-08-02 20:18:10,31.93,62.02,1005.00,78.27,727,0.837,103600,30.0,44.0,55.0,YES,MASKED_ATTACK_GAS_LOAD_IAQ:78.3_VOC:0.837_GasRes:103600Ω,22537.1,26,14.8,0.259,429
2026-08-02 20:18:19,31.93,62.02,1005.00,78.27,727,0.837,103600,32.0,45.0,57.0,YES,MASKED_ATTACK_GAS_LOAD_IAQ:78.3_VOC:0.837_GasRes:103600Ω,22546.5,26,14.8,0.259,429
📊 Z-scores: IAQ=9.55 VOC=12.71 CO2=22.24 GasDrop=9.89
2026-08-02 20:18:30,31.93,62.02,1005.00,78.27,727,0.837,103600,31.0,45.0,56.0,YES,MASKED_ATTACK_GAS_LOAD_IAQ:78.3_VOC:0.837_GasRes:103600Ω,22557.0,26,14.8,0.259,429
2026-08-02 20:18:39,31.93,62.02,1005.00,78.27,727,0.837,103600,30.0,45.0,55.0,YES,MASKED_ATTACK_GAS_LOAD_IAQ:78.3_VOC:0.837_GasRes:103600Ω,22566.4,26,14.8,0.259,429
2026-08-02 20:18:50,31.93,62.02,1005.00,78.27,727,0.837,103600,31.0,45.0,55.0,YES,MASKED_ATTACK_GAS_LOAD_IAQ:78.3_VOC:0.837_GasRes:103600Ω,22576.8,26,14.8,0.259,429
2026-08-02 20:19:00,31.93,62.02,1005.00,78.27,727,0.837,103600,30.0,45.0,54.0,YES,MASKED_ATTACK_GAS_LOAD_IAQ:78.3_VOC:0.837_GasRes:103600Ω,22587.3,26,14.8,0.259,429
2026-08-02 20:19:10,31.93,62.02,1005.00,78.27,727,0.837,103600,30.0,45.0,55.0,YES,MASKED_ATTACK_GAS_LOAD_IAQ:78.3_VOC:0.837_GasRes:103600Ω,22596.7,26,14.8,0.259,429
2026-08-02 20:19:20,31.93,62.02,1005.00,78.27,727,0.837,103600,30.0,45.0,54.0,YES,MASKED_ATTACK_GAS_LOAD_IAQ:78.3_VOC:0.837_GasRes:103600Ω,22607.1,26,14.8,0.259,429
2026-08-02 20:19:29,31.93,62.02,1005.00,78.27,727,0.837,103600,31.0,45.0,54.0,YES,MASKED_ATTACK_GAS_LOAD_IAQ:78.3_VOC:0.837_GasRes:103600Ω,22616.5,26,14.8,0.259,429
📊 Z-scores: IAQ=9.55 VOC=12.71 CO2=22.24 GasDrop=9.89
2026-08-02 20:19:40,31.93,62.02,1005.00,78.27,727,0.837,103600,31.0,44.0,53.0,YES,MASKED_ATTACK_GAS_LOAD_IAQ:78.3_VOC:0.837_GasRes:103600Ω,22627.0,26,14.8,0.259,429
2026-08-02 20:19:50,31.93,62.02,1005.00,78.27,727,0.837,103600,30.0,43.0,52.0,YES,MASKED_ATTACK_GAS_LOAD_IAQ:78.3_VOC:0.837_GasRes:103600Ω,22637.4,26,14.8,0.259,429
2026-08-02 20:20:00,31.93,62.02,1005.00,78.27,727,0.837,103600,30.0,43.0,52.0,YES,MASKED_ATTACK_GAS_LOAD_IAQ:78.3_VOC:0.837_GasRes:103600Ω,22646.8,26,14.8,0.259,429
2026-08-02 20:20:10,31.93,62.02,1005.00,78.27,727,0.837,103600,31.0,44.0,55.0,YES,MASKED_ATTACK_GAS_LOAD_IAQ:78.3_VOC:0.837_GasRes:103600Ω,22657.3,26,14.8,0.259,429
2026-08-02 20:20:20,31.93,62.02,1005.00,78.27,727,0.837,103600,31.0,44.0,55.0,YES,MASKED_ATTACK_GAS_LOAD_IAQ:78.3_VOC:0.837_GasRes:103600Ω,22666.7,26,14.8,0.259,429
2026-08-02 20:20:30,31.93,62.02,1005.00,78.27,727,0.837,103600,29.0,43.0,54.0,YES,MASKED_ATTACK_GAS_LOAD_IAQ:78.3_VOC:0.837_GasRes:103600Ω,22677.1,26,14.8,0.259,429
📊 Z-scores: IAQ=9.55 VOC=12.71 CO2=22.24 GasDrop=9.89
2026-08-02 20:20:40,31.93,62.02,1005.00,78.27,727,0.837,103600,31.0,45.0,56.0,YES,MASKED_ATTACK_GAS_LOAD_IAQ:78.3_VOC:0.837_GasRes:103600Ω,22687.6,26,14.8,0.259,429
2026-08-02 20:20:50,31.93,62.02,1005.00,78.27,727,0.837,103600,30.0,44.0,54.0,YES,MASKED_ATTACK_GAS_LOAD_IAQ:78.3_VOC:0.837_GasRes:103600Ω,22697.0,26,14.8,0.259,429
2026-08-02 20:21:00,31.93,62.02,1005.00,78.27,727,0.837,103600,31.0,44.0,56.0,YES,MASKED_ATTACK_GAS_LOAD_IAQ:78.3_VOC:0.837_GasRes:103600Ω,22707.4,26,14.8,0.259,429
2026-08-02 20:21:10,31.93,62.02,1005.00,78.27,727,0.837,103600,31.0,44.0,55.0,YES,MASKED_ATTACK_GAS_LOAD_IAQ:78.3_VOC:0.837_GasRes:103600Ω,22716.8,26,14.8,0.259,429
2026-08-02 20:21:20,31.93,62.02,1005.00,78.27,727,0.837,103600,31.0,44.0,55.0,YES,MASKED_ATTACK_GAS_LOAD_IAQ:78.3_VOC:0.837_GasRes:103600Ω,22727.3,26,14.8,0.259,429
2026-08-02 20:21:31,31.93,62.02,1005.00,78.27,727,0.837,103600,30.0,43.0,53.0,YES,MASKED_ATTACK_GAS_LOAD_IAQ:78.3_VOC:0.837_GasRes:103600Ω,22737.7,26,14.8,0.259,429
2026-08-02 20:21:40,31.93,62.02,1005.00,78.27,727,0.837,103600,30.0,43.0,53.0,YES,MASKED_ATTACK_GAS_LOAD_IAQ:78.3_VOC:0.837_GasRes:103600Ω,22747.1,26,14.8,0.259,429
📊 Z-scores: IAQ=9.55 VOC=12.71 CO2=22.24 GasDrop=9.89
2026-08-02 20:21:50,31.93,62.02,1005.00,78.27,727,0.837,103600,31.0,45.0,54.0,YES,MASKED_ATTACK_GAS_LOAD_IAQ:78.3_VOC:0.837_GasRes:103600Ω,22757.6,26,14.8,0.259,429
2026-08-02 20:22:00,31.93,62.02,1005.00,78.27,727,0.837,103600,31.0,45.0,54.0,YES,MASKED_ATTACK_GAS_LOAD_IAQ:78.3_VOC:0.837_GasRes:103600Ω,22767.0,26,14.8,0.259,429
2026-08-02 20:22:10,31.93,62.02,1005.00,78.27,727,0.837,103600,31.0,45.0,54.0,YES,MASKED_ATTACK_GAS_LOAD_IAQ:78.3_VOC:0.837_GasRes:103600Ω,22777.4,26,14.8,0.259,429
2026-08-02 20:22:20,31.93,62.02,1005.00,78.27,727,0.837,103600,30.0,44.0,52.0,YES,MASKED_ATTACK_GAS_LOAD_IAQ:78.3_VOC:0.837_GasRes:103600Ω,22786.8,26,14.8,0.259,429
2026-08-02 20:22:30,31.93,62.02,1005.00,78.27,727,0.837,103600,30.0,44.0,52.0,YES,MASKED_ATTACK_GAS_LOAD_IAQ:78.3_VOC:0.837_GasRes:103600Ω,22797.3,26,14.8,0.259,429
2026-08-02 20:22:41,31.93,62.02,1005.00,78.27,727,0.837,103600,31.0,45.0,53.0,YES,MASKED_ATTACK_GAS_LOAD_IAQ:78.3_VOC:0.837_GasRes:103600Ω,22807.7,26,14.8,0.259,429
2026-08-02 20:22:50,31.93,62.02,1005.00,78.27,727,0.837,103600,29.0,44.0,54.0,YES,MASKED_ATTACK_GAS_LOAD_IAQ:78.3_VOC:0.837_GasRes:103600Ω,22817.1,26,14.8,0.259,429
📊 Z-scores: IAQ=9.55 VOC=12.71 CO2=22.24 GasDrop=9.89
2026-08-02 20:23:01,31.93,62.02,1005.00,78.27,727,0.837,103600,30.0,45.0,55.0,YES,MASKED_ATTACK_GAS_LOAD_IAQ:78.3_VOC:0.837_GasRes:103600Ω,22827.6,26,14.8,0.259,429
2026-08-02 20:23:10,31.92,62.04,1005.00,81.14,750,0.880,103200,31.0,46.0,56.0,YES,UNKNOWN_ANALYSIS_IAQ81_VOC0.88ppm,22837.0,26,14.8,0.259,429
2026-08-02 20:23:20,31.92,62.04,1005.00,81.14,750,0.880,103200,30.0,44.0,54.0,YES,UNKNOWN_ANALYSIS_IAQ81_VOC0.88ppm,22847.4,26,14.8,0.259,429
2026-08-02 20:23:30,31.92,62.04,1005.00,81.14,750,0.880,103200,31.0,45.0,54.0,YES,UNKNOWN_ANALYSIS_IAQ81_VOC0.88ppm,22856.8,26,14.8,0.259,429
2026-08-02 20:23:40,31.92,62.04,1005.00,81.14,750,0.880,103200,30.0,44.0,54.0,YES,UNKNOWN_ANALYSIS_IAQ81_VOC0.88ppm,22867.3,26,14.8,0.259,429
2026-08-02 20:23:51,31.92,62.04,1005.00,81.14,750,0.880,103200,30.0,44.0,54.0,YES,UNKNOWN_ANALYSIS_IAQ81_VOC0.88ppm,22877.7,26,14.8,0.259,429
2026-08-02 20:24:00,31.92,62.04,1005.00,81.14,750,0.880,103200,30.0,44.0,53.0,YES,UNKNOWN_ANALYSIS_IAQ81_VOC0.88ppm,22887.1,26,14.8,0.259,429
📊 Z-scores: IAQ=9.98 VOC=13.66 CO2=23.89 GasDrop=9.94
2026-08-02 20:24:11,31.92,62.04,1005.00,81.14,750,0.880,103200,30.0,44.0,53.0,YES,UNKNOWN_ANALYSIS_IAQ81_VOC0.88ppm,22897.6,26,14.8,0.259,429
2026-08-02 20:24:20,31.92,62.04,1005.00,81.14,750,0.880,103200,30.0,44.0,55.0,YES,UNKNOWN_ANALYSIS_IAQ81_VOC0.88ppm,22907.0,26,14.8,0.259,429
2026-08-02 20:24:30,31.92,62.04,1005.00,81.14,750,0.880,103200,31.0,44.0,55.0,YES,UNKNOWN_ANALYSIS_IAQ81_VOC0.88ppm,22917.4,26,14.8,0.259,429
2026-08-02 20:24:41,31.92,62.04,1005.00,81.14,750,0.880,103200,31.0,45.0,55.0,YES,UNKNOWN_ANALYSIS_IAQ81_VOC0.88ppm,22927.9,26,14.8,0.259,429
2026-08-02 20:24:50,31.92,62.04,1005.00,81.14,750,0.880,103200,30.0,44.0,53.0,YES,UNKNOWN_ANALYSIS_IAQ81_VOC0.88ppm,22937.3,26,14.8,0.259,429
2026-08-02 20:25:01,31.92,62.04,1005.00,81.14,750,0.880,103200,29.0,43.0,53.0,YES,UNKNOWN_ANALYSIS_IAQ81_VOC0.88ppm,22947.7,26,14.8,0.259,429
2026-08-02 20:25:10,31.92,62.04,1005.00,81.14,750,0.880,103200,30.0,45.0,55.0,YES,UNKNOWN_ANALYSIS_IAQ81_VOC0.88ppm,22957.1,26,14.8,0.259,429
📊 Z-scores: IAQ=9.98 VOC=13.66 CO2=23.89 GasDrop=9.94
2026-08-02 20:25:21,31.92,62.04,1005.00,81.14,750,0.880,103200,30.0,45.0,55.0,YES,UNKNOWN_ANALYSIS_IAQ81_VOC0.88ppm,22967.6,26,14.8,0.259,429
2026-08-02 20:25:31,31.92,62.04,1005.00,81.14,750,0.880,103200,30.0,45.0,55.0,YES,UNKNOWN_ANALYSIS_IAQ81_VOC0.88ppm,22978.0,26,14.8,0.259,429
2026-08-02 20:25:40,31.92,62.04,1005.00,81.14,750,0.880,103200,30.0,44.0,54.0,YES,UNKNOWN_ANALYSIS_IAQ81_VOC0.88ppm,22987.4,26,14.8,0.259,429
2026-08-02 20:25:51,31.92,62.04,1005.00,81.14,750,0.880,103200,29.0,43.0,52.0,YES,UNKNOWN_ANALYSIS_IAQ81_VOC0.88ppm,22997.9,26,14.8,0.259,429
2026-08-02 20:26:00,31.92,62.04,1005.00,81.14,750,0.880,103200,29.0,42.0,51.0,YES,UNKNOWN_ANALYSIS_IAQ81_VOC0.88ppm,23007.3,26,14.8,0.259,429
2026-08-02 20:26:11,31.92,62.04,1005.00,81.14,750,0.880,103200,29.0,43.0,52.0,YES,UNKNOWN_ANALYSIS_IAQ81_VOC0.88ppm,23017.7,26,14.8,0.259,429
📊 Z-scores: IAQ=9.98 VOC=13.66 CO2=23.89 GasDrop=9.94
2026-08-02 20:26:21,31.92,62.04,1005.00,81.14,750,0.880,103200,29.0,43.0,52.0,YES,UNKNOWN_ANALYSIS_IAQ81_VOC0.88ppm,23028.2,26,14.8,0.259,429
2026-08-02 20:26:31,31.92,62.04,1005.00,81.14,750,0.880,103200,30.0,44.0,52.0,YES,UNKNOWN_ANALYSIS_IAQ81_VOC0.88ppm,23037.6,26,14.8,0.259,429
2026-08-02 20:26:41,31.92,62.04,1005.00,81.14,750,0.880,103200,29.0,43.0,52.0,YES,UNKNOWN_ANALYSIS_IAQ81_VOC0.88ppm,23048.0,26,14.8,0.259,429
2026-08-02 20:26:50,31.92,62.04,1005.00,81.14,750,0.880,103200,29.0,43.0,54.0,YES,UNKNOWN_ANALYSIS_IAQ81_VOC0.88ppm,23057.4,26,14.8,0.259,429
2026-08-02 20:27:01,31.92,62.04,1005.00,81.14,750,0.880,103200,31.0,44.0,53.0,YES,UNKNOWN_ANALYSIS_IAQ81_VOC0.88ppm,23067.9,26,14.8,0.259,429
2026-08-02 20:27:10,31.92,62.04,1005.00,81.14,750,0.880,103200,30.0,44.0,52.0,YES,UNKNOWN_ANALYSIS_IAQ81_VOC0.88ppm,23077.3,26,14.8,0.259,429
2026-08-02 20:27:21,31.92,62.04,1005.00,81.14,750,0.880,103200,30.0,44.0,52.0,YES,UNKNOWN_ANALYSIS_IAQ81_VOC0.88ppm,23087.7,26,14.8,0.259,429
📊 Z-scores: IAQ=9.98 VOC=13.66 CO2=23.89 GasDrop=9.94
2026-08-02 20:27:31,31.92,62.04,1005.00,81.14,750,0.880,103200,30.0,44.0,52.0,YES,UNKNOWN_ANALYSIS_IAQ81_VOC0.88ppm,23098.2,26,14.8,0.259,429
2026-08-02 20:27:41,31.92,62.04,1005.00,81.14,750,0.880,103200,29.0,44.0,53.0,YES,UNKNOWN_ANALYSIS_IAQ81_VOC0.88ppm,23107.6,26,14.8,0.259,429
2026-08-02 20:27:51,31.92,62.04,1005.00,81.14,750,0.880,103200,30.0,44.0,54.0,YES,UNKNOWN_ANALYSIS_IAQ81_VOC0.88ppm,23118.0,26,14.8,0.259,429
2026-08-02 20:28:00,31.92,62.04,1005.00,81.14,750,0.880,103200,31.0,44.0,53.0,YES,UNKNOWN_ANALYSIS_IAQ81_VOC0.88ppm,23127.4,26,14.8,0.259,429
2026-08-02 20:28:11,31.88,62.07,1005.00,87.42,799,0.985,102400,30.0,44.0,53.0,YES,UNKNOWN_ANALYSIS_IAQ87_VOC0.98ppm,23137.9,26,14.8,0.259,429
2026-08-02 20:28:21,31.88,62.07,1005.00,87.42,799,0.985,102400,30.0,44.0,53.0,YES,UNKNOWN_ANALYSIS_IAQ87_VOC0.98ppm,23148.3,26,14.8,0.259,429
2026-08-02 20:28:31,31.88,62.07,1005.00,87.42,799,0.985,102400,31.0,44.0,52.0,YES,UNKNOWN_ANALYSIS_IAQ87_VOC0.98ppm,23157.7,26,14.8,0.259,429
📊 Z-scores: IAQ=10.93 VOC=15.95 CO2=27.57 GasDrop=10.05
2026-08-02 20:28:41,31.88,62.07,1005.00,87.42,799,0.985,102400,31.0,44.0,53.0,YES,UNKNOWN_ANALYSIS_IAQ87_VOC0.98ppm,23168.2,26,14.8,0.259,429
2026-08-02 20:28:51,31.88,62.07,1005.00,87.42,799,0.985,102400,31.0,44.0,55.0,YES,UNKNOWN_ANALYSIS_IAQ87_VOC0.98ppm,23177.6,26,14.8,0.259,429
2026-08-02 20:29:01,31.88,62.07,1005.00,87.42,799,0.985,102400,30.0,44.0,55.0,YES,UNKNOWN_ANALYSIS_IAQ87_VOC0.98ppm,23188.0,26,14.8,0.259,429
2026-08-02 20:29:10,31.88,62.07,1005.00,87.42,799,0.985,102400,29.0,43.0,54.0,YES,UNKNOWN_ANALYSIS_IAQ87_VOC0.98ppm,23197.4,26,14.8,0.259,429
2026-08-02 20:29:21,31.88,62.07,1005.00,87.42,799,0.985,102400,30.0,43.0,55.0,YES,UNKNOWN_ANALYSIS_IAQ87_VOC0.98ppm,23207.9,26,14.8,0.259,429
2026-08-02 20:29:31,31.88,62.07,1005.00,87.42,799,0.985,102400,30.0,43.0,54.0,YES,UNKNOWN_ANALYSIS_IAQ87_VOC0.98ppm,23218.3,26,14.8,0.259,429
2026-08-02 20:29:41,31.88,62.07,1005.00,87.42,799,0.985,102400,29.0,43.0,54.0,YES,UNKNOWN_ANALYSIS_IAQ87_VOC0.98ppm,23227.7,26,14.8,0.259,429
📊 Z-scores: IAQ=10.93 VOC=15.95 CO2=27.57 GasDrop=10.05
2026-08-02 20:29:51,31.88,62.07,1005.00,87.42,799,0.985,102400,30.0,43.0,55.0,YES,UNKNOWN_ANALYSIS_IAQ87_VOC0.98ppm,23238.2,26,14.8,0.259,429
2026-08-02 20:30:01,31.88,62.07,1005.00,87.42,799,0.985,102400,29.0,43.0,54.0,YES,UNKNOWN_ANALYSIS_IAQ87_VOC0.98ppm,23247.6,26,14.8,0.259,429
2026-08-02 20:30:11,31.88,62.07,1005.00,87.42,799,0.985,102400,29.0,43.0,54.0,YES,UNKNOWN_ANALYSIS_IAQ87_VOC0.98ppm,23258.0,26,14.8,0.259,429
2026-08-02 20:30:21,31.88,62.07,1005.00,87.42,799,0.985,102400,30.0,45.0,55.0,YES,UNKNOWN_ANALYSIS_IAQ87_VOC0.98ppm,23268.5,26,14.8,0.259,429
2026-08-02 20:30:31,31.88,62.07,1005.00,87.42,799,0.985,102400,30.0,44.0,53.0,YES,UNKNOWN_ANALYSIS_IAQ87_VOC0.98ppm,23277.9,26,14.8,0.259,429
2026-08-02 20:30:41,31.88,62.07,1005.00,87.42,799,0.985,102400,30.0,43.0,52.0,YES,UNKNOWN_ANALYSIS_IAQ87_VOC0.98ppm,23288.4,26,14.8,0.259,429
2026-08-02 20:30:51,31.88,62.07,1005.00,87.42,799,0.985,102400,30.0,43.0,53.0,YES,UNKNOWN_ANALYSIS_IAQ87_VOC0.98ppm,23297.8,26,14.8,0.259,429
📊 Z-scores: IAQ=10.93 VOC=15.95 CO2=27.57 GasDrop=10.05
2026-08-02 20:31:01,31.88,62.07,1005.00,87.42,799,0.985,102400,30.0,44.0,53.0,YES,UNKNOWN_ANALYSIS_IAQ87_VOC0.98ppm,23308.2,26,14.8,0.259,429
PMS7003: Timeout error
2026-08-02 20:31:12,31.88,62.07,1005.00,87.42,799,0.985,102400,30.0,44.0,53.0,YES,UNKNOWN_ANALYSIS_IAQ87_VOC0.98ppm,23318.6,26,14.8,0.259,429
2026-08-02 20:31:21,31.88,62.07,1005.00,87.42,799,0.985,102400,30.0,42.0,54.0,YES,UNKNOWN_ANALYSIS_IAQ87_VOC0.98ppm,23328.1,26,14.8,0.259,429
2026-08-02 20:31:31,31.88,62.07,1005.00,87.42,799,0.985,102400,30.0,42.0,55.0,YES,UNKNOWN_ANALYSIS_IAQ87_VOC0.98ppm,23338.5,26,14.8,0.259,429
2026-08-02 20:31:41,31.88,62.07,1005.00,87.42,799,0.985,102400,30.0,43.0,53.0,YES,UNKNOWN_ANALYSIS_IAQ87_VOC0.98ppm,23347.9,26,14.8,0.259,429
2026-08-02 20:31:51,31.88,62.07,1005.00,87.42,799,0.985,102400,30.0,43.0,52.0,YES,UNKNOWN_ANALYSIS_IAQ87_VOC0.98ppm,23358.4,26,14.8,0.259,429
2026-08-02 20:32:01,31.88,62.07,1005.00,87.42,799,0.985,102400,31.0,44.0,53.0,YES,UNKNOWN_ANALYSIS_IAQ87_VOC0.98ppm,23367.8,26,14.8,0.259,429
📊 Z-scores: IAQ=10.93 VOC=15.95 CO2=27.57 GasDrop=10.05
2026-08-02 20:32:11,31.88,62.07,1005.00,87.42,799,0.985,102400,30.0,43.0,52.0,YES,UNKNOWN_ANALYSIS_IAQ87_VOC0.98ppm,23378.2,26,14.8,0.259,429
2026-08-02 20:32:22,31.88,62.07,1005.00,87.42,799,0.985,102400,30.0,43.0,53.0,YES,UNKNOWN_ANALYSIS_IAQ87_VOC0.98ppm,23388.7,26,14.8,0.259,429
2026-08-02 20:32:31,31.88,62.07,1005.00,87.42,799,0.985,102400,28.0,42.0,53.0,YES,UNKNOWN_ANALYSIS_IAQ87_VOC0.98ppm,23398.1,26,14.8,0.259,429
2026-08-02 20:32:41,31.88,62.07,1005.00,87.42,799,0.985,102400,29.0,44.0,55.0,YES,UNKNOWN_ANALYSIS_IAQ87_VOC0.98ppm,23408.5,26,14.8,0.259,429
2026-08-02 20:32:51,31.88,62.07,1005.00,87.42,799,0.985,102400,28.0,43.0,52.0,YES,UNKNOWN_ANALYSIS_IAQ87_VOC0.98ppm,23417.9,26,14.8,0.259,429
2026-08-02 20:33:01,31.88,62.07,1005.00,87.42,799,0.985,102400,30.0,44.0,53.0,YES,UNKNOWN_ANALYSIS_IAQ87_VOC0.98ppm,23428.4,26,14.8,0.259,429
📊 Z-scores: IAQ=12.13 VOC=19.24 CO2=32.22 GasDrop=10.19
2026-08-02 20:33:12,31.88,62.07,1005.00,95.40,861,1.135,101300,30.0,43.0,52.0,YES,UNKNOWN_ANALYSIS_IAQ95_VOC1.13ppm,23438.8,26,14.8,0.259,429
2026-08-02 20:33:21,31.88,62.07,1005.00,95.40,861,1.135,101300,30.0,43.0,52.0,YES,UNKNOWN_ANALYSIS_IAQ95_VOC1.13ppm,23448.2,26,14.8,0.259,429
2026-08-02 20:33:32,31.88,62.07,1005.00,95.40,861,1.135,101300,30.0,42.0,50.0,YES,UNKNOWN_ANALYSIS_IAQ95_VOC1.13ppm,23458.7,26,14.8,0.259,429
2026-08-02 20:33:41,31.88,62.07,1005.00,95.40,861,1.135,101300,31.0,44.0,52.0,YES,UNKNOWN_ANALYSIS_IAQ95_VOC1.13ppm,23468.1,26,14.8,0.259,429
2026-08-02 20:33:51,31.88,62.07,1005.00,95.40,861,1.135,101300,30.0,43.0,51.0,YES,UNKNOWN_ANALYSIS_IAQ95_VOC1.13ppm,23478.5,26,14.8,0.259,429
2026-08-02 20:34:02,31.88,62.07,1005.00,95.40,861,1.135,101300,30.0,42.0,52.0,YES,UNKNOWN_ANALYSIS_IAQ95_VOC1.13ppm,23489.0,26,14.8,0.259,429
2026-08-02 20:34:11,31.88,62.07,1005.00,95.40,861,1.135,101300,30.0,43.0,54.0,YES,UNKNOWN_ANALYSIS_IAQ95_VOC1.13ppm,23498.4,26,14.8,0.259,429
📊 Z-scores: IAQ=12.13 VOC=19.24 CO2=32.22 GasDrop=10.19
2026-08-02 20:34:22,31.88,62.07,1005.00,95.40,861,1.135,101300,31.0,43.0,53.0,YES,UNKNOWN_ANALYSIS_IAQ95_VOC1.13ppm,23508.8,26,14.8,0.259,429
2026-08-02 20:34:31,31.88,62.07,1005.00,95.40,861,1.135,101300,29.0,42.0,53.0,YES,UNKNOWN_ANALYSIS_IAQ95_VOC1.13ppm,23518.2,26,14.8,0.259,429
2026-08-02 20:34:42,31.88,62.07,1005.00,95.40,861,1.135,101300,28.0,42.0,52.0,YES,UNKNOWN_ANALYSIS_IAQ95_VOC1.13ppm,23528.7,26,14.8,0.259,429
2026-08-02 20:34:52,31.88,62.07,1005.00,95.40,861,1.135,101300,28.0,42.0,52.0,YES,UNKNOWN_ANALYSIS_IAQ95_VOC1.13ppm,23539.1,26,14.8,0.259,429
2026-08-02 20:35:01,31.88,62.07,1005.00,95.40,861,1.135,101300,30.0,43.0,54.0,YES,UNKNOWN_ANALYSIS_IAQ95_VOC1.13ppm,23548.5,26,14.8,0.259,429
2026-08-02 20:35:12,31.88,62.07,1005.00,95.40,861,1.135,101300,30.0,44.0,53.0,YES,UNKNOWN_ANALYSIS_IAQ95_VOC1.13ppm,23559.0,26,14.8,0.259,429
2026-08-02 20:35:21,31.88,62.07,1005.00,95.40,861,1.135,101300,28.0,42.0,52.0,YES,UNKNOWN_ANALYSIS_IAQ95_VOC1.13ppm,23568.4,26,14.8,0.259,429
📊 Z-scores: IAQ=12.13 VOC=19.24 CO2=32.22 GasDrop=10.19
2026-08-02 20:35:32,31.88,62.07,1005.00,95.40,861,1.135,101300,29.0,42.0,52.0,YES,UNKNOWN_ANALYSIS_IAQ95_VOC1.13ppm,23578.8,26,14.8,0.259,429
PMS7003: Timeout error
2026-08-02 20:35:42,31.88,62.07,1005.00,95.40,861,1.135,101300,29.0,42.0,52.0,YES,UNKNOWN_ANALYSIS_IAQ95_VOC1.13ppm,23589.2,26,14.8,0.259,429
2026-08-02 20:35:52,31.88,62.07,1005.00,95.40,861,1.135,101300,30.0,44.0,52.0,YES,UNKNOWN_ANALYSIS_IAQ95_VOC1.13ppm,23598.7,26,14.8,0.259,429
2026-08-02 20:36:02,31.88,62.07,1005.00,95.40,861,1.135,101300,30.0,43.0,53.0,YES,UNKNOWN_ANALYSIS_IAQ95_VOC1.13ppm,23609.1,26,14.8,0.259,429
2026-08-02 20:36:11,31.88,62.07,1005.00,95.40,861,1.135,101300,31.0,44.0,53.0,YES,UNKNOWN_ANALYSIS_IAQ95_VOC1.13ppm,23618.5,26,14.8,0.259,429
2026-08-02 20:36:22,31.88,62.07,1005.00,95.40,861,1.135,101300,30.0,43.0,52.0,YES,UNKNOWN_ANALYSIS_IAQ95_VOC1.13ppm,23629.0,26,14.8,0.259,429
2026-08-02 20:36:31,31.88,62.07,1005.00,95.40,861,1.135,101300,30.0,44.0,53.0,YES,UNKNOWN_ANALYSIS_IAQ95_VOC1.13ppm,23638.4,26,14.8,0.259,429
📊 Z-scores: IAQ=12.13 VOC=19.24 CO2=32.22 GasDrop=10.19
2026-08-02 20:36:42,31.88,62.07,1005.00,95.40,861,1.135,101300,29.0,42.0,52.0,YES,UNKNOWN_ANALYSIS_IAQ95_VOC1.13ppm,23648.8,26,14.8,0.259,429
2026-08-02 20:36:52,31.88,62.07,1005.00,95.40,861,1.135,101300,30.0,44.0,55.0,YES,UNKNOWN_ANALYSIS_IAQ95_VOC1.13ppm,23659.3,26,14.8,0.259,429
2026-08-02 20:37:02,31.88,62.07,1005.00,95.40,861,1.135,101300,30.0,43.0,52.0,YES,UNKNOWN_ANALYSIS_IAQ95_VOC1.13ppm,23668.7,26,14.8,0.259,429
2026-08-02 20:37:12,31.88,62.07,1005.00,95.40,861,1.135,101300,29.0,42.0,53.0,YES,UNKNOWN_ANALYSIS_IAQ95_VOC1.13ppm,23679.2,26,14.8,0.259,429
2026-08-02 20:37:21,31.88,62.07,1005.00,95.40,861,1.135,101300,29.0,42.0,52.0,YES,UNKNOWN_ANALYSIS_IAQ95_VOC1.13ppm,23688.6,26,14.8,0.259,429
2026-08-02 20:37:32,31.88,62.07,1005.00,95.40,861,1.135,101300,29.0,42.0,53.0,YES,UNKNOWN_ANALYSIS_IAQ95_VOC1.13ppm,23699.0,26,14.8,0.259,429
2026-08-02 20:37:41,31.88,62.07,1005.00,95.40,861,1.135,101300,30.0,44.0,55.0,YES,UNKNOWN_ANALYSIS_IAQ95_VOC1.13ppm,23708.4,26,14.8,0.259,429
📊 Z-scores: IAQ=12.13 VOC=19.24 CO2=32.22 GasDrop=10.19
2026-08-02 20:37:52,31.88,62.07,1005.00,95.40,861,1.135,101300,29.0,43.0,53.0,YES,UNKNOWN_ANALYSIS_IAQ95_VOC1.13ppm,23718.9,26,14.8,0.259,429
2026-08-02 20:38:02,31.88,62.07,1005.00,95.40,861,1.135,101300,30.0,43.0,53.0,YES,UNKNOWN_ANALYSIS_IAQ95_VOC1.13ppm,23729.3,26,14.8,0.259,429
2026-08-02 20:38:12,31.86,62.07,1005.00,97.95,880,1.184,101000,30.0,42.0,52.0,YES,UNKNOWN_ANALYSIS_IAQ98_VOC1.18ppm,23738.7,26,14.8,0.259,429
2026-08-02 20:38:22,31.86,62.07,1005.00,97.95,880,1.184,101000,30.0,44.0,53.0,YES,UNKNOWN_ANALYSIS_IAQ98_VOC1.18ppm,23749.2,26,14.8,0.259,429
2026-08-02 20:38:32,31.86,62.07,1005.00,97.95,880,1.184,101000,29.0,43.0,52.0,YES,UNKNOWN_ANALYSIS_IAQ98_VOC1.18ppm,23758.6,26,14.8,0.259,429
2026-08-02 20:38:42,31.86,62.07,1005.00,97.95,880,1.184,101000,31.0,44.0,53.0,YES,UNKNOWN_ANALYSIS_IAQ98_VOC1.18ppm,23769.0,26,14.8,0.259,429
📊 Z-scores: IAQ=12.52 VOC=20.34 CO2=33.64 GasDrop=10.23
2026-08-02 20:38:52,31.86,62.07,1005.00,97.95,880,1.184,101000,30.0,44.0,55.0,YES,UNKNOWN_ANALYSIS_IAQ98_VOC1.18ppm,23779.5,26,14.8,0.259,429
2026-08-02 20:39:02,31.86,62.07,1005.00,97.95,880,1.184,101000,29.0,43.0,54.0,YES,UNKNOWN_ANALYSIS_IAQ98_VOC1.18ppm,23788.9,26,14.8,0.259,429
2026-08-02 20:39:12,31.86,62.07,1005.00,97.95,880,1.184,101000,29.0,42.0,52.0,YES,UNKNOWN_ANALYSIS_IAQ98_VOC1.18ppm,23799.3,26,14.8,0.259,429
2026-08-02 20:39:22,31.86,62.07,1005.00,97.95,880,1.184,101000,30.0,43.0,52.0,YES,UNKNOWN_ANALYSIS_IAQ98_VOC1.18ppm,23808.7,26,14.8,0.259,429
2026-08-02 20:39:32,31.86,62.07,1005.00,97.95,880,1.184,101000,30.0,44.0,53.0,YES,UNKNOWN_ANALYSIS_IAQ98_VOC1.18ppm,23819.2,26,14.8,0.259,429
PMS7003: Timeout error
2026-08-02 20:39:43,31.86,62.07,1005.00,97.95,880,1.184,101000,30.0,44.0,53.0,YES,UNKNOWN_ANALYSIS_IAQ98_VOC1.18ppm,23829.6,26,14.8,0.259,429
2026-08-02 20:39:52,31.86,62.07,1005.00,97.95,880,1.184,101000,29.0,42.0,51.0,YES,UNKNOWN_ANALYSIS_IAQ98_VOC1.18ppm,23839.0,26,14.8,0.259,429
📊 Z-scores: IAQ=12.52 VOC=20.34 CO2=33.64 GasDrop=10.23
2026-08-02 20:40:02,31.86,62.07,1005.00,97.95,880,1.184,101000,30.0,44.0,52.0,YES,UNKNOWN_ANALYSIS_IAQ98_VOC1.18ppm,23849.5,26,14.8,0.259,429
2026-08-02 20:40:12,31.86,62.07,1005.00,97.95,880,1.184,101000,30.0,44.0,53.0,YES,UNKNOWN_ANALYSIS_IAQ98_VOC1.18ppm,23858.9,26,14.8,0.259,429
2026-08-02 20:40:22,31.86,62.07,1005.00,97.95,880,1.184,101000,30.0,44.0,52.0,YES,UNKNOWN_ANALYSIS_IAQ98_VOC1.18ppm,23869.3,26,14.8,0.259,429
2026-08-02 20:40:33,31.86,62.07,1005.00,97.95,880,1.184,101000,29.0,42.0,50.0,YES,UNKNOWN_ANALYSIS_IAQ98_VOC1.18ppm,23879.8,26,14.8,0.259,429
2026-08-02 20:40:42,31.86,62.07,1005.00,97.95,880,1.184,101000,29.0,42.0,51.0,YES,UNKNOWN_ANALYSIS_IAQ98_VOC1.18ppm,23889.2,26,14.8,0.259,429
2026-08-02 20:40:53,31.86,62.07,1005.00,97.95,880,1.184,101000,29.0,42.0,51.0,YES,UNKNOWN_ANALYSIS_IAQ98_VOC1.18ppm,23899.6,26,14.8,0.259,429
2026-08-02 20:41:02,31.86,62.07,1005.00,97.95,880,1.184,101000,29.0,42.0,51.0,YES,UNKNOWN_ANALYSIS_IAQ98_VOC1.18ppm,23909.0,26,14.8,0.259,429
📊 Z-scores: IAQ=12.52 VOC=20.34 CO2=33.64 GasDrop=10.23
2026-08-02 20:41:12,31.86,62.07,1005.00,97.95,880,1.184,101000,30.0,44.0,52.0,YES,UNKNOWN_ANALYSIS_IAQ98_VOC1.18ppm,23919.5,26,14.8,0.259,429
2026-08-02 20:41:22,31.86,62.07,1005.00,97.95,880,1.184,101000,30.0,43.0,52.0,YES,UNKNOWN_ANALYSIS_IAQ98_VOC1.18ppm,23928.9,26,14.8,0.259,429
2026-08-02 20:41:32,31.86,62.07,1005.00,97.95,880,1.184,101000,29.0,42.0,51.0,YES,UNKNOWN_ANALYSIS_IAQ98_VOC1.18ppm,23939.3,26,14.8,0.259,429
2026-08-02 20:41:43,31.86,62.07,1005.00,97.95,880,1.184,101000,29.0,42.0,51.0,YES,UNKNOWN_ANALYSIS_IAQ98_VOC1.18ppm,23949.8,26,14.8,0.259,429
2026-08-02 20:41:52,31.86,62.07,1005.00,97.95,880,1.184,101000,29.0,41.0,51.0,YES,UNKNOWN_ANALYSIS_IAQ98_VOC1.18ppm,23959.2,26,14.8,0.259,429
2026-08-02 20:42:03,31.86,62.07,1005.00,97.95,880,1.184,101000,30.0,42.0,52.0,YES,UNKNOWN_ANALYSIS_IAQ98_VOC1.18ppm,23969.6,26,14.8,0.259,429
2026-08-02 20:42:12,31.86,62.07,1005.00,97.95,880,1.184,101000,29.0,41.0,50.0,YES,UNKNOWN_ANALYSIS_IAQ98_VOC1.18ppm,23979.0,26,14.8,0.259,429
📊 Z-scores: IAQ=12.52 VOC=20.34 CO2=33.64 GasDrop=10.23
2026-08-02 20:42:22,31.86,62.07,1005.00,97.95,880,1.184,101000,28.0,42.0,52.0,YES,UNKNOWN_ANALYSIS_IAQ98_VOC1.18ppm,23989.5,26,14.8,0.259,429
2026-08-02 20:42:33,31.86,62.07,1005.00,97.95,880,1.184,101000,28.0,41.0,51.0,YES,UNKNOWN_ANALYSIS_IAQ98_VOC1.18ppm,23999.9,26,14.8,0.259,429
2026-08-02 20:42:42,31.86,62.07,1005.00,97.95,880,1.184,101000,29.0,42.0,50.0,YES,UNKNOWN_ANALYSIS_IAQ98_VOC1.18ppm,24009.3,26,14.8,0.259,429
2026-08-02 20:42:53,31.86,62.07,1005.00,97.95,880,1.184,101000,29.0,42.0,51.0,YES,UNKNOWN_ANALYSIS_IAQ98_VOC1.18ppm,24019.8,26,14.8,0.259,429
2026-08-02 20:43:02,31.86,62.07,1005.00,97.95,880,1.184,101000,29.0,42.0,52.0,YES,UNKNOWN_ANALYSIS_IAQ98_VOC1.18ppm,24029.2,26,14.8,0.259,429
2026-08-02 20:43:13,31.87,62.06,1005.00,102.22,913,1.275,100400,29.0,42.0,52.0,YES,UNKNOWN_ANALYSIS_IAQ102_VOC1.27ppm,24039.6,26,14.8,0.259,429
2026-08-02 20:43:22,31.87,62.06,1005.00,102.22,913,1.275,100400,29.0,42.0,52.0,YES,UNKNOWN_ANALYSIS_IAQ102_VOC1.27ppm,24049.0,26,14.8,0.259,429
📊 Z-scores: IAQ=13.16 VOC=22.32 CO2=36.05 GasDrop=10.31
2026-08-02 20:43:32,31.87,62.06,1005.00,102.22,913,1.275,100400,30.0,43.0,52.0,YES,UNKNOWN_ANALYSIS_IAQ102_VOC1.27ppm,24059.5,26,14.8,0.259,429
2026-08-02 20:43:43,31.87,62.06,1005.00,102.22,913,1.275,100400,28.0,42.0,51.0,YES,UNKNOWN_ANALYSIS_IAQ102_VOC1.27ppm,24069.9,26,14.8,0.259,429
2026-08-02 20:43:52,31.87,62.06,1005.00,102.22,913,1.275,100400,29.0,42.0,51.0,YES,UNKNOWN_ANALYSIS_IAQ102_VOC1.27ppm,24079.3,26,14.8,0.259,429
2026-08-02 20:44:03,31.87,62.06,1005.00,102.22,913,1.275,100400,30.0,42.0,51.0,YES,UNKNOWN_ANALYSIS_IAQ102_VOC1.27ppm,24089.8,26,14.8,0.259,429
2026-08-02 20:44:12,31.87,62.06,1005.00,102.22,913,1.275,100400,29.0,42.0,50.0,YES,UNKNOWN_ANALYSIS_IAQ102_VOC1.27ppm,24099.2,26,14.8,0.259,429
2026-08-02 20:44:23,31.87,62.06,1005.00,102.22,913,1.275,100400,30.0,42.0,50.0,YES,UNKNOWN_ANALYSIS_IAQ102_VOC1.27ppm,24109.6,26,14.8,0.259,429
📊 Z-scores: IAQ=13.16 VOC=22.32 CO2=36.05 GasDrop=10.31
2026-08-02 20:44:33,31.87,62.06,1005.00,102.22,913,1.275,100400,30.0,44.0,53.0,YES,UNKNOWN_ANALYSIS_IAQ102_VOC1.27ppm,24120.1,26,14.8,0.259,429
2026-08-02 20:44:42,31.87,62.06,1005.00,102.22,913,1.275,100400,29.0,43.0,52.0,YES,UNKNOWN_ANALYSIS_IAQ102_VOC1.27ppm,24129.5,26,14.8,0.259,429
2026-08-02 20:44:53,31.87,62.06,1005.00,102.22,913,1.275,100400,30.0,45.0,54.0,YES,UNKNOWN_ANALYSIS_IAQ102_VOC1.27ppm,24139.9,26,14.8,0.259,429
2026-08-02 20:45:02,31.87,62.06,1005.00,102.22,913,1.275,100400,30.0,44.0,53.0,YES,UNKNOWN_ANALYSIS_IAQ102_VOC1.27ppm,24149.3,26,14.8,0.259,429
2026-08-02 20:45:13,31.87,62.06,1005.00,102.22,913,1.275,100400,30.0,43.0,52.0,YES,UNKNOWN_ANALYSIS_IAQ102_VOC1.27ppm,24159.8,26,14.8,0.259,429
2026-08-02 20:45:23,31.87,62.06,1005.00,102.22,913,1.275,100400,30.0,44.0,52.0,YES,UNKNOWN_ANALYSIS_IAQ102_VOC1.27ppm,24170.2,26,14.8,0.259,429
2026-08-02 20:45:33,31.87,62.06,1005.00,102.22,913,1.275,100400,30.0,43.0,52.0,YES,UNKNOWN_ANALYSIS_IAQ102_VOC1.27ppm,24179.6,26,14.8,0.259,429
📊 Z-scores: IAQ=13.16 VOC=22.32 CO2=36.05 GasDrop=10.31
2026-08-02 20:45:43,31.87,62.06,1005.00,102.22,913,1.275,100400,30.0,43.0,53.0,YES,UNKNOWN_ANALYSIS_IAQ102_VOC1.27ppm,24190.1,26,14.8,0.259,429
2026-08-02 20:45:52,31.87,62.06,1005.00,102.22,913,1.275,100400,29.0,42.0,52.0,YES,UNKNOWN_ANALYSIS_IAQ102_VOC1.27ppm,24199.5,26,14.8,0.259,429
2026-08-02 20:46:03,31.87,62.06,1005.00,102.22,913,1.275,100400,29.0,42.0,52.0,YES,UNKNOWN_ANALYSIS_IAQ102_VOC1.27ppm,24209.9,26,14.8,0.259,429
2026-08-02 20:46:12,31.87,62.06,1005.00,102.22,913,1.275,100400,29.0,42.0,51.0,YES,UNKNOWN_ANALYSIS_IAQ102_VOC1.27ppm,24219.3,26,14.8,0.259,429
2026-08-02 20:46:23,31.87,62.06,1005.00,102.22,913,1.275,100400,28.0,41.0,50.0,YES,UNKNOWN_ANALYSIS_IAQ102_VOC1.27ppm,24229.8,26,14.8,0.259,429
2026-08-02 20:46:33,31.87,62.06,1005.00,102.22,913,1.275,100400,29.0,42.0,50.0,YES,UNKNOWN_ANALYSIS_IAQ102_VOC1.27ppm,24240.2,26,14.8,0.259,429
2026-08-02 20:46:43,31.87,62.06,1005.00,102.22,913,1.275,100400,29.0,41.0,49.0,YES,UNKNOWN_ANALYSIS_IAQ102_VOC1.27ppm,24249.6,26,14.8,0.259,429
📊 Z-scores: IAQ=13.16 VOC=22.32 CO2=36.05 GasDrop=10.31
2026-08-02 20:46:53,31.87,62.06,1005.00,102.22,913,1.275,100400,29.0,42.0,50.0,YES,UNKNOWN_ANALYSIS_IAQ102_VOC1.27ppm,24260.1,26,14.8,0.259,429
2026-08-02 20:47:02,31.87,62.06,1005.00,102.22,913,1.275,100400,29.0,43.0,51.0,YES,UNKNOWN_ANALYSIS_IAQ102_VOC1.27ppm,24269.5,26,14.8,0.259,429
2026-08-02 20:47:13,31.87,62.06,1005.00,102.22,913,1.275,100400,28.0,42.0,50.0,YES,UNKNOWN_ANALYSIS_IAQ102_VOC1.27ppm,24279.9,26,14.8,0.259,429
2026-08-02 20:47:23,31.87,62.06,1005.00,102.22,913,1.275,100400,29.0,42.0,49.0,YES,UNKNOWN_ANALYSIS_IAQ102_VOC1.27ppm,24290.4,26,14.8,0.259,429
2026-08-02 20:47:33,31.87,62.06,1005.00,102.22,913,1.275,100400,28.0,40.0,49.0,YES,UNKNOWN_ANALYSIS_IAQ102_VOC1.27ppm,24299.8,26,14.8,0.259,429
2026-08-02 20:47:43,31.87,62.06,1005.00,102.22,913,1.275,100400,29.0,43.0,52.0,YES,UNKNOWN_ANALYSIS_IAQ102_VOC1.27ppm,24310.2,26,14.8,0.259,429
2026-08-02 20:47:53,31.87,62.06,1005.00,102.22,913,1.275,100400,29.0,43.0,52.0,YES,UNKNOWN_ANALYSIS_IAQ102_VOC1.27ppm,24319.7,26,14.8,0.259,429
📊 Z-scores: IAQ=13.16 VOC=22.32 CO2=36.05 GasDrop=10.31
2026-08-02 20:48:03,31.87,62.06,1005.00,102.22,913,1.275,100400,28.0,42.0,51.0,YES,UNKNOWN_ANALYSIS_IAQ102_VOC1.27ppm,24330.1,26,14.8,0.259,429
2026-08-02 20:48:13,31.87,62.07,1005.00,105.11,934,1.338,100000,29.0,43.0,52.0,YES,UNKNOWN_ANALYSIS_IAQ105_VOC1.34ppm,24340.5,26,14.8,0.259,429
2026-08-02 20:48:23,31.87,62.07,1005.00,105.11,934,1.338,100000,28.0,41.0,51.0,YES,UNKNOWN_ANALYSIS_IAQ105_VOC1.34ppm,24350.0,26,14.8,0.259,429
2026-08-02 20:48:33,31.87,62.07,1005.00,105.11,934,1.338,100000,29.0,41.0,50.0,YES,UNKNOWN_ANALYSIS_IAQ105_VOC1.34ppm,24360.4,26,14.8,0.259,429
2026-08-02 20:48:43,31.87,62.07,1005.00,105.11,934,1.338,100000,29.0,42.0,50.0,YES,UNKNOWN_ANALYSIS_IAQ105_VOC1.34ppm,24369.8,26,14.8,0.259,429
2026-08-02 20:48:53,31.87,62.07,1005.00,105.11,934,1.338,100000,28.0,41.0,49.0,YES,UNKNOWN_ANALYSIS_IAQ105_VOC1.34ppm,24380.3,26,14.8,0.259,429
2026-08-02 20:49:03,31.87,62.07,1005.00,105.11,934,1.338,100000,28.0,41.0,51.0,YES,UNKNOWN_ANALYSIS_IAQ105_VOC1.34ppm,24389.7,26,14.8,0.259,429
📊 Z-scores: IAQ=13.59 VOC=23.71 CO2=37.64 GasDrop=10.36
2026-08-02 20:49:13,31.87,62.07,1005.00,105.11,934,1.338,100000,28.0,41.0,51.0,YES,UNKNOWN_ANALYSIS_IAQ105_VOC1.34ppm,24400.1,26,14.8,0.259,429
2026-08-02 20:49:23,31.87,62.07,1005.00,105.11,934,1.338,100000,29.0,42.0,51.0,YES,UNKNOWN_ANALYSIS_IAQ105_VOC1.34ppm,24410.6,26,14.8,0.259,429
2026-08-02 20:49:33,31.87,62.07,1005.00,105.11,934,1.338,100000,28.0,41.0,49.0,YES,UNKNOWN_ANALYSIS_IAQ105_VOC1.34ppm,24420.0,26,14.8,0.259,429
2026-08-02 20:49:43,31.87,62.07,1005.00,105.11,934,1.338,100000,28.0,41.0,50.0,YES,UNKNOWN_ANALYSIS_IAQ105_VOC1.34ppm,24430.4,26,14.8,0.259,429
2026-08-02 20:49:53,31.87,62.07,1005.00,105.11,934,1.338,100000,29.0,42.0,51.0,YES,UNKNOWN_ANALYSIS_IAQ105_VOC1.34ppm,24439.8,26,14.8,0.259,429
2026-08-02 20:50:03,31.87,62.07,1005.00,105.11,934,1.338,100000,28.0,41.0,50.0,YES,UNKNOWN_ANALYSIS_IAQ105_VOC1.34ppm,24450.3,26,14.8,0.259,429
2026-08-02 20:50:13,31.87,62.07,1005.00,105.11,934,1.338,100000,29.0,42.0,52.0,YES,UNKNOWN_ANALYSIS_IAQ105_VOC1.34ppm,24459.7,26,14.8,0.259,429
📊 Z-scores: IAQ=13.59 VOC=23.71 CO2=37.64 GasDrop=10.36
2026-08-02 20:50:23,31.87,62.07,1005.00,105.11,934,1.338,100000,29.0,43.0,52.0,YES,UNKNOWN_ANALYSIS_IAQ105_VOC1.34ppm,24470.1,26,14.8,0.259,429
2026-08-02 20:50:34,31.87,62.07,1005.00,105.11,934,1.338,100000,29.0,43.0,52.0,YES,UNKNOWN_ANALYSIS_IAQ105_VOC1.34ppm,24480.6,26,14.8,0.259,429
2026-08-02 20:50:43,31.87,62.07,1005.00,105.11,934,1.338,100000,28.0,42.0,51.0,YES,UNKNOWN_ANALYSIS_IAQ105_VOC1.34ppm,24490.0,26,14.8,0.259,429
2026-08-02 20:50:53,31.87,62.07,1005.00,105.11,934,1.338,100000,29.0,42.0,51.0,YES,UNKNOWN_ANALYSIS_IAQ105_VOC1.34ppm,24500.4,26,14.8,0.259,429
2026-08-02 20:51:03,31.87,62.07,1005.00,105.11,934,1.338,100000,28.0,41.0,50.0,YES,UNKNOWN_ANALYSIS_IAQ105_VOC1.34ppm,24509.8,26,14.8,0.259,429
2026-08-02 20:51:13,31.87,62.07,1005.00,105.11,934,1.338,100000,29.0,41.0,50.0,YES,UNKNOWN_ANALYSIS_IAQ105_VOC1.34ppm,24520.3,26,14.8,0.259,429
2026-08-02 20:51:23,31.87,62.07,1005.00,105.11,934,1.338,100000,29.0,42.0,50.0,YES,UNKNOWN_ANALYSIS_IAQ105_VOC1.34ppm,24529.7,26,14.8,0.259,429
📊 Z-scores: IAQ=13.59 VOC=23.71 CO2=37.64 GasDrop=10.36
2026-08-02 20:51:33,31.87,62.07,1005.00,105.11,934,1.338,100000,28.0,41.0,49.0,YES,UNKNOWN_ANALYSIS_IAQ105_VOC1.34ppm,24540.2,26,14.8,0.259,429
2026-08-02 20:51:44,31.87,62.07,1005.00,105.11,934,1.338,100000,29.0,43.0,51.0,YES,UNKNOWN_ANALYSIS_IAQ105_VOC1.34ppm,24550.6,26,14.8,0.259,429
2026-08-02 20:51:53,31.87,62.07,1005.00,105.11,934,1.338,100000,28.0,42.0,51.0,YES,UNKNOWN_ANALYSIS_IAQ105_VOC1.34ppm,24560.0,26,14.8,0.259,429
2026-08-02 20:52:03,31.87,62.07,1005.00,105.11,934,1.338,100000,29.0,42.0,52.0,YES,UNKNOWN_ANALYSIS_IAQ105_VOC1.34ppm,24570.5,26,14.8,0.259,429
2026-08-02 20:52:13,31.87,62.07,1005.00,105.11,934,1.338,100000,28.0,41.0,51.0,YES,UNKNOWN_ANALYSIS_IAQ105_VOC1.34ppm,24579.9,26,14.8,0.259,429
2026-08-02 20:52:23,31.87,62.07,1005.00,105.11,934,1.338,100000,28.0,41.0,49.0,YES,UNKNOWN_ANALYSIS_IAQ105_VOC1.34ppm,24590.3,26,14.8,0.259,429
📊 Z-scores: IAQ=13.59 VOC=23.71 CO2=37.64 GasDrop=10.36
2026-08-02 20:52:34,31.87,62.07,1005.00,105.11,934,1.338,100000,27.0,40.0,48.0,YES,UNKNOWN_ANALYSIS_IAQ105_VOC1.34ppm,24600.8,26,14.8,0.259,429
2026-08-02 20:52:43,31.87,62.07,1005.00,105.11,934,1.338,100000,28.0,41.0,49.0,YES,UNKNOWN_ANALYSIS_IAQ105_VOC1.34ppm,24610.2,26,14.8,0.259,429
2026-08-02 20:52:54,31.87,62.07,1005.00,105.11,934,1.338,100000,27.0,40.0,48.0,YES,UNKNOWN_ANALYSIS_IAQ105_VOC1.34ppm,24620.6,26,14.8,0.259,429
2026-08-02 20:53:03,31.87,62.07,1005.00,105.11,934,1.338,100000,28.0,41.0,49.0,YES,UNKNOWN_ANALYSIS_IAQ105_VOC1.34ppm,24630.0,26,14.8,0.259,429
2026-08-02 20:53:13,31.85,62.07,1005.00,108.47,959,1.416,99600,30.0,42.0,50.0,YES,UNKNOWN_ANALYSIS_IAQ108_VOC1.42ppm,24640.5,26,14.8,0.259,429
2026-08-02 20:53:24,31.85,62.07,1005.00,108.47,959,1.416,99600,30.0,42.0,51.0,YES,UNKNOWN_ANALYSIS_IAQ108_VOC1.42ppm,24650.9,26,14.8,0.259,429
2026-08-02 20:53:33,31.85,62.07,1005.00,108.47,959,1.416,99600,29.0,42.0,50.0,YES,UNKNOWN_ANALYSIS_IAQ108_VOC1.42ppm,24660.3,26,14.8,0.259,429
📊 Z-scores: IAQ=14.10 VOC=25.42 CO2=39.50 GasDrop=10.42
2026-08-02 20:53:44,31.85,62.07,1005.00,108.47,959,1.416,99600,29.0,42.0,49.0,YES,UNKNOWN_ANALYSIS_IAQ108_VOC1.42ppm,24670.8,26,14.8,0.259,429
2026-08-02 20:53:53,31.85,62.07,1005.00,108.47,959,1.416,99600,27.0,41.0,49.0,YES,UNKNOWN_ANALYSIS_IAQ108_VOC1.42ppm,24680.2,26,14.8,0.259,429
2026-08-02 20:54:04,31.85,62.07,1005.00,108.47,959,1.416,99600,29.0,42.0,50.0,YES,UNKNOWN_ANALYSIS_IAQ108_VOC1.42ppm,24690.6,26,14.8,0.259,429
2026-08-02 20:54:13,31.85,62.07,1005.00,108.47,959,1.416,99600,27.0,41.0,50.0,YES,UNKNOWN_ANALYSIS_IAQ108_VOC1.42ppm,24700.0,26,14.8,0.259,429
2026-08-02 20:54:23,31.85,62.07,1005.00,108.47,959,1.416,99600,28.0,41.0,49.0,YES,UNKNOWN_ANALYSIS_IAQ108_VOC1.42ppm,24710.5,26,14.8,0.259,429
2026-08-02 20:54:34,31.85,62.07,1005.00,108.47,959,1.416,99600,29.0,42.0,51.0,YES,UNKNOWN_ANALYSIS_IAQ108_VOC1.42ppm,24720.9,26,14.8,0.259,429
2026-08-02 20:54:43,31.85,62.07,1005.00,108.47,959,1.416,99600,29.0,42.0,50.0,YES,UNKNOWN_ANALYSIS_IAQ108_VOC1.42ppm,24730.3,26,14.8,0.259,429
📊 Z-scores: IAQ=14.10 VOC=25.42 CO2=39.50 GasDrop=10.42
2026-08-02 20:54:54,31.85,62.07,1005.00,108.47,959,1.416,99600,28.0,41.0,49.0,YES,UNKNOWN_ANALYSIS_IAQ108_VOC1.42ppm,24740.8,26,14.8,0.259,429
2026-08-02 20:55:03,31.85,62.07,1005.00,108.47,959,1.416,99600,28.0,41.0,49.0,YES,UNKNOWN_ANALYSIS_IAQ108_VOC1.42ppm,24750.2,26,14.8,0.259,429
2026-08-02 20:55:14,31.85,62.07,1005.00,108.47,959,1.416,99600,27.0,40.0,48.0,YES,UNKNOWN_ANALYSIS_IAQ108_VOC1.42ppm,24760.6,26,14.8,0.259,429
2026-08-02 20:55:24,31.85,62.07,1005.00,108.47,959,1.416,99600,28.0,41.0,50.0,YES,UNKNOWN_ANALYSIS_IAQ108_VOC1.42ppm,24771.1,26,14.8,0.259,429
2026-08-02 20:55:33,31.85,62.07,1005.00,108.47,959,1.416,99600,28.0,41.0,49.0,YES,UNKNOWN_ANALYSIS_IAQ108_VOC1.42ppm,24780.5,26,14.8,0.259,429
2026-08-02 20:55:44,31.85,62.07,1005.00,108.47,959,1.416,99600,28.0,41.0,49.0,YES,UNKNOWN_ANALYSIS_IAQ108_VOC1.42ppm,24790.9,26,14.8,0.259,429
2026-08-02 20:55:53,31.85,62.07,1005.00,108.47,959,1.416,99600,30.0,42.0,50.0,YES,UNKNOWN_ANALYSIS_IAQ108_VOC1.42ppm,24800.3,26,14.8,0.259,429
📊 Z-scores: IAQ=14.10 VOC=25.42 CO2=39.50 GasDrop=10.42
2026-08-02 20:56:04,31.85,62.07,1005.00,108.47,959,1.416,99600,30.0,41.0,50.0,YES,UNKNOWN_ANALYSIS_IAQ108_VOC1.42ppm,24810.8,26,14.8,0.259,429
2026-08-02 20:56:14,31.85,62.07,1005.00,108.47,959,1.416,99600,29.0,40.0,49.0,YES,UNKNOWN_ANALYSIS_IAQ108_VOC1.42ppm,24821.2,26,14.8,0.259,429
2026-08-02 20:56:24,31.85,62.07,1005.00,108.47,959,1.416,99600,28.0,40.0,49.0,YES,UNKNOWN_ANALYSIS_IAQ108_VOC1.42ppm,24830.6,26,14.8,0.259,429
2026-08-02 20:56:34,31.85,62.07,1005.00,108.47,959,1.416,99600,28.0,41.0,49.0,YES,UNKNOWN_ANALYSIS_IAQ108_VOC1.42ppm,24841.1,26,14.8,0.259,429
2026-08-02 20:56:43,31.85,62.07,1005.00,108.47,959,1.416,99600,27.0,40.0,49.0,YES,UNKNOWN_ANALYSIS_IAQ108_VOC1.42ppm,24850.5,26,14.8,0.259,429
2026-08-02 20:56:54,31.85,62.07,1005.00,108.47,959,1.416,99600,27.0,40.0,49.0,YES,UNKNOWN_ANALYSIS_IAQ108_VOC1.42ppm,24860.9,26,14.8,0.259,429
2026-08-02 20:57:03,31.85,62.07,1005.00,108.47,959,1.416,99600,29.0,41.0,50.0,YES,UNKNOWN_ANALYSIS_IAQ108_VOC1.42ppm,24870.3,26,14.8,0.259,429
📊 Z-scores: IAQ=14.10 VOC=25.42 CO2=39.50 GasDrop=10.42
2026-08-02 20:57:14,31.85,62.07,1005.00,108.47,959,1.416,99600,29.0,42.0,50.0,YES,UNKNOWN_ANALYSIS_IAQ108_VOC1.42ppm,24880.8,26,14.8,0.259,429
2026-08-02 20:57:24,31.85,62.07,1005.00,108.47,959,1.416,99600,29.0,41.0,49.0,YES,UNKNOWN_ANALYSIS_IAQ108_VOC1.42ppm,24891.2,26,14.8,0.259,429
2026-08-02 20:57:34,31.85,62.07,1005.00,108.47,959,1.416,99600,29.0,42.0,51.0,YES,UNKNOWN_ANALYSIS_IAQ108_VOC1.42ppm,24900.6,26,14.8,0.259,429
2026-08-02 20:57:44,31.85,62.07,1005.00,108.47,959,1.416,99600,29.0,42.0,52.0,YES,UNKNOWN_ANALYSIS_IAQ108_VOC1.42ppm,24911.1,26,14.8,0.259,429
2026-08-02 20:57:53,31.85,62.07,1005.00,108.47,959,1.416,99600,29.0,41.0,51.0,YES,UNKNOWN_ANALYSIS_IAQ108_VOC1.42ppm,24920.5,26,14.8,0.259,429
2026-08-02 20:58:04,31.85,62.07,1005.00,108.47,959,1.416,99600,28.0,42.0,50.0,YES,UNKNOWN_ANALYSIS_IAQ108_VOC1.42ppm,24930.9,26,14.8,0.259,429
📊 Z-scores: IAQ=14.56 VOC=27.02 CO2=41.15 GasDrop=10.47
2026-08-02 20:58:14,31.84,62.10,1005.00,111.50,981,1.488,99200,28.0,41.0,49.0,YES,UNKNOWN_ANALYSIS_IAQ112_VOC1.49ppm,24941.4,26,14.8,0.259,429
2026-08-02 20:58:24,31.84,62.10,1005.00,111.50,981,1.488,99200,27.0,40.0,48.0,YES,UNKNOWN_ANALYSIS_IAQ112_VOC1.49ppm,24950.8,26,14.8,0.259,429
2026-08-02 20:58:34,31.84,62.10,1005.00,111.50,981,1.488,99200,27.0,41.0,49.0,YES,UNKNOWN_ANALYSIS_IAQ112_VOC1.49ppm,24961.2,26,14.8,0.259,429
2026-08-02 20:58:44,31.84,62.10,1005.00,111.50,981,1.488,99200,27.0,41.0,51.0,YES,UNKNOWN_ANALYSIS_IAQ112_VOC1.49ppm,24970.7,26,14.8,0.259,429
2026-08-02 20:58:54,31.84,62.10,1005.00,111.50,981,1.488,99200,27.0,40.0,51.0,YES,UNKNOWN_ANALYSIS_IAQ112_VOC1.49ppm,24981.1,26,14.8,0.259,429
2026-08-02 20:59:04,31.84,62.10,1005.00,111.50,981,1.488,99200,27.0,40.0,51.0,YES,UNKNOWN_ANALYSIS_IAQ112_VOC1.49ppm,24991.5,26,14.8,0.259,429
2026-08-02 20:59:14,31.84,62.10,1005.00,111.50,981,1.488,99200,27.0,39.0,49.0,YES,UNKNOWN_ANALYSIS_IAQ112_VOC1.49ppm,25001.0,26,14.8,0.259,429
📊 Z-scores: IAQ=14.56 VOC=27.02 CO2=41.15 GasDrop=10.47
2026-08-02 20:59:24,31.84,62.10,1005.00,111.50,981,1.488,99200,28.0,41.0,49.0,YES,UNKNOWN_ANALYSIS_IAQ112_VOC1.49ppm,25011.4,26,14.8,0.259,429
2026-08-02 20:59:34,31.84,62.10,1005.00,111.50,981,1.488,99200,27.0,40.0,48.0,YES,UNKNOWN_ANALYSIS_IAQ112_VOC1.49ppm,25020.8,26,14.8,0.259,429
2026-08-02 20:59:44,31.84,62.10,1005.00,111.50,981,1.488,99200,28.0,42.0,50.0,YES,UNKNOWN_ANALYSIS_IAQ112_VOC1.49ppm,25031.3,26,14.8,0.259,429
2026-08-02 20:59:55,31.84,62.10,1005.00,111.50,981,1.488,99200,28.0,42.0,50.0,YES,UNKNOWN_ANALYSIS_IAQ112_VOC1.49ppm,25041.7,26,14.8,0.259,429
2026-08-02 21:00:04,31.84,62.10,1005.00,111.50,981,1.488,99200,28.0,42.0,52.0,YES,UNKNOWN_ANALYSIS_IAQ112_VOC1.49ppm,25051.1,26,14.8,0.259,429
2026-08-02 21:00:15,31.84,62.10,1005.00,111.50,981,1.488,99200,28.0,41.0,51.0,YES,UNKNOWN_ANALYSIS_IAQ112_VOC1.49ppm,25061.6,26,14.8,0.259,429
2026-08-02 21:00:24,31.84,62.10,1005.00,111.50,981,1.488,99200,28.0,42.0,51.0,YES,UNKNOWN_ANALYSIS_IAQ112_VOC1.49ppm,25071.0,26,14.8,0.259,429
📊 Z-scores: IAQ=14.56 VOC=27.02 CO2=41.15 GasDrop=10.47
2026-08-02 21:00:34,31.84,62.10,1005.00,111.50,981,1.488,99200,28.0,42.0,50.0,YES,UNKNOWN_ANALYSIS_IAQ112_VOC1.49ppm,25081.4,26,14.8,0.259,429
2026-08-02 21:00:44,31.84,62.10,1005.00,111.50,981,1.488,99200,27.0,40.0,49.0,YES,UNKNOWN_ANALYSIS_IAQ112_VOC1.49ppm,25090.8,26,14.8,0.259,429
2026-08-02 21:00:54,31.84,62.10,1005.00,111.50,981,1.488,99200,27.0,40.0,48.0,YES,UNKNOWN_ANALYSIS_IAQ112_VOC1.49ppm,25101.3,26,14.8,0.259,429
2026-08-02 21:01:05,31.84,62.10,1005.00,111.50,981,1.488,99200,29.0,41.0,49.0,YES,UNKNOWN_ANALYSIS_IAQ112_VOC1.49ppm,25111.7,26,14.8,0.259,429
2026-08-02 21:01:14,31.84,62.10,1005.00,111.50,981,1.488,99200,28.0,40.0,48.0,YES,UNKNOWN_ANALYSIS_IAQ112_VOC1.49ppm,25121.1,26,14.8,0.259,429
2026-08-02 21:01:25,31.84,62.10,1005.00,111.50,981,1.488,99200,28.0,41.0,52.0,YES,UNKNOWN_ANALYSIS_IAQ112_VOC1.49ppm,25131.6,26,14.8,0.259,429
2026-08-02 21:01:34,31.84,62.10,1005.00,111.50,981,1.488,99200,28.0,40.0,51.0,YES,UNKNOWN_ANALYSIS_IAQ112_VOC1.49ppm,25141.0,26,14.8,0.259,429
📊 Z-scores: IAQ=14.56 VOC=27.02 CO2=41.15 GasDrop=10.47
2026-08-02 21:01:44,31.84,62.10,1005.00,111.50,981,1.488,99200,28.0,41.0,50.0,YES,UNKNOWN_ANALYSIS_IAQ112_VOC1.49ppm,25151.4,26,14.8,0.259,429
2026-08-02 21:01:55,31.84,62.10,1005.00,111.50,981,1.488,99200,29.0,42.0,50.0,YES,UNKNOWN_ANALYSIS_IAQ112_VOC1.49ppm,25161.9,26,14.8,0.259,429
💾 Saved baseline: IAQ=15.4 VOC=0.263 CO2=430 Gas=177816
2026-08-02 21:02:04,31.84,62.10,1005.00,111.50,981,1.488,99200,28.0,42.0,50.0,YES,UNKNOWN_ANALYSIS_IAQ112_VOC1.49ppm,25171.3,26,14.8,0.259,429
2026-08-02 21:02:15,31.84,62.10,1005.00,111.50,981,1.488,99200,27.0,41.0,48.0,YES,UNKNOWN_ANALYSIS_IAQ112_VOC1.49ppm,25181.7,26,14.8,0.259,429
2026-08-02 21:02:24,31.84,62.10,1005.00,111.50,981,1.488,99200,28.0,42.0,49.0,YES,UNKNOWN_ANALYSIS_IAQ112_VOC1.49ppm,25191.1,26,14.8,0.259,429
2026-08-02 21:02:35,31.84,62.10,1005.00,111.50,981,1.488,99200,27.0,41.0,49.0,YES,UNKNOWN_ANALYSIS_IAQ112_VOC1.49ppm,25201.6,26,14.8,0.259,429
2026-08-02 21:02:44,31.84,62.10,1005.00,111.50,981,1.488,99200,27.0,42.0,50.0,YES,UNKNOWN_ANALYSIS_IAQ112_VOC1.49ppm,25211.0,26,14.8,0.259,429
📊 Z-scores: IAQ=14.56 VOC=27.02 CO2=41.15 GasDrop=10.47
2026-08-02 21:02:54,31.84,62.10,1005.00,111.50,981,1.488,99200,27.0,42.0,51.0,YES,UNKNOWN_ANALYSIS_IAQ112_VOC1.49ppm,25221.4,26,14.8,0.259,429
2026-08-02 21:03:05,31.84,62.10,1005.00,111.50,981,1.488,99200,28.0,42.0,49.0,YES,UNKNOWN_ANALYSIS_IAQ112_VOC1.49ppm,25231.9,26,14.8,0.259,429
2026-08-02 21:03:14,31.84,62.12,1005.00,112.94,991,1.521,99000,28.0,41.0,48.0,YES,UNKNOWN_ANALYSIS_IAQ113_VOC1.52ppm,25241.3,26,14.8,0.259,429
2026-08-02 21:03:25,31.84,62.12,1005.00,112.94,991,1.521,99000,28.0,40.0,49.0,YES,UNKNOWN_ANALYSIS_IAQ113_VOC1.52ppm,25251.7,26,14.8,0.259,429
2026-08-02 21:03:34,31.84,62.12,1005.00,112.94,991,1.521,99000,27.0,39.0,48.0,YES,UNKNOWN_ANALYSIS_IAQ113_VOC1.52ppm,25261.2,26,14.8,0.259,429
2026-08-02 21:03:45,31.84,62.12,1005.00,112.94,991,1.521,99000,27.0,39.0,48.0,YES,UNKNOWN_ANALYSIS_IAQ113_VOC1.52ppm,25271.6,26,14.8,0.259,429
📊 Z-scores: IAQ=14.77 VOC=27.73 CO2=41.86 GasDrop=10.50
2026-08-02 21:03:55,31.84,62.12,1005.00,112.94,991,1.521,99000,28.0,41.0,49.0,YES,UNKNOWN_ANALYSIS_IAQ113_VOC1.52ppm,25282.1,26,14.8,0.259,429
2026-08-02 21:04:04,31.84,62.12,1005.00,112.94,991,1.521,99000,27.0,40.0,49.0,YES,UNKNOWN_ANALYSIS_IAQ113_VOC1.52ppm,25291.5,26,14.8,0.259,429
2026-08-02 21:04:15,31.84,62.12,1005.00,112.94,991,1.521,99000,28.0,40.0,49.0,YES,UNKNOWN_ANALYSIS_IAQ113_VOC1.52ppm,25301.9,26,14.8,0.259,429
2026-08-02 21:04:24,31.84,62.12,1005.00,112.94,991,1.521,99000,28.0,40.0,48.0,YES,UNKNOWN_ANALYSIS_IAQ113_VOC1.52ppm,25311.3,26,14.8,0.259,429
2026-08-02 21:04:35,31.84,62.12,1005.00,112.94,991,1.521,99000,28.0,40.0,49.0,YES,UNKNOWN_ANALYSIS_IAQ113_VOC1.52ppm,25321.8,26,14.8,0.259,429
2026-08-02 21:04:45,31.84,62.12,1005.00,112.94,991,1.521,99000,28.0,40.0,49.0,YES,UNKNOWN_ANALYSIS_IAQ113_VOC1.52ppm,25332.2,26,14.8,0.259,429
2026-08-02 21:04:55,31.84,62.12,1005.00,112.94,991,1.521,99000,28.0,40.0,48.0,YES,UNKNOWN_ANALYSIS_IAQ113_VOC1.52ppm,25341.6,26,14.8,0.259,429
📊 Z-scores: IAQ=14.77 VOC=27.73 CO2=41.86 GasDrop=10.50
2026-08-02 21:05:05,31.84,62.12,1005.00,112.94,991,1.521,99000,29.0,42.0,49.0,YES,UNKNOWN_ANALYSIS_IAQ113_VOC1.52ppm,25352.1,26,14.8,0.259,429
2026-08-02 21:05:14,31.84,62.12,1005.00,112.94,991,1.521,99000,29.0,42.0,50.0,YES,UNKNOWN_ANALYSIS_IAQ113_VOC1.52ppm,25361.5,26,14.8,0.259,429
2026-08-02 21:05:25,31.84,62.12,1005.00,112.94,991,1.521,99000,28.0,41.0,48.0,YES,UNKNOWN_ANALYSIS_IAQ113_VOC1.52ppm,25371.9,26,14.8,0.259,429
PMS7003: Timeout error
2026-08-02 21:05:35,31.84,62.12,1005.00,112.94,991,1.521,99000,28.0,41.0,48.0,YES,UNKNOWN_ANALYSIS_IAQ113_VOC1.52ppm,25382.3,26,14.8,0.259,429
2026-08-02 21:05:45,31.84,62.12,1005.00,112.94,991,1.521,99000,28.0,42.0,49.0,YES,UNKNOWN_ANALYSIS_IAQ113_VOC1.52ppm,25391.8,26,14.8,0.259,429
2026-08-02 21:05:55,31.84,62.12,1005.00,112.94,991,1.521,99000,29.0,42.0,50.0,YES,UNKNOWN_ANALYSIS_IAQ113_VOC1.52ppm,25402.2,26,14.8,0.259,429
2026-08-02 21:06:05,31.84,62.12,1005.00,112.94,991,1.521,99000,28.0,41.0,48.0,YES,UNKNOWN_ANALYSIS_IAQ113_VOC1.52ppm,25411.6,26,14.8,0.259,429
📊 Z-scores: IAQ=14.77 VOC=27.73 CO2=41.86 GasDrop=10.50
2026-08-02 21:06:15,31.84,62.12,1005.00,112.94,991,1.521,99000,29.0,41.0,49.0,YES,UNKNOWN_ANALYSIS_IAQ113_VOC1.52ppm,25422.1,26,14.8,0.259,429
2026-08-02 21:06:25,31.84,62.12,1005.00,112.94,991,1.521,99000,28.0,40.0,48.0,YES,UNKNOWN_ANALYSIS_IAQ113_VOC1.52ppm,25432.5,26,14.8,0.259,429
2026-08-02 21:06:35,31.84,62.12,1005.00,112.94,991,1.521,99000,27.0,40.0,49.0,YES,UNKNOWN_ANALYSIS_IAQ113_VOC1.52ppm,25441.9,26,14.8,0.259,429
2026-08-02 21:06:45,31.84,62.12,1005.00,112.94,991,1.521,99000,27.0,40.0,49.0,YES,UNKNOWN_ANALYSIS_IAQ113_VOC1.52ppm,25452.4,26,14.8,0.259,429
2026-08-02 21:06:55,31.84,62.12,1005.00,112.94,991,1.521,99000,27.0,40.0,49.0,YES,UNKNOWN_ANALYSIS_IAQ113_VOC1.52ppm,25461.8,26,14.8,0.259,429
2026-08-02 21:07:05,31.84,62.12,1005.00,112.94,991,1.521,99000,28.0,40.0,49.0,YES,UNKNOWN_ANALYSIS_IAQ113_VOC1.52ppm,25472.2,26,14.8,0.259,429
PMS7003: Timeout error
📊 Z-scores: IAQ=14.77 VOC=27.73 CO2=41.86 GasDrop=10.50
2026-08-02 21:07:16,31.84,62.12,1005.00,112.94,991,1.521,99000,28.0,40.0,49.0,YES,UNKNOWN_ANALYSIS_IAQ113_VOC1.52ppm,25482.6,26,14.8,0.259,429
2026-08-02 21:07:25,31.84,62.12,1005.00,112.94,991,1.521,99000,27.0,40.0,48.0,YES,UNKNOWN_ANALYSIS_IAQ113_VOC1.52ppm,25492.1,26,14.8,0.259,429
2026-08-02 21:07:35,31.84,62.12,1005.00,112.94,991,1.521,99000,27.0,41.0,48.0,YES,UNKNOWN_ANALYSIS_IAQ113_VOC1.52ppm,25502.5,26,14.8,0.259,429
2026-08-02 21:07:45,31.84,62.12,1005.00,112.94,991,1.521,99000,27.0,40.0,48.0,YES,UNKNOWN_ANALYSIS_IAQ113_VOC1.52ppm,25511.9,26,14.8,0.259,429
2026-08-02 21:07:55,31.84,62.12,1005.00,112.94,991,1.521,99000,28.0,41.0,49.0,YES,UNKNOWN_ANALYSIS_IAQ113_VOC1.52ppm,25522.4,26,14.8,0.259,429
2026-08-02 21:08:05,31.84,62.12,1005.00,112.94,991,1.521,99000,28.0,41.0,49.0,YES,UNKNOWN_ANALYSIS_IAQ113_VOC1.52ppm,25531.8,26,14.8,0.259,429
2026-08-02 21:08:15,31.81,62.12,1006.00,115.05,1005,1.573,98800,27.0,40.0,47.0,YES,UNKNOWN_ANALYSIS_IAQ115_VOC1.57ppm,25542.2,26,14.8,0.259,429
📊 Z-scores: IAQ=15.09 VOC=28.86 CO2=42.95 GasDrop=10.52
2026-08-02 21:08:26,31.81,62.12,1006.00,115.05,1005,1.573,98800,27.0,39.0,47.0,YES,UNKNOWN_ANALYSIS_IAQ115_VOC1.57ppm,25552.7,26,14.8,0.259,429
2026-08-02 21:08:35,31.81,62.12,1006.00,115.05,1005,1.573,98800,27.0,39.0,49.0,YES,UNKNOWN_ANALYSIS_IAQ115_VOC1.57ppm,25562.1,26,14.8,0.259,429
2026-08-02 21:08:45,31.81,62.12,1006.00,115.05,1005,1.573,98800,28.0,40.0,50.0,YES,UNKNOWN_ANALYSIS_IAQ115_VOC1.57ppm,25572.5,26,14.8,0.259,429
2026-08-02 21:08:55,31.81,62.12,1006.00,115.05,1005,1.573,98800,28.0,39.0,49.0,YES,UNKNOWN_ANALYSIS_IAQ115_VOC1.57ppm,25582.0,26,14.8,0.259,429
2026-08-02 21:09:05,31.81,62.12,1006.00,115.05,1005,1.573,98800,29.0,40.0,49.0,YES,UNKNOWN_ANALYSIS_IAQ115_VOC1.57ppm,25592.4,26,14.8,0.259,429
2026-08-02 21:09:16,31.81,62.12,1006.00,115.05,1005,1.573,98800,29.0,40.0,49.0,YES,UNKNOWN_ANALYSIS_IAQ115_VOC1.57ppm,25602.9,26,14.8,0.259,429
2026-08-02 21:09:25,31.81,62.12,1006.00,115.05,1005,1.573,98800,28.0,40.0,49.0,YES,UNKNOWN_ANALYSIS_IAQ115_VOC1.57ppm,25612.3,26,14.8,0.259,429
📊 Z-scores: IAQ=15.09 VOC=28.86 CO2=42.95 GasDrop=10.52
2026-08-02 21:09:36,31.81,62.12,1006.00,115.05,1005,1.573,98800,27.0,39.0,48.0,YES,UNKNOWN_ANALYSIS_IAQ115_VOC1.57ppm,25622.7,26,14.8,0.259,429
2026-08-02 21:09:45,31.81,62.12,1006.00,115.05,1005,1.573,98800,26.0,39.0,48.0,YES,UNKNOWN_ANALYSIS_IAQ115_VOC1.57ppm,25632.1,26,14.8,0.259,429
2026-08-02 21:09:56,31.81,62.12,1006.00,115.05,1005,1.573,98800,28.0,41.0,49.0,YES,UNKNOWN_ANALYSIS_IAQ115_VOC1.57ppm,25642.6,26,14.8,0.259,429
2026-08-02 21:10:05,31.81,62.12,1006.00,115.05,1005,1.573,98800,27.0,41.0,48.0,YES,UNKNOWN_ANALYSIS_IAQ115_VOC1.57ppm,25652.0,26,14.8,0.259,429
2026-08-02 21:10:15,31.81,62.12,1006.00,115.05,1005,1.573,98800,28.0,42.0,50.0,YES,UNKNOWN_ANALYSIS_IAQ115_VOC1.57ppm,25662.4,26,14.8,0.259,429
2026-08-02 21:10:26,31.81,62.12,1006.00,115.05,1005,1.573,98800,28.0,41.0,50.0,YES,UNKNOWN_ANALYSIS_IAQ115_VOC1.57ppm,25672.9,26,14.8,0.259,429
2026-08-02 21:10:35,31.81,62.12,1006.00,115.05,1005,1.573,98800,27.0,41.0,48.0,YES,UNKNOWN_ANALYSIS_IAQ115_VOC1.57ppm,25682.3,26,14.8,0.259,429
📊 Z-scores: IAQ=15.09 VOC=28.86 CO2=42.95 GasDrop=10.52
2026-08-02 21:10:46,31.81,62.12,1006.00,115.05,1005,1.573,98800,27.0,40.0,48.0,YES,UNKNOWN_ANALYSIS_IAQ115_VOC1.57ppm,25692.7,26,14.8,0.259,429
2026-08-02 21:10:55,31.81,62.12,1006.00,115.05,1005,1.573,98800,27.0,41.0,49.0,YES,UNKNOWN_ANALYSIS_IAQ115_VOC1.57ppm,25702.2,26,14.8,0.259,429
2026-08-02 21:11:06,31.81,62.12,1006.00,115.05,1005,1.573,98800,28.0,42.0,49.0,YES,UNKNOWN_ANALYSIS_IAQ115_VOC1.57ppm,25712.6,26,14.8,0.259,429
2026-08-02 21:11:16,31.81,62.12,1006.00,115.05,1005,1.573,98800,27.0,40.0,48.0,YES,UNKNOWN_ANALYSIS_IAQ115_VOC1.57ppm,25723.0,26,14.8,0.259,429
2026-08-02 21:11:25,31.81,62.12,1006.00,115.05,1005,1.573,98800,27.0,40.0,48.0,YES,UNKNOWN_ANALYSIS_IAQ115_VOC1.57ppm,25732.5,26,14.8,0.259,429
2026-08-02 21:11:36,31.81,62.12,1006.00,115.05,1005,1.573,98800,28.0,41.0,49.0,YES,UNKNOWN_ANALYSIS_IAQ115_VOC1.57ppm,25742.9,26,14.8,0.259,429
2026-08-02 21:11:45,31.81,62.12,1006.00,115.05,1005,1.573,98800,28.0,40.0,49.0,YES,UNKNOWN_ANALYSIS_IAQ115_VOC1.57ppm,25752.3,26,14.8,0.259,429
📊 Z-scores: IAQ=15.09 VOC=28.86 CO2=42.95 GasDrop=10.52
2026-08-02 21:11:56,31.81,62.12,1006.00,115.05,1005,1.573,98800,28.0,41.0,49.0,YES,UNKNOWN_ANALYSIS_IAQ115_VOC1.57ppm,25762.8,26,14.8,0.259,429
2026-08-02 21:12:05,31.81,62.12,1006.00,115.05,1005,1.573,98800,28.0,40.0,49.0,YES,UNKNOWN_ANALYSIS_IAQ115_VOC1.57ppm,25772.2,26,14.8,0.259,429
2026-08-02 21:12:16,31.81,62.12,1006.00,115.05,1005,1.573,98800,27.0,39.0,49.0,YES,UNKNOWN_ANALYSIS_IAQ115_VOC1.57ppm,25782.6,26,14.8,0.259,429
2026-08-02 21:12:26,31.81,62.12,1006.00,115.05,1005,1.573,98800,28.0,42.0,52.0,YES,UNKNOWN_ANALYSIS_IAQ115_VOC1.57ppm,25793.1,26,14.8,0.259,429
2026-08-02 21:12:35,31.81,62.12,1006.00,115.05,1005,1.573,98800,29.0,41.0,51.0,YES,UNKNOWN_ANALYSIS_IAQ115_VOC1.57ppm,25802.5,26,14.8,0.259,429
2026-08-02 21:12:46,31.81,62.12,1006.00,115.05,1005,1.573,98800,29.0,42.0,52.0,YES,UNKNOWN_ANALYSIS_IAQ115_VOC1.57ppm,25812.9,26,14.8,0.259,429
2026-08-02 21:12:55,31.81,62.12,1006.00,115.05,1005,1.573,98800,27.0,40.0,49.0,YES,UNKNOWN_ANALYSIS_IAQ115_VOC1.57ppm,25822.3,26,14.8,0.259,429
📊 Z-scores: IAQ=15.09 VOC=28.86 CO2=42.95 GasDrop=10.52
2026-08-02 21:13:06,31.81,62.12,1006.00,115.05,1005,1.573,98800,27.0,40.0,49.0,YES,UNKNOWN_ANALYSIS_IAQ115_VOC1.57ppm,25832.8,26,14.8,0.259,429
2026-08-02 21:13:16,31.86,62.08,1006.00,115.82,1010,1.588,98600,29.0,41.0,50.0,YES,UNKNOWN_ANALYSIS_IAQ116_VOC1.59ppm,25843.2,26,14.8,0.259,429
2026-08-02 21:13:26,31.86,62.08,1006.00,115.82,1010,1.588,98600,29.0,40.0,51.0,YES,UNKNOWN_ANALYSIS_IAQ116_VOC1.59ppm,25852.6,26,14.8,0.259,429
2026-08-02 21:13:36,31.86,62.08,1006.00,115.82,1010,1.588,98600,28.0,39.0,49.0,YES,UNKNOWN_ANALYSIS_IAQ116_VOC1.59ppm,25863.1,26,14.8,0.259,429
2026-08-02 21:13:45,31.86,62.08,1006.00,115.82,1010,1.588,98600,27.0,39.0,49.0,YES,UNKNOWN_ANALYSIS_IAQ116_VOC1.59ppm,25872.5,26,14.8,0.259,429
2026-08-02 21:13:56,31.86,62.08,1006.00,115.82,1010,1.588,98600,27.0,40.0,48.0,YES,UNKNOWN_ANALYSIS_IAQ116_VOC1.59ppm,25882.9,26,14.8,0.259,429
2026-08-02 21:14:05,31.86,62.08,1006.00,115.82,1010,1.588,98600,28.0,41.0,49.0,YES,UNKNOWN_ANALYSIS_IAQ116_VOC1.59ppm,25892.3,26,14.8,0.259,429
📊 Z-scores: IAQ=15.21 VOC=29.20 CO2=43.26 GasDrop=10.55
2026-08-02 21:14:16,31.86,62.08,1006.00,115.82,1010,1.588,98600,27.0,39.0,48.0,YES,UNKNOWN_ANALYSIS_IAQ116_VOC1.59ppm,25902.8,26,14.8,0.259,429
2026-08-02 21:14:26,31.86,62.08,1006.00,115.82,1010,1.588,98600,27.0,40.0,48.0,YES,UNKNOWN_ANALYSIS_IAQ116_VOC1.59ppm,25913.2,26,14.8,0.259,429
2026-08-02 21:14:36,31.86,62.08,1006.00,115.82,1010,1.588,98600,27.0,41.0,49.0,YES,UNKNOWN_ANALYSIS_IAQ116_VOC1.59ppm,25922.6,26,14.8,0.259,429
2026-08-02 21:14:46,31.86,62.08,1006.00,115.82,1010,1.588,98600,28.0,41.0,50.0,YES,UNKNOWN_ANALYSIS_IAQ116_VOC1.59ppm,25933.1,26,14.8,0.259,429
2026-08-02 21:14:55,31.86,62.08,1006.00,115.82,1010,1.588,98600,28.0,40.0,47.0,YES,UNKNOWN_ANALYSIS_IAQ116_VOC1.59ppm,25942.5,26,14.8,0.259,429
2026-08-02 21:15:06,31.86,62.08,1006.00,115.82,1010,1.588,98600,27.0,38.0,46.0,YES,UNKNOWN_ANALYSIS_IAQ116_VOC1.59ppm,25952.9,26,14.8,0.259,429
📊 Z-scores: IAQ=15.21 VOC=29.20 CO2=43.26 GasDrop=10.55
2026-08-02 21:15:16,31.86,62.08,1006.00,115.82,1010,1.588,98600,26.0,37.0,46.0,YES,UNKNOWN_ANALYSIS_IAQ116_VOC1.59ppm,25963.4,26,14.8,0.259,429
2026-08-02 21:15:26,31.86,62.08,1006.00,115.82,1010,1.588,98600,27.0,39.0,48.0,YES,UNKNOWN_ANALYSIS_IAQ116_VOC1.59ppm,25972.8,26,14.8,0.259,429
2026-08-02 21:15:36,31.86,62.08,1006.00,115.82,1010,1.588,98600,27.0,40.0,48.0,YES,UNKNOWN_ANALYSIS_IAQ116_VOC1.59ppm,25983.2,26,14.8,0.259,429
2026-08-02 21:15:46,31.86,62.08,1006.00,115.82,1010,1.588,98600,28.0,39.0,47.0,YES,UNKNOWN_ANALYSIS_IAQ116_VOC1.59ppm,25992.6,26,14.8,0.259,429
2026-08-02 21:15:56,31.86,62.08,1006.00,115.82,1010,1.588,98600,27.0,39.0,47.0,YES,UNKNOWN_ANALYSIS_IAQ116_VOC1.59ppm,26003.1,26,14.8,0.259,429
2026-08-02 21:16:06,31.86,62.08,1006.00,115.82,1010,1.588,98600,28.0,39.0,48.0,YES,UNKNOWN_ANALYSIS_IAQ116_VOC1.59ppm,26013.5,26,14.8,0.259,429
2026-08-02 21:16:16,31.86,62.08,1006.00,115.82,1010,1.588,98600,28.0,40.0,48.0,YES,UNKNOWN_ANALYSIS_IAQ116_VOC1.59ppm,26022.9,26,14.8,0.259,429
📊 Z-scores: IAQ=15.21 VOC=29.20 CO2=43.26 GasDrop=10.55
2026-08-02 21:16:26,31.86,62.08,1006.00,115.82,1010,1.588,98600,28.0,40.0,48.0,YES,UNKNOWN_ANALYSIS_IAQ116_VOC1.59ppm,26033.4,26,14.8,0.259,429
2026-08-02 21:16:36,31.86,62.08,1006.00,115.82,1010,1.588,98600,28.0,39.0,47.0,YES,UNKNOWN_ANALYSIS_IAQ116_VOC1.59ppm,26042.8,26,14.8,0.259,429
2026-08-02 21:16:46,31.86,62.08,1006.00,115.82,1010,1.588,98600,29.0,40.0,47.0,YES,UNKNOWN_ANALYSIS_IAQ116_VOC1.59ppm,26053.2,26,14.8,0.259,429
PMS7003: Unknown error
2026-08-02 21:16:57,31.86,62.08,1006.00,115.82,1010,1.588,98600,29.0,40.0,47.0,YES,UNKNOWN_ANALYSIS_IAQ116_VOC1.59ppm,26063.7,26,14.8,0.259,429
2026-08-02 21:17:06,31.86,62.08,1006.00,115.82,1010,1.588,98600,28.0,41.0,49.0,YES,UNKNOWN_ANALYSIS_IAQ116_VOC1.59ppm,26073.1,26,14.8,0.259,429
2026-08-02 21:17:17,31.86,62.08,1006.00,115.82,1010,1.588,98600,27.0,39.0,48.0,YES,UNKNOWN_ANALYSIS_IAQ116_VOC1.59ppm,26083.6,26,14.8,0.259,429
2026-08-02 21:17:26,31.86,62.08,1006.00,115.82,1010,1.588,98600,28.0,40.0,47.0,YES,UNKNOWN_ANALYSIS_IAQ116_VOC1.59ppm,26093.0,26,14.8,0.259,429
📊 Z-scores: IAQ=15.21 VOC=29.20 CO2=43.26 GasDrop=10.55
2026-08-02 21:17:36,31.86,62.08,1006.00,115.82,1010,1.588,98600,27.0,39.0,46.0,YES,UNKNOWN_ANALYSIS_IAQ116_VOC1.59ppm,26103.4,26,14.8,0.259,429
2026-08-02 21:17:46,31.86,62.08,1006.00,115.82,1010,1.588,98600,28.0,41.0,49.0,YES,UNKNOWN_ANALYSIS_IAQ116_VOC1.59ppm,26112.8,26,14.8,0.259,429
2026-08-02 21:17:56,31.86,62.08,1006.00,115.82,1010,1.588,98600,28.0,41.0,50.0,YES,UNKNOWN_ANALYSIS_IAQ116_VOC1.59ppm,26123.3,26,14.8,0.259,429
2026-08-02 21:18:07,31.86,62.08,1006.00,115.82,1010,1.588,98600,28.0,41.0,49.0,YES,UNKNOWN_ANALYSIS_IAQ116_VOC1.59ppm,26133.7,26,14.8,0.259,429
2026-08-02 21:18:16,31.84,62.12,1006.00,116.00,1009,1.586,98600,28.0,40.0,49.0,YES,UNKNOWN_ANALYSIS_IAQ116_VOC1.59ppm,26143.1,26,14.8,0.259,429
2026-08-02 21:18:27,31.84,62.12,1006.00,116.00,1009,1.586,98600,28.0,40.0,48.0,YES,UNKNOWN_ANALYSIS_IAQ116_VOC1.59ppm,26153.6,26,14.8,0.259,429
2026-08-02 21:18:36,31.84,62.12,1006.00,116.00,1009,1.586,98600,28.0,40.0,48.0,YES,UNKNOWN_ANALYSIS_IAQ116_VOC1.59ppm,26163.0,26,14.8,0.259,429
📊 Z-scores: IAQ=15.23 VOC=29.16 CO2=43.23 GasDrop=10.55
2026-08-02 21:18:46,31.84,62.12,1006.00,116.00,1009,1.586,98600,28.0,40.0,49.0,YES,UNKNOWN_ANALYSIS_IAQ116_VOC1.59ppm,26173.4,26,14.8,0.259,429
2026-08-02 21:18:56,31.84,62.12,1006.00,116.00,1009,1.586,98600,27.0,39.0,48.0,YES,UNKNOWN_ANALYSIS_IAQ116_VOC1.59ppm,26182.9,26,14.8,0.259,429
2026-08-02 21:19:06,31.84,62.12,1006.00,116.00,1009,1.586,98600,28.0,41.0,50.0,YES,UNKNOWN_ANALYSIS_IAQ116_VOC1.59ppm,26193.3,26,14.8,0.259,429
2026-08-02 21:19:17,31.84,62.12,1006.00,116.00,1009,1.586,98600,27.0,40.0,49.0,YES,UNKNOWN_ANALYSIS_IAQ116_VOC1.59ppm,26203.8,26,14.8,0.259,429
2026-08-02 21:19:26,31.84,62.12,1006.00,116.00,1009,1.586,98600,28.0,40.0,49.0,YES,UNKNOWN_ANALYSIS_IAQ116_VOC1.59ppm,26213.2,26,14.8,0.259,429
2026-08-02 21:19:37,31.84,62.12,1006.00,116.00,1009,1.586,98600,28.0,40.0,48.0,YES,UNKNOWN_ANALYSIS_IAQ116_VOC1.59ppm,26223.6,26,14.8,0.259,429
2026-08-02 21:19:46,31.84,62.12,1006.00,116.00,1009,1.586,98600,27.0,39.0,46.0,YES,UNKNOWN_ANALYSIS_IAQ116_VOC1.59ppm,26233.0,26,14.8,0.259,429
📊 Z-scores: IAQ=15.23 VOC=29.16 CO2=43.23 GasDrop=10.55
2026-08-02 21:19:56,31.84,62.12,1006.00,116.00,1009,1.586,98600,27.0,38.0,46.0,YES,UNKNOWN_ANALYSIS_IAQ116_VOC1.59ppm,26243.5,26,14.8,0.259,429
PMS7003: Timeout error
2026-08-02 21:20:07,31.84,62.12,1006.00,116.00,1009,1.586,98600,27.0,38.0,46.0,YES,UNKNOWN_ANALYSIS_IAQ116_VOC1.59ppm,26253.9,26,14.8,0.259,429
2026-08-02 21:20:16,31.84,62.12,1006.00,116.00,1009,1.586,98600,27.0,39.0,48.0,YES,UNKNOWN_ANALYSIS_IAQ116_VOC1.59ppm,26263.3,26,14.8,0.259,429
2026-08-02 21:20:27,31.84,62.12,1006.00,116.00,1009,1.586,98600,28.0,40.0,49.0,YES,UNKNOWN_ANALYSIS_IAQ116_VOC1.59ppm,26273.8,26,14.8,0.259,429
2026-08-02 21:20:36,31.84,62.12,1006.00,116.00,1009,1.586,98600,27.0,40.0,48.0,YES,UNKNOWN_ANALYSIS_IAQ116_VOC1.59ppm,26283.2,26,14.8,0.259,429
2026-08-02 21:20:47,31.84,62.12,1006.00,116.00,1009,1.586,98600,27.0,39.0,48.0,YES,UNKNOWN_ANALYSIS_IAQ116_VOC1.59ppm,26293.6,26,14.8,0.259,429
2026-08-02 21:20:56,31.84,62.12,1006.00,116.00,1009,1.586,98600,28.0,39.0,49.0,YES,UNKNOWN_ANALYSIS_IAQ116_VOC1.59ppm,26303.0,26,14.8,0.259,429
📊 Z-scores: IAQ=15.23 VOC=29.16 CO2=43.23 GasDrop=10.55
2026-08-02 21:21:06,31.84,62.12,1006.00,116.00,1009,1.586,98600,28.0,39.0,49.0,YES,UNKNOWN_ANALYSIS_IAQ116_VOC1.59ppm,26313.5,26,14.8,0.259,429
2026-08-02 21:21:17,31.84,62.12,1006.00,116.00,1009,1.586,98600,27.0,39.0,47.0,YES,UNKNOWN_ANALYSIS_IAQ116_VOC1.59ppm,26323.9,26,14.8,0.259,429
2026-08-02 21:21:26,31.84,62.12,1006.00,116.00,1009,1.586,98600,27.0,40.0,49.0,YES,UNKNOWN_ANALYSIS_IAQ116_VOC1.59ppm,26333.3,26,14.8,0.259,429
2026-08-02 21:21:37,31.84,62.12,1006.00,116.00,1009,1.586,98600,28.0,40.0,49.0,YES,UNKNOWN_ANALYSIS_IAQ116_VOC1.59ppm,26343.8,26,14.8,0.259,429
2026-08-02 21:21:46,31.84,62.12,1006.00,116.00,1009,1.586,98600,28.0,40.0,49.0,YES,UNKNOWN_ANALYSIS_IAQ116_VOC1.59ppm,26353.2,26,14.8,0.259,429
2026-08-02 21:21:57,31.84,62.12,1006.00,116.00,1009,1.586,98600,29.0,41.0,50.0,YES,UNKNOWN_ANALYSIS_IAQ116_VOC1.59ppm,26363.7,26,14.8,0.259,429
PMS7003: Timeout error
📊 Z-scores: IAQ=15.23 VOC=29.16 CO2=43.23 GasDrop=10.55
2026-08-02 21:22:07,31.84,62.12,1006.00,116.00,1009,1.586,98600,29.0,41.0,50.0,YES,UNKNOWN_ANALYSIS_IAQ116_VOC1.59ppm,26374.1,26,14.8,0.259,429
2026-08-02 21:22:16,31.84,62.12,1006.00,116.00,1009,1.586,98600,27.0,40.0,48.0,YES,UNKNOWN_ANALYSIS_IAQ116_VOC1.59ppm,26383.5,26,14.8,0.259,429
2026-08-02 21:22:27,31.84,62.12,1006.00,116.00,1009,1.586,98600,28.0,41.0,50.0,YES,UNKNOWN_ANALYSIS_IAQ116_VOC1.59ppm,26394.0,26,14.8,0.259,429
2026-08-02 21:22:36,31.84,62.12,1006.00,116.00,1009,1.586,98600,27.0,40.0,49.0,YES,UNKNOWN_ANALYSIS_IAQ116_VOC1.59ppm,26403.4,26,14.8,0.259,429
2026-08-02 21:22:47,31.84,62.12,1006.00,116.00,1009,1.586,98600,28.0,40.0,49.0,YES,UNKNOWN_ANALYSIS_IAQ116_VOC1.59ppm,26413.8,26,14.8,0.259,429
2026-08-02 21:22:56,31.84,62.12,1006.00,116.00,1009,1.586,98600,28.0,39.0,49.0,YES,UNKNOWN_ANALYSIS_IAQ116_VOC1.59ppm,26423.2,26,14.8,0.259,429
2026-08-02 21:23:07,31.84,62.12,1006.00,116.00,1009,1.586,98600,27.0,39.0,46.0,YES,UNKNOWN_ANALYSIS_IAQ116_VOC1.59ppm,26433.7,26,14.8,0.259,429
📊 Z-scores: IAQ=15.50 VOC=30.09 CO2=44.10 GasDrop=10.58
2026-08-02 21:23:17,31.83,62.12,1006.00,117.74,1021,1.628,98400,27.0,40.0,46.0,YES,UNKNOWN_ANALYSIS_IAQ118_VOC1.63ppm,26444.1,26,14.8,0.259,429
2026-08-02 21:23:26,31.83,62.12,1006.00,117.74,1021,1.628,98400,27.0,40.0,49.0,YES,UNKNOWN_ANALYSIS_IAQ118_VOC1.63ppm,26453.5,26,14.8,0.259,429
2026-08-02 21:23:37,31.83,62.12,1006.00,117.74,1021,1.628,98400,27.0,40.0,49.0,YES,UNKNOWN_ANALYSIS_IAQ118_VOC1.63ppm,26464.0,26,14.8,0.259,429
2026-08-02 21:23:46,31.83,62.12,1006.00,117.74,1021,1.628,98400,27.0,41.0,50.0,YES,UNKNOWN_ANALYSIS_IAQ118_VOC1.63ppm,26473.4,26,14.8,0.259,429
2026-08-02 21:23:57,31.83,62.12,1006.00,117.74,1021,1.628,98400,27.0,41.0,49.0,YES,UNKNOWN_ANALYSIS_IAQ118_VOC1.63ppm,26483.8,26,14.8,0.259,429
2026-08-02 21:24:06,31.83,62.12,1006.00,117.74,1021,1.628,98400,26.0,39.0,47.0,YES,UNKNOWN_ANALYSIS_IAQ118_VOC1.63ppm,26493.2,26,14.8,0.259,429
2026-08-02 21:24:17,31.83,62.12,1006.00,117.74,1021,1.628,98400,27.0,40.0,49.0,YES,UNKNOWN_ANALYSIS_IAQ118_VOC1.63ppm,26503.7,26,14.8,0.259,429
📊 Z-scores: IAQ=15.50 VOC=30.09 CO2=44.10 GasDrop=10.58
2026-08-02 21:24:27,31.83,62.12,1006.00,117.74,1021,1.628,98400,28.0,41.0,49.0,YES,UNKNOWN_ANALYSIS_IAQ118_VOC1.63ppm,26514.2,26,14.8,0.259,429
2026-08-02 21:24:36,31.83,62.12,1006.00,117.74,1021,1.628,98400,28.0,42.0,49.0,YES,UNKNOWN_ANALYSIS_IAQ118_VOC1.63ppm,26523.6,26,14.8,0.259,429
2026-08-02 21:24:47,31.83,62.12,1006.00,117.74,1021,1.628,98400,27.0,41.0,48.0,YES,UNKNOWN_ANALYSIS_IAQ118_VOC1.63ppm,26534.0,26,14.8,0.259,429
2026-08-02 21:24:56,31.83,62.12,1006.00,117.74,1021,1.628,98400,27.0,40.0,47.0,YES,UNKNOWN_ANALYSIS_IAQ118_VOC1.63ppm,26543.4,26,14.8,0.259,429
2026-08-02 21:25:07,31.83,62.12,1006.00,117.74,1021,1.628,98400,27.0,40.0,46.0,YES,UNKNOWN_ANALYSIS_IAQ118_VOC1.63ppm,26553.9,26,14.8,0.259,429
2026-08-02 21:25:17,31.83,62.12,1006.00,117.74,1021,1.628,98400,27.0,39.0,48.0,YES,UNKNOWN_ANALYSIS_IAQ118_VOC1.63ppm,26564.3,26,14.8,0.259,429
2026-08-02 21:25:27,31.83,62.12,1006.00,117.74,1021,1.628,98400,28.0,40.0,48.0,YES,UNKNOWN_ANALYSIS_IAQ118_VOC1.63ppm,26573.7,26,14.8,0.259,429
📊 Z-scores: IAQ=15.50 VOC=30.09 CO2=44.10 GasDrop=10.58
2026-08-02 21:25:37,31.83,62.12,1006.00,117.74,1021,1.628,98400,27.0,39.0,48.0,YES,UNKNOWN_ANALYSIS_IAQ118_VOC1.63ppm,26584.2,26,14.8,0.259,429
2026-08-02 21:25:47,31.83,62.12,1006.00,117.74,1021,1.628,98400,27.0,39.0,48.0,YES,UNKNOWN_ANALYSIS_IAQ118_VOC1.63ppm,26593.6,26,14.8,0.259,429
2026-08-02 21:25:57,31.83,62.12,1006.00,117.74,1021,1.628,98400,27.0,39.0,48.0,YES,UNKNOWN_ANALYSIS_IAQ118_VOC1.63ppm,26604.0,26,14.8,0.259,429
2026-08-02 21:26:06,31.83,62.12,1006.00,117.74,1021,1.628,98400,28.0,41.0,49.0,YES,UNKNOWN_ANALYSIS_IAQ118_VOC1.63ppm,26613.4,26,14.8,0.259,429
2026-08-02 21:26:17,31.83,62.12,1006.00,117.74,1021,1.628,98400,27.0,39.0,46.0,YES,UNKNOWN_ANALYSIS_IAQ118_VOC1.63ppm,26623.9,26,14.8,0.259,429
2026-08-02 21:26:27,31.83,62.12,1006.00,117.74,1021,1.628,98400,27.0,40.0,48.0,YES,UNKNOWN_ANALYSIS_IAQ118_VOC1.63ppm,26634.3,26,14.8,0.259,429
2026-08-02 21:26:37,31.83,62.12,1006.00,117.74,1021,1.628,98400,28.0,40.0,49.0,YES,UNKNOWN_ANALYSIS_IAQ118_VOC1.63ppm,26643.7,26,14.8,0.259,429
📊 Z-scores: IAQ=15.50 VOC=30.09 CO2=44.10 GasDrop=10.58
2026-08-02 21:26:47,31.83,62.12,1006.00,117.74,1021,1.628,98400,27.0,40.0,48.0,YES,UNKNOWN_ANALYSIS_IAQ118_VOC1.63ppm,26654.2,26,14.8,0.259,429
2026-08-02 21:26:57,31.83,62.12,1006.00,117.74,1021,1.628,98400,27.0,40.0,47.0,YES,UNKNOWN_ANALYSIS_IAQ118_VOC1.63ppm,26663.6,26,14.8,0.259,429
2026-08-02 21:27:07,31.83,62.12,1006.00,117.74,1021,1.628,98400,26.0,39.0,47.0,YES,UNKNOWN_ANALYSIS_IAQ118_VOC1.63ppm,26674.0,26,14.8,0.259,429
2026-08-02 21:27:17,31.83,62.12,1006.00,117.74,1021,1.628,98400,28.0,40.0,49.0,YES,UNKNOWN_ANALYSIS_IAQ118_VOC1.63ppm,26684.5,26,14.8,0.259,429
2026-08-02 21:27:27,31.83,62.12,1006.00,117.74,1021,1.628,98400,28.0,40.0,49.0,YES,UNKNOWN_ANALYSIS_IAQ118_VOC1.63ppm,26693.9,26,14.8,0.259,429
2026-08-02 21:27:37,31.83,62.12,1006.00,117.74,1021,1.628,98400,28.0,41.0,49.0,YES,UNKNOWN_ANALYSIS_IAQ118_VOC1.63ppm,26704.3,26,14.8,0.259,429
2026-08-02 21:27:47,31.83,62.12,1006.00,117.74,1021,1.628,98400,27.0,40.0,48.0,YES,UNKNOWN_ANALYSIS_IAQ118_VOC1.63ppm,26713.7,26,14.8,0.259,429
📊 Z-scores: IAQ=15.50 VOC=30.09 CO2=44.10 GasDrop=10.58
2026-08-02 21:27:57,31.83,62.12,1006.00,117.74,1021,1.628,98400,28.0,40.0,49.0,YES,UNKNOWN_ANALYSIS_IAQ118_VOC1.63ppm,26724.2,26,14.8,0.259,429
PMS7003: Timeout error
2026-08-02 21:28:08,31.83,62.12,1006.00,117.74,1021,1.628,98400,28.0,40.0,49.0,YES,UNKNOWN_ANALYSIS_IAQ118_VOC1.63ppm,26734.6,26,14.8,0.259,429
2026-08-02 21:28:17,31.81,62.12,1006.00,119.65,1034,1.677,98200,27.0,41.0,50.0,YES,UNKNOWN_ANALYSIS_IAQ120_VOC1.68ppm,26744.0,26,14.8,0.259,429
2026-08-02 21:28:27,31.81,62.12,1006.00,119.65,1034,1.677,98200,28.0,41.0,50.0,YES,UNKNOWN_ANALYSIS_IAQ120_VOC1.68ppm,26754.5,26,14.8,0.259,429
2026-08-02 21:28:37,31.81,62.12,1006.00,119.65,1034,1.677,98200,28.0,41.0,49.0,YES,UNKNOWN_ANALYSIS_IAQ120_VOC1.68ppm,26763.9,26,14.8,0.259,429
2026-08-02 21:28:47,31.81,62.12,1006.00,119.65,1034,1.677,98200,28.0,41.0,49.0,YES,UNKNOWN_ANALYSIS_IAQ120_VOC1.68ppm,26774.3,26,14.8,0.259,429
PMS7003: Timeout error
📊 Z-scores: IAQ=15.78 VOC=31.15 CO2=45.06 GasDrop=10.60
2026-08-02 21:28:58,31.81,62.12,1006.00,119.65,1034,1.677,98200,28.0,41.0,49.0,YES,UNKNOWN_ANALYSIS_IAQ120_VOC1.68ppm,26784.8,26,14.8,0.259,429
2026-08-02 21:29:07,31.81,62.12,1006.00,119.65,1034,1.677,98200,28.0,41.0,48.0,YES,UNKNOWN_ANALYSIS_IAQ120_VOC1.68ppm,26794.2,26,14.8,0.259,429
2026-08-02 21:29:18,31.81,62.12,1006.00,119.65,1034,1.677,98200,27.0,40.0,48.0,YES,UNKNOWN_ANALYSIS_IAQ120_VOC1.68ppm,26804.6,26,14.8,0.259,429
2026-08-02 21:29:27,31.81,62.12,1006.00,119.65,1034,1.677,98200,28.0,41.0,49.0,YES,UNKNOWN_ANALYSIS_IAQ120_VOC1.68ppm,26814.0,26,14.8,0.259,429
2026-08-02 21:29:37,31.81,62.12,1006.00,119.65,1034,1.677,98200,27.0,39.0,48.0,YES,UNKNOWN_ANALYSIS_IAQ120_VOC1.68ppm,26824.5,26,14.8,0.259,429
2026-08-02 21:29:47,31.81,62.12,1006.00,119.65,1034,1.677,98200,28.0,40.0,47.0,YES,UNKNOWN_ANALYSIS_IAQ120_VOC1.68ppm,26833.9,26,14.8,0.259,429
2026-08-02 21:29:57,31.81,62.12,1006.00,119.65,1034,1.677,98200,28.0,40.0,48.0,YES,UNKNOWN_ANALYSIS_IAQ120_VOC1.68ppm,26844.4,26,14.8,0.259,429
📊 Z-scores: IAQ=15.78 VOC=31.15 CO2=45.06 GasDrop=10.60
2026-08-02 21:30:08,31.81,62.12,1006.00,119.65,1034,1.677,98200,27.0,39.0,47.0,YES,UNKNOWN_ANALYSIS_IAQ120_VOC1.68ppm,26854.8,26,14.8,0.259,429
2026-08-02 21:30:17,31.81,62.12,1006.00,119.65,1034,1.677,98200,27.0,40.0,48.0,YES,UNKNOWN_ANALYSIS_IAQ120_VOC1.68ppm,26864.2,26,14.8,0.259,429
2026-08-02 21:30:28,31.81,62.12,1006.00,119.65,1034,1.677,98200,27.0,40.0,47.0,YES,UNKNOWN_ANALYSIS_IAQ120_VOC1.68ppm,26874.7,26,14.8,0.259,429
2026-08-02 21:30:37,31.81,62.12,1006.00,119.65,1034,1.677,98200,28.0,41.0,49.0,YES,UNKNOWN_ANALYSIS_IAQ120_VOC1.68ppm,26884.1,26,14.8,0.259,429
2026-08-02 21:30:47,31.81,62.12,1006.00,119.65,1034,1.677,98200,27.0,40.0,48.0,YES,UNKNOWN_ANALYSIS_IAQ120_VOC1.68ppm,26894.5,26,14.8,0.259,429
2026-08-02 21:30:57,31.81,62.12,1006.00,119.65,1034,1.677,98200,28.0,41.0,49.0,YES,UNKNOWN_ANALYSIS_IAQ120_VOC1.68ppm,26903.9,26,14.8,0.259,429
2026-08-02 21:31:07,31.81,62.12,1006.00,119.65,1034,1.677,98200,28.0,42.0,49.0,YES,UNKNOWN_ANALYSIS_IAQ120_VOC1.68ppm,26914.4,26,14.8,0.259,429
📊 Z-scores: IAQ=15.78 VOC=31.15 CO2=45.06 GasDrop=10.60
2026-08-02 21:31:18,31.81,62.12,1006.00,119.65,1034,1.677,98200,27.0,39.0,46.0,YES,UNKNOWN_ANALYSIS_IAQ120_VOC1.68ppm,26924.8,26,14.8,0.259,429
2026-08-02 21:31:27,31.81,62.12,1006.00,119.65,1034,1.677,98200,27.0,38.0,46.0,YES,UNKNOWN_ANALYSIS_IAQ120_VOC1.68ppm,26934.2,26,14.8,0.259,429
2026-08-02 21:31:38,31.81,62.12,1006.00,119.65,1034,1.677,98200,28.0,40.0,47.0,YES,UNKNOWN_ANALYSIS_IAQ120_VOC1.68ppm,26944.7,26,14.8,0.259,429
2026-08-02 21:31:47,31.81,62.12,1006.00,119.65,1034,1.677,98200,28.0,39.0,47.0,YES,UNKNOWN_ANALYSIS_IAQ120_VOC1.68ppm,26954.1,26,14.8,0.259,429
2026-08-02 21:31:57,31.81,62.12,1006.00,119.65,1034,1.677,98200,27.0,37.0,46.0,YES,UNKNOWN_ANALYSIS_IAQ120_VOC1.68ppm,26964.5,26,14.8,0.259,429
2026-08-02 21:32:08,31.81,62.12,1006.00,119.65,1034,1.677,98200,26.0,37.0,46.0,YES,UNKNOWN_ANALYSIS_IAQ120_VOC1.68ppm,26975.0,26,14.8,0.259,429
2026-08-02 21:32:17,31.81,62.12,1006.00,119.65,1034,1.677,98200,27.0,38.0,47.0,YES,UNKNOWN_ANALYSIS_IAQ120_VOC1.68ppm,26984.4,26,14.8,0.259,429
📊 Z-scores: IAQ=15.78 VOC=31.15 CO2=45.06 GasDrop=10.60
2026-08-02 21:32:28,31.81,62.12,1006.00,119.65,1034,1.677,98200,26.0,38.0,46.0,YES,UNKNOWN_ANALYSIS_IAQ120_VOC1.68ppm,26994.8,26,14.8,0.259,429
2026-08-02 21:32:37,31.81,62.12,1006.00,119.65,1034,1.677,98200,27.0,39.0,47.0,YES,UNKNOWN_ANALYSIS_IAQ120_VOC1.68ppm,27004.2,26,14.8,0.259,429
2026-08-02 21:32:48,31.81,62.12,1006.00,119.65,1034,1.677,98200,26.0,39.0,47.0,YES,UNKNOWN_ANALYSIS_IAQ120_VOC1.68ppm,27014.7,26,14.8,0.259,429
2026-08-02 21:32:58,31.81,62.12,1006.00,119.65,1034,1.677,98200,27.0,39.0,47.0,YES,UNKNOWN_ANALYSIS_IAQ120_VOC1.68ppm,27025.1,26,14.8,0.259,429
2026-08-02 21:33:07,31.81,62.12,1006.00,119.65,1034,1.677,98200,27.0,38.0,47.0,YES,UNKNOWN_ANALYSIS_IAQ120_VOC1.68ppm,27034.5,26,14.8,0.259,429
2026-08-02 21:33:18,31.80,62.12,1006.00,120.63,1039,1.698,98100,26.0,38.0,46.0,YES,UNKNOWN_ANALYSIS_IAQ121_VOC1.70ppm,27045.0,26,14.8,0.259,429
2026-08-02 21:33:27,31.80,62.12,1006.00,120.63,1039,1.698,98100,26.0,38.0,48.0,YES,UNKNOWN_ANALYSIS_IAQ121_VOC1.70ppm,27054.4,26,14.8,0.259,429
📊 Z-scores: IAQ=15.93 VOC=31.62 CO2=45.48 GasDrop=10.61
2026-08-02 21:33:38,31.80,62.12,1006.00,120.63,1039,1.698,98100,26.0,38.0,48.0,YES,UNKNOWN_ANALYSIS_IAQ121_VOC1.70ppm,27064.8,26,14.8,0.259,429
2026-08-02 21:33:47,31.80,62.12,1006.00,120.63,1039,1.698,98100,27.0,39.0,50.0,YES,UNKNOWN_ANALYSIS_IAQ121_VOC1.70ppm,27074.2,26,14.8,0.259,429
2026-08-02 21:33:58,31.80,62.12,1006.00,120.63,1039,1.698,98100,28.0,39.0,48.0,YES,UNKNOWN_ANALYSIS_IAQ121_VOC1.70ppm,27084.7,26,14.8,0.259,429
2026-08-02 21:34:08,31.80,62.12,1006.00,120.63,1039,1.698,98100,27.0,39.0,46.0,YES,UNKNOWN_ANALYSIS_IAQ121_VOC1.70ppm,27095.1,26,14.8,0.259,429
2026-08-02 21:34:17,31.80,62.12,1006.00,120.63,1039,1.698,98100,27.0,40.0,47.0,YES,UNKNOWN_ANALYSIS_IAQ121_VOC1.70ppm,27104.5,26,14.8,0.259,429
2026-08-02 21:34:28,31.80,62.12,1006.00,120.63,1039,1.698,98100,26.0,38.0,45.0,YES,UNKNOWN_ANALYSIS_IAQ121_VOC1.70ppm,27115.0,26,14.8,0.259,429
2026-08-02 21:34:37,31.80,62.12,1006.00,120.63,1039,1.698,98100,27.0,40.0,47.0,YES,UNKNOWN_ANALYSIS_IAQ121_VOC1.70ppm,27124.4,26,14.8,0.259,429
📊 Z-scores: IAQ=15.93 VOC=31.62 CO2=45.48 GasDrop=10.61
2026-08-02 21:34:48,31.80,62.12,1006.00,120.63,1039,1.698,98100,26.0,39.0,46.0,YES,UNKNOWN_ANALYSIS_IAQ121_VOC1.70ppm,27134.8,26,14.8,0.259,429
2026-08-02 21:34:58,31.80,62.12,1006.00,120.63,1039,1.698,98100,26.0,39.0,46.0,YES,UNKNOWN_ANALYSIS_IAQ121_VOC1.70ppm,27145.3,26,14.8,0.259,429
2026-08-02 21:35:08,31.80,62.12,1006.00,120.63,1039,1.698,98100,27.0,39.0,46.0,YES,UNKNOWN_ANALYSIS_IAQ121_VOC1.70ppm,27154.7,26,14.8,0.259,429
2026-08-02 21:35:18,31.80,62.12,1006.00,120.63,1039,1.698,98100,28.0,41.0,49.0,YES,UNKNOWN_ANALYSIS_IAQ121_VOC1.70ppm,27165.1,26,14.8,0.259,429
2026-08-02 21:35:27,31.80,62.12,1006.00,120.63,1039,1.698,98100,27.0,40.0,48.0,YES,UNKNOWN_ANALYSIS_IAQ121_VOC1.70ppm,27174.5,26,14.8,0.259,429
2026-08-02 21:35:38,31.80,62.12,1006.00,120.63,1039,1.698,98100,28.0,41.0,49.0,YES,UNKNOWN_ANALYSIS_IAQ121_VOC1.70ppm,27185.0,26,14.8,0.259,429
📊 Z-scores: IAQ=15.93 VOC=31.62 CO2=45.48 GasDrop=10.61
2026-08-02 21:35:48,31.80,62.12,1006.00,120.63,1039,1.698,98100,28.0,40.0,47.0,YES,UNKNOWN_ANALYSIS_IAQ121_VOC1.70ppm,27195.4,26,14.8,0.259,429
2026-08-02 21:35:58,31.80,62.12,1006.00,120.63,1039,1.698,98100,27.0,39.0,47.0,YES,UNKNOWN_ANALYSIS_IAQ121_VOC1.70ppm,27204.8,26,14.8,0.259,429
2026-08-02 21:36:08,31.80,62.12,1006.00,120.63,1039,1.698,98100,28.0,40.0,49.0,YES,UNKNOWN_ANALYSIS_IAQ121_VOC1.70ppm,27215.3,26,14.8,0.259,429
2026-08-02 21:36:18,31.80,62.12,1006.00,120.63,1039,1.698,98100,28.0,40.0,48.0,YES,UNKNOWN_ANALYSIS_IAQ121_VOC1.70ppm,27224.7,26,14.8,0.259,429
2026-08-02 21:36:28,31.80,62.12,1006.00,120.63,1039,1.698,98100,27.0,39.0,48.0,YES,UNKNOWN_ANALYSIS_IAQ121_VOC1.70ppm,27235.1,26,14.8,0.259,429
2026-08-02 21:36:37,31.80,62.12,1006.00,120.63,1039,1.698,98100,27.0,39.0,48.0,YES,UNKNOWN_ANALYSIS_IAQ121_VOC1.70ppm,27244.6,26,14.8,0.259,429
2026-08-02 21:36:48,31.80,62.12,1006.00,120.63,1039,1.698,98100,29.0,41.0,49.0,YES,UNKNOWN_ANALYSIS_IAQ121_VOC1.70ppm,27255.0,26,14.8,0.259,429
📊 Z-scores: IAQ=15.93 VOC=31.62 CO2=45.48 GasDrop=10.61
2026-08-02 21:36:58,31.80,62.12,1006.00,120.63,1039,1.698,98100,28.0,41.0,49.0,YES,UNKNOWN_ANALYSIS_IAQ121_VOC1.70ppm,27265.5,26,14.8,0.259,429
2026-08-02 21:37:08,31.80,62.12,1006.00,120.63,1039,1.698,98100,28.0,40.0,48.0,YES,UNKNOWN_ANALYSIS_IAQ121_VOC1.70ppm,27274.9,26,14.8,0.259,429
2026-08-02 21:37:18,31.80,62.12,1006.00,120.63,1039,1.698,98100,27.0,38.0,48.0,YES,UNKNOWN_ANALYSIS_IAQ121_VOC1.70ppm,27285.3,26,14.8,0.259,429
2026-08-02 21:37:28,31.80,62.12,1006.00,120.63,1039,1.698,98100,27.0,39.0,48.0,YES,UNKNOWN_ANALYSIS_IAQ121_VOC1.70ppm,27294.7,26,14.8,0.259,429
2026-08-02 21:37:38,31.80,62.12,1006.00,120.63,1039,1.698,98100,26.0,39.0,47.0,YES,UNKNOWN_ANALYSIS_IAQ121_VOC1.70ppm,27305.2,26,14.8,0.259,429
PMS7003: Timeout error
2026-08-02 21:37:49,31.80,62.12,1006.00,120.63,1039,1.698,98100,26.0,39.0,47.0,YES,UNKNOWN_ANALYSIS_IAQ121_VOC1.70ppm,27315.6,26,14.8,0.259,429
2026-08-02 21:37:58,31.80,62.12,1006.00,120.63,1039,1.698,98100,28.0,38.0,47.0,YES,UNKNOWN_ANALYSIS_IAQ121_VOC1.70ppm,27325.0,26,14.8,0.259,429
📊 Z-scores: IAQ=15.93 VOC=31.62 CO2=45.48 GasDrop=10.61
2026-08-02 21:38:08,31.80,62.12,1006.00,120.63,1039,1.698,98100,27.0,38.0,47.0,YES,UNKNOWN_ANALYSIS_IAQ121_VOC1.70ppm,27335.5,26,14.8,0.259,429
2026-08-02 21:38:18,31.81,62.14,1006.00,119.53,1029,1.659,98200,27.0,38.0,46.0,YES,UNKNOWN_ANALYSIS_IAQ120_VOC1.66ppm,27344.9,26,14.8,0.259,429
2026-08-02 21:38:28,31.81,62.14,1006.00,119.53,1029,1.659,98200,27.0,38.0,46.0,YES,UNKNOWN_ANALYSIS_IAQ120_VOC1.66ppm,27355.3,26,14.8,0.259,429
2026-08-02 21:38:38,31.81,62.14,1006.00,119.53,1029,1.659,98200,27.0,38.0,46.0,YES,UNKNOWN_ANALYSIS_IAQ120_VOC1.66ppm,27364.7,26,14.8,0.259,429
2026-08-02 21:38:48,31.81,62.14,1006.00,119.53,1029,1.659,98200,27.0,38.0,46.0,YES,UNKNOWN_ANALYSIS_IAQ120_VOC1.66ppm,27375.2,26,14.8,0.259,429
2026-08-02 21:38:59,31.81,62.14,1006.00,119.53,1029,1.659,98200,27.0,38.0,46.0,YES,UNKNOWN_ANALYSIS_IAQ120_VOC1.66ppm,27385.6,26,14.8,0.259,429
2026-08-02 21:39:08,31.81,62.14,1006.00,119.53,1029,1.659,98200,28.0,39.0,48.0,YES,UNKNOWN_ANALYSIS_IAQ120_VOC1.66ppm,27395.1,26,14.8,0.259,429
📊 Z-scores: IAQ=15.77 VOC=30.77 CO2=44.71 GasDrop=10.60
2026-08-02 21:39:18,31.81,62.14,1006.00,119.53,1029,1.659,98200,28.0,40.0,48.0,YES,UNKNOWN_ANALYSIS_IAQ120_VOC1.66ppm,27405.5,26,14.8,0.259,429
2026-08-02 21:39:28,31.81,62.14,1006.00,119.53,1029,1.659,98200,27.0,39.0,47.0,YES,UNKNOWN_ANALYSIS_IAQ120_VOC1.66ppm,27414.9,26,14.8,0.259,429
2026-08-02 21:39:38,31.81,62.14,1006.00,119.53,1029,1.659,98200,28.0,39.0,48.0,YES,UNKNOWN_ANALYSIS_IAQ120_VOC1.66ppm,27425.4,26,14.8,0.259,429
2026-08-02 21:39:48,31.81,62.14,1006.00,119.53,1029,1.659,98200,28.0,39.0,48.0,YES,UNKNOWN_ANALYSIS_IAQ120_VOC1.66ppm,27434.8,26,14.8,0.259,429
2026-08-02 21:39:58,31.81,62.14,1006.00,119.53,1029,1.659,98200,27.0,39.0,46.0,YES,UNKNOWN_ANALYSIS_IAQ120_VOC1.66ppm,27445.2,26,14.8,0.259,429
2026-08-02 21:40:09,31.81,62.14,1006.00,119.53,1029,1.659,98200,28.0,39.0,46.0,YES,UNKNOWN_ANALYSIS_IAQ120_VOC1.66ppm,27455.7,26,14.8,0.259,429
2026-08-02 21:40:18,31.81,62.14,1006.00,119.53,1029,1.659,98200,27.0,38.0,47.0,YES,UNKNOWN_ANALYSIS_IAQ120_VOC1.66ppm,27465.1,26,14.8,0.259,429
📊 Z-scores: IAQ=15.77 VOC=30.77 CO2=44.71 GasDrop=10.60
2026-08-02 21:40:28,31.81,62.14,1006.00,119.53,1029,1.659,98200,27.0,39.0,49.0,YES,UNKNOWN_ANALYSIS_IAQ120_VOC1.66ppm,27475.5,26,14.8,0.259,429
2026-08-02 21:40:38,31.81,62.14,1006.00,119.53,1029,1.659,98200,28.0,40.0,49.0,YES,UNKNOWN_ANALYSIS_IAQ120_VOC1.66ppm,27484.9,26,14.8,0.259,429
2026-08-02 21:40:48,31.81,62.14,1006.00,119.53,1029,1.659,98200,28.0,39.0,47.0,YES,UNKNOWN_ANALYSIS_IAQ120_VOC1.66ppm,27495.4,26,14.8,0.259,429
2026-08-02 21:40:58,31.81,62.14,1006.00,119.53,1029,1.659,98200,27.0,39.0,47.0,YES,UNKNOWN_ANALYSIS_IAQ120_VOC1.66ppm,27504.8,26,14.8,0.259,429
2026-08-02 21:41:08,31.81,62.14,1006.00,119.53,1029,1.659,98200,26.0,38.0,45.0,YES,UNKNOWN_ANALYSIS_IAQ120_VOC1.66ppm,27515.3,26,14.8,0.259,429
2026-08-02 21:41:19,31.81,62.14,1006.00,119.53,1029,1.659,98200,27.0,39.0,46.0,YES,UNKNOWN_ANALYSIS_IAQ120_VOC1.66ppm,27525.7,26,14.8,0.259,429
2026-08-02 21:41:28,31.81,62.14,1006.00,119.53,1029,1.659,98200,26.0,39.0,46.0,YES,UNKNOWN_ANALYSIS_IAQ120_VOC1.66ppm,27535.1,26,14.8,0.259,429
📊 Z-scores: IAQ=15.77 VOC=30.77 CO2=44.71 GasDrop=10.60
2026-08-02 21:41:38,31.81,62.14,1006.00,119.53,1029,1.659,98200,26.0,39.0,46.0,YES,UNKNOWN_ANALYSIS_IAQ120_VOC1.66ppm,27545.6,26,14.8,0.259,429
2026-08-02 21:41:48,31.81,62.14,1006.00,119.53,1029,1.659,98200,27.0,40.0,47.0,YES,UNKNOWN_ANALYSIS_IAQ120_VOC1.66ppm,27555.0,26,14.8,0.259,429
2026-08-02 21:41:58,31.81,62.14,1006.00,119.53,1029,1.659,98200,26.0,38.0,44.0,YES,UNKNOWN_ANALYSIS_IAQ120_VOC1.66ppm,27565.4,26,14.8,0.259,429
2026-08-02 21:42:09,31.81,62.14,1006.00,119.53,1029,1.659,98200,27.0,39.0,46.0,YES,UNKNOWN_ANALYSIS_IAQ120_VOC1.66ppm,27575.9,26,14.8,0.259,429
2026-08-02 21:42:18,31.81,62.14,1006.00,119.53,1029,1.659,98200,27.0,40.0,47.0,YES,UNKNOWN_ANALYSIS_IAQ120_VOC1.66ppm,27585.3,26,14.8,0.259,429
2026-08-02 21:42:29,31.81,62.14,1006.00,119.53,1029,1.659,98200,27.0,39.0,48.0,YES,UNKNOWN_ANALYSIS_IAQ120_VOC1.66ppm,27595.7,26,14.8,0.259,429
2026-08-02 21:42:38,31.81,62.14,1006.00,119.53,1029,1.659,98200,28.0,40.0,47.0,YES,UNKNOWN_ANALYSIS_IAQ120_VOC1.66ppm,27605.1,26,14.8,0.259,429
📊 Z-scores: IAQ=15.77 VOC=30.77 CO2=44.71 GasDrop=10.60
2026-08-02 21:42:49,31.81,62.14,1006.00,119.53,1029,1.659,98200,28.0,39.0,46.0,YES,UNKNOWN_ANALYSIS_IAQ120_VOC1.66ppm,27615.6,26,14.8,0.259,429
2026-08-02 21:42:59,31.81,62.14,1006.00,119.53,1029,1.659,98200,26.0,38.0,45.0,YES,UNKNOWN_ANALYSIS_IAQ120_VOC1.66ppm,27626.0,26,14.8,0.259,429
2026-08-02 21:43:08,31.81,62.14,1006.00,119.53,1029,1.659,98200,27.0,39.0,45.0,YES,UNKNOWN_ANALYSIS_IAQ120_VOC1.66ppm,27635.4,26,14.8,0.259,429
2026-08-02 21:43:19,31.83,62.13,1006.00,119.23,1025,1.644,98200,27.0,39.0,45.0,YES,UNKNOWN_ANALYSIS_IAQ119_VOC1.64ppm,27645.9,26,14.8,0.259,429
2026-08-02 21:43:28,31.83,62.13,1006.00,119.23,1025,1.644,98200,26.0,38.0,44.0,YES,UNKNOWN_ANALYSIS_IAQ119_VOC1.64ppm,27655.3,26,14.8,0.259,429
2026-08-02 21:43:39,31.83,62.13,1006.00,119.23,1025,1.644,98200,27.0,38.0,45.0,YES,UNKNOWN_ANALYSIS_IAQ119_VOC1.64ppm,27665.7,26,14.8,0.259,429
📊 Z-scores: IAQ=15.72 VOC=30.43 CO2=44.41 GasDrop=10.60
2026-08-02 21:43:49,31.83,62.13,1006.00,119.23,1025,1.644,98200,26.0,38.0,45.0,YES,UNKNOWN_ANALYSIS_IAQ119_VOC1.64ppm,27676.2,26,14.8,0.259,429
2026-08-02 21:43:59,31.83,62.13,1006.00,119.23,1025,1.644,98200,27.0,39.0,45.0,YES,UNKNOWN_ANALYSIS_IAQ119_VOC1.64ppm,27685.6,26,14.8,0.259,429
2026-08-02 21:44:09,31.83,62.13,1006.00,119.23,1025,1.644,98200,27.0,39.0,46.0,YES,UNKNOWN_ANALYSIS_IAQ119_VOC1.64ppm,27696.0,26,14.8,0.259,429
2026-08-02 21:44:18,31.83,62.13,1006.00,119.23,1025,1.644,98200,26.0,38.0,46.0,YES,UNKNOWN_ANALYSIS_IAQ119_VOC1.64ppm,27705.4,26,14.8,0.259,429
2026-08-02 21:44:29,31.83,62.13,1006.00,119.23,1025,1.644,98200,26.0,39.0,47.0,YES,UNKNOWN_ANALYSIS_IAQ119_VOC1.64ppm,27715.9,26,14.8,0.259,429
2026-08-02 21:44:38,31.83,62.13,1006.00,119.23,1025,1.644,98200,27.0,40.0,48.0,YES,UNKNOWN_ANALYSIS_IAQ119_VOC1.64ppm,27725.3,26,14.8,0.259,429
2026-08-02 21:44:49,31.83,62.13,1006.00,119.23,1025,1.644,98200,26.0,39.0,46.0,YES,UNKNOWN_ANALYSIS_IAQ119_VOC1.64ppm,27735.7,26,14.8,0.259,429
📊 Z-scores: IAQ=15.72 VOC=30.43 CO2=44.41 GasDrop=10.60
2026-08-02 21:44:59,31.83,62.13,1006.00,119.23,1025,1.644,98200,28.0,40.0,47.0,YES,UNKNOWN_ANALYSIS_IAQ119_VOC1.64ppm,27746.2,26,14.8,0.259,429
2026-08-02 21:45:09,31.83,62.13,1006.00,119.23,1025,1.644,98200,27.0,39.0,46.0,YES,UNKNOWN_ANALYSIS_IAQ119_VOC1.64ppm,27755.6,26,14.8,0.259,429
2026-08-02 21:45:19,31.83,62.13,1006.00,119.23,1025,1.644,98200,27.0,39.0,46.0,YES,UNKNOWN_ANALYSIS_IAQ119_VOC1.64ppm,27766.0,26,14.8,0.259,429
2026-08-02 21:45:28,31.83,62.13,1006.00,119.23,1025,1.644,98200,27.0,39.0,46.0,YES,UNKNOWN_ANALYSIS_IAQ119_VOC1.64ppm,27775.5,26,14.8,0.259,429
2026-08-02 21:45:39,31.83,62.13,1006.00,119.23,1025,1.644,98200,26.0,39.0,48.0,YES,UNKNOWN_ANALYSIS_IAQ119_VOC1.64ppm,27785.9,26,14.8,0.259,429
2026-08-02 21:45:49,31.83,62.13,1006.00,119.23,1025,1.644,98200,26.0,39.0,46.0,YES,UNKNOWN_ANALYSIS_IAQ119_VOC1.64ppm,27796.3,26,14.8,0.259,429
2026-08-02 21:45:59,31.83,62.13,1006.00,119.23,1025,1.644,98200,27.0,39.0,47.0,YES,UNKNOWN_ANALYSIS_IAQ119_VOC1.64ppm,27805.8,26,14.8,0.259,429
📊 Z-scores: IAQ=15.72 VOC=30.43 CO2=44.41 GasDrop=10.60
2026-08-02 21:46:09,31.83,62.13,1006.00,119.23,1025,1.644,98200,27.0,38.0,46.0,YES,UNKNOWN_ANALYSIS_IAQ119_VOC1.64ppm,27816.2,26,14.8,0.259,429
2026-08-02 21:46:19,31.83,62.13,1006.00,119.23,1025,1.644,98200,27.0,39.0,46.0,YES,UNKNOWN_ANALYSIS_IAQ119_VOC1.64ppm,27825.6,26,14.8,0.259,429
2026-08-02 21:46:29,31.83,62.13,1006.00,119.23,1025,1.644,98200,28.0,40.0,47.0,YES,UNKNOWN_ANALYSIS_IAQ119_VOC1.64ppm,27836.0,26,14.8,0.259,429
PMS7003: Timeout error
2026-08-02 21:46:39,31.83,62.13,1006.00,119.23,1025,1.644,98200,28.0,40.0,47.0,YES,UNKNOWN_ANALYSIS_IAQ119_VOC1.64ppm,27846.5,26,14.8,0.259,429
2026-08-02 21:46:49,31.83,62.13,1006.00,119.23,1025,1.644,98200,27.0,39.0,46.0,YES,UNKNOWN_ANALYSIS_IAQ119_VOC1.64ppm,27855.9,26,14.8,0.259,429
2026-08-02 21:46:59,31.83,62.13,1006.00,119.23,1025,1.644,98200,26.0,38.0,46.0,YES,UNKNOWN_ANALYSIS_IAQ119_VOC1.64ppm,27866.3,26,14.8,0.259,429
2026-08-02 21:47:09,31.83,62.13,1006.00,119.23,1025,1.644,98200,26.0,38.0,46.0,YES,UNKNOWN_ANALYSIS_IAQ119_VOC1.64ppm,27875.7,26,14.8,0.259,429
📊 Z-scores: IAQ=15.72 VOC=30.43 CO2=44.41 GasDrop=10.60
2026-08-02 21:47:19,31.83,62.13,1006.00,119.23,1025,1.644,98200,28.0,39.0,49.0,YES,UNKNOWN_ANALYSIS_IAQ119_VOC1.64ppm,27886.2,26,14.8,0.259,429
2026-08-02 21:47:30,31.83,62.13,1006.00,119.23,1025,1.644,98200,28.0,39.0,48.0,YES,UNKNOWN_ANALYSIS_IAQ119_VOC1.64ppm,27896.6,26,14.8,0.259,429
2026-08-02 21:47:39,31.83,62.13,1006.00,119.23,1025,1.644,98200,26.0,38.0,46.0,YES,UNKNOWN_ANALYSIS_IAQ119_VOC1.64ppm,27906.0,26,14.8,0.259,429
2026-08-02 21:47:49,31.83,62.13,1006.00,119.23,1025,1.644,98200,27.0,39.0,47.0,YES,UNKNOWN_ANALYSIS_IAQ119_VOC1.64ppm,27916.5,26,14.8,0.259,429
2026-08-02 21:47:59,31.83,62.13,1006.00,119.23,1025,1.644,98200,27.0,39.0,47.0,YES,UNKNOWN_ANALYSIS_IAQ119_VOC1.64ppm,27925.9,26,14.8,0.259,429
2026-08-02 21:48:09,31.83,62.13,1006.00,119.23,1025,1.644,98200,28.0,40.0,49.0,YES,UNKNOWN_ANALYSIS_IAQ119_VOC1.64ppm,27936.3,26,14.8,0.259,429
2026-08-02 21:48:19,31.80,62.17,1006.00,120.35,1032,1.669,98100,26.0,39.0,47.0,YES,UNKNOWN_ANALYSIS_IAQ120_VOC1.67ppm,27945.7,26,14.8,0.259,429
📊 Z-scores: IAQ=15.89 VOC=30.98 CO2=44.90 GasDrop=10.61
2026-08-02 21:48:29,31.80,62.17,1006.00,120.35,1032,1.669,98100,26.0,38.0,46.0,YES,UNKNOWN_ANALYSIS_IAQ120_VOC1.67ppm,27956.2,26,14.8,0.259,429
2026-08-02 21:48:40,31.80,62.17,1006.00,120.35,1032,1.669,98100,27.0,39.0,47.0,YES,UNKNOWN_ANALYSIS_IAQ120_VOC1.67ppm,27966.6,26,14.8,0.259,429
2026-08-02 21:48:49,31.80,62.17,1006.00,120.35,1032,1.669,98100,26.0,38.0,47.0,YES,UNKNOWN_ANALYSIS_IAQ120_VOC1.67ppm,27976.0,26,14.8,0.259,429
2026-08-02 21:48:59,31.80,62.17,1006.00,120.35,1032,1.669,98100,27.0,39.0,49.0,YES,UNKNOWN_ANALYSIS_IAQ120_VOC1.67ppm,27986.5,26,14.8,0.259,429
2026-08-02 21:49:09,31.80,62.17,1006.00,120.35,1032,1.669,98100,26.0,38.0,47.0,YES,UNKNOWN_ANALYSIS_IAQ120_VOC1.67ppm,27995.9,26,14.8,0.259,429
2026-08-02 21:49:19,31.80,62.17,1006.00,120.35,1032,1.669,98100,25.0,37.0,46.0,YES,UNKNOWN_ANALYSIS_IAQ120_VOC1.67ppm,28006.3,26,14.8,0.259,429
📊 Z-scores: IAQ=15.89 VOC=30.98 CO2=44.90 GasDrop=10.61
2026-08-02 21:49:30,31.80,62.17,1006.00,120.35,1032,1.669,98100,26.0,38.0,46.0,YES,UNKNOWN_ANALYSIS_IAQ120_VOC1.67ppm,28016.8,26,14.8,0.259,429
2026-08-02 21:49:39,31.80,62.17,1006.00,120.35,1032,1.669,98100,27.0,38.0,47.0,YES,UNKNOWN_ANALYSIS_IAQ120_VOC1.67ppm,28026.2,26,14.8,0.259,429
2026-08-02 21:49:50,31.80,62.17,1006.00,120.35,1032,1.669,98100,26.0,38.0,46.0,YES,UNKNOWN_ANALYSIS_IAQ120_VOC1.67ppm,28036.6,26,14.8,0.259,429
2026-08-02 21:49:59,31.80,62.17,1006.00,120.35,1032,1.669,98100,28.0,39.0,48.0,YES,UNKNOWN_ANALYSIS_IAQ120_VOC1.67ppm,28046.0,26,14.8,0.259,429
2026-08-02 21:50:09,31.80,62.17,1006.00,120.35,1032,1.669,98100,27.0,37.0,44.0,YES,UNKNOWN_ANALYSIS_IAQ120_VOC1.67ppm,28056.5,26,14.8,0.259,429
2026-08-02 21:50:20,31.80,62.17,1006.00,120.35,1032,1.669,98100,26.0,37.0,44.0,YES,UNKNOWN_ANALYSIS_IAQ120_VOC1.67ppm,28066.9,26,14.8,0.259,429
2026-08-02 21:50:29,31.80,62.17,1006.00,120.35,1032,1.669,98100,27.0,38.0,45.0,YES,UNKNOWN_ANALYSIS_IAQ120_VOC1.67ppm,28076.4,26,14.8,0.259,429
📊 Z-scores: IAQ=15.89 VOC=30.98 CO2=44.90 GasDrop=10.61
2026-08-02 21:50:40,31.80,62.17,1006.00,120.35,1032,1.669,98100,27.0,39.0,47.0,YES,UNKNOWN_ANALYSIS_IAQ120_VOC1.67ppm,28086.8,26,14.8,0.259,429
2026-08-02 21:50:49,31.80,62.17,1006.00,120.35,1032,1.669,98100,27.0,38.0,46.0,YES,UNKNOWN_ANALYSIS_IAQ120_VOC1.67ppm,28096.2,26,14.8,0.259,429
2026-08-02 21:51:00,31.80,62.17,1006.00,120.35,1032,1.669,98100,26.0,38.0,44.0,YES,UNKNOWN_ANALYSIS_IAQ120_VOC1.67ppm,28106.6,26,14.8,0.259,429
PMS7003: Timeout error
2026-08-02 21:51:10,31.80,62.17,1006.00,120.35,1032,1.669,98100,26.0,38.0,44.0,YES,UNKNOWN_ANALYSIS_IAQ120_VOC1.67ppm,28117.1,26,14.8,0.259,429
2026-08-02 21:51:19,31.80,62.17,1006.00,120.35,1032,1.669,98100,26.0,39.0,46.0,YES,UNKNOWN_ANALYSIS_IAQ120_VOC1.67ppm,28126.5,26,14.8,0.259,429
2026-08-02 21:51:30,31.80,62.17,1006.00,120.35,1032,1.669,98100,27.0,40.0,46.0,YES,UNKNOWN_ANALYSIS_IAQ120_VOC1.67ppm,28137.0,26,14.8,0.259,429
2026-08-02 21:51:39,31.80,62.17,1006.00,120.35,1032,1.669,98100,27.0,40.0,47.0,YES,UNKNOWN_ANALYSIS_IAQ120_VOC1.67ppm,28146.4,26,14.8,0.259,429
📊 Z-scores: IAQ=15.89 VOC=30.98 CO2=44.90 GasDrop=10.61
2026-08-02 21:51:50,31.80,62.17,1006.00,120.35,1032,1.669,98100,28.0,40.0,47.0,YES,UNKNOWN_ANALYSIS_IAQ120_VOC1.67ppm,28156.8,26,14.8,0.259,429
2026-08-02 21:51:59,31.80,62.17,1006.00,120.35,1032,1.669,98100,27.0,40.0,47.0,YES,UNKNOWN_ANALYSIS_IAQ120_VOC1.67ppm,28166.2,26,14.8,0.259,429
2026-08-02 21:52:10,31.80,62.17,1006.00,120.35,1032,1.669,98100,26.0,39.0,47.0,YES,UNKNOWN_ANALYSIS_IAQ120_VOC1.67ppm,28176.7,26,14.8,0.259,429
2026-08-02 21:52:20,31.80,62.17,1006.00,120.35,1032,1.669,98100,27.0,39.0,48.0,YES,UNKNOWN_ANALYSIS_IAQ120_VOC1.67ppm,28187.1,26,14.8,0.259,429
2026-08-02 21:52:29,31.80,62.17,1006.00,120.35,1032,1.669,98100,26.0,38.0,48.0,YES,UNKNOWN_ANALYSIS_IAQ120_VOC1.67ppm,28196.5,26,14.8,0.259,429
2026-08-02 21:52:40,31.80,62.17,1006.00,120.35,1032,1.669,98100,26.0,39.0,47.0,YES,UNKNOWN_ANALYSIS_IAQ120_VOC1.67ppm,28207.0,26,14.8,0.259,429
2026-08-02 21:52:49,31.80,62.17,1006.00,120.35,1032,1.669,98100,26.0,39.0,47.0,YES,UNKNOWN_ANALYSIS_IAQ120_VOC1.67ppm,28216.4,26,14.8,0.259,429
📊 Z-scores: IAQ=15.89 VOC=30.98 CO2=44.90 GasDrop=10.61
2026-08-02 21:53:00,31.80,62.17,1006.00,120.35,1032,1.669,98100,27.0,39.0,46.0,YES,UNKNOWN_ANALYSIS_IAQ120_VOC1.67ppm,28226.8,26,14.8,0.259,429
2026-08-02 21:53:10,31.80,62.17,1006.00,120.35,1032,1.669,98100,26.0,37.0,44.0,YES,UNKNOWN_ANALYSIS_IAQ120_VOC1.67ppm,28237.3,26,14.8,0.259,429
2026-08-02 21:53:20,31.80,62.13,1006.00,118.22,1014,1.603,98400,25.0,37.0,44.0,YES,UNKNOWN_ANALYSIS_IAQ118_VOC1.60ppm,28246.7,26,14.8,0.259,429
2026-08-02 21:53:30,31.80,62.13,1006.00,118.22,1014,1.603,98400,27.0,38.0,44.0,YES,UNKNOWN_ANALYSIS_IAQ118_VOC1.60ppm,28257.1,26,14.8,0.259,429
2026-08-02 21:53:39,31.80,62.13,1006.00,118.22,1014,1.603,98400,27.0,38.0,45.0,YES,UNKNOWN_ANALYSIS_IAQ118_VOC1.60ppm,28266.5,26,14.8,0.259,429
2026-08-02 21:53:50,31.80,62.13,1006.00,118.22,1014,1.603,98400,28.0,40.0,47.0,YES,UNKNOWN_ANALYSIS_IAQ118_VOC1.60ppm,28277.0,26,14.8,0.259,429
2026-08-02 21:53:59,31.80,62.13,1006.00,118.22,1014,1.603,98400,27.0,39.0,47.0,YES,UNKNOWN_ANALYSIS_IAQ118_VOC1.60ppm,28286.4,26,14.8,0.259,429
📊 Z-scores: IAQ=15.57 VOC=29.52 CO2=43.57 GasDrop=10.58
2026-08-02 21:54:10,31.80,62.13,1006.00,118.22,1014,1.603,98400,28.0,40.0,47.0,YES,UNKNOWN_ANALYSIS_IAQ118_VOC1.60ppm,28296.9,26,14.8,0.259,429
2026-08-02 21:54:20,31.80,62.13,1006.00,118.22,1014,1.603,98400,28.0,40.0,47.0,YES,UNKNOWN_ANALYSIS_IAQ118_VOC1.60ppm,28307.3,26,14.8,0.259,429
2026-08-02 21:54:30,31.80,62.13,1006.00,118.22,1014,1.603,98400,28.0,40.0,46.0,YES,UNKNOWN_ANALYSIS_IAQ118_VOC1.60ppm,28316.7,26,14.8,0.259,429
2026-08-02 21:54:40,31.80,62.13,1006.00,118.22,1014,1.603,98400,28.0,39.0,46.0,YES,UNKNOWN_ANALYSIS_IAQ118_VOC1.60ppm,28327.1,26,14.8,0.259,429
2026-08-02 21:54:49,31.80,62.13,1006.00,118.22,1014,1.603,98400,28.0,40.0,47.0,YES,UNKNOWN_ANALYSIS_IAQ118_VOC1.60ppm,28336.6,26,14.8,0.259,429
2026-08-02 21:55:00,31.80,62.13,1006.00,118.22,1014,1.603,98400,28.0,41.0,49.0,YES,UNKNOWN_ANALYSIS_IAQ118_VOC1.60ppm,28347.0,26,14.8,0.259,429
📊 Z-scores: IAQ=15.57 VOC=29.52 CO2=43.57 GasDrop=10.58
2026-08-02 21:55:10,31.80,62.13,1006.00,118.22,1014,1.603,98400,27.0,39.0,46.0,YES,UNKNOWN_ANALYSIS_IAQ118_VOC1.60ppm,28357.5,26,14.8,0.259,429
2026-08-02 21:55:20,31.80,62.13,1006.00,118.22,1014,1.603,98400,28.0,41.0,48.0,YES,UNKNOWN_ANALYSIS_IAQ118_VOC1.60ppm,28366.9,26,14.8,0.259,429
2026-08-02 21:55:30,31.80,62.13,1006.00,118.22,1014,1.603,98400,27.0,40.0,46.0,YES,UNKNOWN_ANALYSIS_IAQ118_VOC1.60ppm,28377.3,26,14.8,0.259,429
2026-08-02 21:55:40,31.80,62.13,1006.00,118.22,1014,1.603,98400,27.0,40.0,46.0,YES,UNKNOWN_ANALYSIS_IAQ118_VOC1.60ppm,28386.7,26,14.8,0.259,429
2026-08-02 21:55:50,31.80,62.13,1006.00,118.22,1014,1.603,98400,27.0,39.0,45.0,YES,UNKNOWN_ANALYSIS_IAQ118_VOC1.60ppm,28397.2,26,14.8,0.259,429
2026-08-02 21:56:01,31.80,62.13,1006.00,118.22,1014,1.603,98400,28.0,39.0,46.0,YES,UNKNOWN_ANALYSIS_IAQ118_VOC1.60ppm,28407.6,26,14.8,0.259,429
2026-08-02 21:56:10,31.80,62.13,1006.00,118.22,1014,1.603,98400,27.0,39.0,46.0,YES,UNKNOWN_ANALYSIS_IAQ118_VOC1.60ppm,28417.0,26,14.8,0.259,429
📊 Z-scores: IAQ=15.57 VOC=29.52 CO2=43.57 GasDrop=10.58
2026-08-02 21:56:20,31.80,62.13,1006.00,118.22,1014,1.603,98400,28.0,40.0,47.0,YES,UNKNOWN_ANALYSIS_IAQ118_VOC1.60ppm,28427.5,26,14.8,0.259,429
2026-08-02 21:56:30,31.80,62.13,1006.00,118.22,1014,1.603,98400,28.0,39.0,48.0,YES,UNKNOWN_ANALYSIS_IAQ118_VOC1.60ppm,28436.9,26,14.8,0.259,429
2026-08-02 21:56:40,31.80,62.13,1006.00,118.22,1014,1.603,98400,27.0,39.0,48.0,YES,UNKNOWN_ANALYSIS_IAQ118_VOC1.60ppm,28447.3,26,14.8,0.259,429
PMS7003: Timeout error
2026-08-02 21:56:51,31.80,62.13,1006.00,118.22,1014,1.603,98400,27.0,39.0,48.0,YES,UNKNOWN_ANALYSIS_IAQ118_VOC1.60ppm,28457.7,26,14.8,0.259,429
2026-08-02 21:57:00,31.80,62.13,1006.00,118.22,1014,1.603,98400,27.0,38.0,44.0,YES,UNKNOWN_ANALYSIS_IAQ118_VOC1.60ppm,28467.2,26,14.8,0.259,429
2026-08-02 21:57:11,31.80,62.13,1006.00,118.22,1014,1.603,98400,28.0,39.0,47.0,YES,UNKNOWN_ANALYSIS_IAQ118_VOC1.60ppm,28477.6,26,14.8,0.259,429
2026-08-02 21:57:20,31.80,62.13,1006.00,118.22,1014,1.603,98400,27.0,39.0,47.0,YES,UNKNOWN_ANALYSIS_IAQ118_VOC1.60ppm,28487.0,26,14.8,0.259,429
📊 Z-scores: IAQ=15.57 VOC=29.52 CO2=43.57 GasDrop=10.58
2026-08-02 21:57:30,31.80,62.13,1006.00,118.22,1014,1.603,98400,26.0,38.0,47.0,YES,UNKNOWN_ANALYSIS_IAQ118_VOC1.60ppm,28497.5,26,14.8,0.259,429
2026-08-02 21:57:40,31.80,62.13,1006.00,118.22,1014,1.603,98400,27.0,39.0,47.0,YES,UNKNOWN_ANALYSIS_IAQ118_VOC1.60ppm,28506.9,26,14.8,0.259,429
2026-08-02 21:57:50,31.80,62.13,1006.00,118.22,1014,1.603,98400,27.0,40.0,48.0,YES,UNKNOWN_ANALYSIS_IAQ118_VOC1.60ppm,28517.3,26,14.8,0.259,429
2026-08-02 21:58:01,31.80,62.13,1006.00,118.22,1014,1.603,98400,27.0,40.0,47.0,YES,UNKNOWN_ANALYSIS_IAQ118_VOC1.60ppm,28527.8,26,14.8,0.259,429
2026-08-02 21:58:10,31.80,62.13,1006.00,118.22,1014,1.603,98400,26.0,39.0,46.0,YES,UNKNOWN_ANALYSIS_IAQ118_VOC1.60ppm,28537.2,26,14.8,0.259,429
2026-08-02 21:58:21,31.80,62.15,1006.00,118.90,1017,1.615,98300,26.0,38.0,46.0,YES,UNKNOWN_ANALYSIS_IAQ119_VOC1.61ppm,28547.6,26,14.8,0.259,429
2026-08-02 21:58:30,31.80,62.15,1006.00,118.90,1017,1.615,98300,26.0,38.0,46.0,YES,UNKNOWN_ANALYSIS_IAQ119_VOC1.61ppm,28557.0,26,14.8,0.259,429
📊 Z-scores: IAQ=15.67 VOC=29.79 CO2=43.82 GasDrop=10.59
2026-08-02 21:58:40,31.80,62.15,1006.00,118.90,1017,1.615,98300,26.0,38.0,46.0,YES,UNKNOWN_ANALYSIS_IAQ119_VOC1.61ppm,28567.5,26,14.8,0.259,429
2026-08-02 21:58:51,31.80,62.15,1006.00,118.90,1017,1.615,98300,26.0,39.0,46.0,YES,UNKNOWN_ANALYSIS_IAQ119_VOC1.61ppm,28577.9,26,14.8,0.259,429
2026-08-02 21:59:00,31.80,62.15,1006.00,118.90,1017,1.615,98300,26.0,39.0,46.0,YES,UNKNOWN_ANALYSIS_IAQ119_VOC1.61ppm,28587.3,26,14.8,0.259,429
2026-08-02 21:59:11,31.80,62.15,1006.00,118.90,1017,1.615,98300,26.0,37.0,45.0,YES,UNKNOWN_ANALYSIS_IAQ119_VOC1.61ppm,28597.8,26,14.8,0.259,429
2026-08-02 21:59:20,31.80,62.15,1006.00,118.90,1017,1.615,98300,27.0,38.0,44.0,YES,UNKNOWN_ANALYSIS_IAQ119_VOC1.61ppm,28607.2,26,14.8,0.259,429
2026-08-02 21:59:31,31.80,62.15,1006.00,118.90,1017,1.615,98300,27.0,38.0,45.0,YES,UNKNOWN_ANALYSIS_IAQ119_VOC1.61ppm,28617.6,26,14.8,0.259,429
PMS7003: Timeout error
📊 Z-scores: IAQ=15.67 VOC=29.79 CO2=43.82 GasDrop=10.59
2026-08-02 21:59:41,31.80,62.15,1006.00,118.90,1017,1.615,98300,27.0,38.0,45.0,YES,UNKNOWN_ANALYSIS_IAQ119_VOC1.61ppm,28628.1,26,14.8,0.259,429
2026-08-02 21:59:50,31.80,62.15,1006.00,118.90,1017,1.615,98300,27.0,39.0,45.0,YES,UNKNOWN_ANALYSIS_IAQ119_VOC1.61ppm,28637.5,26,14.8,0.259,429
2026-08-02 22:00:01,31.80,62.15,1006.00,118.90,1017,1.615,98300,27.0,39.0,47.0,YES,UNKNOWN_ANALYSIS_IAQ119_VOC1.61ppm,28648.0,26,14.8,0.259,429
2026-08-02 22:00:10,31.80,62.15,1006.00,118.90,1017,1.615,98300,28.0,39.0,46.0,YES,UNKNOWN_ANALYSIS_IAQ119_VOC1.61ppm,28657.4,26,14.8,0.259,429
2026-08-02 22:00:21,31.80,62.15,1006.00,118.90,1017,1.615,98300,27.0,37.0,45.0,YES,UNKNOWN_ANALYSIS_IAQ119_VOC1.61ppm,28667.8,26,14.8,0.259,429
2026-08-02 22:00:30,31.80,62.15,1006.00,118.90,1017,1.615,98300,28.0,39.0,47.0,YES,UNKNOWN_ANALYSIS_IAQ119_VOC1.61ppm,28677.2,26,14.8,0.259,429
2026-08-02 22:00:41,31.80,62.15,1006.00,118.90,1017,1.615,98300,28.0,39.0,48.0,YES,UNKNOWN_ANALYSIS_IAQ119_VOC1.61ppm,28687.7,26,14.8,0.259,429
📊 Z-scores: IAQ=15.67 VOC=29.79 CO2=43.82 GasDrop=10.59
2026-08-02 22:00:51,31.80,62.15,1006.00,118.90,1017,1.615,98300,27.0,38.0,47.0,YES,UNKNOWN_ANALYSIS_IAQ119_VOC1.61ppm,28698.1,26,14.8,0.259,429
2026-08-02 22:01:00,31.80,62.15,1006.00,118.90,1017,1.615,98300,27.0,39.0,47.0,YES,UNKNOWN_ANALYSIS_IAQ119_VOC1.61ppm,28707.5,26,14.8,0.259,429
2026-08-02 22:01:11,31.80,62.15,1006.00,118.90,1017,1.615,98300,27.0,38.0,47.0,YES,UNKNOWN_ANALYSIS_IAQ119_VOC1.61ppm,28718.0,26,14.8,0.259,429
2026-08-02 22:01:20,31.80,62.15,1006.00,118.90,1017,1.615,98300,26.0,38.0,46.0,YES,UNKNOWN_ANALYSIS_IAQ119_VOC1.61ppm,28727.4,26,14.8,0.259,429
2026-08-02 22:01:31,31.80,62.15,1006.00,118.90,1017,1.615,98300,26.0,38.0,47.0,YES,UNKNOWN_ANALYSIS_IAQ119_VOC1.61ppm,28737.8,26,14.8,0.259,429
2026-08-02 22:01:41,31.80,62.15,1006.00,118.90,1017,1.615,98300,26.0,38.0,47.0,YES,UNKNOWN_ANALYSIS_IAQ119_VOC1.61ppm,28748.3,26,14.8,0.259,429
2026-08-02 22:01:51,31.80,62.15,1006.00,118.90,1017,1.615,98300,27.0,40.0,48.0,YES,UNKNOWN_ANALYSIS_IAQ119_VOC1.61ppm,28757.7,26,14.8,0.259,429
📊 Z-scores: IAQ=15.67 VOC=29.79 CO2=43.82 GasDrop=10.59
2026-08-02 22:02:01,31.80,62.15,1006.00,118.90,1017,1.615,98300,27.0,41.0,47.0,YES,UNKNOWN_ANALYSIS_IAQ119_VOC1.61ppm,28768.1,26,14.8,0.259,429
💾 Saved baseline: IAQ=15.4 VOC=0.263 CO2=430 Gas=177816
2026-08-02 22:02:10,31.80,62.15,1006.00,118.90,1017,1.615,98300,26.0,39.0,47.0,YES,UNKNOWN_ANALYSIS_IAQ119_VOC1.61ppm,28777.5,26,14.8,0.259,429
2026-08-02 22:02:21,31.80,62.15,1006.00,118.90,1017,1.615,98300,26.0,38.0,46.0,YES,UNKNOWN_ANALYSIS_IAQ119_VOC1.61ppm,28788.0,26,14.8,0.259,429
2026-08-02 22:02:30,31.80,62.15,1006.00,118.90,1017,1.615,98300,27.0,38.0,45.0,YES,UNKNOWN_ANALYSIS_IAQ119_VOC1.61ppm,28797.4,26,14.8,0.259,429
2026-08-02 22:02:41,31.80,62.15,1006.00,118.90,1017,1.615,98300,27.0,38.0,47.0,YES,UNKNOWN_ANALYSIS_IAQ119_VOC1.61ppm,28807.8,26,14.8,0.259,429
2026-08-02 22:02:51,31.80,62.15,1006.00,118.90,1017,1.615,98300,27.0,37.0,46.0,YES,UNKNOWN_ANALYSIS_IAQ119_VOC1.61ppm,28818.3,26,14.8,0.259,429
2026-08-02 22:03:01,31.80,62.15,1006.00,118.90,1017,1.615,98300,28.0,38.0,46.0,YES,UNKNOWN_ANALYSIS_IAQ119_VOC1.61ppm,28827.7,26,14.8,0.259,429
📊 Z-scores: IAQ=15.67 VOC=29.79 CO2=43.82 GasDrop=10.59
2026-08-02 22:03:11,31.80,62.15,1006.00,118.90,1017,1.615,98300,27.0,38.0,46.0,YES,UNKNOWN_ANALYSIS_IAQ119_VOC1.61ppm,28838.1,26,14.8,0.259,429
2026-08-02 22:03:20,31.80,62.14,1006.00,118.14,1010,1.587,98400,27.0,38.0,46.0,YES,UNKNOWN_ANALYSIS_IAQ118_VOC1.59ppm,28847.6,26,14.8,0.259,429
2026-08-02 22:03:31,31.80,62.14,1006.00,118.14,1010,1.587,98400,27.0,39.0,47.0,YES,UNKNOWN_ANALYSIS_IAQ118_VOC1.59ppm,28858.0,26,14.8,0.259,429
2026-08-02 22:03:41,31.80,62.14,1006.00,118.14,1010,1.587,98400,27.0,39.0,46.0,YES,UNKNOWN_ANALYSIS_IAQ118_VOC1.59ppm,28868.4,26,14.8,0.259,429
2026-08-02 22:03:51,31.80,62.14,1006.00,118.14,1010,1.587,98400,27.0,39.0,45.0,YES,UNKNOWN_ANALYSIS_IAQ118_VOC1.59ppm,28877.8,26,14.8,0.259,429
2026-08-02 22:04:01,31.80,62.14,1006.00,118.14,1010,1.587,98400,28.0,39.0,47.0,YES,UNKNOWN_ANALYSIS_IAQ118_VOC1.59ppm,28888.3,26,14.8,0.259,429
2026-08-02 22:04:11,31.80,62.14,1006.00,118.14,1010,1.587,98400,27.0,39.0,48.0,YES,UNKNOWN_ANALYSIS_IAQ118_VOC1.59ppm,28897.7,26,14.8,0.259,429
📊 Z-scores: IAQ=15.56 VOC=29.19 CO2=43.26 GasDrop=10.58
2026-08-02 22:04:21,31.80,62.14,1006.00,118.14,1010,1.587,98400,28.0,39.0,49.0,YES,UNKNOWN_ANALYSIS_IAQ118_VOC1.59ppm,28908.1,26,14.8,0.259,429
PMS7003: Timeout error
2026-08-02 22:04:31,31.80,62.14,1006.00,118.14,1010,1.587,98400,28.0,39.0,49.0,YES,UNKNOWN_ANALYSIS_IAQ118_VOC1.59ppm,28918.6,26,14.8,0.259,429
2026-08-02 22:04:41,31.80,62.14,1006.00,118.14,1010,1.587,98400,27.0,39.0,47.0,YES,UNKNOWN_ANALYSIS_IAQ118_VOC1.59ppm,28928.0,26,14.8,0.259,429
2026-08-02 22:04:51,31.80,62.14,1006.00,118.14,1010,1.587,98400,27.0,38.0,47.0,YES,UNKNOWN_ANALYSIS_IAQ118_VOC1.59ppm,28938.4,26,14.8,0.259,429
2026-08-02 22:05:01,31.80,62.14,1006.00,118.14,1010,1.587,98400,27.0,39.0,47.0,YES,UNKNOWN_ANALYSIS_IAQ118_VOC1.59ppm,28947.9,26,14.8,0.259,429
2026-08-02 22:05:11,31.80,62.14,1006.00,118.14,1010,1.587,98400,28.0,40.0,47.0,YES,UNKNOWN_ANALYSIS_IAQ118_VOC1.59ppm,28958.3,26,14.8,0.259,429
PMS7003: Timeout error
📊 Z-scores: IAQ=15.56 VOC=29.19 CO2=43.26 GasDrop=10.58
2026-08-02 22:05:22,31.80,62.14,1006.00,118.14,1010,1.587,98400,28.0,40.0,47.0,YES,UNKNOWN_ANALYSIS_IAQ118_VOC1.59ppm,28968.7,26,14.8,0.259,429
2026-08-02 22:05:31,31.80,62.14,1006.00,118.14,1010,1.587,98400,27.0,39.0,45.0,YES,UNKNOWN_ANALYSIS_IAQ118_VOC1.59ppm,28978.2,26,14.8,0.259,429
2026-08-02 22:05:42,31.80,62.14,1006.00,118.14,1010,1.587,98400,26.0,38.0,46.0,YES,UNKNOWN_ANALYSIS_IAQ118_VOC1.59ppm,28988.6,26,14.8,0.259,429
2026-08-02 22:05:51,31.80,62.14,1006.00,118.14,1010,1.587,98400,26.0,38.0,46.0,YES,UNKNOWN_ANALYSIS_IAQ118_VOC1.59ppm,28998.0,26,14.8,0.259,429
2026-08-02 22:06:01,31.80,62.14,1006.00,118.14,1010,1.587,98400,27.0,39.0,47.0,YES,UNKNOWN_ANALYSIS_IAQ118_VOC1.59ppm,29008.5,26,14.8,0.259,429
2026-08-02 22:06:11,31.80,62.14,1006.00,118.14,1010,1.587,98400,26.0,37.0,46.0,YES,UNKNOWN_ANALYSIS_IAQ118_VOC1.59ppm,29017.9,26,14.8,0.259,429
2026-08-02 22:06:21,31.80,62.14,1006.00,118.14,1010,1.587,98400,27.0,39.0,46.0,YES,UNKNOWN_ANALYSIS_IAQ118_VOC1.59ppm,29028.3,26,14.8,0.259,429
📊 Z-scores: IAQ=15.56 VOC=29.19 CO2=43.26 GasDrop=10.58
2026-08-02 22:06:32,31.80,62.14,1006.00,118.14,1010,1.587,98400,27.0,39.0,47.0,YES,UNKNOWN_ANALYSIS_IAQ118_VOC1.59ppm,29038.7,26,14.8,0.259,429
2026-08-02 22:06:41,31.80,62.14,1006.00,118.14,1010,1.587,98400,27.0,40.0,49.0,YES,UNKNOWN_ANALYSIS_IAQ118_VOC1.59ppm,29048.1,26,14.8,0.259,429
2026-08-02 22:06:52,31.80,62.14,1006.00,118.14,1010,1.587,98400,27.0,40.0,49.0,YES,UNKNOWN_ANALYSIS_IAQ118_VOC1.59ppm,29058.6,26,14.8,0.259,429
2026-08-02 22:07:01,31.80,62.14,1006.00,118.14,1010,1.587,98400,26.0,39.0,47.0,YES,UNKNOWN_ANALYSIS_IAQ118_VOC1.59ppm,29068.0,26,14.8,0.259,429
2026-08-02 22:07:11,31.80,62.14,1006.00,118.14,1010,1.587,98400,28.0,40.0,48.0,YES,UNKNOWN_ANALYSIS_IAQ118_VOC1.59ppm,29078.4,26,14.8,0.259,429
2026-08-02 22:07:22,31.80,62.14,1006.00,118.14,1010,1.587,98400,27.0,39.0,49.0,YES,UNKNOWN_ANALYSIS_IAQ118_VOC1.59ppm,29088.9,26,14.8,0.259,429
2026-08-02 22:07:31,31.80,62.14,1006.00,118.14,1010,1.587,98400,27.0,40.0,49.0,YES,UNKNOWN_ANALYSIS_IAQ118_VOC1.59ppm,29098.3,26,14.8,0.259,429
📊 Z-scores: IAQ=15.56 VOC=29.19 CO2=43.26 GasDrop=10.58
2026-08-02 22:07:42,31.80,62.14,1006.00,118.14,1010,1.587,98400,27.0,40.0,48.0,YES,UNKNOWN_ANALYSIS_IAQ118_VOC1.59ppm,29108.7,26,14.8,0.259,429
2026-08-02 22:07:51,31.80,62.14,1006.00,118.14,1010,1.587,98400,28.0,40.0,47.0,YES,UNKNOWN_ANALYSIS_IAQ118_VOC1.59ppm,29118.1,26,14.8,0.259,429
2026-08-02 22:08:02,31.80,62.14,1006.00,118.14,1010,1.587,98400,28.0,39.0,47.0,YES,UNKNOWN_ANALYSIS_IAQ118_VOC1.59ppm,29128.6,26,14.8,0.259,429
2026-08-02 22:08:12,31.80,62.14,1006.00,118.14,1010,1.587,98400,28.0,39.0,49.0,YES,UNKNOWN_ANALYSIS_IAQ118_VOC1.59ppm,29139.0,26,14.8,0.259,429
2026-08-02 22:08:21,31.77,62.14,1006.00,121.14,1030,1.663,98100,27.0,38.0,48.0,YES,UNKNOWN_ANALYSIS_IAQ121_VOC1.66ppm,29148.4,26,14.8,0.259,429
2026-08-02 22:08:32,31.77,62.14,1006.00,121.14,1030,1.663,98100,27.0,39.0,47.0,YES,UNKNOWN_ANALYSIS_IAQ121_VOC1.66ppm,29158.9,26,14.8,0.259,429
2026-08-02 22:08:41,31.77,62.14,1006.00,121.14,1030,1.663,98100,28.0,40.0,48.0,YES,UNKNOWN_ANALYSIS_IAQ121_VOC1.66ppm,29168.3,26,14.8,0.259,429
📊 Z-scores: IAQ=16.01 VOC=30.86 CO2=44.79 GasDrop=10.61
2026-08-02 22:08:52,31.77,62.14,1006.00,121.14,1030,1.663,98100,28.0,40.0,47.0,YES,UNKNOWN_ANALYSIS_IAQ121_VOC1.66ppm,29178.7,26,14.8,0.259,429
2026-08-02 22:09:02,31.77,62.14,1006.00,121.14,1030,1.663,98100,27.0,39.0,46.0,YES,UNKNOWN_ANALYSIS_IAQ121_VOC1.66ppm,29189.2,26,14.8,0.259,429
2026-08-02 22:09:12,31.77,62.14,1006.00,121.14,1030,1.663,98100,27.0,39.0,48.0,YES,UNKNOWN_ANALYSIS_IAQ121_VOC1.66ppm,29198.6,26,14.8,0.259,429
2026-08-02 22:09:22,31.77,62.14,1006.00,121.14,1030,1.663,98100,27.0,39.0,48.0,YES,UNKNOWN_ANALYSIS_IAQ121_VOC1.66ppm,29209.0,26,14.8,0.259,429
2026-08-02 22:09:31,31.77,62.14,1006.00,121.14,1030,1.663,98100,27.0,39.0,47.0,YES,UNKNOWN_ANALYSIS_IAQ121_VOC1.66ppm,29218.4,26,14.8,0.259,429
2026-08-02 22:09:42,31.77,62.14,1006.00,121.14,1030,1.663,98100,27.0,38.0,45.0,YES,UNKNOWN_ANALYSIS_IAQ121_VOC1.66ppm,29228.9,26,14.8,0.259,429
📊 Z-scores: IAQ=16.01 VOC=30.86 CO2=44.79 GasDrop=10.61
2026-08-02 22:09:52,31.77,62.14,1006.00,121.14,1030,1.663,98100,28.0,40.0,47.0,YES,UNKNOWN_ANALYSIS_IAQ121_VOC1.66ppm,29239.3,26,14.8,0.259,429
2026-08-02 22:10:02,31.77,62.14,1006.00,121.14,1030,1.663,98100,27.0,39.0,45.0,YES,UNKNOWN_ANALYSIS_IAQ121_VOC1.66ppm,29248.7,26,14.8,0.259,429
2026-08-02 22:10:12,31.77,62.14,1006.00,121.14,1030,1.663,98100,28.0,40.0,47.0,YES,UNKNOWN_ANALYSIS_IAQ121_VOC1.66ppm,29259.2,26,14.8,0.259,429
2026-08-02 22:10:22,31.77,62.14,1006.00,121.14,1030,1.663,98100,27.0,39.0,48.0,YES,UNKNOWN_ANALYSIS_IAQ121_VOC1.66ppm,29268.6,26,14.8,0.259,429
2026-08-02 22:10:32,31.77,62.14,1006.00,121.14,1030,1.663,98100,28.0,40.0,49.0,YES,UNKNOWN_ANALYSIS_IAQ121_VOC1.66ppm,29279.0,26,14.8,0.259,429
2026-08-02 22:10:41,31.77,62.14,1006.00,121.14,1030,1.663,98100,28.0,41.0,49.0,YES,UNKNOWN_ANALYSIS_IAQ121_VOC1.66ppm,29288.4,26,14.8,0.259,429
2026-08-02 22:10:52,31.77,62.14,1006.00,121.14,1030,1.663,98100,27.0,40.0,48.0,YES,UNKNOWN_ANALYSIS_IAQ121_VOC1.66ppm,29298.9,26,14.8,0.259,429
📊 Z-scores: IAQ=16.01 VOC=30.86 CO2=44.79 GasDrop=10.61
2026-08-02 22:11:02,31.77,62.14,1006.00,121.14,1030,1.663,98100,27.0,40.0,47.0,YES,UNKNOWN_ANALYSIS_IAQ121_VOC1.66ppm,29309.3,26,14.8,0.259,429
2026-08-02 22:11:12,31.77,62.14,1006.00,121.14,1030,1.663,98100,26.0,38.0,46.0,YES,UNKNOWN_ANALYSIS_IAQ121_VOC1.66ppm,29318.7,26,14.8,0.259,429
2026-08-02 22:11:22,31.77,62.14,1006.00,121.14,1030,1.663,98100,26.0,38.0,45.0,YES,UNKNOWN_ANALYSIS_IAQ121_VOC1.66ppm,29329.2,26,14.8,0.259,429
2026-08-02 22:11:32,31.77,62.14,1006.00,121.14,1030,1.663,98100,27.0,40.0,47.0,YES,UNKNOWN_ANALYSIS_IAQ121_VOC1.66ppm,29338.6,26,14.8,0.259,429
2026-08-02 22:11:42,31.77,62.14,1006.00,121.14,1030,1.663,98100,28.0,39.0,48.0,YES,UNKNOWN_ANALYSIS_IAQ121_VOC1.66ppm,29349.0,26,14.8,0.259,429
2026-08-02 22:11:52,31.77,62.14,1006.00,121.14,1030,1.663,98100,28.0,39.0,47.0,YES,UNKNOWN_ANALYSIS_IAQ121_VOC1.66ppm,29359.5,26,14.8,0.259,429
2026-08-02 22:12:02,31.77,62.14,1006.00,121.14,1030,1.663,98100,28.0,39.0,47.0,YES,UNKNOWN_ANALYSIS_IAQ121_VOC1.66ppm,29368.9,26,14.8,0.259,429
📊 Z-scores: IAQ=16.01 VOC=30.86 CO2=44.79 GasDrop=10.61
2026-08-02 22:12:12,31.77,62.14,1006.00,121.14,1030,1.663,98100,28.0,39.0,47.0,YES,UNKNOWN_ANALYSIS_IAQ121_VOC1.66ppm,29379.4,26,14.8,0.259,429
2026-08-02 22:12:22,31.77,62.14,1006.00,121.14,1030,1.663,98100,28.0,40.0,48.0,YES,UNKNOWN_ANALYSIS_IAQ121_VOC1.66ppm,29388.8,26,14.8,0.259,429
2026-08-02 22:12:32,31.77,62.14,1006.00,121.14,1030,1.663,98100,28.0,40.0,49.0,YES,UNKNOWN_ANALYSIS_IAQ121_VOC1.66ppm,29399.2,26,14.8,0.259,429
2026-08-02 22:12:42,31.77,62.14,1006.00,121.14,1030,1.663,98100,28.0,39.0,49.0,YES,UNKNOWN_ANALYSIS_IAQ121_VOC1.66ppm,29408.6,26,14.8,0.259,429
2026-08-02 22:12:52,31.77,62.14,1006.00,121.14,1030,1.663,98100,28.0,39.0,47.0,YES,UNKNOWN_ANALYSIS_IAQ121_VOC1.66ppm,29419.1,26,14.8,0.259,429
2026-08-02 22:13:02,31.77,62.14,1006.00,121.14,1030,1.663,98100,28.0,39.0,47.0,YES,UNKNOWN_ANALYSIS_IAQ121_VOC1.66ppm,29429.5,26,14.8,0.259,429
2026-08-02 22:13:12,31.77,62.14,1006.00,121.14,1030,1.663,98100,28.0,40.0,49.0,YES,UNKNOWN_ANALYSIS_IAQ121_VOC1.66ppm,29438.9,26,14.8,0.259,429
📊 Z-scores: IAQ=19.90 VOC=50.56 CO2=58.97 GasDrop=11.05
2026-08-02 22:13:22,31.83,62.13,1006.00,147.00,1220,2.560,94800,27.0,38.0,47.0,YES,UNKNOWN_ANALYSIS_IAQ147_VOC2.56ppm,29449.4,26,14.8,0.259,429
2026-08-02 22:13:32,31.83,62.13,1006.00,147.00,1220,2.560,94800,27.0,38.0,47.0,YES,UNKNOWN_ANALYSIS_IAQ147_VOC2.56ppm,29458.8,26,14.8,0.259,429
2026-08-02 22:13:42,31.83,62.13,1006.00,147.00,1220,2.560,94800,26.0,37.0,46.0,YES,UNKNOWN_ANALYSIS_IAQ147_VOC2.56ppm,29469.2,26,14.8,0.259,429
2026-08-02 22:13:53,31.83,62.13,1006.00,147.00,1220,2.560,94800,26.0,37.0,46.0,YES,UNKNOWN_ANALYSIS_IAQ147_VOC2.56ppm,29479.7,26,14.8,0.259,429
2026-08-02 22:14:02,31.83,62.13,1006.00,147.00,1220,2.560,94800,26.0,38.0,46.0,YES,UNKNOWN_ANALYSIS_IAQ147_VOC2.56ppm,29489.1,26,14.8,0.259,429
2026-08-02 22:14:12,31.83,62.13,1006.00,147.00,1220,2.560,94800,28.0,38.0,46.0,YES,UNKNOWN_ANALYSIS_IAQ147_VOC2.56ppm,29499.5,26,14.8,0.259,429
2026-08-02 22:14:22,31.83,62.13,1006.00,147.00,1220,2.560,94800,27.0,37.0,44.0,YES,UNKNOWN_ANALYSIS_IAQ147_VOC2.56ppm,29508.9,26,14.8,0.259,429
📊 Z-scores: IAQ=19.90 VOC=50.56 CO2=58.97 GasDrop=11.05
2026-08-02 22:14:32,31.83,62.13,1006.00,147.00,1220,2.560,94800,28.0,39.0,47.0,YES,UNKNOWN_ANALYSIS_IAQ147_VOC2.56ppm,29519.4,26,14.8,0.259,429
PMS7003: Timeout error
2026-08-02 22:14:43,31.83,62.13,1006.00,147.00,1220,2.560,94800,28.0,39.0,47.0,YES,UNKNOWN_ANALYSIS_IAQ147_VOC2.56ppm,29529.8,26,14.8,0.259,429
2026-08-02 22:14:52,31.83,62.13,1006.00,147.00,1220,2.560,94800,28.0,40.0,49.0,YES,UNKNOWN_ANALYSIS_IAQ147_VOC2.56ppm,29539.2,26,14.8,0.259,429
2026-08-02 22:15:03,31.83,62.13,1006.00,147.00,1220,2.560,94800,26.0,39.0,48.0,YES,UNKNOWN_ANALYSIS_IAQ147_VOC2.56ppm,29549.7,26,14.8,0.259,429
2026-08-02 22:15:12,31.83,62.13,1006.00,147.00,1220,2.560,94800,26.0,39.0,48.0,YES,UNKNOWN_ANALYSIS_IAQ147_VOC2.56ppm,29559.1,26,14.8,0.259,429
2026-08-02 22:15:22,31.83,62.13,1006.00,147.00,1220,2.560,94800,27.0,40.0,49.0,YES,UNKNOWN_ANALYSIS_IAQ147_VOC2.56ppm,29569.5,26,14.8,0.259,429
2026-08-02 22:15:32,31.83,62.13,1006.00,147.00,1220,2.560,94800,26.0,38.0,46.0,YES,UNKNOWN_ANALYSIS_IAQ147_VOC2.56ppm,29578.9,26,14.8,0.259,429
📊 Z-scores: IAQ=19.90 VOC=50.56 CO2=58.97 GasDrop=11.05
2026-08-02 22:15:42,31.83,62.13,1006.00,147.00,1220,2.560,94800,27.0,40.0,47.0,YES,UNKNOWN_ANALYSIS_IAQ147_VOC2.56ppm,29589.4,26,14.8,0.259,429
2026-08-02 22:15:53,31.83,62.13,1006.00,147.00,1220,2.560,94800,27.0,39.0,47.0,YES,UNKNOWN_ANALYSIS_IAQ147_VOC2.56ppm,29599.8,26,14.8,0.259,429
2026-08-02 22:16:02,31.83,62.13,1006.00,147.00,1220,2.560,94800,27.0,38.0,47.0,YES,UNKNOWN_ANALYSIS_IAQ147_VOC2.56ppm,29609.2,26,14.8,0.259,429
2026-08-02 22:16:13,31.83,62.13,1006.00,147.00,1220,2.560,94800,27.0,39.0,47.0,YES,UNKNOWN_ANALYSIS_IAQ147_VOC2.56ppm,29619.7,26,14.8,0.259,429
2026-08-02 22:16:22,31.83,62.13,1006.00,147.00,1220,2.560,94800,27.0,39.0,47.0,YES,UNKNOWN_ANALYSIS_IAQ147_VOC2.56ppm,29629.1,26,14.8,0.259,429
2026-08-02 22:16:32,31.83,62.13,1006.00,147.00,1220,2.560,94800,27.0,39.0,47.0,YES,UNKNOWN_ANALYSIS_IAQ147_VOC2.56ppm,29639.5,26,14.8,0.259,429
📊 Z-scores: IAQ=19.90 VOC=50.56 CO2=58.97 GasDrop=11.05
2026-08-02 22:16:43,31.83,62.13,1006.00,147.00,1220,2.560,94800,27.0,39.0,47.0,YES,UNKNOWN_ANALYSIS_IAQ147_VOC2.56ppm,29650.0,26,14.8,0.259,429
2026-08-02 22:16:52,31.83,62.13,1006.00,147.00,1220,2.560,94800,27.0,39.0,47.0,YES,UNKNOWN_ANALYSIS_IAQ147_VOC2.56ppm,29659.4,26,14.8,0.259,429
2026-08-02 22:17:03,31.83,62.13,1006.00,147.00,1220,2.560,94800,27.0,38.0,46.0,YES,UNKNOWN_ANALYSIS_IAQ147_VOC2.56ppm,29669.8,26,14.8,0.259,429
2026-08-02 22:17:12,31.83,62.13,1006.00,147.00,1220,2.560,94800,26.0,38.0,47.0,YES,UNKNOWN_ANALYSIS_IAQ147_VOC2.56ppm,29679.2,26,14.8,0.259,429
2026-08-02 22:17:23,31.83,62.13,1006.00,147.00,1220,2.560,94800,26.0,38.0,47.0,YES,UNKNOWN_ANALYSIS_IAQ147_VOC2.56ppm,29689.7,26,14.8,0.259,429
2026-08-02 22:17:32,31.83,62.13,1006.00,147.00,1220,2.560,94800,27.0,40.0,48.0,YES,UNKNOWN_ANALYSIS_IAQ147_VOC2.56ppm,29699.1,26,14.8,0.259,429
2026-08-02 22:17:42,31.83,62.13,1006.00,147.00,1220,2.560,94800,26.0,38.0,47.0,YES,UNKNOWN_ANALYSIS_IAQ147_VOC2.56ppm,29709.5,26,14.8,0.259,429
📊 Z-scores: IAQ=19.90 VOC=50.56 CO2=58.97 GasDrop=11.05
2026-08-02 22:17:53,31.83,62.13,1006.00,147.00,1220,2.560,94800,27.0,39.0,48.0,YES,UNKNOWN_ANALYSIS_IAQ147_VOC2.56ppm,29720.0,26,14.8,0.259,429
2026-08-02 22:18:02,31.83,62.13,1006.00,147.00,1220,2.560,94800,27.0,39.0,48.0,YES,UNKNOWN_ANALYSIS_IAQ147_VOC2.56ppm,29729.4,26,14.8,0.259,429
2026-08-02 22:18:13,31.83,62.13,1006.00,147.00,1220,2.560,94800,27.0,39.0,46.0,YES,UNKNOWN_ANALYSIS_IAQ147_VOC2.56ppm,29739.9,26,14.8,0.259,429
2026-08-02 22:18:22,31.86,62.10,1006.00,170.95,1390,3.761,91900,27.0,39.0,47.0,YES,UNKNOWN_ANALYSIS_IAQ171_VOC3.76ppm,29749.3,26,14.8,0.259,429
2026-08-02 22:18:33,31.86,62.10,1006.00,170.95,1390,3.761,91900,27.0,39.0,47.0,YES,UNKNOWN_ANALYSIS_IAQ171_VOC3.76ppm,29759.7,26,14.8,0.259,429
2026-08-02 22:18:43,31.86,62.10,1006.00,170.95,1390,3.761,91900,27.0,39.0,47.0,YES,UNKNOWN_ANALYSIS_IAQ171_VOC3.76ppm,29770.2,26,14.8,0.259,429
2026-08-02 22:18:52,31.86,62.10,1006.00,170.95,1390,3.761,91900,26.0,38.0,46.0,YES,UNKNOWN_ANALYSIS_IAQ171_VOC3.76ppm,29779.6,26,14.8,0.259,429
📊 Z-scores: IAQ=23.51 VOC=76.97 CO2=71.61 GasDrop=11.43
2026-08-02 22:19:03,31.86,62.10,1006.00,170.95,1390,3.761,91900,26.0,37.0,45.0,YES,UNKNOWN_ANALYSIS_IAQ171_VOC3.76ppm,29790.0,26,14.8,0.259,429
2026-08-02 22:19:12,31.86,62.10,1006.00,170.95,1390,3.761,91900,27.0,39.0,47.0,YES,UNKNOWN_ANALYSIS_IAQ171_VOC3.76ppm,29799.4,26,14.8,0.259,429
2026-08-02 22:19:23,31.86,62.10,1006.00,170.95,1390,3.761,91900,26.0,38.0,46.0,YES,UNKNOWN_ANALYSIS_IAQ171_VOC3.76ppm,29809.9,26,14.8,0.259,429
2026-08-02 22:19:33,31.86,62.10,1006.00,170.95,1390,3.761,91900,26.0,39.0,47.0,YES,UNKNOWN_ANALYSIS_IAQ171_VOC3.76ppm,29820.3,26,14.8,0.259,429
2026-08-02 22:19:43,31.86,62.10,1006.00,170.95,1390,3.761,91900,27.0,40.0,47.0,YES,UNKNOWN_ANALYSIS_IAQ171_VOC3.76ppm,29829.7,26,14.8,0.259,429
2026-08-02 22:19:53,31.86,62.10,1006.00,170.95,1390,3.761,91900,26.0,38.0,44.0,YES,UNKNOWN_ANALYSIS_IAQ171_VOC3.76ppm,29840.2,26,14.8,0.259,429
2026-08-02 22:20:02,31.86,62.10,1006.00,170.95,1390,3.761,91900,27.0,39.0,45.0,YES,UNKNOWN_ANALYSIS_IAQ171_VOC3.76ppm,29849.6,26,14.8,0.259,429
📊 Z-scores: IAQ=23.51 VOC=76.97 CO2=71.61 GasDrop=11.43
2026-08-02 22:20:13,31.86,62.10,1006.00,170.95,1390,3.761,91900,27.0,38.0,45.0,YES,UNKNOWN_ANALYSIS_IAQ171_VOC3.76ppm,29860.0,26,14.8,0.259,429
2026-08-02 22:20:23,31.86,62.10,1006.00,170.95,1390,3.761,91900,26.0,37.0,44.0,YES,UNKNOWN_ANALYSIS_IAQ171_VOC3.76ppm,29870.4,26,14.8,0.259,429
2026-08-02 22:20:33,31.86,62.10,1006.00,170.95,1390,3.761,91900,28.0,39.0,47.0,YES,UNKNOWN_ANALYSIS_IAQ171_VOC3.76ppm,29879.9,26,14.8,0.259,429
2026-08-02 22:20:43,31.86,62.10,1006.00,170.95,1390,3.761,91900,27.0,38.0,46.0,YES,UNKNOWN_ANALYSIS_IAQ171_VOC3.76ppm,29890.3,26,14.8,0.259,429
2026-08-02 22:20:53,31.86,62.10,1006.00,170.95,1390,3.761,91900,27.0,39.0,48.0,YES,UNKNOWN_ANALYSIS_IAQ171_VOC3.76ppm,29899.7,26,14.8,0.259,429
2026-08-02 22:21:03,31.86,62.10,1006.00,170.95,1390,3.761,91900,27.0,39.0,46.0,YES,UNKNOWN_ANALYSIS_IAQ171_VOC3.76ppm,29910.2,26,14.8,0.259,429
2026-08-02 22:21:12,31.86,62.10,1006.00,170.95,1390,3.761,91900,27.0,39.0,46.0,YES,UNKNOWN_ANALYSIS_IAQ171_VOC3.76ppm,29919.6,26,14.8,0.259,429
📊 Z-scores: IAQ=23.51 VOC=76.97 CO2=71.61 GasDrop=11.43
2026-08-02 22:21:23,31.86,62.10,1006.00,170.95,1390,3.761,91900,26.0,39.0,46.0,YES,UNKNOWN_ANALYSIS_IAQ171_VOC3.76ppm,29930.0,26,14.8,0.259,429
2026-08-02 22:21:33,31.86,62.10,1006.00,170.95,1390,3.761,91900,26.0,39.0,48.0,YES,UNKNOWN_ANALYSIS_IAQ171_VOC3.76ppm,29940.5,26,14.8,0.259,429
2026-08-02 22:21:43,31.86,62.10,1006.00,170.95,1390,3.761,91900,26.0,38.0,48.0,YES,UNKNOWN_ANALYSIS_IAQ171_VOC3.76ppm,29949.9,26,14.8,0.259,429
2026-08-02 22:21:53,31.86,62.10,1006.00,170.95,1390,3.761,91900,26.0,39.0,49.0,YES,UNKNOWN_ANALYSIS_IAQ171_VOC3.76ppm,29960.3,26,14.8,0.259,429
2026-08-02 22:22:03,31.86,62.10,1006.00,170.95,1390,3.761,91900,27.0,39.0,48.0,YES,UNKNOWN_ANALYSIS_IAQ171_VOC3.76ppm,29969.7,26,14.8,0.259,429
2026-08-02 22:22:13,31.86,62.10,1006.00,170.95,1390,3.761,91900,28.0,38.0,48.0,YES,UNKNOWN_ANALYSIS_IAQ171_VOC3.76ppm,29980.2,26,14.8,0.259,429
📊 Z-scores: IAQ=23.51 VOC=76.97 CO2=71.61 GasDrop=11.43
2026-08-02 22:22:24,31.86,62.10,1006.00,170.95,1390,3.761,91900,27.0,38.0,46.0,YES,UNKNOWN_ANALYSIS_IAQ171_VOC3.76ppm,29990.6,26,14.8,0.259,429
2026-08-02 22:22:33,31.86,62.10,1006.00,170.95,1390,3.761,91900,26.0,38.0,46.0,YES,UNKNOWN_ANALYSIS_IAQ171_VOC3.76ppm,30000.0,26,14.8,0.259,429
2026-08-02 22:22:43,31.86,62.10,1006.00,170.95,1390,3.761,91900,26.0,38.0,46.0,YES,UNKNOWN_ANALYSIS_IAQ171_VOC3.76ppm,30010.5,26,14.8,0.259,429
2026-08-02 22:22:53,31.86,62.10,1006.00,170.95,1390,3.761,91900,27.0,39.0,47.0,YES,UNKNOWN_ANALYSIS_IAQ171_VOC3.76ppm,30019.9,26,14.8,0.259,429
2026-08-02 22:23:03,31.86,62.10,1006.00,170.95,1390,3.761,91900,26.0,38.0,45.0,YES,UNKNOWN_ANALYSIS_IAQ171_VOC3.76ppm,30030.3,26,14.8,0.259,429
2026-08-02 22:23:13,31.86,62.10,1006.00,170.95,1390,3.761,91900,25.0,37.0,44.0,YES,UNKNOWN_ANALYSIS_IAQ171_VOC3.76ppm,30039.7,26,14.8,0.259,429
2026-08-02 22:23:23,31.94,62.08,1006.00,175.42,1414,3.975,91200,27.0,38.0,47.0,YES,UNKNOWN_ANALYSIS_IAQ175_VOC3.98ppm,30050.2,26,14.8,0.259,429
📊 Z-scores: IAQ=24.18 VOC=81.67 CO2=73.43 GasDrop=11.53
2026-08-02 22:23:34,31.94,62.08,1006.00,175.42,1414,3.975,91200,27.0,39.0,47.0,YES,UNKNOWN_ANALYSIS_IAQ175_VOC3.98ppm,30060.6,26,14.8,0.259,429
2026-08-02 22:23:43,31.94,62.08,1006.00,175.42,1414,3.975,91200,26.0,39.0,48.0,YES,UNKNOWN_ANALYSIS_IAQ175_VOC3.98ppm,30070.1,26,14.8,0.259,429
2026-08-02 22:23:53,31.94,62.08,1006.00,175.42,1414,3.975,91200,27.0,39.0,47.0,YES,UNKNOWN_ANALYSIS_IAQ175_VOC3.98ppm,30080.5,26,14.8,0.259,429
2026-08-02 22:24:03,31.94,62.08,1006.00,175.42,1414,3.975,91200,27.0,39.0,46.0,YES,UNKNOWN_ANALYSIS_IAQ175_VOC3.98ppm,30089.9,26,14.8,0.259,429
2026-08-02 22:24:13,31.94,62.08,1006.00,175.42,1414,3.975,91200,27.0,40.0,46.0,YES,UNKNOWN_ANALYSIS_IAQ175_VOC3.98ppm,30100.4,26,14.8,0.259,429
2026-08-02 22:24:24,31.94,62.08,1006.00,175.42,1414,3.975,91200,26.0,39.0,46.0,YES,UNKNOWN_ANALYSIS_IAQ175_VOC3.98ppm,30110.8,26,14.8,0.259,429
2026-08-02 22:24:33,31.94,62.08,1006.00,175.42,1414,3.975,91200,26.0,39.0,46.0,YES,UNKNOWN_ANALYSIS_IAQ175_VOC3.98ppm,30120.2,26,14.8,0.259,429
📊 Z-scores: IAQ=24.18 VOC=81.67 CO2=73.43 GasDrop=11.53
2026-08-02 22:24:44,31.94,62.08,1006.00,175.42,1414,3.975,91200,27.0,39.0,45.0,YES,UNKNOWN_ANALYSIS_IAQ175_VOC3.98ppm,30130.7,26,14.8,0.259,429
2026-08-02 22:24:53,31.94,62.08,1006.00,175.42,1414,3.975,91200,26.0,37.0,43.0,YES,UNKNOWN_ANALYSIS_IAQ175_VOC3.98ppm,30140.1,26,14.8,0.259,429
2026-08-02 22:25:03,31.94,62.08,1006.00,175.42,1414,3.975,91200,26.0,36.0,43.0,YES,UNKNOWN_ANALYSIS_IAQ175_VOC3.98ppm,30150.5,26,14.8,0.259,429
2026-08-02 22:25:13,31.94,62.08,1006.00,175.42,1414,3.975,91200,25.0,37.0,44.0,YES,UNKNOWN_ANALYSIS_IAQ175_VOC3.98ppm,30159.9,26,14.8,0.259,429
2026-08-02 22:25:23,31.94,62.08,1006.00,175.42,1414,3.975,91200,25.0,37.0,44.0,YES,UNKNOWN_ANALYSIS_IAQ175_VOC3.98ppm,30170.4,26,14.8,0.259,429
2026-08-02 22:25:34,31.94,62.08,1006.00,175.42,1414,3.975,91200,26.0,37.0,44.0,YES,UNKNOWN_ANALYSIS_IAQ175_VOC3.98ppm,30180.8,26,14.8,0.259,429
2026-08-02 22:25:43,31.94,62.08,1006.00,175.42,1414,3.975,91200,28.0,38.0,45.0,YES,UNKNOWN_ANALYSIS_IAQ175_VOC3.98ppm,30190.3,26,14.8,0.259,429
📊 Z-scores: IAQ=24.18 VOC=81.67 CO2=73.43 GasDrop=11.53
2026-08-02 22:25:54,31.94,62.08,1006.00,175.42,1414,3.975,91200,27.0,37.0,44.0,YES,UNKNOWN_ANALYSIS_IAQ175_VOC3.98ppm,30200.7,26,14.8,0.259,429
2026-08-02 22:26:03,31.94,62.08,1006.00,175.42,1414,3.975,91200,28.0,38.0,45.0,YES,UNKNOWN_ANALYSIS_IAQ175_VOC3.98ppm,30210.1,26,14.8,0.259,429
2026-08-02 22:26:14,31.94,62.08,1006.00,175.42,1414,3.975,91200,27.0,37.0,45.0,YES,UNKNOWN_ANALYSIS_IAQ175_VOC3.98ppm,30220.6,26,14.8,0.259,429
2026-08-02 22:26:23,31.94,62.08,1006.00,175.42,1414,3.975,91200,27.0,38.0,47.0,YES,UNKNOWN_ANALYSIS_IAQ175_VOC3.98ppm,30230.0,26,14.8,0.259,429
2026-08-02 22:26:33,31.94,62.08,1006.00,175.42,1414,3.975,91200,27.0,39.0,47.0,YES,UNKNOWN_ANALYSIS_IAQ175_VOC3.98ppm,30240.4,26,14.8,0.259,429
2026-08-02 22:26:44,31.94,62.08,1006.00,175.42,1414,3.975,91200,26.0,38.0,45.0,YES,UNKNOWN_ANALYSIS_IAQ175_VOC3.98ppm,30250.9,26,14.8,0.259,429
2026-08-02 22:26:53,31.94,62.08,1006.00,175.42,1414,3.975,91200,27.0,39.0,45.0,YES,UNKNOWN_ANALYSIS_IAQ175_VOC3.98ppm,30260.3,26,14.8,0.259,429
📊 Z-scores: IAQ=24.18 VOC=81.67 CO2=73.43 GasDrop=11.53
2026-08-02 22:27:04,31.94,62.08,1006.00,175.42,1414,3.975,91200,26.0,38.0,46.0,YES,UNKNOWN_ANALYSIS_IAQ175_VOC3.98ppm,30270.7,26,14.8,0.259,429
2026-08-02 22:27:13,31.94,62.08,1006.00,175.42,1414,3.975,91200,26.0,38.0,47.0,YES,UNKNOWN_ANALYSIS_IAQ175_VOC3.98ppm,30280.2,26,14.8,0.259,429
2026-08-02 22:27:24,31.94,62.08,1006.00,175.42,1414,3.975,91200,27.0,39.0,48.0,YES,UNKNOWN_ANALYSIS_IAQ175_VOC3.98ppm,30290.6,26,14.8,0.259,429
2026-08-02 22:27:33,31.94,62.08,1006.00,175.42,1414,3.975,91200,26.0,38.0,47.0,YES,UNKNOWN_ANALYSIS_IAQ175_VOC3.98ppm,30300.0,26,14.8,0.259,429
2026-08-02 22:27:43,31.94,62.08,1006.00,175.42,1414,3.975,91200,26.0,37.0,46.0,YES,UNKNOWN_ANALYSIS_IAQ175_VOC3.98ppm,30310.5,26,14.8,0.259,429
2026-08-02 22:27:54,31.94,62.08,1006.00,175.42,1414,3.975,91200,26.0,38.0,46.0,YES,UNKNOWN_ANALYSIS_IAQ175_VOC3.98ppm,30320.9,26,14.8,0.259,429
2026-08-02 22:28:03,31.94,62.08,1006.00,175.42,1414,3.975,91200,26.0,38.0,47.0,YES,UNKNOWN_ANALYSIS_IAQ175_VOC3.98ppm,30330.3,26,14.8,0.259,429
📊 Z-scores: IAQ=24.18 VOC=81.67 CO2=73.43 GasDrop=11.53
2026-08-02 22:28:14,31.94,62.08,1006.00,175.42,1414,3.975,91200,27.0,39.0,48.0,YES,UNKNOWN_ANALYSIS_IAQ175_VOC3.98ppm,30340.8,26,14.8,0.259,429
2026-08-02 22:28:23,32.08,61.99,1006.00,132.62,1100,1.950,95900,27.0,39.0,49.0,YES,UNKNOWN_ANALYSIS_IAQ133_VOC1.95ppm,30350.2,26,14.8,0.259,429
2026-08-02 22:28:34,32.08,61.99,1006.00,132.62,1100,1.950,95900,27.0,38.0,47.0,YES,UNKNOWN_ANALYSIS_IAQ133_VOC1.95ppm,30360.6,26,14.8,0.259,429
2026-08-02 22:28:43,32.08,61.99,1006.00,132.62,1100,1.950,95900,27.0,38.0,45.0,YES,UNKNOWN_ANALYSIS_IAQ133_VOC1.95ppm,30370.0,26,14.8,0.259,429
2026-08-02 22:28:53,32.08,61.99,1006.00,132.62,1100,1.950,95900,27.0,38.0,44.0,YES,UNKNOWN_ANALYSIS_IAQ133_VOC1.95ppm,30380.5,26,14.8,0.259,429
2026-08-02 22:29:04,32.08,61.99,1006.00,132.62,1100,1.950,95900,27.0,38.0,44.0,YES,UNKNOWN_ANALYSIS_IAQ133_VOC1.95ppm,30390.9,26,14.8,0.259,429
2026-08-02 22:29:13,32.08,61.99,1006.00,132.62,1100,1.950,95900,26.0,38.0,44.0,YES,UNKNOWN_ANALYSIS_IAQ133_VOC1.95ppm,30400.3,26,14.8,0.259,429
📊 Z-scores: IAQ=17.74 VOC=37.16 CO2=50.02 GasDrop=10.91
2026-08-02 22:29:24,32.08,61.99,1006.00,132.62,1100,1.950,95900,25.0,37.0,43.0,YES,UNKNOWN_ANALYSIS_IAQ133_VOC1.95ppm,30410.8,26,14.8,0.259,429
2026-08-02 22:29:33,32.08,61.99,1006.00,132.62,1100,1.950,95900,26.0,38.0,45.0,YES,UNKNOWN_ANALYSIS_IAQ133_VOC1.95ppm,30420.2,26,14.8,0.259,429
2026-08-02 22:29:44,32.08,61.99,1006.00,132.62,1100,1.950,95900,26.0,37.0,46.0,YES,UNKNOWN_ANALYSIS_IAQ133_VOC1.95ppm,30430.6,26,14.8,0.259,429
2026-08-02 22:29:54,32.08,61.99,1006.00,132.62,1100,1.950,95900,27.0,38.0,47.0,YES,UNKNOWN_ANALYSIS_IAQ133_VOC1.95ppm,30441.1,26,14.8,0.259,429
2026-08-02 22:30:03,32.08,61.99,1006.00,132.62,1100,1.950,95900,27.0,38.0,47.0,YES,UNKNOWN_ANALYSIS_IAQ133_VOC1.95ppm,30450.5,26,14.8,0.259,429
2026-08-02 22:30:14,32.08,61.99,1006.00,132.62,1100,1.950,95900,27.0,38.0,46.0,YES,UNKNOWN_ANALYSIS_IAQ133_VOC1.95ppm,30460.9,26,14.8,0.259,429
2026-08-02 22:30:23,32.08,61.99,1006.00,132.62,1100,1.950,95900,27.0,38.0,46.0,YES,UNKNOWN_ANALYSIS_IAQ133_VOC1.95ppm,30470.3,26,14.8,0.259,429
📊 Z-scores: IAQ=17.74 VOC=37.16 CO2=50.02 GasDrop=10.91
2026-08-02 22:30:34,32.08,61.99,1006.00,132.62,1100,1.950,95900,27.0,39.0,47.0,YES,UNKNOWN_ANALYSIS_IAQ133_VOC1.95ppm,30480.8,26,14.8,0.259,429
2026-08-02 22:30:44,32.08,61.99,1006.00,132.62,1100,1.950,95900,28.0,38.0,47.0,YES,UNKNOWN_ANALYSIS_IAQ133_VOC1.95ppm,30491.2,26,14.8,0.259,429
2026-08-02 22:30:54,32.08,61.99,1006.00,132.62,1100,1.950,95900,27.0,38.0,46.0,YES,UNKNOWN_ANALYSIS_IAQ133_VOC1.95ppm,30500.6,26,14.8,0.259,429
2026-08-02 22:31:04,32.08,61.99,1006.00,132.62,1100,1.950,95900,27.0,39.0,48.0,YES,UNKNOWN_ANALYSIS_IAQ133_VOC1.95ppm,30511.1,26,14.8,0.259,429
2026-08-02 22:31:13,32.08,61.99,1006.00,132.62,1100,1.950,95900,26.0,38.0,46.0,YES,UNKNOWN_ANALYSIS_IAQ133_VOC1.95ppm,30520.5,26,14.8,0.259,429
2026-08-02 22:31:24,32.08,61.99,1006.00,132.62,1100,1.950,95900,27.0,38.0,46.0,YES,UNKNOWN_ANALYSIS_IAQ133_VOC1.95ppm,30530.9,26,14.8,0.259,429
2026-08-02 22:31:33,32.08,61.99,1006.00,132.62,1100,1.950,95900,27.0,38.0,45.0,YES,UNKNOWN_ANALYSIS_IAQ133_VOC1.95ppm,30540.3,26,14.8,0.259,429
📊 Z-scores: IAQ=17.74 VOC=37.16 CO2=50.02 GasDrop=10.91
2026-08-02 22:31:44,32.08,61.99,1006.00,132.62,1100,1.950,95900,27.0,38.0,46.0,YES,UNKNOWN_ANALYSIS_IAQ133_VOC1.95ppm,30550.8,26,14.8,0.259,429
2026-08-02 22:31:54,32.08,61.99,1006.00,132.62,1100,1.950,95900,26.0,38.0,47.0,YES,UNKNOWN_ANALYSIS_IAQ133_VOC1.95ppm,30561.2,26,14.8,0.259,429
2026-08-02 22:32:04,32.08,61.99,1006.00,132.62,1100,1.950,95900,25.0,38.0,46.0,YES,UNKNOWN_ANALYSIS_IAQ133_VOC1.95ppm,30570.6,26,14.8,0.259,429
2026-08-02 22:32:14,32.08,61.99,1006.00,132.62,1100,1.950,95900,26.0,38.0,46.0,YES,UNKNOWN_ANALYSIS_IAQ133_VOC1.95ppm,30581.1,26,14.8,0.259,429
2026-08-02 22:32:23,32.08,61.99,1006.00,132.62,1100,1.950,95900,26.0,39.0,46.0,YES,UNKNOWN_ANALYSIS_IAQ133_VOC1.95ppm,30590.5,26,14.8,0.259,429
2026-08-02 22:32:34,32.08,61.99,1006.00,132.62,1100,1.950,95900,27.0,38.0,46.0,YES,UNKNOWN_ANALYSIS_IAQ133_VOC1.95ppm,30601.0,26,14.8,0.259,429
📊 Z-scores: IAQ=17.74 VOC=37.16 CO2=50.02 GasDrop=10.91
2026-08-02 22:32:44,32.08,61.99,1006.00,132.62,1100,1.950,95900,27.0,39.0,47.0,YES,UNKNOWN_ANALYSIS_IAQ133_VOC1.95ppm,30611.4,26,14.8,0.259,429
2026-08-02 22:32:54,32.08,61.99,1006.00,132.62,1100,1.950,95900,26.0,38.0,47.0,YES,UNKNOWN_ANALYSIS_IAQ133_VOC1.95ppm,30620.8,26,14.8,0.259,429
2026-08-02 22:33:04,32.08,61.99,1006.00,132.62,1100,1.950,95900,26.0,38.0,45.0,YES,UNKNOWN_ANALYSIS_IAQ133_VOC1.95ppm,30631.3,26,14.8,0.259,429
2026-08-02 22:33:14,32.08,61.99,1006.00,132.62,1100,1.950,95900,27.0,38.0,44.0,YES,UNKNOWN_ANALYSIS_IAQ133_VOC1.95ppm,30640.7,26,14.8,0.259,429
2026-08-02 22:33:24,32.01,61.99,1006.00,150.25,1226,2.592,94000,27.0,38.0,45.0,YES,UNKNOWN_ANALYSIS_IAQ150_VOC2.59ppm,30651.1,26,14.8,0.259,429
PMS7003: Timeout error
2026-08-02 22:33:34,32.01,61.99,1006.00,150.25,1226,2.592,94000,27.0,38.0,45.0,YES,UNKNOWN_ANALYSIS_IAQ150_VOC2.59ppm,30661.5,26,14.8,0.259,429
2026-08-02 22:33:44,32.01,61.99,1006.00,150.25,1226,2.592,94000,28.0,39.0,47.0,YES,UNKNOWN_ANALYSIS_IAQ150_VOC2.59ppm,30671.0,26,14.8,0.259,429
📊 Z-scores: IAQ=20.39 VOC=51.28 CO2=59.38 GasDrop=11.16
2026-08-02 22:33:54,32.01,61.99,1006.00,150.25,1226,2.592,94000,28.0,39.0,49.0,YES,UNKNOWN_ANALYSIS_IAQ150_VOC2.59ppm,30681.4,26,14.8,0.259,429
2026-08-02 22:34:04,32.01,61.99,1006.00,150.25,1226,2.592,94000,27.0,37.0,46.0,YES,UNKNOWN_ANALYSIS_IAQ150_VOC2.59ppm,30690.8,26,14.8,0.259,429
2026-08-02 22:34:14,32.01,61.99,1006.00,150.25,1226,2.592,94000,26.0,36.0,44.0,YES,UNKNOWN_ANALYSIS_IAQ150_VOC2.59ppm,30701.3,26,14.8,0.259,429
2026-08-02 22:34:24,32.01,61.99,1006.00,150.25,1226,2.592,94000,27.0,38.0,46.0,YES,UNKNOWN_ANALYSIS_IAQ150_VOC2.59ppm,30710.7,26,14.8,0.259,429
2026-08-02 22:34:34,32.01,61.99,1006.00,150.25,1226,2.592,94000,27.0,38.0,47.0,YES,UNKNOWN_ANALYSIS_IAQ150_VOC2.59ppm,30721.1,26,14.8,0.259,429
2026-08-02 22:34:45,32.01,61.99,1006.00,150.25,1226,2.592,94000,26.0,37.0,45.0,YES,UNKNOWN_ANALYSIS_IAQ150_VOC2.59ppm,30731.6,26,14.8,0.259,429
2026-08-02 22:34:54,32.01,61.99,1006.00,150.25,1226,2.592,94000,27.0,37.0,45.0,YES,UNKNOWN_ANALYSIS_IAQ150_VOC2.59ppm,30741.0,26,14.8,0.259,429
📊 Z-scores: IAQ=20.39 VOC=51.28 CO2=59.38 GasDrop=11.16
2026-08-02 22:35:04,32.01,61.99,1006.00,150.25,1226,2.592,94000,26.0,38.0,44.0,YES,UNKNOWN_ANALYSIS_IAQ150_VOC2.59ppm,30751.5,26,14.8,0.259,429
2026-08-02 22:35:14,32.01,61.99,1006.00,150.25,1226,2.592,94000,27.0,39.0,45.0,YES,UNKNOWN_ANALYSIS_IAQ150_VOC2.59ppm,30760.9,26,14.8,0.259,429
2026-08-02 22:35:24,32.01,61.99,1006.00,150.25,1226,2.592,94000,27.0,38.0,46.0,YES,UNKNOWN_ANALYSIS_IAQ150_VOC2.59ppm,30771.3,26,14.8,0.259,429
2026-08-02 22:35:34,32.01,61.99,1006.00,150.25,1226,2.592,94000,26.0,38.0,45.0,YES,UNKNOWN_ANALYSIS_IAQ150_VOC2.59ppm,30780.7,26,14.8,0.259,429
2026-08-02 22:35:44,32.01,61.99,1006.00,150.25,1226,2.592,94000,25.0,37.0,43.0,YES,UNKNOWN_ANALYSIS_IAQ150_VOC2.59ppm,30791.2,26,14.8,0.259,429
2026-08-02 22:35:55,32.01,61.99,1006.00,150.25,1226,2.592,94000,26.0,38.0,45.0,YES,UNKNOWN_ANALYSIS_IAQ150_VOC2.59ppm,30801.6,26,14.8,0.259,429
2026-08-02 22:36:04,32.01,61.99,1006.00,150.25,1226,2.592,94000,24.0,37.0,44.0,YES,UNKNOWN_ANALYSIS_IAQ150_VOC2.59ppm,30811.0,26,14.8,0.259,429
📊 Z-scores: IAQ=20.39 VOC=51.28 CO2=59.38 GasDrop=11.16
2026-08-02 22:36:14,32.01,61.99,1006.00,150.25,1226,2.592,94000,25.0,35.0,43.0,YES,UNKNOWN_ANALYSIS_IAQ150_VOC2.59ppm,30821.5,26,14.8,0.259,429
2026-08-02 22:36:24,32.01,61.99,1006.00,150.25,1226,2.592,94000,25.0,35.0,42.0,YES,UNKNOWN_ANALYSIS_IAQ150_VOC2.59ppm,30830.9,26,14.8,0.259,429
2026-08-02 22:36:34,32.01,61.99,1006.00,150.25,1226,2.592,94000,25.0,35.0,44.0,YES,UNKNOWN_ANALYSIS_IAQ150_VOC2.59ppm,30841.3,26,14.8,0.259,429
2026-08-02 22:36:44,32.01,61.99,1006.00,150.25,1226,2.592,94000,26.0,36.0,47.0,YES,UNKNOWN_ANALYSIS_IAQ150_VOC2.59ppm,30850.7,26,14.8,0.259,429
2026-08-02 22:36:54,32.01,61.99,1006.00,150.25,1226,2.592,94000,25.0,37.0,45.0,YES,UNKNOWN_ANALYSIS_IAQ150_VOC2.59ppm,30861.2,26,14.8,0.259,429
2026-08-02 22:37:05,32.01,61.99,1006.00,150.25,1226,2.592,94000,25.0,36.0,44.0,YES,UNKNOWN_ANALYSIS_IAQ150_VOC2.59ppm,30871.6,26,14.8,0.259,429
2026-08-02 22:37:14,32.01,61.99,1006.00,150.25,1226,2.592,94000,26.0,37.0,44.0,YES,UNKNOWN_ANALYSIS_IAQ150_VOC2.59ppm,30881.1,26,14.8,0.259,429
📊 Z-scores: IAQ=20.39 VOC=51.28 CO2=59.38 GasDrop=11.16
2026-08-02 22:37:24,32.01,61.99,1006.00,150.25,1226,2.592,94000,26.0,37.0,43.0,YES,UNKNOWN_ANALYSIS_IAQ150_VOC2.59ppm,30891.5,26,14.8,0.259,429
2026-08-02 22:37:34,32.01,61.99,1006.00,150.25,1226,2.592,94000,26.0,38.0,44.0,YES,UNKNOWN_ANALYSIS_IAQ150_VOC2.59ppm,30900.9,26,14.8,0.259,429
2026-08-02 22:37:44,32.01,61.99,1006.00,150.25,1226,2.592,94000,27.0,40.0,47.0,YES,UNKNOWN_ANALYSIS_IAQ150_VOC2.59ppm,30911.4,26,14.8,0.259,429
2026-08-02 22:37:55,32.01,61.99,1006.00,150.25,1226,2.592,94000,27.0,39.0,45.0,YES,UNKNOWN_ANALYSIS_IAQ150_VOC2.59ppm,30921.8,26,14.8,0.259,429
2026-08-02 22:38:04,32.01,61.99,1006.00,150.25,1226,2.592,94000,26.0,39.0,46.0,YES,UNKNOWN_ANALYSIS_IAQ150_VOC2.59ppm,30931.2,26,14.8,0.259,429
2026-08-02 22:38:15,32.01,61.99,1006.00,150.25,1226,2.592,94000,26.0,38.0,46.0,YES,UNKNOWN_ANALYSIS_IAQ150_VOC2.59ppm,30941.7,26,14.8,0.259,429
2026-08-02 22:38:24,32.02,61.98,1006.00,150.09,1222,2.571,94000,27.0,38.0,46.0,YES,UNKNOWN_ANALYSIS_IAQ150_VOC2.57ppm,30951.1,26,14.8,0.259,429
📊 Z-scores: IAQ=20.37 VOC=50.80 CO2=59.11 GasDrop=11.16
2026-08-02 22:38:34,32.02,61.98,1006.00,150.09,1222,2.571,94000,26.0,38.0,45.0,YES,UNKNOWN_ANALYSIS_IAQ150_VOC2.57ppm,30961.5,26,14.8,0.259,429
2026-08-02 22:38:44,32.02,61.98,1006.00,150.09,1222,2.571,94000,27.0,39.0,46.0,YES,UNKNOWN_ANALYSIS_IAQ150_VOC2.57ppm,30970.9,26,14.8,0.259,429
2026-08-02 22:38:54,32.02,61.98,1006.00,150.09,1222,2.571,94000,26.0,37.0,44.0,YES,UNKNOWN_ANALYSIS_IAQ150_VOC2.57ppm,30981.4,26,14.8,0.259,429
2026-08-02 22:39:05,32.02,61.98,1006.00,150.09,1222,2.571,94000,27.0,38.0,46.0,YES,UNKNOWN_ANALYSIS_IAQ150_VOC2.57ppm,30991.8,26,14.8,0.259,429
2026-08-02 22:39:14,32.02,61.98,1006.00,150.09,1222,2.571,94000,27.0,39.0,47.0,YES,UNKNOWN_ANALYSIS_IAQ150_VOC2.57ppm,31001.2,26,14.8,0.259,429
2026-08-02 22:39:25,32.02,61.98,1006.00,150.09,1222,2.571,94000,27.0,38.0,47.0,YES,UNKNOWN_ANALYSIS_IAQ150_VOC2.57ppm,31011.7,26,14.8,0.259,429
2026-08-02 22:39:34,32.02,61.98,1006.00,150.09,1222,2.571,94000,27.0,39.0,47.0,YES,UNKNOWN_ANALYSIS_IAQ150_VOC2.57ppm,31021.1,26,14.8,0.259,429
📊 Z-scores: IAQ=20.37 VOC=50.80 CO2=59.11 GasDrop=11.16
2026-08-02 22:39:44,32.02,61.98,1006.00,150.09,1222,2.571,94000,27.0,38.0,46.0,YES,UNKNOWN_ANALYSIS_IAQ150_VOC2.57ppm,31031.5,26,14.8,0.259,429
2026-08-02 22:39:55,32.02,61.98,1006.00,150.09,1222,2.571,94000,26.0,38.0,46.0,YES,UNKNOWN_ANALYSIS_IAQ150_VOC2.57ppm,31042.0,26,14.8,0.259,429
2026-08-02 22:40:04,32.02,61.98,1006.00,150.09,1222,2.571,94000,26.0,38.0,46.0,YES,UNKNOWN_ANALYSIS_IAQ150_VOC2.57ppm,31051.4,26,14.8,0.259,429
2026-08-02 22:40:15,32.02,61.98,1006.00,150.09,1222,2.571,94000,27.0,39.0,47.0,YES,UNKNOWN_ANALYSIS_IAQ150_VOC2.57ppm,31061.8,26,14.8,0.259,429
2026-08-02 22:40:24,32.02,61.98,1006.00,150.09,1222,2.571,94000,26.0,37.0,46.0,YES,UNKNOWN_ANALYSIS_IAQ150_VOC2.57ppm,31071.2,26,14.8,0.259,429
2026-08-02 22:40:35,32.02,61.98,1006.00,150.09,1222,2.571,94000,27.0,38.0,47.0,YES,UNKNOWN_ANALYSIS_IAQ150_VOC2.57ppm,31081.7,26,14.8,0.259,429
PMS7003: Timeout error
📊 Z-scores: IAQ=20.37 VOC=50.80 CO2=59.11 GasDrop=11.16
2026-08-02 22:40:45,32.02,61.98,1006.00,150.09,1222,2.571,94000,27.0,38.0,47.0,YES,UNKNOWN_ANALYSIS_IAQ150_VOC2.57ppm,31092.1,26,14.8,0.259,429
2026-08-02 22:40:54,32.02,61.98,1006.00,150.09,1222,2.571,94000,27.0,39.0,49.0,YES,UNKNOWN_ANALYSIS_IAQ150_VOC2.57ppm,31101.5,26,14.8,0.259,429
2026-08-02 22:41:05,32.02,61.98,1006.00,150.09,1222,2.571,94000,26.0,38.0,47.0,YES,UNKNOWN_ANALYSIS_IAQ150_VOC2.57ppm,31112.0,26,14.8,0.259,429
2026-08-02 22:41:14,32.02,61.98,1006.00,150.09,1222,2.571,94000,27.0,39.0,47.0,YES,UNKNOWN_ANALYSIS_IAQ150_VOC2.57ppm,31121.4,26,14.8,0.259,429
2026-08-02 22:41:25,32.02,61.98,1006.00,150.09,1222,2.571,94000,27.0,39.0,47.0,YES,UNKNOWN_ANALYSIS_IAQ150_VOC2.57ppm,31131.9,26,14.8,0.259,429
2026-08-02 22:41:34,32.02,61.98,1006.00,150.09,1222,2.571,94000,26.0,38.0,45.0,YES,UNKNOWN_ANALYSIS_IAQ150_VOC2.57ppm,31141.3,26,14.8,0.259,429
2026-08-02 22:41:45,32.02,61.98,1006.00,150.09,1222,2.571,94000,26.0,38.0,45.0,YES,UNKNOWN_ANALYSIS_IAQ150_VOC2.57ppm,31151.7,26,14.8,0.259,429
📊 Z-scores: IAQ=20.37 VOC=50.80 CO2=59.11 GasDrop=11.16
2026-08-02 22:41:55,32.02,61.98,1006.00,150.09,1222,2.571,94000,26.0,38.0,44.0,YES,UNKNOWN_ANALYSIS_IAQ150_VOC2.57ppm,31162.2,26,14.8,0.259,429
2026-08-02 22:42:05,32.02,61.98,1006.00,150.09,1222,2.571,94000,26.0,39.0,46.0,YES,UNKNOWN_ANALYSIS_IAQ150_VOC2.57ppm,31171.6,26,14.8,0.259,429
2026-08-02 22:42:15,32.02,61.98,1006.00,150.09,1222,2.571,94000,28.0,39.0,47.0,YES,UNKNOWN_ANALYSIS_IAQ150_VOC2.57ppm,31182.0,26,14.8,0.259,429
2026-08-02 22:42:24,32.02,61.98,1006.00,150.09,1222,2.571,94000,28.0,39.0,47.0,YES,UNKNOWN_ANALYSIS_IAQ150_VOC2.57ppm,31191.4,26,14.8,0.259,429
2026-08-02 22:42:35,32.02,61.98,1006.00,150.09,1222,2.571,94000,26.0,37.0,45.0,YES,UNKNOWN_ANALYSIS_IAQ150_VOC2.57ppm,31201.9,26,14.8,0.259,429
2026-08-02 22:42:44,32.02,61.98,1006.00,150.09,1222,2.571,94000,27.0,38.0,47.0,YES,UNKNOWN_ANALYSIS_IAQ150_VOC2.57ppm,31211.3,26,14.8,0.259,429
2026-08-02 22:42:55,32.02,61.98,1006.00,150.09,1222,2.571,94000,27.0,38.0,47.0,YES,UNKNOWN_ANALYSIS_IAQ150_VOC2.57ppm,31221.7,26,14.8,0.259,429
📊 Z-scores: IAQ=20.37 VOC=50.80 CO2=59.11 GasDrop=11.16
2026-08-02 22:43:05,32.02,61.98,1006.00,150.09,1222,2.571,94000,27.0,38.0,47.0,YES,UNKNOWN_ANALYSIS_IAQ150_VOC2.57ppm,31232.2,26,14.8,0.259,429
2026-08-02 22:43:15,32.02,61.98,1006.00,150.09,1222,2.571,94000,27.0,38.0,47.0,YES,UNKNOWN_ANALYSIS_IAQ150_VOC2.57ppm,31241.6,26,14.8,0.259,429
2026-08-02 22:43:25,32.04,61.99,1006.00,129.93,1075,1.840,96300,27.0,37.0,45.0,YES,UNKNOWN_ANALYSIS_IAQ130_VOC1.84ppm,31252.0,26,14.8,0.259,429
2026-08-02 22:43:34,32.04,61.99,1006.00,129.93,1075,1.840,96300,25.0,37.0,44.0,YES,UNKNOWN_ANALYSIS_IAQ130_VOC1.84ppm,31261.4,26,14.8,0.259,429
2026-08-02 22:43:45,32.04,61.99,1006.00,129.93,1075,1.840,96300,26.0,38.0,44.0,YES,UNKNOWN_ANALYSIS_IAQ130_VOC1.84ppm,31271.9,26,14.8,0.259,429
2026-08-02 22:43:55,32.04,61.99,1006.00,129.93,1075,1.840,96300,26.0,38.0,46.0,YES,UNKNOWN_ANALYSIS_IAQ130_VOC1.84ppm,31282.3,26,14.8,0.259,429
2026-08-02 22:44:05,32.04,61.99,1006.00,129.93,1075,1.840,96300,27.0,38.0,46.0,YES,UNKNOWN_ANALYSIS_IAQ130_VOC1.84ppm,31291.7,26,14.8,0.259,429
📊 Z-scores: IAQ=17.33 VOC=34.74 CO2=48.12 GasDrop=10.85
2026-08-02 22:44:15,32.04,61.99,1006.00,129.93,1075,1.840,96300,27.0,39.0,46.0,YES,UNKNOWN_ANALYSIS_IAQ130_VOC1.84ppm,31302.2,26,14.8,0.259,429
2026-08-02 22:44:25,32.04,61.99,1006.00,129.93,1075,1.840,96300,26.0,37.0,44.0,YES,UNKNOWN_ANALYSIS_IAQ130_VOC1.84ppm,31311.6,26,14.8,0.259,429
2026-08-02 22:44:35,32.04,61.99,1006.00,129.93,1075,1.840,96300,27.0,39.0,46.0,YES,UNKNOWN_ANALYSIS_IAQ130_VOC1.84ppm,31322.0,26,14.8,0.259,429
2026-08-02 22:44:44,32.04,61.99,1006.00,129.93,1075,1.840,96300,26.0,37.0,45.0,YES,UNKNOWN_ANALYSIS_IAQ130_VOC1.84ppm,31331.4,26,14.8,0.259,429
2026-08-02 22:44:55,32.04,61.99,1006.00,129.93,1075,1.840,96300,27.0,38.0,45.0,YES,UNKNOWN_ANALYSIS_IAQ130_VOC1.84ppm,31341.9,26,14.8,0.259,429
2026-08-02 22:45:05,32.04,61.99,1006.00,129.93,1075,1.840,96300,26.0,37.0,45.0,YES,UNKNOWN_ANALYSIS_IAQ130_VOC1.84ppm,31352.3,26,14.8,0.259,429
2026-08-02 22:45:15,32.04,61.99,1006.00,129.93,1075,1.840,96300,26.0,38.0,45.0,YES,UNKNOWN_ANALYSIS_IAQ130_VOC1.84ppm,31361.7,26,14.8,0.259,429
📊 Z-scores: IAQ=17.33 VOC=34.74 CO2=48.12 GasDrop=10.85
2026-08-02 22:45:25,32.04,61.99,1006.00,129.93,1075,1.840,96300,27.0,40.0,48.0,YES,UNKNOWN_ANALYSIS_IAQ130_VOC1.84ppm,31372.2,26,14.8,0.259,429
2026-08-02 22:45:35,32.04,61.99,1006.00,129.93,1075,1.840,96300,26.0,38.0,46.0,YES,UNKNOWN_ANALYSIS_IAQ130_VOC1.84ppm,31381.6,26,14.8,0.259,429
2026-08-02 22:45:45,32.04,61.99,1006.00,129.93,1075,1.840,96300,26.0,37.0,45.0,YES,UNKNOWN_ANALYSIS_IAQ130_VOC1.84ppm,31392.1,26,14.8,0.259,429
2026-08-02 22:45:55,32.04,61.99,1006.00,129.93,1075,1.840,96300,26.0,37.0,44.0,YES,UNKNOWN_ANALYSIS_IAQ130_VOC1.84ppm,31402.5,26,14.8,0.259,429
2026-08-02 22:46:05,32.04,61.99,1006.00,129.93,1075,1.840,96300,27.0,38.0,46.0,YES,UNKNOWN_ANALYSIS_IAQ130_VOC1.84ppm,31411.9,26,14.8,0.259,429
2026-08-02 22:46:15,32.04,61.99,1006.00,129.93,1075,1.840,96300,27.0,38.0,46.0,YES,UNKNOWN_ANALYSIS_IAQ130_VOC1.84ppm,31422.3,26,14.8,0.259,429
2026-08-02 22:46:25,32.04,61.99,1006.00,129.93,1075,1.840,96300,26.0,38.0,47.0,YES,UNKNOWN_ANALYSIS_IAQ130_VOC1.84ppm,31431.7,26,14.8,0.259,429
📊 Z-scores: IAQ=17.33 VOC=34.74 CO2=48.12 GasDrop=10.85
2026-08-02 22:46:35,32.04,61.99,1006.00,129.93,1075,1.840,96300,27.0,39.0,48.0,YES,UNKNOWN_ANALYSIS_IAQ130_VOC1.84ppm,31442.2,26,14.8,0.259,429
2026-08-02 22:46:46,32.04,61.99,1006.00,129.93,1075,1.840,96300,26.0,38.0,45.0,YES,UNKNOWN_ANALYSIS_IAQ130_VOC1.84ppm,31452.6,26,14.8,0.259,429
2026-08-02 22:46:55,32.04,61.99,1006.00,129.93,1075,1.840,96300,26.0,37.0,44.0,YES,UNKNOWN_ANALYSIS_IAQ130_VOC1.84ppm,31462.0,26,14.8,0.259,429
2026-08-02 22:47:05,32.04,61.99,1006.00,129.93,1075,1.840,96300,27.0,39.0,47.0,YES,UNKNOWN_ANALYSIS_IAQ130_VOC1.84ppm,31472.5,26,14.8,0.259,429
2026-08-02 22:47:15,32.04,61.99,1006.00,129.93,1075,1.840,96300,26.0,38.0,47.0,YES,UNKNOWN_ANALYSIS_IAQ130_VOC1.84ppm,31481.9,26,14.8,0.259,429
2026-08-02 22:47:25,32.04,61.99,1006.00,129.93,1075,1.840,96300,27.0,39.0,49.0,YES,UNKNOWN_ANALYSIS_IAQ130_VOC1.84ppm,31492.4,26,14.8,0.259,429
2026-08-02 22:47:35,32.04,61.99,1006.00,129.93,1075,1.840,96300,27.0,39.0,49.0,YES,UNKNOWN_ANALYSIS_IAQ130_VOC1.84ppm,31501.8,26,14.8,0.259,429
📊 Z-scores: IAQ=17.33 VOC=34.74 CO2=48.12 GasDrop=10.85
2026-08-02 22:47:45,32.04,61.99,1006.00,129.93,1075,1.840,96300,26.0,37.0,45.0,YES,UNKNOWN_ANALYSIS_IAQ130_VOC1.84ppm,31512.2,26,14.8,0.259,429
2026-08-02 22:47:56,32.04,61.99,1006.00,129.93,1075,1.840,96300,27.0,39.0,45.0,YES,UNKNOWN_ANALYSIS_IAQ130_VOC1.84ppm,31522.7,26,14.8,0.259,429
2026-08-02 22:48:05,32.04,61.99,1006.00,129.93,1075,1.840,96300,26.0,38.0,44.0,YES,UNKNOWN_ANALYSIS_IAQ130_VOC1.84ppm,31532.1,26,14.8,0.259,429
2026-08-02 22:48:15,32.04,61.99,1006.00,129.93,1075,1.840,96300,26.0,38.0,45.0,YES,UNKNOWN_ANALYSIS_IAQ130_VOC1.84ppm,31542.5,26,14.8,0.259,429
2026-08-02 22:48:25,32.02,62.02,1006.00,131.89,1087,1.891,96100,27.0,38.0,46.0,YES,UNKNOWN_ANALYSIS_IAQ132_VOC1.89ppm,31551.9,26,14.8,0.259,429
2026-08-02 22:48:35,32.02,62.02,1006.00,131.89,1087,1.891,96100,27.0,38.0,46.0,YES,UNKNOWN_ANALYSIS_IAQ132_VOC1.89ppm,31562.4,26,14.8,0.259,429
PMS7003: Timeout error
📊 Z-scores: IAQ=17.63 VOC=35.87 CO2=49.02 GasDrop=10.88
2026-08-02 22:48:46,32.02,62.02,1006.00,131.89,1087,1.891,96100,27.0,38.0,46.0,YES,UNKNOWN_ANALYSIS_IAQ132_VOC1.89ppm,31572.8,26,14.8,0.259,429
2026-08-02 22:48:55,32.02,62.02,1006.00,131.89,1087,1.891,96100,27.0,39.0,47.0,YES,UNKNOWN_ANALYSIS_IAQ132_VOC1.89ppm,31582.2,26,14.8,0.259,429
2026-08-02 22:49:06,32.02,62.02,1006.00,131.89,1087,1.891,96100,27.0,39.0,47.0,YES,UNKNOWN_ANALYSIS_IAQ132_VOC1.89ppm,31592.7,26,14.8,0.259,429
2026-08-02 22:49:15,32.02,62.02,1006.00,131.89,1087,1.891,96100,27.0,39.0,46.0,YES,UNKNOWN_ANALYSIS_IAQ132_VOC1.89ppm,31602.1,26,14.8,0.259,429
2026-08-02 22:49:25,32.02,62.02,1006.00,131.89,1087,1.891,96100,27.0,38.0,45.0,YES,UNKNOWN_ANALYSIS_IAQ132_VOC1.89ppm,31612.5,26,14.8,0.259,429
2026-08-02 22:49:35,32.02,62.02,1006.00,131.89,1087,1.891,96100,27.0,38.0,45.0,YES,UNKNOWN_ANALYSIS_IAQ132_VOC1.89ppm,31621.9,26,14.8,0.259,429
2026-08-02 22:49:45,32.02,62.02,1006.00,131.89,1087,1.891,96100,26.0,37.0,44.0,YES,UNKNOWN_ANALYSIS_IAQ132_VOC1.89ppm,31632.4,26,14.8,0.259,429
📊 Z-scores: IAQ=17.63 VOC=35.87 CO2=49.02 GasDrop=10.88
2026-08-02 22:49:56,32.02,62.02,1006.00,131.89,1087,1.891,96100,27.0,38.0,45.0,YES,UNKNOWN_ANALYSIS_IAQ132_VOC1.89ppm,31642.8,26,14.8,0.259,429
2026-08-02 22:50:05,32.02,62.02,1006.00,131.89,1087,1.891,96100,26.0,38.0,46.0,YES,UNKNOWN_ANALYSIS_IAQ132_VOC1.89ppm,31652.3,26,14.8,0.259,429
2026-08-02 22:50:16,32.02,62.02,1006.00,131.89,1087,1.891,96100,26.0,39.0,46.0,YES,UNKNOWN_ANALYSIS_IAQ132_VOC1.89ppm,31662.7,26,14.8,0.259,429
2026-08-02 22:50:25,32.02,62.02,1006.00,131.89,1087,1.891,96100,27.0,39.0,47.0,YES,UNKNOWN_ANALYSIS_IAQ132_VOC1.89ppm,31672.1,26,14.8,0.259,429
2026-08-02 22:50:35,32.02,62.02,1006.00,131.89,1087,1.891,96100,26.0,37.0,46.0,YES,UNKNOWN_ANALYSIS_IAQ132_VOC1.89ppm,31682.6,26,14.8,0.259,429
2026-08-02 22:50:46,32.02,62.02,1006.00,131.89,1087,1.891,96100,26.0,37.0,47.0,YES,UNKNOWN_ANALYSIS_IAQ132_VOC1.89ppm,31693.0,26,14.8,0.259,429
2026-08-02 22:50:55,32.02,62.02,1006.00,131.89,1087,1.891,96100,27.0,39.0,46.0,YES,UNKNOWN_ANALYSIS_IAQ132_VOC1.89ppm,31702.4,26,14.8,0.259,429
📊 Z-scores: IAQ=17.63 VOC=35.87 CO2=49.02 GasDrop=10.88
2026-08-02 22:51:06,32.02,62.02,1006.00,131.89,1087,1.891,96100,26.0,37.0,44.0,YES,UNKNOWN_ANALYSIS_IAQ132_VOC1.89ppm,31712.9,26,14.8,0.259,429
2026-08-02 22:51:15,32.02,62.02,1006.00,131.89,1087,1.891,96100,27.0,38.0,46.0,YES,UNKNOWN_ANALYSIS_IAQ132_VOC1.89ppm,31722.3,26,14.8,0.259,429
2026-08-02 22:51:26,32.02,62.02,1006.00,131.89,1087,1.891,96100,26.0,37.0,46.0,YES,UNKNOWN_ANALYSIS_IAQ132_VOC1.89ppm,31732.7,26,14.8,0.259,429
2026-08-02 22:51:36,32.02,62.02,1006.00,131.89,1087,1.891,96100,26.0,38.0,45.0,YES,UNKNOWN_ANALYSIS_IAQ132_VOC1.89ppm,31743.2,26,14.8,0.259,429
2026-08-02 22:51:46,32.02,62.02,1006.00,131.89,1087,1.891,96100,27.0,38.0,45.0,YES,UNKNOWN_ANALYSIS_IAQ132_VOC1.89ppm,31752.6,26,14.8,0.259,429
2026-08-02 22:51:56,32.02,62.02,1006.00,131.89,1087,1.891,96100,26.0,38.0,45.0,YES,UNKNOWN_ANALYSIS_IAQ132_VOC1.89ppm,31763.0,26,14.8,0.259,429
2026-08-02 22:52:05,32.02,62.02,1006.00,131.89,1087,1.891,96100,25.0,37.0,44.0,YES,UNKNOWN_ANALYSIS_IAQ132_VOC1.89ppm,31772.4,26,14.8,0.259,429
📊 Z-scores: IAQ=17.63 VOC=35.87 CO2=49.02 GasDrop=10.88
2026-08-02 22:52:16,32.02,62.02,1006.00,131.89,1087,1.891,96100,26.0,38.0,46.0,YES,UNKNOWN_ANALYSIS_IAQ132_VOC1.89ppm,31782.9,26,14.8,0.259,429
PMS7003: Timeout error
2026-08-02 22:52:26,32.02,62.02,1006.00,131.89,1087,1.891,96100,26.0,38.0,46.0,YES,UNKNOWN_ANALYSIS_IAQ132_VOC1.89ppm,31793.3,26,14.8,0.259,429
2026-08-02 22:52:36,32.02,62.02,1006.00,131.89,1087,1.891,96100,25.0,37.0,43.0,YES,UNKNOWN_ANALYSIS_IAQ132_VOC1.89ppm,31802.7,26,14.8,0.259,429
2026-08-02 22:52:46,32.02,62.02,1006.00,131.89,1087,1.891,96100,26.0,38.0,45.0,YES,UNKNOWN_ANALYSIS_IAQ132_VOC1.89ppm,31813.2,26,14.8,0.259,429
2026-08-02 22:52:56,32.02,62.02,1006.00,131.89,1087,1.891,96100,25.0,38.0,44.0,YES,UNKNOWN_ANALYSIS_IAQ132_VOC1.89ppm,31822.6,26,14.8,0.259,429
2026-08-02 22:53:06,32.02,62.02,1006.00,131.89,1087,1.891,96100,26.0,37.0,44.0,YES,UNKNOWN_ANALYSIS_IAQ132_VOC1.89ppm,31833.0,26,14.8,0.259,429
PMS7003: Timeout error
📊 Z-scores: IAQ=17.63 VOC=35.87 CO2=49.02 GasDrop=10.88
2026-08-02 22:53:16,32.02,62.02,1006.00,131.89,1087,1.891,96100,26.0,37.0,44.0,YES,UNKNOWN_ANALYSIS_IAQ132_VOC1.89ppm,31843.4,26,14.8,0.259,429
2026-08-02 22:53:26,32.08,62.00,1006.00,144.52,1175,2.310,94500,27.0,37.0,45.0,YES,UNKNOWN_ANALYSIS_IAQ145_VOC2.31ppm,31852.9,26,14.8,0.259,429
2026-08-02 22:53:36,32.08,62.00,1006.00,144.52,1175,2.310,94500,26.0,37.0,44.0,YES,UNKNOWN_ANALYSIS_IAQ145_VOC2.31ppm,31863.3,26,14.8,0.259,429
2026-08-02 22:53:46,32.08,62.00,1006.00,144.52,1175,2.310,94500,27.0,38.0,45.0,YES,UNKNOWN_ANALYSIS_IAQ145_VOC2.31ppm,31872.7,26,14.8,0.259,429
2026-08-02 22:53:56,32.08,62.00,1006.00,144.52,1175,2.310,94500,27.0,37.0,45.0,YES,UNKNOWN_ANALYSIS_IAQ145_VOC2.31ppm,31883.2,26,14.8,0.259,429
2026-08-02 22:54:06,32.08,62.00,1006.00,144.52,1175,2.310,94500,27.0,37.0,46.0,YES,UNKNOWN_ANALYSIS_IAQ145_VOC2.31ppm,31892.6,26,14.8,0.259,429
2026-08-02 22:54:16,32.08,62.00,1006.00,144.52,1175,2.310,94500,26.0,37.0,46.0,YES,UNKNOWN_ANALYSIS_IAQ145_VOC2.31ppm,31903.0,26,14.8,0.259,429
📊 Z-scores: IAQ=19.53 VOC=45.07 CO2=55.59 GasDrop=11.09
2026-08-02 22:54:26,32.08,62.00,1006.00,144.52,1175,2.310,94500,26.0,38.0,46.0,YES,UNKNOWN_ANALYSIS_IAQ145_VOC2.31ppm,31913.5,26,14.8,0.259,429
2026-08-02 22:54:36,32.08,62.00,1006.00,144.52,1175,2.310,94500,27.0,39.0,47.0,YES,UNKNOWN_ANALYSIS_IAQ145_VOC2.31ppm,31922.9,26,14.8,0.259,429
2026-08-02 22:54:46,32.08,62.00,1006.00,144.52,1175,2.310,94500,27.0,39.0,46.0,YES,UNKNOWN_ANALYSIS_IAQ145_VOC2.31ppm,31933.4,26,14.8,0.259,429
2026-08-02 22:54:56,32.08,62.00,1006.00,144.52,1175,2.310,94500,26.0,38.0,44.0,YES,UNKNOWN_ANALYSIS_IAQ145_VOC2.31ppm,31942.8,26,14.8,0.259,429
2026-08-02 22:55:06,32.08,62.00,1006.00,144.52,1175,2.310,94500,26.0,37.0,43.0,YES,UNKNOWN_ANALYSIS_IAQ145_VOC2.31ppm,31953.2,26,14.8,0.259,429
2026-08-02 22:55:16,32.08,62.00,1006.00,144.52,1175,2.310,94500,26.0,37.0,44.0,YES,UNKNOWN_ANALYSIS_IAQ145_VOC2.31ppm,31962.6,26,14.8,0.259,429
2026-08-02 22:55:26,32.08,62.00,1006.00,144.52,1175,2.310,94500,27.0,38.0,45.0,YES,UNKNOWN_ANALYSIS_IAQ145_VOC2.31ppm,31973.1,26,14.8,0.259,429
📊 Z-scores: IAQ=19.53 VOC=45.07 CO2=55.59 GasDrop=11.09
2026-08-02 22:55:36,32.08,62.00,1006.00,144.52,1175,2.310,94500,27.0,37.0,45.0,YES,UNKNOWN_ANALYSIS_IAQ145_VOC2.31ppm,31983.5,26,14.8,0.259,429
2026-08-02 22:55:46,32.08,62.00,1006.00,144.52,1175,2.310,94500,25.0,37.0,46.0,YES,UNKNOWN_ANALYSIS_IAQ145_VOC2.31ppm,31992.9,26,14.8,0.259,429
2026-08-02 22:55:56,32.08,62.00,1006.00,144.52,1175,2.310,94500,25.0,38.0,46.0,YES,UNKNOWN_ANALYSIS_IAQ145_VOC2.31ppm,32003.4,26,14.8,0.259,429
2026-08-02 22:56:06,32.08,62.00,1006.00,144.52,1175,2.310,94500,26.0,39.0,46.0,YES,UNKNOWN_ANALYSIS_IAQ145_VOC2.31ppm,32012.8,26,14.8,0.259,429
2026-08-02 22:56:16,32.08,62.00,1006.00,144.52,1175,2.310,94500,27.0,38.0,45.0,YES,UNKNOWN_ANALYSIS_IAQ145_VOC2.31ppm,32023.2,26,14.8,0.259,429
2026-08-02 22:56:26,32.08,62.00,1006.00,144.52,1175,2.310,94500,27.0,38.0,45.0,YES,UNKNOWN_ANALYSIS_IAQ145_VOC2.31ppm,32032.6,26,14.8,0.259,429
2026-08-02 22:56:36,32.08,62.00,1006.00,144.52,1175,2.310,94500,27.0,38.0,44.0,YES,UNKNOWN_ANALYSIS_IAQ145_VOC2.31ppm,32043.1,26,14.8,0.259,429
📊 Z-scores: IAQ=19.53 VOC=45.07 CO2=55.59 GasDrop=11.09
2026-08-02 22:56:46,32.08,62.00,1006.00,144.52,1175,2.310,94500,27.0,37.0,44.0,YES,UNKNOWN_ANALYSIS_IAQ145_VOC2.31ppm,32053.5,26,14.8,0.259,429
2026-08-02 22:56:56,32.08,62.00,1006.00,144.52,1175,2.310,94500,27.0,37.0,44.0,YES,UNKNOWN_ANALYSIS_IAQ145_VOC2.31ppm,32062.9,26,14.8,0.259,429
2026-08-02 22:57:06,32.08,62.00,1006.00,144.52,1175,2.310,94500,25.0,35.0,44.0,YES,UNKNOWN_ANALYSIS_IAQ145_VOC2.31ppm,32073.4,26,14.8,0.259,429
2026-08-02 22:57:16,32.08,62.00,1006.00,144.52,1175,2.310,94500,25.0,36.0,44.0,YES,UNKNOWN_ANALYSIS_IAQ145_VOC2.31ppm,32082.8,26,14.8,0.259,429
2026-08-02 22:57:26,32.08,62.00,1006.00,144.52,1175,2.310,94500,25.0,36.0,44.0,YES,UNKNOWN_ANALYSIS_IAQ145_VOC2.31ppm,32093.2,26,14.8,0.259,429
2026-08-02 22:57:37,32.08,62.00,1006.00,144.52,1175,2.310,94500,25.0,37.0,44.0,YES,UNKNOWN_ANALYSIS_IAQ145_VOC2.31ppm,32103.7,26,14.8,0.259,429
2026-08-02 22:57:46,32.08,62.00,1006.00,144.52,1175,2.310,94500,27.0,39.0,46.0,YES,UNKNOWN_ANALYSIS_IAQ145_VOC2.31ppm,32113.1,26,14.8,0.259,429
📊 Z-scores: IAQ=19.53 VOC=45.07 CO2=55.59 GasDrop=11.09
2026-08-02 22:57:56,32.08,62.00,1006.00,144.52,1175,2.310,94500,27.0,38.0,44.0,YES,UNKNOWN_ANALYSIS_IAQ145_VOC2.31ppm,32123.5,26,14.8,0.259,429
2026-08-02 22:58:06,32.08,62.00,1006.00,144.52,1175,2.310,94500,27.0,39.0,46.0,YES,UNKNOWN_ANALYSIS_IAQ145_VOC2.31ppm,32132.9,26,14.8,0.259,429
2026-08-02 22:58:16,32.08,62.00,1006.00,144.52,1175,2.310,94500,27.0,39.0,46.0,YES,UNKNOWN_ANALYSIS_IAQ145_VOC2.31ppm,32143.4,26,14.8,0.259,429
2026-08-02 22:58:26,32.07,61.98,1006.00,138.78,1132,2.094,95200,27.0,39.0,46.0,YES,UNKNOWN_ANALYSIS_IAQ139_VOC2.09ppm,32152.8,26,14.8,0.259,429
2026-08-02 22:58:36,32.07,61.98,1006.00,138.78,1132,2.094,95200,27.0,39.0,47.0,YES,UNKNOWN_ANALYSIS_IAQ139_VOC2.09ppm,32163.2,26,14.8,0.259,429
2026-08-02 22:58:47,32.07,61.98,1006.00,138.78,1132,2.094,95200,26.0,38.0,46.0,YES,UNKNOWN_ANALYSIS_IAQ139_VOC2.09ppm,32173.7,26,14.8,0.259,429
2026-08-02 22:58:56,32.07,61.98,1006.00,138.78,1132,2.094,95200,26.0,37.0,46.0,YES,UNKNOWN_ANALYSIS_IAQ139_VOC2.09ppm,32183.1,26,14.8,0.259,429
📊 Z-scores: IAQ=18.66 VOC=40.33 CO2=52.37 GasDrop=11.00
2026-08-02 22:59:06,32.07,61.98,1006.00,138.78,1132,2.094,95200,27.0,38.0,46.0,YES,UNKNOWN_ANALYSIS_IAQ139_VOC2.09ppm,32193.5,26,14.8,0.259,429
2026-08-02 22:59:16,32.07,61.98,1006.00,138.78,1132,2.094,95200,27.0,39.0,47.0,YES,UNKNOWN_ANALYSIS_IAQ139_VOC2.09ppm,32202.9,26,14.8,0.259,429
2026-08-02 22:59:26,32.07,61.98,1006.00,138.78,1132,2.094,95200,26.0,38.0,45.0,YES,UNKNOWN_ANALYSIS_IAQ139_VOC2.09ppm,32213.4,26,14.8,0.259,429
2026-08-02 22:59:37,32.07,61.98,1006.00,138.78,1132,2.094,95200,26.0,38.0,45.0,YES,UNKNOWN_ANALYSIS_IAQ139_VOC2.09ppm,32223.9,26,14.8,0.259,429
2026-08-02 22:59:46,32.07,61.98,1006.00,138.78,1132,2.094,95200,25.0,38.0,45.0,YES,UNKNOWN_ANALYSIS_IAQ139_VOC2.09ppm,32233.3,26,14.8,0.259,429
2026-08-02 22:59:57,32.07,61.98,1006.00,138.78,1132,2.094,95200,27.0,39.0,47.0,YES,UNKNOWN_ANALYSIS_IAQ139_VOC2.09ppm,32243.7,26,14.8,0.259,429
2026-08-02 23:00:06,32.07,61.98,1006.00,138.78,1132,2.094,95200,26.0,39.0,46.0,YES,UNKNOWN_ANALYSIS_IAQ139_VOC2.09ppm,32253.1,26,14.8,0.259,429
📊 Z-scores: IAQ=18.66 VOC=40.33 CO2=52.37 GasDrop=11.00
2026-08-02 23:00:17,32.07,61.98,1006.00,138.78,1132,2.094,95200,27.0,39.0,47.0,YES,UNKNOWN_ANALYSIS_IAQ139_VOC2.09ppm,32263.6,26,14.8,0.259,429
2026-08-02 23:00:26,32.07,61.98,1006.00,138.78,1132,2.094,95200,27.0,39.0,48.0,YES,UNKNOWN_ANALYSIS_IAQ139_VOC2.09ppm,32273.0,26,14.8,0.259,429
2026-08-02 23:00:36,32.07,61.98,1006.00,138.78,1132,2.094,95200,27.0,39.0,49.0,YES,UNKNOWN_ANALYSIS_IAQ139_VOC2.09ppm,32283.4,26,14.8,0.259,429
2026-08-02 23:00:47,32.07,61.98,1006.00,138.78,1132,2.094,95200,25.0,37.0,46.0,YES,UNKNOWN_ANALYSIS_IAQ139_VOC2.09ppm,32293.9,26,14.8,0.259,429
2026-08-02 23:00:56,32.07,61.98,1006.00,138.78,1132,2.094,95200,26.0,38.0,46.0,YES,UNKNOWN_ANALYSIS_IAQ139_VOC2.09ppm,32303.3,26,14.8,0.259,429
2026-08-02 23:01:07,32.07,61.98,1006.00,138.78,1132,2.094,95200,26.0,39.0,47.0,YES,UNKNOWN_ANALYSIS_IAQ139_VOC2.09ppm,32313.7,26,14.8,0.259,429
2026-08-02 23:01:16,32.07,61.98,1006.00,138.78,1132,2.094,95200,25.0,37.0,45.0,YES,UNKNOWN_ANALYSIS_IAQ139_VOC2.09ppm,32323.1,26,14.8,0.259,429
📊 Z-scores: IAQ=18.66 VOC=40.33 CO2=52.37 GasDrop=11.00
2026-08-02 23:01:27,32.07,61.98,1006.00,138.78,1132,2.094,95200,27.0,38.0,46.0,YES,UNKNOWN_ANALYSIS_IAQ139_VOC2.09ppm,32333.6,26,14.8,0.259,429
2026-08-02 23:01:36,32.07,61.98,1006.00,138.78,1132,2.094,95200,26.0,38.0,46.0,YES,UNKNOWN_ANALYSIS_IAQ139_VOC2.09ppm,32343.0,26,14.8,0.259,429
2026-08-02 23:01:46,32.07,61.98,1006.00,138.78,1132,2.094,95200,26.0,38.0,46.0,YES,UNKNOWN_ANALYSIS_IAQ139_VOC2.09ppm,32353.5,26,14.8,0.259,429
2026-08-02 23:01:57,32.07,61.98,1006.00,138.78,1132,2.094,95200,25.0,37.0,44.0,YES,UNKNOWN_ANALYSIS_IAQ139_VOC2.09ppm,32363.9,26,14.8,0.259,429
💾 Saved baseline: IAQ=15.4 VOC=0.263 CO2=430 Gas=177816
2026-08-02 23:02:06,32.07,61.98,1006.00,138.78,1132,2.094,95200,27.0,37.0,45.0,YES,UNKNOWN_ANALYSIS_IAQ139_VOC2.09ppm,32373.3,26,14.8,0.259,429
2026-08-02 23:02:17,32.07,61.98,1006.00,138.78,1132,2.094,95200,26.0,35.0,43.0,YES,UNKNOWN_ANALYSIS_IAQ139_VOC2.09ppm,32383.8,26,14.8,0.259,429
2026-08-02 23:02:26,32.07,61.98,1006.00,138.78,1132,2.094,95200,27.0,37.0,46.0,YES,UNKNOWN_ANALYSIS_IAQ139_VOC2.09ppm,32393.2,26,14.8,0.259,429
📊 Z-scores: IAQ=18.66 VOC=40.33 CO2=52.37 GasDrop=11.00
2026-08-02 23:02:37,32.07,61.98,1006.00,138.78,1132,2.094,95200,26.0,35.0,44.0,YES,UNKNOWN_ANALYSIS_IAQ139_VOC2.09ppm,32403.6,26,14.8,0.259,429
2026-08-02 23:02:46,32.07,61.98,1006.00,138.78,1132,2.094,95200,26.0,37.0,44.0,YES,UNKNOWN_ANALYSIS_IAQ139_VOC2.09ppm,32413.0,26,14.8,0.259,429
2026-08-02 23:02:56,32.07,61.98,1006.00,138.78,1132,2.094,95200,27.0,38.0,47.0,YES,UNKNOWN_ANALYSIS_IAQ139_VOC2.09ppm,32423.5,26,14.8,0.259,429
2026-08-02 23:03:07,32.07,61.98,1006.00,138.78,1132,2.094,95200,26.0,38.0,46.0,YES,UNKNOWN_ANALYSIS_IAQ139_VOC2.09ppm,32433.9,26,14.8,0.259,429
2026-08-02 23:03:16,32.07,61.98,1006.00,138.78,1132,2.094,95200,27.0,39.0,46.0,YES,UNKNOWN_ANALYSIS_IAQ139_VOC2.09ppm,32443.3,26,14.8,0.259,429
2026-08-02 23:03:27,32.09,61.97,1006.00,130.67,1072,1.829,96100,26.0,38.0,46.0,YES,UNKNOWN_ANALYSIS_IAQ131_VOC1.83ppm,32453.8,26,14.8,0.259,429
2026-08-02 23:03:36,32.09,61.97,1006.00,130.67,1072,1.829,96100,25.0,37.0,45.0,YES,UNKNOWN_ANALYSIS_IAQ131_VOC1.83ppm,32463.2,26,14.8,0.259,429
📊 Z-scores: IAQ=17.44 VOC=34.50 CO2=47.92 GasDrop=10.88
2026-08-02 23:03:47,32.09,61.97,1006.00,130.67,1072,1.829,96100,26.0,38.0,46.0,YES,UNKNOWN_ANALYSIS_IAQ131_VOC1.83ppm,32473.6,26,14.8,0.259,429
2026-08-02 23:03:57,32.09,61.97,1006.00,130.67,1072,1.829,96100,27.0,40.0,47.0,YES,UNKNOWN_ANALYSIS_IAQ131_VOC1.83ppm,32484.1,26,14.8,0.259,429
2026-08-02 23:04:06,32.09,61.97,1006.00,130.67,1072,1.829,96100,26.0,40.0,47.0,YES,UNKNOWN_ANALYSIS_IAQ131_VOC1.83ppm,32493.5,26,14.8,0.259,429
2026-08-02 23:04:17,32.09,61.97,1006.00,130.67,1072,1.829,96100,26.0,38.0,46.0,YES,UNKNOWN_ANALYSIS_IAQ131_VOC1.83ppm,32503.9,26,14.8,0.259,429
2026-08-02 23:04:26,32.09,61.97,1006.00,130.67,1072,1.829,96100,27.0,39.0,46.0,YES,UNKNOWN_ANALYSIS_IAQ131_VOC1.83ppm,32513.3,26,14.8,0.259,429
2026-08-02 23:04:37,32.09,61.97,1006.00,130.67,1072,1.829,96100,28.0,40.0,47.0,YES,UNKNOWN_ANALYSIS_IAQ131_VOC1.83ppm,32523.8,26,14.8,0.259,429
PMS7003: Timeout error
📊 Z-scores: IAQ=17.44 VOC=34.50 CO2=47.92 GasDrop=10.88
2026-08-02 23:04:47,32.09,61.97,1006.00,130.67,1072,1.829,96100,28.0,40.0,47.0,YES,UNKNOWN_ANALYSIS_IAQ131_VOC1.83ppm,32534.2,26,14.8,0.259,429
2026-08-02 23:04:57,32.09,61.97,1006.00,130.67,1072,1.829,96100,27.0,38.0,46.0,YES,UNKNOWN_ANALYSIS_IAQ131_VOC1.83ppm,32543.6,26,14.8,0.259,429
2026-08-02 23:05:07,32.09,61.97,1006.00,130.67,1072,1.829,96100,26.0,37.0,44.0,YES,UNKNOWN_ANALYSIS_IAQ131_VOC1.83ppm,32554.1,26,14.8,0.259,429
2026-08-02 23:05:16,32.09,61.97,1006.00,130.67,1072,1.829,96100,26.0,37.0,44.0,YES,UNKNOWN_ANALYSIS_IAQ131_VOC1.83ppm,32563.5,26,14.8,0.259,429
2026-08-02 23:05:27,32.09,61.97,1006.00,130.67,1072,1.829,96100,25.0,37.0,44.0,YES,UNKNOWN_ANALYSIS_IAQ131_VOC1.83ppm,32573.9,26,14.8,0.259,429
2026-08-02 23:05:37,32.09,61.97,1006.00,130.67,1072,1.829,96100,27.0,37.0,45.0,YES,UNKNOWN_ANALYSIS_IAQ131_VOC1.83ppm,32584.4,26,14.8,0.259,429
2026-08-02 23:05:47,32.09,61.97,1006.00,130.67,1072,1.829,96100,27.0,38.0,47.0,YES,UNKNOWN_ANALYSIS_IAQ131_VOC1.83ppm,32593.8,26,14.8,0.259,429
📊 Z-scores: IAQ=17.44 VOC=34.50 CO2=47.92 GasDrop=10.88
2026-08-02 23:05:57,32.09,61.97,1006.00,130.67,1072,1.829,96100,26.0,38.0,48.0,YES,UNKNOWN_ANALYSIS_IAQ131_VOC1.83ppm,32604.2,26,14.8,0.259,429
2026-08-02 23:06:07,32.09,61.97,1006.00,130.67,1072,1.829,96100,26.0,37.0,46.0,YES,UNKNOWN_ANALYSIS_IAQ131_VOC1.83ppm,32613.6,26,14.8,0.259,429
2026-08-02 23:06:17,32.09,61.97,1006.00,130.67,1072,1.829,96100,26.0,38.0,46.0,YES,UNKNOWN_ANALYSIS_IAQ131_VOC1.83ppm,32624.1,26,14.8,0.259,429
2026-08-02 23:06:26,32.09,61.97,1006.00,130.67,1072,1.829,96100,27.0,39.0,48.0,YES,UNKNOWN_ANALYSIS_IAQ131_VOC1.83ppm,32633.5,26,14.8,0.259,429
2026-08-02 23:06:37,32.09,61.97,1006.00,130.67,1072,1.829,96100,26.0,38.0,46.0,YES,UNKNOWN_ANALYSIS_IAQ131_VOC1.83ppm,32643.9,26,14.8,0.259,429
2026-08-02 23:06:47,32.09,61.97,1006.00,130.67,1072,1.829,96100,25.0,37.0,44.0,YES,UNKNOWN_ANALYSIS_IAQ131_VOC1.83ppm,32654.4,26,14.8,0.259,429
2026-08-02 23:06:57,32.09,61.97,1006.00,130.67,1072,1.829,96100,26.0,38.0,45.0,YES,UNKNOWN_ANALYSIS_IAQ131_VOC1.83ppm,32663.8,26,14.8,0.259,429
📊 Z-scores: IAQ=17.44 VOC=34.50 CO2=47.92 GasDrop=10.88
2026-08-02 23:07:07,32.09,61.97,1006.00,130.67,1072,1.829,96100,27.0,38.0,45.0,YES,UNKNOWN_ANALYSIS_IAQ131_VOC1.83ppm,32674.2,26,14.8,0.259,429
2026-08-02 23:07:17,32.09,61.97,1006.00,130.67,1072,1.829,96100,27.0,38.0,46.0,YES,UNKNOWN_ANALYSIS_IAQ131_VOC1.83ppm,32683.6,26,14.8,0.259,429
2026-08-02 23:07:27,32.09,61.97,1006.00,130.67,1072,1.829,96100,26.0,38.0,44.0,YES,UNKNOWN_ANALYSIS_IAQ131_VOC1.83ppm,32694.1,26,14.8,0.259,429
2026-08-02 23:07:37,32.09,61.97,1006.00,130.67,1072,1.829,96100,26.0,38.0,45.0,YES,UNKNOWN_ANALYSIS_IAQ131_VOC1.83ppm,32704.5,26,14.8,0.259,429
2026-08-02 23:07:47,32.09,61.97,1006.00,130.67,1072,1.829,96100,27.0,39.0,47.0,YES,UNKNOWN_ANALYSIS_IAQ131_VOC1.83ppm,32713.9,26,14.8,0.259,429
2026-08-02 23:07:57,32.09,61.97,1006.00,130.67,1072,1.829,96100,27.0,39.0,47.0,YES,UNKNOWN_ANALYSIS_IAQ131_VOC1.83ppm,32724.4,26,14.8,0.259,429
2026-08-02 23:08:07,32.09,61.97,1006.00,130.67,1072,1.829,96100,26.0,38.0,47.0,YES,UNKNOWN_ANALYSIS_IAQ131_VOC1.83ppm,32733.8,26,14.8,0.259,429
📊 Z-scores: IAQ=17.44 VOC=34.50 CO2=47.92 GasDrop=10.88
2026-08-02 23:08:17,32.09,61.97,1006.00,130.67,1072,1.829,96100,26.0,38.0,46.0,YES,UNKNOWN_ANALYSIS_IAQ131_VOC1.83ppm,32744.2,26,14.8,0.259,429
2026-08-02 23:08:28,32.07,61.99,1006.00,130.98,1072,1.830,96100,26.0,38.0,46.0,YES,UNKNOWN_ANALYSIS_IAQ131_VOC1.83ppm,32754.7,26,14.8,0.259,429
2026-08-02 23:08:37,32.07,61.99,1006.00,130.98,1072,1.830,96100,26.0,38.0,45.0,YES,UNKNOWN_ANALYSIS_IAQ131_VOC1.83ppm,32764.1,26,14.8,0.259,429
2026-08-02 23:08:47,32.07,61.99,1006.00,130.98,1072,1.830,96100,25.0,37.0,44.0,YES,UNKNOWN_ANALYSIS_IAQ131_VOC1.83ppm,32774.5,26,14.8,0.259,429
2026-08-02 23:08:57,32.07,61.99,1006.00,130.98,1072,1.830,96100,26.0,38.0,45.0,YES,UNKNOWN_ANALYSIS_IAQ131_VOC1.83ppm,32783.9,26,14.8,0.259,429
2026-08-02 23:09:07,32.07,61.99,1006.00,130.98,1072,1.830,96100,26.0,38.0,45.0,YES,UNKNOWN_ANALYSIS_IAQ131_VOC1.83ppm,32794.4,26,14.8,0.259,429
📊 Z-scores: IAQ=17.49 VOC=34.52 CO2=47.93 GasDrop=10.88
2026-08-02 23:09:18,32.07,61.99,1006.00,130.98,1072,1.830,96100,27.0,38.0,46.0,YES,UNKNOWN_ANALYSIS_IAQ131_VOC1.83ppm,32804.8,26,14.8,0.259,429
2026-08-02 23:09:27,32.07,61.99,1006.00,130.98,1072,1.830,96100,26.0,37.0,46.0,YES,UNKNOWN_ANALYSIS_IAQ131_VOC1.83ppm,32814.2,26,14.8,0.259,429
2026-08-02 23:09:38,32.07,61.99,1006.00,130.98,1072,1.830,96100,27.0,39.0,47.0,YES,UNKNOWN_ANALYSIS_IAQ131_VOC1.83ppm,32824.7,26,14.8,0.259,429
2026-08-02 23:09:47,32.07,61.99,1006.00,130.98,1072,1.830,96100,27.0,38.0,45.0,YES,UNKNOWN_ANALYSIS_IAQ131_VOC1.83ppm,32834.1,26,14.8,0.259,429
2026-08-02 23:09:57,32.07,61.99,1006.00,130.98,1072,1.830,96100,28.0,39.0,45.0,YES,UNKNOWN_ANALYSIS_IAQ131_VOC1.83ppm,32844.5,26,14.8,0.259,429
2026-08-02 23:10:08,32.07,61.99,1006.00,130.98,1072,1.830,96100,27.0,38.0,44.0,YES,UNKNOWN_ANALYSIS_IAQ131_VOC1.83ppm,32855.0,26,14.8,0.259,429
2026-08-02 23:10:17,32.07,61.99,1006.00,130.98,1072,1.830,96100,27.0,38.0,46.0,YES,UNKNOWN_ANALYSIS_IAQ131_VOC1.83ppm,32864.4,26,14.8,0.259,429
📊 Z-scores: IAQ=17.49 VOC=34.52 CO2=47.93 GasDrop=10.88
2026-08-02 23:10:28,32.07,61.99,1006.00,130.98,1072,1.830,96100,27.0,38.0,45.0,YES,UNKNOWN_ANALYSIS_IAQ131_VOC1.83ppm,32874.8,26,14.8,0.259,429
2026-08-02 23:10:37,32.07,61.99,1006.00,130.98,1072,1.830,96100,27.0,37.0,44.0,YES,UNKNOWN_ANALYSIS_IAQ131_VOC1.83ppm,32884.2,26,14.8,0.259,429
2026-08-02 23:10:48,32.07,61.99,1006.00,130.98,1072,1.830,96100,27.0,38.0,45.0,YES,UNKNOWN_ANALYSIS_IAQ131_VOC1.83ppm,32894.6,26,14.8,0.259,429
2026-08-02 23:10:58,32.07,61.99,1006.00,130.98,1072,1.830,96100,27.0,38.0,44.0,YES,UNKNOWN_ANALYSIS_IAQ131_VOC1.83ppm,32905.1,26,14.8,0.259,429
2026-08-02 23:11:07,32.07,61.99,1006.00,130.98,1072,1.830,96100,26.0,37.0,45.0,YES,UNKNOWN_ANALYSIS_IAQ131_VOC1.83ppm,32914.5,26,14.8,0.259,429
2026-08-02 23:11:18,32.07,61.99,1006.00,130.98,1072,1.830,96100,27.0,38.0,47.0,YES,UNKNOWN_ANALYSIS_IAQ131_VOC1.83ppm,32924.9,26,14.8,0.259,429
2026-08-02 23:11:27,32.07,61.99,1006.00,130.98,1072,1.830,96100,27.0,37.0,46.0,YES,UNKNOWN_ANALYSIS_IAQ131_VOC1.83ppm,32934.3,26,14.8,0.259,429
📊 Z-scores: IAQ=17.49 VOC=34.52 CO2=47.93 GasDrop=10.88
2026-08-02 23:11:38,32.07,61.99,1006.00,130.98,1072,1.830,96100,26.0,36.0,45.0,YES,UNKNOWN_ANALYSIS_IAQ131_VOC1.83ppm,32944.8,26,14.8,0.259,429
2026-08-02 23:11:47,32.07,61.99,1006.00,130.98,1072,1.830,96100,26.0,36.0,45.0,YES,UNKNOWN_ANALYSIS_IAQ131_VOC1.83ppm,32954.2,26,14.8,0.259,429
2026-08-02 23:11:58,32.07,61.99,1006.00,130.98,1072,1.830,96100,27.0,37.0,46.0,YES,UNKNOWN_ANALYSIS_IAQ131_VOC1.83ppm,32964.6,26,14.8,0.259,429
2026-08-02 23:12:08,32.07,61.99,1006.00,130.98,1072,1.830,96100,27.0,37.0,47.0,YES,UNKNOWN_ANALYSIS_IAQ131_VOC1.83ppm,32975.1,26,14.8,0.259,429
2026-08-02 23:12:17,32.07,61.99,1006.00,130.98,1072,1.830,96100,27.0,36.0,46.0,YES,UNKNOWN_ANALYSIS_IAQ131_VOC1.83ppm,32984.5,26,14.8,0.259,429
2026-08-02 23:12:28,32.07,61.99,1006.00,130.98,1072,1.830,96100,25.0,35.0,44.0,YES,UNKNOWN_ANALYSIS_IAQ131_VOC1.83ppm,32994.9,26,14.8,0.259,429
2026-08-02 23:12:37,32.07,61.99,1006.00,130.98,1072,1.830,96100,26.0,37.0,46.0,YES,UNKNOWN_ANALYSIS_IAQ131_VOC1.83ppm,33004.3,26,14.8,0.259,429
📊 Z-scores: IAQ=17.49 VOC=34.52 CO2=47.93 GasDrop=10.88
2026-08-02 23:12:48,32.07,61.99,1006.00,130.98,1072,1.830,96100,26.0,38.0,47.0,YES,UNKNOWN_ANALYSIS_IAQ131_VOC1.83ppm,33014.8,26,14.8,0.259,429
2026-08-02 23:12:58,32.07,61.99,1006.00,130.98,1072,1.830,96100,27.0,40.0,48.0,YES,UNKNOWN_ANALYSIS_IAQ131_VOC1.83ppm,33025.2,26,14.8,0.259,429
2026-08-02 23:13:08,32.07,61.99,1006.00,130.98,1072,1.830,96100,26.0,38.0,46.0,YES,UNKNOWN_ANALYSIS_IAQ131_VOC1.83ppm,33034.6,26,14.8,0.259,429
2026-08-02 23:13:18,32.07,61.99,1006.00,130.98,1072,1.830,96100,27.0,38.0,46.0,YES,UNKNOWN_ANALYSIS_IAQ131_VOC1.83ppm,33045.1,26,14.8,0.259,429
2026-08-02 23:13:27,32.10,62.00,1006.00,138.95,1126,2.069,95100,27.0,39.0,47.0,YES,UNKNOWN_ANALYSIS_IAQ139_VOC2.07ppm,33054.5,26,14.8,0.259,429
2026-08-02 23:13:38,32.10,62.00,1006.00,138.95,1126,2.069,95100,26.0,38.0,46.0,YES,UNKNOWN_ANALYSIS_IAQ139_VOC2.07ppm,33064.9,26,14.8,0.259,429
📊 Z-scores: IAQ=18.69 VOC=39.77 CO2=51.97 GasDrop=11.01
2026-08-02 23:13:48,32.10,62.00,1006.00,138.95,1126,2.069,95100,27.0,38.0,45.0,YES,UNKNOWN_ANALYSIS_IAQ139_VOC2.07ppm,33075.4,26,14.8,0.259,429
2026-08-02 23:13:58,32.10,62.00,1006.00,138.95,1126,2.069,95100,26.0,37.0,44.0,YES,UNKNOWN_ANALYSIS_IAQ139_VOC2.07ppm,33084.8,26,14.8,0.259,429
2026-08-02 23:14:08,32.10,62.00,1006.00,138.95,1126,2.069,95100,27.0,40.0,47.0,YES,UNKNOWN_ANALYSIS_IAQ139_VOC2.07ppm,33095.2,26,14.8,0.259,429
2026-08-02 23:14:18,32.10,62.00,1006.00,138.95,1126,2.069,95100,27.0,38.0,44.0,YES,UNKNOWN_ANALYSIS_IAQ139_VOC2.07ppm,33104.6,26,14.8,0.259,429
2026-08-02 23:14:28,32.10,62.00,1006.00,138.95,1126,2.069,95100,28.0,39.0,45.0,YES,UNKNOWN_ANALYSIS_IAQ139_VOC2.07ppm,33115.1,26,14.8,0.259,429
2026-08-02 23:14:38,32.10,62.00,1006.00,138.95,1126,2.069,95100,28.0,38.0,46.0,YES,UNKNOWN_ANALYSIS_IAQ139_VOC2.07ppm,33125.5,26,14.8,0.259,429
2026-08-02 23:14:48,32.10,62.00,1006.00,138.95,1126,2.069,95100,26.0,37.0,46.0,YES,UNKNOWN_ANALYSIS_IAQ139_VOC2.07ppm,33134.9,26,14.8,0.259,429
📊 Z-scores: IAQ=18.69 VOC=39.77 CO2=51.97 GasDrop=11.01
2026-08-02 23:14:58,32.10,62.00,1006.00,138.95,1126,2.069,95100,26.0,38.0,46.0,YES,UNKNOWN_ANALYSIS_IAQ139_VOC2.07ppm,33145.4,26,14.8,0.259,429
2026-08-02 23:15:08,32.10,62.00,1006.00,138.95,1126,2.069,95100,26.0,37.0,44.0,YES,UNKNOWN_ANALYSIS_IAQ139_VOC2.07ppm,33154.8,26,14.8,0.259,429
2026-08-02 23:15:18,32.10,62.00,1006.00,138.95,1126,2.069,95100,26.0,37.0,45.0,YES,UNKNOWN_ANALYSIS_IAQ139_VOC2.07ppm,33165.2,26,14.8,0.259,429
2026-08-02 23:15:29,32.10,62.00,1006.00,138.95,1126,2.069,95100,25.0,37.0,44.0,YES,UNKNOWN_ANALYSIS_IAQ139_VOC2.07ppm,33175.6,26,14.8,0.259,429
2026-08-02 23:15:38,32.10,62.00,1006.00,138.95,1126,2.069,95100,27.0,38.0,46.0,YES,UNKNOWN_ANALYSIS_IAQ139_VOC2.07ppm,33185.1,26,14.8,0.259,429
2026-08-02 23:15:48,32.10,62.00,1006.00,138.95,1126,2.069,95100,26.0,37.0,44.0,YES,UNKNOWN_ANALYSIS_IAQ139_VOC2.07ppm,33195.5,26,14.8,0.259,429
2026-08-02 23:15:58,32.10,62.00,1006.00,138.95,1126,2.069,95100,27.0,38.0,45.0,YES,UNKNOWN_ANALYSIS_IAQ139_VOC2.07ppm,33204.9,26,14.8,0.259,429
📊 Z-scores: IAQ=18.69 VOC=39.77 CO2=51.97 GasDrop=11.01
2026-08-02 23:16:08,32.10,62.00,1006.00,138.95,1126,2.069,95100,27.0,38.0,45.0,YES,UNKNOWN_ANALYSIS_IAQ139_VOC2.07ppm,33215.3,26,14.8,0.259,429
2026-08-02 23:16:19,32.10,62.00,1006.00,138.95,1126,2.069,95100,27.0,38.0,45.0,YES,UNKNOWN_ANALYSIS_IAQ139_VOC2.07ppm,33225.8,26,14.8,0.259,429
2026-08-02 23:16:28,32.10,62.00,1006.00,138.95,1126,2.069,95100,27.0,39.0,45.0,YES,UNKNOWN_ANALYSIS_IAQ139_VOC2.07ppm,33235.2,26,14.8,0.259,429
2026-08-02 23:16:39,32.10,62.00,1006.00,138.95,1126,2.069,95100,26.0,37.0,44.0,YES,UNKNOWN_ANALYSIS_IAQ139_VOC2.07ppm,33245.6,26,14.8,0.259,429
2026-08-02 23:16:48,32.10,62.00,1006.00,138.95,1126,2.069,95100,25.0,37.0,43.0,YES,UNKNOWN_ANALYSIS_IAQ139_VOC2.07ppm,33255.0,26,14.8,0.259,429
2026-08-02 23:16:58,32.10,62.00,1006.00,138.95,1126,2.069,95100,25.0,37.0,44.0,YES,UNKNOWN_ANALYSIS_IAQ139_VOC2.07ppm,33265.5,26,14.8,0.259,429
📊 Z-scores: IAQ=18.69 VOC=39.77 CO2=51.97 GasDrop=11.01
2026-08-02 23:17:09,32.10,62.00,1006.00,138.95,1126,2.069,95100,27.0,38.0,46.0,YES,UNKNOWN_ANALYSIS_IAQ139_VOC2.07ppm,33275.9,26,14.8,0.259,429
2026-08-02 23:17:18,32.10,62.00,1006.00,138.95,1126,2.069,95100,28.0,38.0,47.0,YES,UNKNOWN_ANALYSIS_IAQ139_VOC2.07ppm,33285.3,26,14.8,0.259,429
2026-08-02 23:17:29,32.10,62.00,1006.00,138.95,1126,2.069,95100,27.0,37.0,46.0,YES,UNKNOWN_ANALYSIS_IAQ139_VOC2.07ppm,33295.8,26,14.8,0.259,429
2026-08-02 23:17:38,32.10,62.00,1006.00,138.95,1126,2.069,95100,27.0,38.0,46.0,YES,UNKNOWN_ANALYSIS_IAQ139_VOC2.07ppm,33305.2,26,14.8,0.259,429
2026-08-02 23:17:49,32.10,62.00,1006.00,138.95,1126,2.069,95100,27.0,38.0,46.0,YES,UNKNOWN_ANALYSIS_IAQ139_VOC2.07ppm,33315.6,26,14.8,0.259,429
2026-08-02 23:17:59,32.10,62.00,1006.00,138.95,1126,2.069,95100,27.0,37.0,47.0,YES,UNKNOWN_ANALYSIS_IAQ139_VOC2.07ppm,33326.1,26,14.8,0.259,429
2026-08-02 23:18:08,32.10,62.00,1006.00,138.95,1126,2.069,95100,27.0,38.0,47.0,YES,UNKNOWN_ANALYSIS_IAQ139_VOC2.07ppm,33335.5,26,14.8,0.259,429
📊 Z-scores: IAQ=18.69 VOC=39.77 CO2=51.97 GasDrop=11.01
2026-08-02 23:18:19,32.10,62.00,1006.00,138.95,1126,2.069,95100,27.0,40.0,48.0,YES,UNKNOWN_ANALYSIS_IAQ139_VOC2.07ppm,33345.9,26,14.8,0.259,429
2026-08-02 23:18:28,32.16,61.95,1006.00,138.00,1118,2.028,95100,26.0,38.0,47.0,YES,UNKNOWN_ANALYSIS_IAQ138_VOC2.03ppm,33355.3,26,14.8,0.259,429
2026-08-02 23:18:39,32.16,61.95,1006.00,138.00,1118,2.028,95100,26.0,38.0,46.0,YES,UNKNOWN_ANALYSIS_IAQ138_VOC2.03ppm,33365.7,26,14.8,0.259,429
2026-08-02 23:18:49,32.16,61.95,1006.00,138.00,1118,2.028,95100,27.0,38.0,46.0,YES,UNKNOWN_ANALYSIS_IAQ138_VOC2.03ppm,33376.2,26,14.8,0.259,429
2026-08-02 23:18:59,32.16,61.95,1006.00,138.00,1118,2.028,95100,26.0,38.0,46.0,YES,UNKNOWN_ANALYSIS_IAQ138_VOC2.03ppm,33385.6,26,14.8,0.259,429
2026-08-02 23:19:09,32.16,61.95,1006.00,138.00,1118,2.028,95100,26.0,37.0,45.0,YES,UNKNOWN_ANALYSIS_IAQ138_VOC2.03ppm,33396.1,26,14.8,0.259,429
2026-08-02 23:19:18,32.16,61.95,1006.00,138.00,1118,2.028,95100,27.0,39.0,45.0,YES,UNKNOWN_ANALYSIS_IAQ138_VOC2.03ppm,33405.5,26,14.8,0.259,429
📊 Z-scores: IAQ=18.55 VOC=38.87 CO2=51.31 GasDrop=11.01
2026-08-02 23:19:29,32.16,61.95,1006.00,138.00,1118,2.028,95100,28.0,38.0,44.0,YES,UNKNOWN_ANALYSIS_IAQ138_VOC2.03ppm,33415.9,26,14.8,0.259,429
2026-08-02 23:19:39,32.16,61.95,1006.00,138.00,1118,2.028,95100,26.0,37.0,45.0,YES,UNKNOWN_ANALYSIS_IAQ138_VOC2.03ppm,33426.4,26,14.8,0.259,429
2026-08-02 23:19:49,32.16,61.95,1006.00,138.00,1118,2.028,95100,27.0,38.0,46.0,YES,UNKNOWN_ANALYSIS_IAQ138_VOC2.03ppm,33435.8,26,14.8,0.259,429
2026-08-02 23:19:59,32.16,61.95,1006.00,138.00,1118,2.028,95100,26.0,37.0,44.0,YES,UNKNOWN_ANALYSIS_IAQ138_VOC2.03ppm,33446.2,26,14.8,0.259,429
2026-08-02 23:20:09,32.16,61.95,1006.00,138.00,1118,2.028,95100,27.0,38.0,45.0,YES,UNKNOWN_ANALYSIS_IAQ138_VOC2.03ppm,33455.6,26,14.8,0.259,429
2026-08-02 23:20:19,32.16,61.95,1006.00,138.00,1118,2.028,95100,26.0,37.0,44.0,YES,UNKNOWN_ANALYSIS_IAQ138_VOC2.03ppm,33466.1,26,14.8,0.259,429
📊 Z-scores: IAQ=18.55 VOC=38.87 CO2=51.31 GasDrop=11.01
2026-08-02 23:20:29,32.16,61.95,1006.00,138.00,1118,2.028,95100,26.0,38.0,45.0,YES,UNKNOWN_ANALYSIS_IAQ138_VOC2.03ppm,33476.5,26,14.8,0.259,429
2026-08-02 23:20:39,32.16,61.95,1006.00,138.00,1118,2.028,95100,26.0,38.0,45.0,YES,UNKNOWN_ANALYSIS_IAQ138_VOC2.03ppm,33485.9,26,14.8,0.259,429
2026-08-02 23:20:49,32.16,61.95,1006.00,138.00,1118,2.028,95100,25.0,37.0,43.0,YES,UNKNOWN_ANALYSIS_IAQ138_VOC2.03ppm,33496.3,26,14.8,0.259,429
2026-08-02 23:20:59,32.16,61.95,1006.00,138.00,1118,2.028,95100,26.0,38.0,45.0,YES,UNKNOWN_ANALYSIS_IAQ138_VOC2.03ppm,33505.7,26,14.8,0.259,429
2026-08-02 23:21:09,32.16,61.95,1006.00,138.00,1118,2.028,95100,26.0,37.0,44.0,YES,UNKNOWN_ANALYSIS_IAQ138_VOC2.03ppm,33516.2,26,14.8,0.259,429
2026-08-02 23:21:20,32.16,61.95,1006.00,138.00,1118,2.028,95100,27.0,38.0,46.0,YES,UNKNOWN_ANALYSIS_IAQ138_VOC2.03ppm,33526.6,26,14.8,0.259,429
2026-08-02 23:21:29,32.16,61.95,1006.00,138.00,1118,2.028,95100,25.0,38.0,46.0,YES,UNKNOWN_ANALYSIS_IAQ138_VOC2.03ppm,33536.0,26,14.8,0.259,429
📊 Z-scores: IAQ=18.55 VOC=38.87 CO2=51.31 GasDrop=11.01
2026-08-02 23:21:39,32.16,61.95,1006.00,138.00,1118,2.028,95100,27.0,38.0,47.0,YES,UNKNOWN_ANALYSIS_IAQ138_VOC2.03ppm,33546.5,26,14.8,0.259,429
2026-08-02 23:21:49,32.16,61.95,1006.00,138.00,1118,2.028,95100,27.0,39.0,47.0,YES,UNKNOWN_ANALYSIS_IAQ138_VOC2.03ppm,33555.9,26,14.8,0.259,429
2026-08-02 23:21:59,32.16,61.95,1006.00,138.00,1118,2.028,95100,26.0,38.0,45.0,YES,UNKNOWN_ANALYSIS_IAQ138_VOC2.03ppm,33566.3,26,14.8,0.259,429
2026-08-02 23:22:10,32.16,61.95,1006.00,138.00,1118,2.028,95100,27.0,38.0,46.0,YES,UNKNOWN_ANALYSIS_IAQ138_VOC2.03ppm,33576.8,26,14.8,0.259,429
2026-08-02 23:22:19,32.16,61.95,1006.00,138.00,1118,2.028,95100,27.0,38.0,46.0,YES,UNKNOWN_ANALYSIS_IAQ138_VOC2.03ppm,33586.2,26,14.8,0.259,429
2026-08-02 23:22:30,32.16,61.95,1006.00,138.00,1118,2.028,95100,27.0,38.0,46.0,YES,UNKNOWN_ANALYSIS_IAQ138_VOC2.03ppm,33596.6,26,14.8,0.259,429
2026-08-02 23:22:39,32.16,61.95,1006.00,138.00,1118,2.028,95100,27.0,39.0,47.0,YES,UNKNOWN_ANALYSIS_IAQ138_VOC2.03ppm,33606.0,26,14.8,0.259,429
📊 Z-scores: IAQ=18.55 VOC=38.87 CO2=51.31 GasDrop=11.01
2026-08-02 23:22:49,32.16,61.95,1006.00,138.00,1118,2.028,95100,27.0,38.0,46.0,YES,UNKNOWN_ANALYSIS_IAQ138_VOC2.03ppm,33616.5,26,14.8,0.259,429
2026-08-02 23:23:00,32.16,61.95,1006.00,138.00,1118,2.028,95100,26.0,38.0,46.0,YES,UNKNOWN_ANALYSIS_IAQ138_VOC2.03ppm,33626.9,26,14.8,0.259,429
2026-08-02 23:23:09,32.16,61.95,1006.00,138.00,1118,2.028,95100,27.0,38.0,45.0,YES,UNKNOWN_ANALYSIS_IAQ138_VOC2.03ppm,33636.3,26,14.8,0.259,429
2026-08-02 23:23:20,32.16,61.95,1006.00,138.00,1118,2.028,95100,27.0,38.0,46.0,YES,UNKNOWN_ANALYSIS_IAQ138_VOC2.03ppm,33646.8,26,14.8,0.259,429
2026-08-02 23:23:29,32.14,61.94,1006.00,128.85,1051,1.745,96200,27.0,38.0,45.0,YES,UNKNOWN_ANALYSIS_IAQ129_VOC1.75ppm,33656.2,26,14.8,0.259,429
2026-08-02 23:23:40,32.14,61.94,1006.00,128.85,1051,1.745,96200,27.0,38.0,46.0,YES,UNKNOWN_ANALYSIS_IAQ129_VOC1.75ppm,33666.6,26,14.8,0.259,429
2026-08-02 23:23:49,32.14,61.94,1006.00,128.85,1051,1.745,96200,27.0,38.0,46.0,YES,UNKNOWN_ANALYSIS_IAQ129_VOC1.75ppm,33676.0,26,14.8,0.259,429
📊 Z-scores: IAQ=17.17 VOC=32.66 CO2=46.38 GasDrop=10.87
2026-08-02 23:23:59,32.14,61.94,1006.00,128.85,1051,1.745,96200,27.0,39.0,47.0,YES,UNKNOWN_ANALYSIS_IAQ129_VOC1.75ppm,33686.5,26,14.8,0.259,429
2026-08-02 23:24:10,32.14,61.94,1006.00,128.85,1051,1.745,96200,26.0,37.0,44.0,YES,UNKNOWN_ANALYSIS_IAQ129_VOC1.75ppm,33696.9,26,14.8,0.259,429
2026-08-02 23:24:19,32.14,61.94,1006.00,128.85,1051,1.745,96200,26.0,37.0,43.0,YES,UNKNOWN_ANALYSIS_IAQ129_VOC1.75ppm,33706.3,26,14.8,0.259,429
2026-08-02 23:24:30,32.14,61.94,1006.00,128.85,1051,1.745,96200,27.0,38.0,45.0,YES,UNKNOWN_ANALYSIS_IAQ129_VOC1.75ppm,33716.8,26,14.8,0.259,429
2026-08-02 23:24:39,32.14,61.94,1006.00,128.85,1051,1.745,96200,27.0,39.0,47.0,YES,UNKNOWN_ANALYSIS_IAQ129_VOC1.75ppm,33726.2,26,14.8,0.259,429
2026-08-02 23:24:50,32.14,61.94,1006.00,128.85,1051,1.745,96200,27.0,38.0,46.0,YES,UNKNOWN_ANALYSIS_IAQ129_VOC1.75ppm,33736.6,26,14.8,0.259,429
📊 Z-scores: IAQ=17.17 VOC=32.66 CO2=46.38 GasDrop=10.87
2026-08-02 23:25:00,32.14,61.94,1006.00,128.85,1051,1.745,96200,26.0,38.0,46.0,YES,UNKNOWN_ANALYSIS_IAQ129_VOC1.75ppm,33747.1,26,14.8,0.259,429
2026-08-02 23:25:09,32.14,61.94,1006.00,128.85,1051,1.745,96200,26.0,38.0,46.0,YES,UNKNOWN_ANALYSIS_IAQ129_VOC1.75ppm,33756.5,26,14.8,0.259,429
2026-08-02 23:25:20,32.14,61.94,1006.00,128.85,1051,1.745,96200,25.0,37.0,45.0,YES,UNKNOWN_ANALYSIS_IAQ129_VOC1.75ppm,33766.9,26,14.8,0.259,429
2026-08-02 23:25:29,32.14,61.94,1006.00,128.85,1051,1.745,96200,25.0,37.0,44.0,YES,UNKNOWN_ANALYSIS_IAQ129_VOC1.75ppm,33776.3,26,14.8,0.259,429
2026-08-02 23:25:40,32.14,61.94,1006.00,128.85,1051,1.745,96200,26.0,37.0,43.0,YES,UNKNOWN_ANALYSIS_IAQ129_VOC1.75ppm,33786.8,26,14.8,0.259,429
2026-08-02 23:25:50,32.14,61.94,1006.00,128.85,1051,1.745,96200,26.0,37.0,44.0,YES,UNKNOWN_ANALYSIS_IAQ129_VOC1.75ppm,33797.2,26,14.8,0.259,429
2026-08-02 23:26:00,32.14,61.94,1006.00,128.85,1051,1.745,96200,27.0,37.0,45.0,YES,UNKNOWN_ANALYSIS_IAQ129_VOC1.75ppm,33806.6,26,14.8,0.259,429
📊 Z-scores: IAQ=17.17 VOC=32.66 CO2=46.38 GasDrop=10.87
2026-08-02 23:26:10,32.14,61.94,1006.00,128.85,1051,1.745,96200,27.0,38.0,46.0,YES,UNKNOWN_ANALYSIS_IAQ129_VOC1.75ppm,33817.1,26,14.8,0.259,429
2026-08-02 23:26:19,32.14,61.94,1006.00,128.85,1051,1.745,96200,26.0,37.0,46.0,YES,UNKNOWN_ANALYSIS_IAQ129_VOC1.75ppm,33826.5,26,14.8,0.259,429
2026-08-02 23:26:30,32.14,61.94,1006.00,128.85,1051,1.745,96200,27.0,39.0,47.0,YES,UNKNOWN_ANALYSIS_IAQ129_VOC1.75ppm,33836.9,26,14.8,0.259,429
2026-08-02 23:26:40,32.14,61.94,1006.00,128.85,1051,1.745,96200,27.0,39.0,47.0,YES,UNKNOWN_ANALYSIS_IAQ129_VOC1.75ppm,33847.3,26,14.8,0.259,429
2026-08-02 23:26:50,32.14,61.94,1006.00,128.85,1051,1.745,96200,26.0,38.0,45.0,YES,UNKNOWN_ANALYSIS_IAQ129_VOC1.75ppm,33856.7,26,14.8,0.259,429
2026-08-02 23:27:00,32.14,61.94,1006.00,128.85,1051,1.745,96200,26.0,37.0,45.0,YES,UNKNOWN_ANALYSIS_IAQ129_VOC1.75ppm,33867.2,26,14.8,0.259,429
2026-08-02 23:27:10,32.14,61.94,1006.00,128.85,1051,1.745,96200,27.0,38.0,47.0,YES,UNKNOWN_ANALYSIS_IAQ129_VOC1.75ppm,33876.6,26,14.8,0.259,429
📊 Z-scores: IAQ=17.17 VOC=32.66 CO2=46.38 GasDrop=10.87
2026-08-02 23:27:20,32.14,61.94,1006.00,128.85,1051,1.745,96200,27.0,39.0,49.0,YES,UNKNOWN_ANALYSIS_IAQ129_VOC1.75ppm,33887.0,26,14.8,0.259,429
2026-08-02 23:27:29,32.14,61.94,1006.00,128.85,1051,1.745,96200,27.0,39.0,48.0,YES,UNKNOWN_ANALYSIS_IAQ129_VOC1.75ppm,33896.5,26,14.8,0.259,429
2026-08-02 23:27:40,32.14,61.94,1006.00,128.85,1051,1.745,96200,26.0,38.0,47.0,YES,UNKNOWN_ANALYSIS_IAQ129_VOC1.75ppm,33906.9,26,14.8,0.259,429
2026-08-02 23:27:50,32.14,61.94,1006.00,128.85,1051,1.745,96200,26.0,38.0,46.0,YES,UNKNOWN_ANALYSIS_IAQ129_VOC1.75ppm,33917.3,26,14.8,0.259,429
2026-08-02 23:28:00,32.14,61.94,1006.00,128.85,1051,1.745,96200,26.0,37.0,45.0,YES,UNKNOWN_ANALYSIS_IAQ129_VOC1.75ppm,33926.7,26,14.8,0.259,429
2026-08-02 23:28:10,32.14,61.94,1006.00,128.85,1051,1.745,96200,26.0,37.0,46.0,YES,UNKNOWN_ANALYSIS_IAQ129_VOC1.75ppm,33937.2,26,14.8,0.259,429
2026-08-02 23:28:20,32.14,61.94,1006.00,128.85,1051,1.745,96200,28.0,38.0,48.0,YES,UNKNOWN_ANALYSIS_IAQ129_VOC1.75ppm,33946.6,26,14.8,0.259,429
📊 Z-scores: IAQ=16.69 VOC=30.62 CO2=44.58 GasDrop=10.81
2026-08-02 23:28:30,32.13,61.93,1006.00,125.65,1027,1.652,96600,27.0,38.0,48.0,YES,UNKNOWN_ANALYSIS_IAQ126_VOC1.65ppm,33957.0,26,14.8,0.259,429
2026-08-02 23:28:40,32.13,61.93,1006.00,125.65,1027,1.652,96600,27.0,38.0,47.0,YES,UNKNOWN_ANALYSIS_IAQ126_VOC1.65ppm,33967.5,26,14.8,0.259,429
2026-08-02 23:28:50,32.13,61.93,1006.00,125.65,1027,1.652,96600,27.0,39.0,47.0,YES,UNKNOWN_ANALYSIS_IAQ126_VOC1.65ppm,33976.9,26,14.8,0.259,429
2026-08-02 23:29:00,32.13,61.93,1006.00,125.65,1027,1.652,96600,28.0,39.0,47.0,YES,UNKNOWN_ANALYSIS_IAQ126_VOC1.65ppm,33987.3,26,14.8,0.259,429
2026-08-02 23:29:10,32.13,61.93,1006.00,125.65,1027,1.652,96600,27.0,38.0,46.0,YES,UNKNOWN_ANALYSIS_IAQ126_VOC1.65ppm,33996.7,26,14.8,0.259,429
2026-08-02 23:29:20,32.13,61.93,1006.00,125.65,1027,1.652,96600,28.0,39.0,49.0,YES,UNKNOWN_ANALYSIS_IAQ126_VOC1.65ppm,34007.2,26,14.8,0.259,429
📊 Z-scores: IAQ=16.69 VOC=30.62 CO2=44.58 GasDrop=10.81
2026-08-02 23:29:31,32.13,61.93,1006.00,125.65,1027,1.652,96600,28.0,39.0,49.0,YES,UNKNOWN_ANALYSIS_IAQ126_VOC1.65ppm,34017.6,26,14.8,0.259,429
2026-08-02 23:29:40,32.13,61.93,1006.00,125.65,1027,1.652,96600,28.0,38.0,47.0,YES,UNKNOWN_ANALYSIS_IAQ126_VOC1.65ppm,34027.0,26,14.8,0.259,429
2026-08-02 23:29:50,32.13,61.93,1006.00,125.65,1027,1.652,96600,27.0,37.0,46.0,YES,UNKNOWN_ANALYSIS_IAQ126_VOC1.65ppm,34037.5,26,14.8,0.259,429
2026-08-02 23:30:00,32.13,61.93,1006.00,125.65,1027,1.652,96600,26.0,36.0,45.0,YES,UNKNOWN_ANALYSIS_IAQ126_VOC1.65ppm,34046.9,26,14.8,0.259,429
2026-08-02 23:30:10,32.13,61.93,1006.00,125.65,1027,1.652,96600,26.0,38.0,47.0,YES,UNKNOWN_ANALYSIS_IAQ126_VOC1.65ppm,34057.3,26,14.8,0.259,429
2026-08-02 23:30:21,32.13,61.93,1006.00,125.65,1027,1.652,96600,26.0,38.0,47.0,YES,UNKNOWN_ANALYSIS_IAQ126_VOC1.65ppm,34067.8,26,14.8,0.259,429
2026-08-02 23:30:30,32.13,61.93,1006.00,125.65,1027,1.652,96600,26.0,38.0,47.0,YES,UNKNOWN_ANALYSIS_IAQ126_VOC1.65ppm,34077.2,26,14.8,0.259,429
📊 Z-scores: IAQ=16.69 VOC=30.62 CO2=44.58 GasDrop=10.81
2026-08-02 23:30:41,32.13,61.93,1006.00,125.65,1027,1.652,96600,25.0,38.0,46.0,YES,UNKNOWN_ANALYSIS_IAQ126_VOC1.65ppm,34087.6,26,14.8,0.259,429
2026-08-02 23:30:50,32.13,61.93,1006.00,125.65,1027,1.652,96600,26.0,39.0,47.0,YES,UNKNOWN_ANALYSIS_IAQ126_VOC1.65ppm,34097.0,26,14.8,0.259,429
2026-08-02 23:31:00,32.13,61.93,1006.00,125.65,1027,1.652,96600,25.0,37.0,45.0,YES,UNKNOWN_ANALYSIS_IAQ126_VOC1.65ppm,34107.5,26,14.8,0.259,429
2026-08-02 23:31:11,32.13,61.93,1006.00,125.65,1027,1.652,96600,25.0,38.0,46.0,YES,UNKNOWN_ANALYSIS_IAQ126_VOC1.65ppm,34117.9,26,14.8,0.259,429
2026-08-02 23:31:20,32.13,61.93,1006.00,125.65,1027,1.652,96600,26.0,38.0,46.0,YES,UNKNOWN_ANALYSIS_IAQ126_VOC1.65ppm,34127.3,26,14.8,0.259,429
2026-08-02 23:31:31,32.13,61.93,1006.00,125.65,1027,1.652,96600,27.0,39.0,49.0,YES,UNKNOWN_ANALYSIS_IAQ126_VOC1.65ppm,34137.8,26,14.8,0.259,429
2026-08-02 23:31:40,32.13,61.93,1006.00,125.65,1027,1.652,96600,26.0,40.0,48.0,YES,UNKNOWN_ANALYSIS_IAQ126_VOC1.65ppm,34147.2,26,14.8,0.259,429
📊 Z-scores: IAQ=16.69 VOC=30.62 CO2=44.58 GasDrop=10.81
2026-08-02 23:31:51,32.13,61.93,1006.00,125.65,1027,1.652,96600,27.0,40.0,47.0,YES,UNKNOWN_ANALYSIS_IAQ126_VOC1.65ppm,34157.6,26,14.8,0.259,429
2026-08-02 23:32:01,32.13,61.93,1006.00,125.65,1027,1.652,96600,27.0,38.0,45.0,YES,UNKNOWN_ANALYSIS_IAQ126_VOC1.65ppm,34168.0,26,14.8,0.259,429
2026-08-02 23:32:10,32.13,61.93,1006.00,125.65,1027,1.652,96600,27.0,39.0,45.0,YES,UNKNOWN_ANALYSIS_IAQ126_VOC1.65ppm,34177.4,26,14.8,0.259,429
2026-08-02 23:32:21,32.13,61.93,1006.00,125.65,1027,1.652,96600,26.0,39.0,45.0,YES,UNKNOWN_ANALYSIS_IAQ126_VOC1.65ppm,34187.9,26,14.8,0.259,429
2026-08-02 23:32:30,32.13,61.93,1006.00,125.65,1027,1.652,96600,26.0,38.0,45.0,YES,UNKNOWN_ANALYSIS_IAQ126_VOC1.65ppm,34197.3,26,14.8,0.259,429
2026-08-02 23:32:41,32.13,61.93,1006.00,125.65,1027,1.652,96600,26.0,37.0,44.0,YES,UNKNOWN_ANALYSIS_IAQ126_VOC1.65ppm,34207.7,26,14.8,0.259,429
📊 Z-scores: IAQ=16.69 VOC=30.62 CO2=44.58 GasDrop=10.81
2026-08-02 23:32:51,32.13,61.93,1006.00,125.65,1027,1.652,96600,27.0,39.0,47.0,YES,UNKNOWN_ANALYSIS_IAQ126_VOC1.65ppm,34218.2,26,14.8,0.259,429
2026-08-02 23:33:01,32.13,61.93,1006.00,125.65,1027,1.652,96600,27.0,38.0,46.0,YES,UNKNOWN_ANALYSIS_IAQ126_VOC1.65ppm,34227.6,26,14.8,0.259,429
2026-08-02 23:33:11,32.13,61.93,1006.00,125.65,1027,1.652,96600,26.0,37.0,44.0,YES,UNKNOWN_ANALYSIS_IAQ126_VOC1.65ppm,34238.0,26,14.8,0.259,429
2026-08-02 23:33:20,32.13,61.93,1006.00,125.65,1027,1.652,96600,26.0,38.0,44.0,YES,UNKNOWN_ANALYSIS_IAQ126_VOC1.65ppm,34247.5,26,14.8,0.259,429
2026-08-02 23:33:31,32.07,61.97,1006.00,119.76,984,1.500,97400,27.0,39.0,47.0,YES,UNKNOWN_ANALYSIS_IAQ120_VOC1.50ppm,34257.9,26,14.8,0.259,429
2026-08-02 23:33:41,32.07,61.97,1006.00,119.76,984,1.500,97400,26.0,38.0,47.0,YES,UNKNOWN_ANALYSIS_IAQ120_VOC1.50ppm,34268.3,26,14.8,0.259,429
2026-08-02 23:33:51,32.07,61.97,1006.00,119.76,984,1.500,97400,26.0,38.0,46.0,YES,UNKNOWN_ANALYSIS_IAQ120_VOC1.50ppm,34277.8,26,14.8,0.259,429
📊 Z-scores: IAQ=15.80 VOC=27.27 CO2=41.39 GasDrop=10.71
2026-08-02 23:34:01,32.07,61.97,1006.00,119.76,984,1.500,97400,27.0,39.0,47.0,YES,UNKNOWN_ANALYSIS_IAQ120_VOC1.50ppm,34288.2,26,14.8,0.259,429
2026-08-02 23:34:11,32.07,61.97,1006.00,119.76,984,1.500,97400,28.0,39.0,47.0,YES,UNKNOWN_ANALYSIS_IAQ120_VOC1.50ppm,34297.6,26,14.8,0.259,429
2026-08-02 23:34:21,32.07,61.97,1006.00,119.76,984,1.500,97400,26.0,38.0,46.0,YES,UNKNOWN_ANALYSIS_IAQ120_VOC1.50ppm,34308.0,26,14.8,0.259,429
2026-08-02 23:34:31,32.07,61.97,1006.00,119.76,984,1.500,97400,28.0,40.0,47.0,YES,UNKNOWN_ANALYSIS_IAQ120_VOC1.50ppm,34318.5,26,14.8,0.259,429
2026-08-02 23:34:41,32.07,61.97,1006.00,119.76,984,1.500,97400,28.0,40.0,47.0,YES,UNKNOWN_ANALYSIS_IAQ120_VOC1.50ppm,34327.9,26,14.8,0.259,429
2026-08-02 23:34:51,32.07,61.97,1006.00,119.76,984,1.500,97400,27.0,40.0,46.0,YES,UNKNOWN_ANALYSIS_IAQ120_VOC1.50ppm,34338.3,26,14.8,0.259,429
2026-08-02 23:35:01,32.07,61.97,1006.00,119.76,984,1.500,97400,25.0,38.0,44.0,YES,UNKNOWN_ANALYSIS_IAQ120_VOC1.50ppm,34347.7,26,14.8,0.259,429
📊 Z-scores: IAQ=15.80 VOC=27.27 CO2=41.39 GasDrop=10.71
2026-08-02 23:35:11,32.07,61.97,1006.00,119.76,984,1.500,97400,26.0,39.0,45.0,YES,UNKNOWN_ANALYSIS_IAQ120_VOC1.50ppm,34358.2,26,14.8,0.259,429
2026-08-02 23:35:21,32.07,61.97,1006.00,119.76,984,1.500,97400,26.0,37.0,44.0,YES,UNKNOWN_ANALYSIS_IAQ120_VOC1.50ppm,34367.6,26,14.8,0.259,429
2026-08-02 23:35:31,32.07,61.97,1006.00,119.76,984,1.500,97400,26.0,40.0,47.0,YES,UNKNOWN_ANALYSIS_IAQ120_VOC1.50ppm,34378.0,26,14.8,0.259,429
2026-08-02 23:35:41,32.07,61.97,1006.00,119.76,984,1.500,97400,26.0,38.0,46.0,YES,UNKNOWN_ANALYSIS_IAQ120_VOC1.50ppm,34388.5,26,14.8,0.259,429
2026-08-02 23:35:51,32.07,61.97,1006.00,119.76,984,1.500,97400,25.0,38.0,45.0,YES,UNKNOWN_ANALYSIS_IAQ120_VOC1.50ppm,34397.9,26,14.8,0.259,429
2026-08-02 23:36:01,32.07,61.97,1006.00,119.76,984,1.500,97400,25.0,38.0,46.0,YES,UNKNOWN_ANALYSIS_IAQ120_VOC1.50ppm,34408.3,26,14.8,0.259,429
2026-08-02 23:36:11,32.07,61.97,1006.00,119.76,984,1.500,97400,26.0,38.0,44.0,YES,UNKNOWN_ANALYSIS_IAQ120_VOC1.50ppm,34417.7,26,14.8,0.259,429
📊 Z-scores: IAQ=15.80 VOC=27.27 CO2=41.39 GasDrop=10.71
2026-08-02 23:36:21,32.07,61.97,1006.00,119.76,984,1.500,97400,26.0,38.0,45.0,YES,UNKNOWN_ANALYSIS_IAQ120_VOC1.50ppm,34428.2,26,14.8,0.259,429
2026-08-02 23:36:32,32.07,61.97,1006.00,119.76,984,1.500,97400,27.0,39.0,46.0,YES,UNKNOWN_ANALYSIS_IAQ120_VOC1.50ppm,34438.6,26,14.8,0.259,429
2026-08-02 23:36:41,32.07,61.97,1006.00,119.76,984,1.500,97400,27.0,38.0,45.0,YES,UNKNOWN_ANALYSIS_IAQ120_VOC1.50ppm,34448.0,26,14.8,0.259,429
2026-08-02 23:36:51,32.07,61.97,1006.00,119.76,984,1.500,97400,26.0,38.0,45.0,YES,UNKNOWN_ANALYSIS_IAQ120_VOC1.50ppm,34458.5,26,14.8,0.259,429
2026-08-02 23:37:01,32.07,61.97,1006.00,119.76,984,1.500,97400,26.0,38.0,46.0,YES,UNKNOWN_ANALYSIS_IAQ120_VOC1.50ppm,34467.9,26,14.8,0.259,429
2026-08-02 23:37:11,32.07,61.97,1006.00,119.76,984,1.500,97400,28.0,40.0,49.0,YES,UNKNOWN_ANALYSIS_IAQ120_VOC1.50ppm,34478.3,26,14.8,0.259,429
📊 Z-scores: IAQ=15.80 VOC=27.27 CO2=41.39 GasDrop=10.71
2026-08-02 23:37:22,32.07,61.97,1006.00,119.76,984,1.500,97400,27.0,40.0,49.0,YES,UNKNOWN_ANALYSIS_IAQ120_VOC1.50ppm,34488.8,26,14.8,0.259,429
2026-08-02 23:37:31,32.07,61.97,1006.00,119.76,984,1.500,97400,27.0,39.0,49.0,YES,UNKNOWN_ANALYSIS_IAQ120_VOC1.50ppm,34498.2,26,14.8,0.259,429
2026-08-02 23:37:42,32.07,61.97,1006.00,119.76,984,1.500,97400,27.0,40.0,49.0,YES,UNKNOWN_ANALYSIS_IAQ120_VOC1.50ppm,34508.6,26,14.8,0.259,429
2026-08-02 23:37:51,32.07,61.97,1006.00,119.76,984,1.500,97400,27.0,39.0,48.0,YES,UNKNOWN_ANALYSIS_IAQ120_VOC1.50ppm,34518.0,26,14.8,0.259,429
2026-08-02 23:38:01,32.07,61.97,1006.00,119.76,984,1.500,97400,27.0,40.0,47.0,YES,UNKNOWN_ANALYSIS_IAQ120_VOC1.50ppm,34528.5,26,14.8,0.259,429
2026-08-02 23:38:12,32.07,61.97,1006.00,119.76,984,1.500,97400,26.0,38.0,46.0,YES,UNKNOWN_ANALYSIS_IAQ120_VOC1.50ppm,34538.9,26,14.8,0.259,429
2026-08-02 23:38:21,32.07,61.97,1006.00,119.76,984,1.500,97400,26.0,39.0,47.0,YES,UNKNOWN_ANALYSIS_IAQ120_VOC1.50ppm,34548.3,26,14.8,0.259,429
📊 Z-scores: IAQ=16.51 VOC=29.64 CO2=43.68 GasDrop=10.79
2026-08-02 23:38:32,32.09,61.98,1006.00,124.44,1015,1.608,96800,28.0,39.0,47.0,YES,UNKNOWN_ANALYSIS_IAQ124_VOC1.61ppm,34558.8,26,14.8,0.259,429
2026-08-02 23:38:41,32.09,61.98,1006.00,124.44,1015,1.608,96800,26.0,37.0,45.0,YES,UNKNOWN_ANALYSIS_IAQ124_VOC1.61ppm,34568.2,26,14.8,0.259,429
2026-08-02 23:38:52,32.09,61.98,1006.00,124.44,1015,1.608,96800,26.0,38.0,45.0,YES,UNKNOWN_ANALYSIS_IAQ124_VOC1.61ppm,34578.6,26,14.8,0.259,429
2026-08-02 23:39:02,32.09,61.98,1006.00,124.44,1015,1.608,96800,25.0,37.0,44.0,YES,UNKNOWN_ANALYSIS_IAQ124_VOC1.61ppm,34589.1,26,14.8,0.259,429
2026-08-02 23:39:11,32.09,61.98,1006.00,124.44,1015,1.608,96800,27.0,38.0,45.0,YES,UNKNOWN_ANALYSIS_IAQ124_VOC1.61ppm,34598.5,26,14.8,0.259,429
2026-08-02 23:39:22,32.09,61.98,1006.00,124.44,1015,1.608,96800,26.0,37.0,44.0,YES,UNKNOWN_ANALYSIS_IAQ124_VOC1.61ppm,34608.9,26,14.8,0.259,429
2026-08-02 23:39:31,32.09,61.98,1006.00,124.44,1015,1.608,96800,26.0,37.0,44.0,YES,UNKNOWN_ANALYSIS_IAQ124_VOC1.61ppm,34618.3,26,14.8,0.259,429
📊 Z-scores: IAQ=16.51 VOC=29.64 CO2=43.68 GasDrop=10.79
2026-08-02 23:39:42,32.09,61.98,1006.00,124.44,1015,1.608,96800,26.0,37.0,46.0,YES,UNKNOWN_ANALYSIS_IAQ124_VOC1.61ppm,34628.8,26,14.8,0.259,429
2026-08-02 23:39:52,32.09,61.98,1006.00,124.44,1015,1.608,96800,27.0,38.0,48.0,YES,UNKNOWN_ANALYSIS_IAQ124_VOC1.61ppm,34639.2,26,14.8,0.259,429
2026-08-02 23:40:02,32.09,61.98,1006.00,124.44,1015,1.608,96800,27.0,38.0,46.0,YES,UNKNOWN_ANALYSIS_IAQ124_VOC1.61ppm,34648.6,26,14.8,0.259,429
2026-08-02 23:40:12,32.09,61.98,1006.00,124.44,1015,1.608,96800,26.0,37.0,44.0,YES,UNKNOWN_ANALYSIS_IAQ124_VOC1.61ppm,34659.0,26,14.8,0.259,429
2026-08-02 23:40:21,32.09,61.98,1006.00,124.44,1015,1.608,96800,27.0,39.0,46.0,YES,UNKNOWN_ANALYSIS_IAQ124_VOC1.61ppm,34668.4,26,14.8,0.259,429
2026-08-02 23:40:32,32.09,61.98,1006.00,124.44,1015,1.608,96800,26.0,39.0,47.0,YES,UNKNOWN_ANALYSIS_IAQ124_VOC1.61ppm,34678.9,26,14.8,0.259,429
📊 Z-scores: IAQ=16.51 VOC=29.64 CO2=43.68 GasDrop=10.79
2026-08-02 23:40:42,32.09,61.98,1006.00,124.44,1015,1.608,96800,26.0,38.0,46.0,YES,UNKNOWN_ANALYSIS_IAQ124_VOC1.61ppm,34689.3,26,14.8,0.259,429
2026-08-02 23:40:52,32.09,61.98,1006.00,124.44,1015,1.608,96800,27.0,38.0,46.0,YES,UNKNOWN_ANALYSIS_IAQ124_VOC1.61ppm,34698.7,26,14.8,0.259,429
2026-08-02 23:41:02,32.09,61.98,1006.00,124.44,1015,1.608,96800,27.0,38.0,48.0,YES,UNKNOWN_ANALYSIS_IAQ124_VOC1.61ppm,34709.2,26,14.8,0.259,429
2026-08-02 23:41:12,32.09,61.98,1006.00,124.44,1015,1.608,96800,27.0,38.0,47.0,YES,UNKNOWN_ANALYSIS_IAQ124_VOC1.61ppm,34718.6,26,14.8,0.259,429
2026-08-02 23:41:22,32.09,61.98,1006.00,124.44,1015,1.608,96800,27.0,37.0,48.0,YES,UNKNOWN_ANALYSIS_IAQ124_VOC1.61ppm,34729.0,26,14.8,0.259,429
2026-08-02 23:41:32,32.09,61.98,1006.00,124.44,1015,1.608,96800,26.0,38.0,46.0,YES,UNKNOWN_ANALYSIS_IAQ124_VOC1.61ppm,34739.5,26,14.8,0.259,429
2026-08-02 23:41:42,32.09,61.98,1006.00,124.44,1015,1.608,96800,26.0,38.0,46.0,YES,UNKNOWN_ANALYSIS_IAQ124_VOC1.61ppm,34748.9,26,14.8,0.259,429
📊 Z-scores: IAQ=16.51 VOC=29.64 CO2=43.68 GasDrop=10.79
2026-08-02 23:41:52,32.09,61.98,1006.00,124.44,1015,1.608,96800,26.0,38.0,45.0,YES,UNKNOWN_ANALYSIS_IAQ124_VOC1.61ppm,34759.3,26,14.8,0.259,429
2026-08-02 23:42:02,32.09,61.98,1006.00,124.44,1015,1.608,96800,26.0,38.0,45.0,YES,UNKNOWN_ANALYSIS_IAQ124_VOC1.61ppm,34768.7,26,14.8,0.259,429
2026-08-02 23:42:12,32.09,61.98,1006.00,124.44,1015,1.608,96800,27.0,39.0,46.0,YES,UNKNOWN_ANALYSIS_IAQ124_VOC1.61ppm,34779.2,26,14.8,0.259,429
2026-08-02 23:42:23,32.09,61.98,1006.00,124.44,1015,1.608,96800,28.0,38.0,46.0,YES,UNKNOWN_ANALYSIS_IAQ124_VOC1.61ppm,34789.6,26,14.8,0.259,429
2026-08-02 23:42:32,32.09,61.98,1006.00,124.44,1015,1.608,96800,26.0,37.0,44.0,YES,UNKNOWN_ANALYSIS_IAQ124_VOC1.61ppm,34799.0,26,14.8,0.259,429
2026-08-02 23:42:42,32.09,61.98,1006.00,124.44,1015,1.608,96800,27.0,38.0,46.0,YES,UNKNOWN_ANALYSIS_IAQ124_VOC1.61ppm,34809.5,26,14.8,0.259,429
2026-08-02 23:42:52,32.09,61.98,1006.00,124.44,1015,1.608,96800,27.0,39.0,47.0,YES,UNKNOWN_ANALYSIS_IAQ124_VOC1.61ppm,34818.9,26,14.8,0.259,429
📊 Z-scores: IAQ=16.51 VOC=29.64 CO2=43.68 GasDrop=10.79
2026-08-02 23:43:02,32.09,61.98,1006.00,124.44,1015,1.608,96800,26.0,38.0,46.0,YES,UNKNOWN_ANALYSIS_IAQ124_VOC1.61ppm,34829.3,26,14.8,0.259,429
PMS7003: Timeout error
2026-08-02 23:43:13,32.09,61.98,1006.00,124.44,1015,1.608,96800,26.0,38.0,46.0,YES,UNKNOWN_ANALYSIS_IAQ124_VOC1.61ppm,34839.7,26,14.8,0.259,429
2026-08-02 23:43:22,32.09,61.98,1006.00,124.44,1015,1.608,96800,27.0,39.0,47.0,YES,UNKNOWN_ANALYSIS_IAQ124_VOC1.61ppm,34849.2,26,14.8,0.259,429
2026-08-02 23:43:33,32.06,61.97,1006.00,120.81,988,1.513,97300,27.0,39.0,49.0,YES,UNKNOWN_ANALYSIS_IAQ121_VOC1.51ppm,34859.6,26,14.8,0.259,429
2026-08-02 23:43:42,32.06,61.97,1006.00,120.81,988,1.513,97300,27.0,39.0,48.0,YES,UNKNOWN_ANALYSIS_IAQ121_VOC1.51ppm,34869.0,26,14.8,0.259,429
2026-08-02 23:43:52,32.06,61.97,1006.00,120.81,988,1.513,97300,27.0,39.0,47.0,YES,UNKNOWN_ANALYSIS_IAQ121_VOC1.51ppm,34879.5,26,14.8,0.259,429
PMS7003: Timeout error
📊 Z-scores: IAQ=15.96 VOC=27.56 CO2=41.69 GasDrop=10.72
2026-08-02 23:44:03,32.06,61.97,1006.00,120.81,988,1.513,97300,27.0,39.0,47.0,YES,UNKNOWN_ANALYSIS_IAQ121_VOC1.51ppm,34889.9,26,14.8,0.259,429
2026-08-02 23:44:12,32.06,61.97,1006.00,120.81,988,1.513,97300,27.0,39.0,47.0,YES,UNKNOWN_ANALYSIS_IAQ121_VOC1.51ppm,34899.3,26,14.8,0.259,429
2026-08-02 23:44:23,32.06,61.97,1006.00,120.81,988,1.513,97300,28.0,38.0,49.0,YES,UNKNOWN_ANALYSIS_IAQ121_VOC1.51ppm,34909.8,26,14.8,0.259,429
2026-08-02 23:44:32,32.06,61.97,1006.00,120.81,988,1.513,97300,26.0,38.0,48.0,YES,UNKNOWN_ANALYSIS_IAQ121_VOC1.51ppm,34919.2,26,14.8,0.259,429
2026-08-02 23:44:43,32.06,61.97,1006.00,120.81,988,1.513,97300,28.0,38.0,47.0,YES,UNKNOWN_ANALYSIS_IAQ121_VOC1.51ppm,34929.6,26,14.8,0.259,429
2026-08-02 23:44:52,32.06,61.97,1006.00,120.81,988,1.513,97300,27.0,38.0,46.0,YES,UNKNOWN_ANALYSIS_IAQ121_VOC1.51ppm,34939.0,26,14.8,0.259,429
2026-08-02 23:45:02,32.06,61.97,1006.00,120.81,988,1.513,97300,28.0,39.0,46.0,YES,UNKNOWN_ANALYSIS_IAQ121_VOC1.51ppm,34949.5,26,14.8,0.259,429
📊 Z-scores: IAQ=15.96 VOC=27.56 CO2=41.69 GasDrop=10.72
2026-08-02 23:45:13,32.06,61.97,1006.00,120.81,988,1.513,97300,28.0,40.0,46.0,YES,UNKNOWN_ANALYSIS_IAQ121_VOC1.51ppm,34959.9,26,14.8,0.259,429
2026-08-02 23:45:22,32.06,61.97,1006.00,120.81,988,1.513,97300,26.0,40.0,46.0,YES,UNKNOWN_ANALYSIS_IAQ121_VOC1.51ppm,34969.3,26,14.8,0.259,429
2026-08-02 23:45:33,32.06,61.97,1006.00,120.81,988,1.513,97300,27.0,40.0,46.0,YES,UNKNOWN_ANALYSIS_IAQ121_VOC1.51ppm,34979.8,26,14.8,0.259,429
2026-08-02 23:45:42,32.06,61.97,1006.00,120.81,988,1.513,97300,27.0,39.0,46.0,YES,UNKNOWN_ANALYSIS_IAQ121_VOC1.51ppm,34989.2,26,14.8,0.259,429
2026-08-02 23:45:53,32.06,61.97,1006.00,120.81,988,1.513,97300,26.0,39.0,46.0,YES,UNKNOWN_ANALYSIS_IAQ121_VOC1.51ppm,34999.6,26,14.8,0.259,429
2026-08-02 23:46:03,32.06,61.97,1006.00,120.81,988,1.513,97300,27.0,40.0,47.0,YES,UNKNOWN_ANALYSIS_IAQ121_VOC1.51ppm,35010.1,26,14.8,0.259,429
2026-08-02 23:46:12,32.06,61.97,1006.00,120.81,988,1.513,97300,26.0,39.0,47.0,YES,UNKNOWN_ANALYSIS_IAQ121_VOC1.51ppm,35019.5,26,14.8,0.259,429
📊 Z-scores: IAQ=15.96 VOC=27.56 CO2=41.69 GasDrop=10.72
2026-08-02 23:46:23,32.06,61.97,1006.00,120.81,988,1.513,97300,27.0,40.0,48.0,YES,UNKNOWN_ANALYSIS_IAQ121_VOC1.51ppm,35029.9,26,14.8,0.259,429
2026-08-02 23:46:32,32.06,61.97,1006.00,120.81,988,1.513,97300,26.0,38.0,46.0,YES,UNKNOWN_ANALYSIS_IAQ121_VOC1.51ppm,35039.3,26,14.8,0.259,429
2026-08-02 23:46:43,32.06,61.97,1006.00,120.81,988,1.513,97300,27.0,40.0,49.0,YES,UNKNOWN_ANALYSIS_IAQ121_VOC1.51ppm,35049.8,26,14.8,0.259,429
2026-08-02 23:46:53,32.06,61.97,1006.00,120.81,988,1.513,97300,27.0,38.0,47.0,YES,UNKNOWN_ANALYSIS_IAQ121_VOC1.51ppm,35060.2,26,14.8,0.259,429
2026-08-02 23:47:03,32.06,61.97,1006.00,120.81,988,1.513,97300,26.0,38.0,48.0,YES,UNKNOWN_ANALYSIS_IAQ121_VOC1.51ppm,35069.6,26,14.8,0.259,429
2026-08-02 23:47:13,32.06,61.97,1006.00,120.81,988,1.513,97300,27.0,39.0,49.0,YES,UNKNOWN_ANALYSIS_IAQ121_VOC1.51ppm,35080.1,26,14.8,0.259,429
2026-08-02 23:47:22,32.06,61.97,1006.00,120.81,988,1.513,97300,26.0,38.0,47.0,YES,UNKNOWN_ANALYSIS_IAQ121_VOC1.51ppm,35089.5,26,14.8,0.259,429
📊 Z-scores: IAQ=15.96 VOC=27.56 CO2=41.69 GasDrop=10.72
2026-08-02 23:47:33,32.06,61.97,1006.00,120.81,988,1.513,97300,26.0,38.0,46.0,YES,UNKNOWN_ANALYSIS_IAQ121_VOC1.51ppm,35100.0,26,14.8,0.259,429
2026-08-02 23:47:42,32.06,61.97,1006.00,120.81,988,1.513,97300,27.0,39.0,47.0,YES,UNKNOWN_ANALYSIS_IAQ121_VOC1.51ppm,35109.4,26,14.8,0.259,429
2026-08-02 23:47:53,32.06,61.97,1006.00,120.81,988,1.513,97300,27.0,39.0,45.0,YES,UNKNOWN_ANALYSIS_IAQ121_VOC1.51ppm,35119.8,26,14.8,0.259,429
2026-08-02 23:48:03,32.06,61.97,1006.00,120.81,988,1.513,97300,27.0,39.0,46.0,YES,UNKNOWN_ANALYSIS_IAQ121_VOC1.51ppm,35130.3,26,14.8,0.259,429
2026-08-02 23:48:13,32.06,61.97,1006.00,120.81,988,1.513,97300,27.0,40.0,48.0,YES,UNKNOWN_ANALYSIS_IAQ121_VOC1.51ppm,35139.7,26,14.8,0.259,429
2026-08-02 23:48:23,32.06,61.97,1006.00,120.81,988,1.513,97300,28.0,42.0,50.0,YES,UNKNOWN_ANALYSIS_IAQ121_VOC1.51ppm,35150.1,26,14.8,0.259,429
2026-08-02 23:48:32,32.07,62.01,1006.00,122.10,996,1.538,97100,33.0,49.0,59.0,YES,UNKNOWN_ANALYSIS_IAQ122_VOC1.54ppm,35159.5,26,14.8,0.259,429
📊 Z-scores: IAQ=16.15 VOC=28.10 CO2=42.22 GasDrop=10.75
2026-08-02 23:48:43,32.07,62.01,1006.00,122.10,996,1.538,97100,32.0,47.0,57.0,YES,UNKNOWN_ANALYSIS_IAQ122_VOC1.54ppm,35170.0,26,14.8,0.259,429
2026-08-02 23:48:52,32.07,62.01,1006.00,122.10,996,1.538,97100,32.0,46.0,56.0,YES,UNKNOWN_ANALYSIS_IAQ122_VOC1.54ppm,35179.4,26,14.8,0.259,429
2026-08-02 23:49:03,32.07,62.01,1006.00,122.10,996,1.538,97100,32.0,47.0,59.0,YES,UNKNOWN_ANALYSIS_IAQ122_VOC1.54ppm,35189.8,26,14.8,0.259,429
2026-08-02 23:49:13,32.07,62.01,1006.00,122.10,996,1.538,97100,36.0,50.0,62.0,YES,UNKNOWN_ANALYSIS_IAQ122_VOC1.54ppm,35200.3,26,14.8,0.259,429
2026-08-02 23:49:23,32.07,62.01,1006.00,122.10,996,1.538,97100,35.0,50.0,62.0,YES,UNKNOWN_ANALYSIS_IAQ122_VOC1.54ppm,35209.7,26,14.8,0.259,429
2026-08-02 23:49:33,32.07,62.01,1006.00,122.10,996,1.538,97100,36.0,51.0,63.0,YES,UNKNOWN_ANALYSIS_IAQ122_VOC1.54ppm,35220.1,26,14.8,0.259,429
2026-08-02 23:49:42,32.07,62.01,1006.00,122.10,996,1.538,97100,36.0,51.0,63.0,YES,UNKNOWN_ANALYSIS_IAQ122_VOC1.54ppm,35229.5,26,14.8,0.259,429
📊 Z-scores: IAQ=16.15 VOC=28.10 CO2=42.22 GasDrop=10.75
2026-08-02 23:49:53,32.07,62.01,1006.00,122.10,996,1.538,97100,35.0,50.0,61.0,YES,UNKNOWN_ANALYSIS_IAQ122_VOC1.54ppm,35240.0,26,14.8,0.259,429
2026-08-02 23:50:03,32.07,62.01,1006.00,122.10,996,1.538,97100,35.0,50.0,62.0,YES,UNKNOWN_ANALYSIS_IAQ122_VOC1.54ppm,35250.4,26,14.8,0.259,429
2026-08-02 23:50:13,32.07,62.01,1006.00,122.10,996,1.538,97100,35.0,50.0,61.0,YES,UNKNOWN_ANALYSIS_IAQ122_VOC1.54ppm,35259.8,26,14.8,0.259,429
2026-08-02 23:50:23,32.07,62.01,1006.00,122.10,996,1.538,97100,35.0,50.0,61.0,YES,UNKNOWN_ANALYSIS_IAQ122_VOC1.54ppm,35270.3,26,14.8,0.259,429
2026-08-02 23:50:33,32.07,62.01,1006.00,122.10,996,1.538,97100,35.0,50.0,61.0,YES,UNKNOWN_ANALYSIS_IAQ122_VOC1.54ppm,35279.7,26,14.8,0.259,429
2026-08-02 23:50:43,32.07,62.01,1006.00,122.10,996,1.538,97100,34.0,50.0,61.0,YES,UNKNOWN_ANALYSIS_IAQ122_VOC1.54ppm,35290.1,26,14.8,0.259,429
2026-08-02 23:50:52,32.07,62.01,1006.00,122.10,996,1.538,97100,35.0,51.0,62.0,YES,UNKNOWN_ANALYSIS_IAQ122_VOC1.54ppm,35299.5,26,14.8,0.259,429
📊 Z-scores: IAQ=16.15 VOC=28.10 CO2=42.22 GasDrop=10.75
2026-08-02 23:51:03,32.07,62.01,1006.00,122.10,996,1.538,97100,34.0,49.0,60.0,YES,UNKNOWN_ANALYSIS_IAQ122_VOC1.54ppm,35310.0,26,14.8,0.259,429
2026-08-02 23:51:13,32.07,62.01,1006.00,122.10,996,1.538,97100,34.0,49.0,60.0,YES,UNKNOWN_ANALYSIS_IAQ122_VOC1.54ppm,35320.5,26,14.8,0.259,429
2026-08-02 23:51:23,32.07,62.01,1006.00,122.10,996,1.538,97100,35.0,50.0,61.0,YES,UNKNOWN_ANALYSIS_IAQ122_VOC1.54ppm,35329.9,26,14.8,0.259,429
2026-08-02 23:51:33,32.07,62.01,1006.00,122.10,996,1.538,97100,34.0,49.0,61.0,YES,UNKNOWN_ANALYSIS_IAQ122_VOC1.54ppm,35340.3,26,14.8,0.259,429
2026-08-02 23:51:43,32.07,62.01,1006.00,122.10,996,1.538,97100,34.0,49.0,61.0,YES,UNKNOWN_ANALYSIS_IAQ122_VOC1.54ppm,35349.7,26,14.8,0.259,429
2026-08-02 23:51:53,32.07,62.01,1006.00,122.10,996,1.538,97100,33.0,48.0,61.0,YES,UNKNOWN_ANALYSIS_IAQ122_VOC1.54ppm,35360.2,26,14.8,0.259,429
2026-08-02 23:52:03,32.07,62.01,1006.00,122.10,996,1.538,97100,33.0,48.0,60.0,YES,UNKNOWN_ANALYSIS_IAQ122_VOC1.54ppm,35369.6,26,14.8,0.259,429
📊 Z-scores: IAQ=16.15 VOC=28.10 CO2=42.22 GasDrop=10.75
2026-08-02 23:52:13,32.07,62.01,1006.00,122.10,996,1.538,97100,33.0,49.0,59.0,YES,UNKNOWN_ANALYSIS_IAQ122_VOC1.54ppm,35380.0,26,14.8,0.259,429
2026-08-02 23:52:23,32.07,62.01,1006.00,122.10,996,1.538,97100,34.0,49.0,60.0,YES,UNKNOWN_ANALYSIS_IAQ122_VOC1.54ppm,35390.5,26,14.8,0.259,429
2026-08-02 23:52:33,32.07,62.01,1006.00,122.10,996,1.538,97100,35.0,50.0,61.0,YES,UNKNOWN_ANALYSIS_IAQ122_VOC1.54ppm,35399.9,26,14.8,0.259,429
2026-08-02 23:52:43,32.07,62.01,1006.00,122.10,996,1.538,97100,35.0,50.0,61.0,YES,UNKNOWN_ANALYSIS_IAQ122_VOC1.54ppm,35410.3,26,14.8,0.259,429
2026-08-02 23:52:53,32.07,62.01,1006.00,122.10,996,1.538,97100,35.0,49.0,60.0,YES,UNKNOWN_ANALYSIS_IAQ122_VOC1.54ppm,35419.7,26,14.8,0.259,429
2026-08-02 23:53:03,32.07,62.01,1006.00,122.10,996,1.538,97100,35.0,50.0,61.0,YES,UNKNOWN_ANALYSIS_IAQ122_VOC1.54ppm,35430.2,26,14.8,0.259,429
PMS7003: Timeout error
📊 Z-scores: IAQ=16.15 VOC=28.10 CO2=42.22 GasDrop=10.75
2026-08-02 23:53:14,32.07,62.01,1006.00,122.10,996,1.538,97100,35.0,50.0,61.0,YES,UNKNOWN_ANALYSIS_IAQ122_VOC1.54ppm,35440.6,26,14.8,0.259,429
2026-08-02 23:53:23,32.07,62.01,1006.00,122.10,996,1.538,97100,34.0,50.0,60.0,YES,UNKNOWN_ANALYSIS_IAQ122_VOC1.54ppm,35450.0,26,14.8,0.259,429
2026-08-02 23:53:33,32.02,62.01,1006.00,119.65,977,1.475,97500,35.0,49.0,59.0,YES,UNKNOWN_ANALYSIS_IAQ120_VOC1.47ppm,35460.5,26,14.8,0.259,429
2026-08-02 23:53:43,32.02,62.01,1006.00,119.65,977,1.475,97500,34.0,49.0,60.0,YES,UNKNOWN_ANALYSIS_IAQ120_VOC1.47ppm,35469.9,26,14.8,0.259,429
2026-08-02 23:53:53,32.02,62.01,1006.00,119.65,977,1.475,97500,36.0,50.0,61.0,YES,UNKNOWN_ANALYSIS_IAQ120_VOC1.47ppm,35480.3,26,14.8,0.259,429
PMS7003: Timeout error
2026-08-02 23:54:04,32.02,62.01,1006.00,119.65,977,1.475,97500,36.0,50.0,61.0,YES,UNKNOWN_ANALYSIS_IAQ120_VOC1.47ppm,35490.8,26,14.8,0.259,429
2026-08-02 23:54:13,32.02,62.01,1006.00,119.65,977,1.475,97500,34.0,48.0,59.0,YES,UNKNOWN_ANALYSIS_IAQ120_VOC1.47ppm,35500.2,26,14.8,0.259,429
📊 Z-scores: IAQ=15.78 VOC=26.71 CO2=40.84 GasDrop=10.69
2026-08-02 23:54:24,32.02,62.01,1006.00,119.65,977,1.475,97500,34.0,48.0,59.0,YES,UNKNOWN_ANALYSIS_IAQ120_VOC1.47ppm,35510.6,26,14.8,0.259,429
2026-08-02 23:54:33,32.02,62.01,1006.00,119.65,977,1.475,97500,33.0,48.0,60.0,YES,UNKNOWN_ANALYSIS_IAQ120_VOC1.47ppm,35520.1,26,14.8,0.259,429
2026-08-02 23:54:43,32.02,62.01,1006.00,119.65,977,1.475,97500,34.0,50.0,62.0,YES,UNKNOWN_ANALYSIS_IAQ120_VOC1.47ppm,35530.5,26,14.8,0.259,429
2026-08-02 23:54:54,32.02,62.01,1006.00,119.65,977,1.475,97500,34.0,50.0,62.0,YES,UNKNOWN_ANALYSIS_IAQ120_VOC1.47ppm,35540.9,26,14.8,0.259,429
2026-08-02 23:55:03,32.02,62.01,1006.00,119.65,977,1.475,97500,34.0,49.0,62.0,YES,UNKNOWN_ANALYSIS_IAQ120_VOC1.47ppm,35550.4,26,14.8,0.259,429
2026-08-02 23:55:14,32.02,62.01,1006.00,119.65,977,1.475,97500,33.0,47.0,59.0,YES,UNKNOWN_ANALYSIS_IAQ120_VOC1.47ppm,35560.8,26,14.8,0.259,429
2026-08-02 23:55:23,32.02,62.01,1006.00,119.65,977,1.475,97500,34.0,48.0,60.0,YES,UNKNOWN_ANALYSIS_IAQ120_VOC1.47ppm,35570.2,26,14.8,0.259,429
📊 Z-scores: IAQ=15.78 VOC=26.71 CO2=40.84 GasDrop=10.69
2026-08-02 23:55:34,32.02,62.01,1006.00,119.65,977,1.475,97500,33.0,48.0,60.0,YES,UNKNOWN_ANALYSIS_IAQ120_VOC1.47ppm,35580.7,26,14.8,0.259,429
2026-08-02 23:55:43,32.02,62.01,1006.00,119.65,977,1.475,97500,34.0,48.0,62.0,YES,UNKNOWN_ANALYSIS_IAQ120_VOC1.47ppm,35590.1,26,14.8,0.259,429
2026-08-02 23:55:53,32.02,62.01,1006.00,119.65,977,1.475,97500,33.0,47.0,60.0,YES,UNKNOWN_ANALYSIS_IAQ120_VOC1.47ppm,35600.5,26,14.8,0.259,429
2026-08-02 23:56:04,32.02,62.01,1006.00,119.65,977,1.475,97500,33.0,47.0,60.0,YES,UNKNOWN_ANALYSIS_IAQ120_VOC1.47ppm,35611.0,26,14.8,0.259,429
2026-08-02 23:56:13,32.02,62.01,1006.00,119.65,977,1.475,97500,32.0,47.0,59.0,YES,UNKNOWN_ANALYSIS_IAQ120_VOC1.47ppm,35620.4,26,14.8,0.259,429
2026-08-02 23:56:24,32.02,62.01,1006.00,119.65,977,1.475,97500,33.0,47.0,58.0,YES,UNKNOWN_ANALYSIS_IAQ120_VOC1.47ppm,35630.8,26,14.8,0.259,429
2026-08-02 23:56:33,32.02,62.01,1006.00,119.65,977,1.475,97500,34.0,48.0,60.0,YES,UNKNOWN_ANALYSIS_IAQ120_VOC1.47ppm,35640.2,26,14.8,0.259,429
📊 Z-scores: IAQ=15.78 VOC=26.71 CO2=40.84 GasDrop=10.69
2026-08-02 23:56:44,32.02,62.01,1006.00,119.65,977,1.475,97500,34.0,48.0,60.0,YES,UNKNOWN_ANALYSIS_IAQ120_VOC1.47ppm,35650.7,26,14.8,0.259,429
2026-08-02 23:56:54,32.02,62.01,1006.00,119.65,977,1.475,97500,33.0,47.0,59.0,YES,UNKNOWN_ANALYSIS_IAQ120_VOC1.47ppm,35661.1,26,14.8,0.259,429
2026-08-02 23:57:03,32.02,62.01,1006.00,119.65,977,1.475,97500,34.0,49.0,60.0,YES,UNKNOWN_ANALYSIS_IAQ120_VOC1.47ppm,35670.5,26,14.8,0.259,429
2026-08-02 23:57:14,32.02,62.01,1006.00,119.65,977,1.475,97500,34.0,48.0,60.0,YES,UNKNOWN_ANALYSIS_IAQ120_VOC1.47ppm,35681.0,26,14.8,0.259,429
2026-08-02 23:57:23,32.02,62.01,1006.00,119.65,977,1.475,97500,32.0,48.0,59.0,YES,UNKNOWN_ANALYSIS_IAQ120_VOC1.47ppm,35690.4,26,14.8,0.259,429
2026-08-02 23:57:34,32.02,62.01,1006.00,119.65,977,1.475,97500,32.0,47.0,58.0,YES,UNKNOWN_ANALYSIS_IAQ120_VOC1.47ppm,35700.8,26,14.8,0.259,429
2026-08-02 23:57:43,32.02,62.01,1006.00,119.65,977,1.475,97500,34.0,48.0,58.0,YES,UNKNOWN_ANALYSIS_IAQ120_VOC1.47ppm,35710.2,26,14.8,0.259,429
📊 Z-scores: IAQ=15.78 VOC=26.71 CO2=40.84 GasDrop=10.69
2026-08-02 23:57:54,32.02,62.01,1006.00,119.65,977,1.475,97500,33.0,47.0,57.0,YES,UNKNOWN_ANALYSIS_IAQ120_VOC1.47ppm,35720.7,26,14.8,0.259,429
2026-08-02 23:58:04,32.02,62.01,1006.00,119.65,977,1.475,97500,34.0,47.0,59.0,YES,UNKNOWN_ANALYSIS_IAQ120_VOC1.47ppm,35731.1,26,14.8,0.259,429
2026-08-02 23:58:13,32.02,62.01,1006.00,119.65,977,1.475,97500,33.0,47.0,59.0,YES,UNKNOWN_ANALYSIS_IAQ120_VOC1.47ppm,35740.5,26,14.8,0.259,429
2026-08-02 23:58:24,32.02,62.01,1006.00,119.65,977,1.475,97500,34.0,48.0,59.0,YES,UNKNOWN_ANALYSIS_IAQ120_VOC1.47ppm,35751.0,26,14.8,0.259,429
2026-08-02 23:58:33,32.02,62.01,1006.00,128.49,1036,1.684,96500,34.0,48.0,58.0,YES,UNKNOWN_ANALYSIS_IAQ128_VOC1.68ppm,35760.4,26,14.8,0.259,429
2026-08-02 23:58:44,32.02,62.01,1006.00,128.49,1036,1.684,96500,34.0,48.0,58.0,YES,UNKNOWN_ANALYSIS_IAQ128_VOC1.68ppm,35770.8,26,14.8,0.259,429
📊 Z-scores: IAQ=17.11 VOC=31.32 CO2=45.21 GasDrop=10.83
2026-08-02 23:58:54,32.02,62.01,1006.00,128.49,1036,1.684,96500,33.0,48.0,60.0,YES,UNKNOWN_ANALYSIS_IAQ128_VOC1.68ppm,35781.3,26,14.8,0.259,429
2026-08-02 23:59:04,32.02,62.01,1006.00,128.49,1036,1.684,96500,33.0,47.0,59.0,YES,UNKNOWN_ANALYSIS_IAQ128_VOC1.68ppm,35790.7,26,14.8,0.259,429
2026-08-02 23:59:14,32.02,62.01,1006.00,128.49,1036,1.684,96500,34.0,48.0,58.0,YES,UNKNOWN_ANALYSIS_IAQ128_VOC1.68ppm,35801.1,26,14.8,0.259,429
2026-08-02 23:59:23,32.02,62.01,1006.00,128.49,1036,1.684,96500,33.0,47.0,58.0,YES,UNKNOWN_ANALYSIS_IAQ128_VOC1.68ppm,35810.5,26,14.8,0.259,429
2026-08-02 23:59:34,32.02,62.01,1006.00,128.49,1036,1.684,96500,32.0,45.0,57.0,YES,UNKNOWN_ANALYSIS_IAQ128_VOC1.68ppm,35821.0,26,14.8,0.259,429
2026-08-02 23:59:44,32.02,62.01,1006.00,128.49,1036,1.684,96500,32.0,46.0,57.0,YES,UNKNOWN_ANALYSIS_IAQ128_VOC1.68ppm,35831.4,26,14.8,0.259,429
2026-08-02 23:59:54,32.02,62.01,1006.00,128.49,1036,1.684,96500,33.0,47.0,59.0,YES,UNKNOWN_ANALYSIS_IAQ128_VOC1.68ppm,35840.8,26,14.8,0.259,429
📊 Z-scores: IAQ=17.11 VOC=31.32 CO2=45.21 GasDrop=10.83
2026-08-03 00:00:04,32.02,62.01,1006.00,128.49,1036,1.684,96500,33.0,47.0,59.0,YES,UNKNOWN_ANALYSIS_IAQ128_VOC1.68ppm,35851.3,26,14.8,0.259,429
2026-08-03 00:00:14,32.02,62.01,1006.00,128.49,1036,1.684,96500,34.0,48.0,60.0,YES,UNKNOWN_ANALYSIS_IAQ128_VOC1.68ppm,35860.7,26,14.8,0.259,429
2026-08-03 00:00:24,32.02,62.01,1006.00,128.49,1036,1.684,96500,33.0,48.0,61.0,YES,UNKNOWN_ANALYSIS_IAQ128_VOC1.68ppm,35871.1,26,14.8,0.259,429
2026-08-03 00:00:34,32.02,62.01,1006.00,128.49,1036,1.684,96500,33.0,48.0,59.0,YES,UNKNOWN_ANALYSIS_IAQ128_VOC1.68ppm,35881.6,26,14.8,0.259,429
2026-08-03 00:00:44,32.02,62.01,1006.00,128.49,1036,1.684,96500,33.0,48.0,58.0,YES,UNKNOWN_ANALYSIS_IAQ128_VOC1.68ppm,35891.0,26,14.8,0.259,429
2026-08-03 00:00:54,32.02,62.01,1006.00,128.49,1036,1.684,96500,32.0,46.0,57.0,YES,UNKNOWN_ANALYSIS_IAQ128_VOC1.68ppm,35901.4,26,14.8,0.259,429
2026-08-03 00:01:04,32.02,62.01,1006.00,128.49,1036,1.684,96500,33.0,46.0,57.0,YES,UNKNOWN_ANALYSIS_IAQ128_VOC1.68ppm,35910.8,26,14.8,0.259,429
📊 Z-scores: IAQ=17.11 VOC=31.32 CO2=45.21 GasDrop=10.83
2026-08-03 00:01:14,32.02,62.01,1006.00,128.49,1036,1.684,96500,33.0,46.0,57.0,YES,UNKNOWN_ANALYSIS_IAQ128_VOC1.68ppm,35921.3,26,14.8,0.259,429
2026-08-03 00:01:25,32.02,62.01,1006.00,128.49,1036,1.684,96500,33.0,46.0,57.0,YES,UNKNOWN_ANALYSIS_IAQ128_VOC1.68ppm,35931.7,26,14.8,0.259,429
2026-08-03 00:01:34,32.02,62.01,1006.00,128.49,1036,1.684,96500,32.0,46.0,56.0,YES,UNKNOWN_ANALYSIS_IAQ128_VOC1.68ppm,35941.1,26,14.8,0.259,429
2026-08-03 00:01:44,32.02,62.01,1006.00,128.49,1036,1.684,96500,32.0,46.0,57.0,YES,UNKNOWN_ANALYSIS_IAQ128_VOC1.68ppm,35951.5,26,14.8,0.259,429
2026-08-03 00:01:54,32.02,62.01,1006.00,128.49,1036,1.684,96500,34.0,48.0,58.0,YES,UNKNOWN_ANALYSIS_IAQ128_VOC1.68ppm,35960.9,26,14.8,0.259,429
💾 Saved baseline: IAQ=15.4 VOC=0.263 CO2=430 Gas=177816
2026-08-03 00:02:04,32.02,62.01,1006.00,128.49,1036,1.684,96500,33.0,47.0,58.0,YES,UNKNOWN_ANALYSIS_IAQ128_VOC1.68ppm,35971.4,26,14.8,0.259,429
📊 Z-scores: IAQ=17.11 VOC=31.32 CO2=45.21 GasDrop=10.83
2026-08-03 00:02:15,32.02,62.01,1006.00,128.49,1036,1.684,96500,33.0,46.0,57.0,YES,UNKNOWN_ANALYSIS_IAQ128_VOC1.68ppm,35981.8,26,14.8,0.259,429
2026-08-03 00:02:24,32.02,62.01,1006.00,128.49,1036,1.684,96500,34.0,46.0,57.0,YES,UNKNOWN_ANALYSIS_IAQ128_VOC1.68ppm,35991.2,26,14.8,0.259,429
2026-08-03 00:02:35,32.02,62.01,1006.00,128.49,1036,1.684,96500,34.0,47.0,58.0,YES,UNKNOWN_ANALYSIS_IAQ128_VOC1.68ppm,36001.7,26,14.8,0.259,429
2026-08-03 00:02:44,32.02,62.01,1006.00,128.49,1036,1.684,96500,32.0,45.0,56.0,YES,UNKNOWN_ANALYSIS_IAQ128_VOC1.68ppm,36011.1,26,14.8,0.259,429
2026-08-03 00:02:54,32.02,62.01,1006.00,128.49,1036,1.684,96500,32.0,45.0,55.0,YES,UNKNOWN_ANALYSIS_IAQ128_VOC1.68ppm,36021.5,26,14.8,0.259,429
2026-08-03 00:03:04,32.02,62.01,1006.00,128.49,1036,1.684,96500,33.0,46.0,57.0,YES,UNKNOWN_ANALYSIS_IAQ128_VOC1.68ppm,36031.0,26,14.8,0.259,429
2026-08-03 00:03:14,32.02,62.01,1006.00,128.49,1036,1.684,96500,33.0,47.0,58.0,YES,UNKNOWN_ANALYSIS_IAQ128_VOC1.68ppm,36041.4,26,14.8,0.259,429
📊 Z-scores: IAQ=17.11 VOC=31.32 CO2=45.21 GasDrop=10.83
2026-08-03 00:03:25,32.02,62.01,1006.00,128.49,1036,1.684,96500,32.0,46.0,58.0,YES,UNKNOWN_ANALYSIS_IAQ128_VOC1.68ppm,36051.8,26,14.8,0.259,429
2026-08-03 00:03:34,31.96,62.05,1006.00,134.01,1071,1.826,96000,31.0,46.0,57.0,YES,UNKNOWN_ANALYSIS_IAQ134_VOC1.83ppm,36061.2,26,14.8,0.259,429
2026-08-03 00:03:45,31.96,62.05,1006.00,134.01,1071,1.826,96000,33.0,47.0,57.0,YES,UNKNOWN_ANALYSIS_IAQ134_VOC1.83ppm,36071.7,26,14.8,0.259,429
2026-08-03 00:03:54,31.96,62.05,1006.00,134.01,1071,1.826,96000,32.0,46.0,56.0,YES,UNKNOWN_ANALYSIS_IAQ134_VOC1.83ppm,36081.1,26,14.8,0.259,429
2026-08-03 00:04:04,31.96,62.05,1006.00,134.01,1071,1.826,96000,33.0,48.0,58.0,YES,UNKNOWN_ANALYSIS_IAQ134_VOC1.83ppm,36091.5,26,14.8,0.259,429
2026-08-03 00:04:15,31.96,62.05,1006.00,134.01,1071,1.826,96000,34.0,48.0,58.0,YES,UNKNOWN_ANALYSIS_IAQ134_VOC1.83ppm,36102.0,26,14.8,0.259,429
2026-08-03 00:04:24,31.96,62.05,1006.00,134.01,1071,1.826,96000,33.0,47.0,56.0,YES,UNKNOWN_ANALYSIS_IAQ134_VOC1.83ppm,36111.4,26,14.8,0.259,429
📊 Z-scores: IAQ=17.95 VOC=34.45 CO2=47.87 GasDrop=10.89
2026-08-03 00:04:35,31.96,62.05,1006.00,134.01,1071,1.826,96000,34.0,47.0,57.0,YES,UNKNOWN_ANALYSIS_IAQ134_VOC1.83ppm,36121.8,26,14.8,0.259,429
2026-08-03 00:04:44,31.96,62.05,1006.00,134.01,1071,1.826,96000,33.0,47.0,58.0,YES,UNKNOWN_ANALYSIS_IAQ134_VOC1.83ppm,36131.2,26,14.8,0.259,429
2026-08-03 00:04:55,31.96,62.05,1006.00,134.01,1071,1.826,96000,33.0,47.0,57.0,YES,UNKNOWN_ANALYSIS_IAQ134_VOC1.83ppm,36141.7,26,14.8,0.259,429
2026-08-03 00:05:05,31.96,62.05,1006.00,134.01,1071,1.826,96000,34.0,47.0,57.0,YES,UNKNOWN_ANALYSIS_IAQ134_VOC1.83ppm,36152.1,26,14.8,0.259,429
2026-08-03 00:05:14,31.96,62.05,1006.00,134.01,1071,1.826,96000,33.0,46.0,57.0,YES,UNKNOWN_ANALYSIS_IAQ134_VOC1.83ppm,36161.5,26,14.8,0.259,429
2026-08-03 00:05:25,31.96,62.05,1006.00,134.01,1071,1.826,96000,33.0,47.0,58.0,YES,UNKNOWN_ANALYSIS_IAQ134_VOC1.83ppm,36172.0,26,14.8,0.259,429
2026-08-03 00:05:34,31.96,62.05,1006.00,134.01,1071,1.826,96000,32.0,46.0,56.0,YES,UNKNOWN_ANALYSIS_IAQ134_VOC1.83ppm,36181.4,26,14.8,0.259,429
📊 Z-scores: IAQ=17.95 VOC=34.45 CO2=47.87 GasDrop=10.89
2026-08-03 00:05:45,31.96,62.05,1006.00,134.01,1071,1.826,96000,32.0,46.0,57.0,YES,UNKNOWN_ANALYSIS_IAQ134_VOC1.83ppm,36191.8,26,14.8,0.259,429
2026-08-03 00:05:55,31.96,62.05,1006.00,134.01,1071,1.826,96000,32.0,45.0,57.0,YES,UNKNOWN_ANALYSIS_IAQ134_VOC1.83ppm,36202.3,26,14.8,0.259,429
2026-08-03 00:06:05,31.96,62.05,1006.00,134.01,1071,1.826,96000,33.0,47.0,58.0,YES,UNKNOWN_ANALYSIS_IAQ134_VOC1.83ppm,36211.7,26,14.8,0.259,429
2026-08-03 00:06:15,31.96,62.05,1006.00,134.01,1071,1.826,96000,32.0,47.0,57.0,YES,UNKNOWN_ANALYSIS_IAQ134_VOC1.83ppm,36222.1,26,14.8,0.259,429
2026-08-03 00:06:24,31.96,62.05,1006.00,134.01,1071,1.826,96000,33.0,48.0,58.0,YES,UNKNOWN_ANALYSIS_IAQ134_VOC1.83ppm,36231.5,26,14.8,0.259,429
2026-08-03 00:06:35,31.96,62.05,1006.00,134.01,1071,1.826,96000,33.0,48.0,58.0,YES,UNKNOWN_ANALYSIS_IAQ134_VOC1.83ppm,36242.0,26,14.8,0.259,429
📊 Z-scores: IAQ=17.95 VOC=34.45 CO2=47.87 GasDrop=10.89
2026-08-03 00:06:45,31.96,62.05,1006.00,134.01,1071,1.826,96000,34.0,48.0,60.0,YES,UNKNOWN_ANALYSIS_IAQ134_VOC1.83ppm,36252.4,26,14.8,0.259,429
2026-08-03 00:06:55,31.96,62.05,1006.00,134.01,1071,1.826,96000,34.0,48.0,60.0,YES,UNKNOWN_ANALYSIS_IAQ134_VOC1.83ppm,36261.8,26,14.8,0.259,429
2026-08-03 00:07:05,31.96,62.05,1006.00,134.01,1071,1.826,96000,34.0,48.0,58.0,YES,UNKNOWN_ANALYSIS_IAQ134_VOC1.83ppm,36272.3,26,14.8,0.259,429
2026-08-03 00:07:15,31.96,62.05,1006.00,134.01,1071,1.826,96000,33.0,47.0,58.0,YES,UNKNOWN_ANALYSIS_IAQ134_VOC1.83ppm,36281.7,26,14.8,0.259,429
2026-08-03 00:07:25,31.96,62.05,1006.00,134.01,1071,1.826,96000,34.0,48.0,59.0,YES,UNKNOWN_ANALYSIS_IAQ134_VOC1.83ppm,36292.1,26,14.8,0.259,429
2026-08-03 00:07:35,31.96,62.05,1006.00,134.01,1071,1.826,96000,34.0,48.0,58.0,YES,UNKNOWN_ANALYSIS_IAQ134_VOC1.83ppm,36302.6,26,14.8,0.259,429
2026-08-03 00:07:45,31.96,62.05,1006.00,134.01,1071,1.826,96000,34.0,48.0,58.0,YES,UNKNOWN_ANALYSIS_IAQ134_VOC1.83ppm,36312.0,26,14.8,0.259,429
📊 Z-scores: IAQ=17.95 VOC=34.45 CO2=47.87 GasDrop=10.89
2026-08-03 00:07:55,31.96,62.05,1006.00,134.01,1071,1.826,96000,34.0,49.0,59.0,YES,UNKNOWN_ANALYSIS_IAQ134_VOC1.83ppm,36322.4,26,14.8,0.259,429
2026-08-03 00:08:05,31.96,62.05,1006.00,134.01,1071,1.826,96000,34.0,48.0,59.0,YES,UNKNOWN_ANALYSIS_IAQ134_VOC1.83ppm,36331.8,26,14.8,0.259,429
2026-08-03 00:08:15,31.96,62.05,1006.00,134.01,1071,1.826,96000,34.0,48.0,59.0,YES,UNKNOWN_ANALYSIS_IAQ134_VOC1.83ppm,36342.3,26,14.8,0.259,429
2026-08-03 00:08:25,31.96,62.05,1006.00,134.01,1071,1.826,96000,34.0,48.0,60.0,YES,UNKNOWN_ANALYSIS_IAQ134_VOC1.83ppm,36351.7,26,14.8,0.259,429
2026-08-03 00:08:35,31.92,62.08,1006.00,149.17,1172,2.295,94400,34.0,48.0,58.0,YES,UNKNOWN_ANALYSIS_IAQ149_VOC2.30ppm,36362.1,26,14.8,0.259,429
2026-08-03 00:08:46,31.92,62.08,1006.00,149.17,1172,2.295,94400,34.0,48.0,57.0,YES,UNKNOWN_ANALYSIS_IAQ149_VOC2.30ppm,36372.6,26,14.8,0.259,429
2026-08-03 00:08:55,31.92,62.08,1006.00,149.17,1172,2.295,94400,34.0,48.0,58.0,YES,UNKNOWN_ANALYSIS_IAQ149_VOC2.30ppm,36382.0,26,14.8,0.259,429
📊 Z-scores: IAQ=20.23 VOC=44.75 CO2=55.38 GasDrop=11.10
2026-08-03 00:09:05,31.92,62.08,1006.00,149.17,1172,2.295,94400,33.0,47.0,57.0,YES,UNKNOWN_ANALYSIS_IAQ149_VOC2.30ppm,36392.4,26,14.8,0.259,429
2026-08-03 00:09:15,31.92,62.08,1006.00,149.17,1172,2.295,94400,33.0,47.0,57.0,YES,UNKNOWN_ANALYSIS_IAQ149_VOC2.30ppm,36401.8,26,14.8,0.259,429
2026-08-03 00:09:25,31.92,62.08,1006.00,149.17,1172,2.295,94400,33.0,47.0,56.0,YES,UNKNOWN_ANALYSIS_IAQ149_VOC2.30ppm,36412.3,26,14.8,0.259,429
PMS7003: Timeout error
2026-08-03 00:09:36,31.92,62.08,1006.00,149.17,1172,2.295,94400,33.0,47.0,56.0,YES,UNKNOWN_ANALYSIS_IAQ149_VOC2.30ppm,36422.7,26,14.8,0.259,429
2026-08-03 00:09:45,31.92,62.08,1006.00,149.17,1172,2.295,94400,34.0,48.0,58.0,YES,UNKNOWN_ANALYSIS_IAQ149_VOC2.30ppm,36432.1,26,14.8,0.259,429
2026-08-03 00:09:56,31.92,62.08,1006.00,149.17,1172,2.295,94400,34.0,48.0,58.0,YES,UNKNOWN_ANALYSIS_IAQ149_VOC2.30ppm,36442.6,26,14.8,0.259,429
2026-08-03 00:10:05,31.92,62.08,1006.00,149.17,1172,2.295,94400,33.0,48.0,59.0,YES,UNKNOWN_ANALYSIS_IAQ149_VOC2.30ppm,36452.0,26,14.8,0.259,429
📊 Z-scores: IAQ=20.23 VOC=44.75 CO2=55.38 GasDrop=11.10
2026-08-03 00:10:15,31.92,62.08,1006.00,149.17,1172,2.295,94400,34.0,50.0,61.0,YES,UNKNOWN_ANALYSIS_IAQ149_VOC2.30ppm,36462.5,26,14.8,0.259,429
2026-08-03 00:10:25,31.92,62.08,1006.00,149.17,1172,2.295,94400,34.0,49.0,60.0,YES,UNKNOWN_ANALYSIS_IAQ149_VOC2.30ppm,36471.9,26,14.8,0.259,429
2026-08-03 00:10:35,31.92,62.08,1006.00,149.17,1172,2.295,94400,33.0,48.0,58.0,YES,UNKNOWN_ANALYSIS_IAQ149_VOC2.30ppm,36482.3,26,14.8,0.259,429
2026-08-03 00:10:46,31.92,62.08,1006.00,149.17,1172,2.295,94400,34.0,48.0,59.0,YES,UNKNOWN_ANALYSIS_IAQ149_VOC2.30ppm,36492.8,26,14.8,0.259,429
2026-08-03 00:10:55,31.92,62.08,1006.00,149.17,1172,2.295,94400,33.0,47.0,58.0,YES,UNKNOWN_ANALYSIS_IAQ149_VOC2.30ppm,36502.2,26,14.8,0.259,429
2026-08-03 00:11:06,31.92,62.08,1006.00,149.17,1172,2.295,94400,34.0,48.0,59.0,YES,UNKNOWN_ANALYSIS_IAQ149_VOC2.30ppm,36512.6,26,14.8,0.259,429
2026-08-03 00:11:15,31.92,62.08,1006.00,149.17,1172,2.295,94400,34.0,48.0,60.0,YES,UNKNOWN_ANALYSIS_IAQ149_VOC2.30ppm,36522.0,26,14.8,0.259,429
📊 Z-scores: IAQ=20.23 VOC=44.75 CO2=55.38 GasDrop=11.10
2026-08-03 00:11:25,31.92,62.08,1006.00,149.17,1172,2.295,94400,34.0,48.0,58.0,YES,UNKNOWN_ANALYSIS_IAQ149_VOC2.30ppm,36532.5,26,14.8,0.259,429
2026-08-03 00:11:35,31.92,62.08,1006.00,149.17,1172,2.295,94400,33.0,47.0,57.0,YES,UNKNOWN_ANALYSIS_IAQ149_VOC2.30ppm,36541.9,26,14.8,0.259,429
2026-08-03 00:11:45,31.92,62.08,1006.00,149.17,1172,2.295,94400,34.0,49.0,59.0,YES,UNKNOWN_ANALYSIS_IAQ149_VOC2.30ppm,36552.3,26,14.8,0.259,429
2026-08-03 00:11:56,31.92,62.08,1006.00,149.17,1172,2.295,94400,33.0,48.0,59.0,YES,UNKNOWN_ANALYSIS_IAQ149_VOC2.30ppm,36562.8,26,14.8,0.259,429
2026-08-03 00:12:05,31.92,62.08,1006.00,149.17,1172,2.295,94400,34.0,48.0,60.0,YES,UNKNOWN_ANALYSIS_IAQ149_VOC2.30ppm,36572.2,26,14.8,0.259,429
2026-08-03 00:12:16,31.92,62.08,1006.00,149.17,1172,2.295,94400,33.0,48.0,59.0,YES,UNKNOWN_ANALYSIS_IAQ149_VOC2.30ppm,36582.7,26,14.8,0.259,429
2026-08-03 00:12:25,31.92,62.08,1006.00,149.17,1172,2.295,94400,33.0,48.0,59.0,YES,UNKNOWN_ANALYSIS_IAQ149_VOC2.30ppm,36592.1,26,14.8,0.259,429
📊 Z-scores: IAQ=20.23 VOC=44.75 CO2=55.38 GasDrop=11.10
2026-08-03 00:12:35,31.92,62.08,1006.00,149.17,1172,2.295,94400,33.0,47.0,58.0,YES,UNKNOWN_ANALYSIS_IAQ149_VOC2.30ppm,36602.5,26,14.8,0.259,429
2026-08-03 00:12:45,31.92,62.08,1006.00,149.17,1172,2.295,94400,34.0,46.0,57.0,YES,UNKNOWN_ANALYSIS_IAQ149_VOC2.30ppm,36611.9,26,14.8,0.259,429
2026-08-03 00:12:55,31.92,62.08,1006.00,149.17,1172,2.295,94400,32.0,46.0,56.0,YES,UNKNOWN_ANALYSIS_IAQ149_VOC2.30ppm,36622.4,26,14.8,0.259,429
2026-08-03 00:13:06,31.92,62.08,1006.00,149.17,1172,2.295,94400,34.0,48.0,58.0,YES,UNKNOWN_ANALYSIS_IAQ149_VOC2.30ppm,36632.8,26,14.8,0.259,429
2026-08-03 00:13:15,31.92,62.08,1006.00,149.17,1172,2.295,94400,34.0,48.0,58.0,YES,UNKNOWN_ANALYSIS_IAQ149_VOC2.30ppm,36642.2,26,14.8,0.259,429
2026-08-03 00:13:26,31.92,62.08,1006.00,149.17,1172,2.295,94400,34.0,48.0,59.0,YES,UNKNOWN_ANALYSIS_IAQ149_VOC2.30ppm,36652.7,26,14.8,0.259,429
2026-08-03 00:13:35,31.86,62.13,1006.00,179.92,1372,3.613,91200,33.0,47.0,59.0,YES,UNKNOWN_ANALYSIS_IAQ180_VOC3.61ppm,36662.1,26,14.8,0.259,429
📊 Z-scores: IAQ=24.86 VOC=73.71 CO2=70.29 GasDrop=11.53
2026-08-03 00:13:45,31.86,62.13,1006.00,179.92,1372,3.613,91200,35.0,49.0,60.0,YES,UNKNOWN_ANALYSIS_IAQ180_VOC3.61ppm,36672.5,26,14.8,0.259,429
2026-08-03 00:13:56,31.86,62.13,1006.00,179.92,1372,3.613,91200,33.0,48.0,58.0,YES,UNKNOWN_ANALYSIS_IAQ180_VOC3.61ppm,36683.0,26,14.8,0.259,429
2026-08-03 00:14:05,31.86,62.13,1006.00,179.92,1372,3.613,91200,33.0,47.0,59.0,YES,UNKNOWN_ANALYSIS_IAQ180_VOC3.61ppm,36692.4,26,14.8,0.259,429
2026-08-03 00:14:16,31.86,62.13,1006.00,179.92,1372,3.613,91200,33.0,47.0,58.0,YES,UNKNOWN_ANALYSIS_IAQ180_VOC3.61ppm,36702.8,26,14.8,0.259,429
2026-08-03 00:14:25,31.86,62.13,1006.00,179.92,1372,3.613,91200,33.0,48.0,60.0,YES,UNKNOWN_ANALYSIS_IAQ180_VOC3.61ppm,36712.2,26,14.8,0.259,429
2026-08-03 00:14:36,31.86,62.13,1006.00,179.92,1372,3.613,91200,34.0,49.0,61.0,YES,UNKNOWN_ANALYSIS_IAQ180_VOC3.61ppm,36722.7,26,14.8,0.259,429
2026-08-03 00:14:45,31.86,62.13,1006.00,179.92,1372,3.613,91200,33.0,48.0,61.0,YES,UNKNOWN_ANALYSIS_IAQ180_VOC3.61ppm,36732.1,26,14.8,0.259,429
📊 Z-scores: IAQ=24.86 VOC=73.71 CO2=70.29 GasDrop=11.53
2026-08-03 00:14:55,31.86,62.13,1006.00,179.92,1372,3.613,91200,34.0,48.0,59.0,YES,UNKNOWN_ANALYSIS_IAQ180_VOC3.61ppm,36742.6,26,14.8,0.259,429
2026-08-03 00:15:06,31.86,62.13,1006.00,179.92,1372,3.613,91200,34.0,48.0,59.0,YES,UNKNOWN_ANALYSIS_IAQ180_VOC3.61ppm,36753.0,26,14.8,0.259,429
2026-08-03 00:15:15,31.86,62.13,1006.00,179.92,1372,3.613,91200,34.0,48.0,58.0,YES,UNKNOWN_ANALYSIS_IAQ180_VOC3.61ppm,36762.4,26,14.8,0.259,429
2026-08-03 00:15:26,31.86,62.13,1006.00,179.92,1372,3.613,91200,33.0,46.0,56.0,YES,UNKNOWN_ANALYSIS_IAQ180_VOC3.61ppm,36772.9,26,14.8,0.259,429
2026-08-03 00:15:35,31.86,62.13,1006.00,179.92,1372,3.613,91200,34.0,47.0,57.0,YES,UNKNOWN_ANALYSIS_IAQ180_VOC3.61ppm,36782.3,26,14.8,0.259,429
2026-08-03 00:15:46,31.86,62.13,1006.00,179.92,1372,3.613,91200,33.0,47.0,57.0,YES,UNKNOWN_ANALYSIS_IAQ180_VOC3.61ppm,36792.7,26,14.8,0.259,429
📊 Z-scores: IAQ=24.86 VOC=73.71 CO2=70.29 GasDrop=11.53
2026-08-03 00:15:56,31.86,62.13,1006.00,179.92,1372,3.613,91200,34.0,48.0,59.0,YES,UNKNOWN_ANALYSIS_IAQ180_VOC3.61ppm,36803.2,26,14.8,0.259,429
2026-08-03 00:16:05,31.86,62.13,1006.00,179.92,1372,3.613,91200,34.0,47.0,59.0,YES,UNKNOWN_ANALYSIS_IAQ180_VOC3.61ppm,36812.6,26,14.8,0.259,429
2026-08-03 00:16:16,31.86,62.13,1006.00,179.92,1372,3.613,91200,34.0,49.0,60.0,YES,UNKNOWN_ANALYSIS_IAQ180_VOC3.61ppm,36823.0,26,14.8,0.259,429
2026-08-03 00:16:25,31.86,62.13,1006.00,179.92,1372,3.613,91200,35.0,50.0,62.0,YES,UNKNOWN_ANALYSIS_IAQ180_VOC3.61ppm,36832.4,26,14.8,0.259,429
2026-08-03 00:16:36,31.86,62.13,1006.00,179.92,1372,3.613,91200,35.0,49.0,61.0,YES,UNKNOWN_ANALYSIS_IAQ180_VOC3.61ppm,36842.9,26,14.8,0.259,429
2026-08-03 00:16:45,31.86,62.13,1006.00,179.92,1372,3.613,91200,35.0,49.0,60.0,YES,UNKNOWN_ANALYSIS_IAQ180_VOC3.61ppm,36852.3,26,14.8,0.259,429
2026-08-03 00:16:56,31.86,62.13,1006.00,179.92,1372,3.613,91200,35.0,49.0,60.0,YES,UNKNOWN_ANALYSIS_IAQ180_VOC3.61ppm,36862.7,26,14.8,0.259,429
📊 Z-scores: IAQ=24.86 VOC=73.71 CO2=70.29 GasDrop=11.53
2026-08-03 00:17:06,31.86,62.13,1006.00,179.92,1372,3.613,91200,34.0,48.0,58.0,YES,UNKNOWN_ANALYSIS_IAQ180_VOC3.61ppm,36873.2,26,14.8,0.259,429
2026-08-03 00:17:16,31.86,62.13,1006.00,179.92,1372,3.613,91200,34.0,48.0,59.0,YES,UNKNOWN_ANALYSIS_IAQ180_VOC3.61ppm,36882.6,26,14.8,0.259,429
2026-08-03 00:17:26,31.86,62.13,1006.00,179.92,1372,3.613,91200,35.0,49.0,61.0,YES,UNKNOWN_ANALYSIS_IAQ180_VOC3.61ppm,36893.0,26,14.8,0.259,429
2026-08-03 00:17:35,31.86,62.13,1006.00,179.92,1372,3.613,91200,35.0,49.0,61.0,YES,UNKNOWN_ANALYSIS_IAQ180_VOC3.61ppm,36902.4,26,14.8,0.259,429
2026-08-03 00:17:46,31.86,62.13,1006.00,179.92,1372,3.613,91200,35.0,48.0,61.0,YES,UNKNOWN_ANALYSIS_IAQ180_VOC3.61ppm,36912.9,26,14.8,0.259,429
2026-08-03 00:17:56,31.86,62.13,1006.00,179.92,1372,3.613,91200,34.0,47.0,59.0,YES,UNKNOWN_ANALYSIS_IAQ180_VOC3.61ppm,36923.3,26,14.8,0.259,429
2026-08-03 00:18:06,31.86,62.13,1006.00,179.92,1372,3.613,91200,34.0,48.0,60.0,YES,UNKNOWN_ANALYSIS_IAQ180_VOC3.61ppm,36932.7,26,14.8,0.259,429
📊 Z-scores: IAQ=24.86 VOC=73.71 CO2=70.29 GasDrop=11.53
2026-08-03 00:18:16,31.86,62.13,1006.00,179.92,1372,3.613,91200,33.0,48.0,60.0,YES,UNKNOWN_ANALYSIS_IAQ180_VOC3.61ppm,36943.2,26,14.8,0.259,429
2026-08-03 00:18:26,31.86,62.13,1006.00,179.92,1372,3.613,91200,33.0,47.0,59.0,YES,UNKNOWN_ANALYSIS_IAQ180_VOC3.61ppm,36952.6,26,14.8,0.259,429
2026-08-03 00:18:36,31.88,62.13,1006.00,189.06,1424,4.067,90200,33.0,47.0,58.0,YES,UNKNOWN_ANALYSIS_IAQ189_VOC4.07ppm,36963.0,26,14.8,0.259,429
2026-08-03 00:18:46,31.88,62.13,1006.00,189.06,1424,4.067,90200,34.0,49.0,61.0,YES,UNKNOWN_ANALYSIS_IAQ189_VOC4.07ppm,36973.5,26,14.8,0.259,429
2026-08-03 00:18:56,31.88,62.13,1006.00,189.06,1424,4.067,90200,34.0,49.0,61.0,YES,UNKNOWN_ANALYSIS_IAQ189_VOC4.07ppm,36982.9,26,14.8,0.259,429
2026-08-03 00:19:06,31.88,62.13,1006.00,189.06,1424,4.067,90200,34.0,48.0,60.0,YES,UNKNOWN_ANALYSIS_IAQ189_VOC4.07ppm,36993.3,26,14.8,0.259,429
2026-08-03 00:19:16,31.88,62.13,1006.00,189.06,1424,4.067,90200,35.0,49.0,61.0,YES,UNKNOWN_ANALYSIS_IAQ189_VOC4.07ppm,37002.7,26,14.8,0.259,429
📊 Z-scores: IAQ=26.24 VOC=83.67 CO2=74.18 GasDrop=11.66
2026-08-03 00:19:26,31.88,62.13,1006.00,189.06,1424,4.067,90200,33.0,47.0,59.0,YES,UNKNOWN_ANALYSIS_IAQ189_VOC4.07ppm,37013.2,26,14.8,0.259,429
2026-08-03 00:19:36,31.88,62.13,1006.00,189.06,1424,4.067,90200,34.0,48.0,60.0,YES,UNKNOWN_ANALYSIS_IAQ189_VOC4.07ppm,37022.6,26,14.8,0.259,429
2026-08-03 00:19:46,31.88,62.13,1006.00,189.06,1424,4.067,90200,34.0,48.0,60.0,YES,UNKNOWN_ANALYSIS_IAQ189_VOC4.07ppm,37033.1,26,14.8,0.259,429
2026-08-03 00:19:56,31.88,62.13,1006.00,189.06,1424,4.067,90200,33.0,48.0,60.0,YES,UNKNOWN_ANALYSIS_IAQ189_VOC4.07ppm,37043.5,26,14.8,0.259,429
2026-08-03 00:20:06,31.88,62.13,1006.00,189.06,1424,4.067,90200,34.0,50.0,61.0,YES,UNKNOWN_ANALYSIS_IAQ189_VOC4.07ppm,37052.9,26,14.8,0.259,429
2026-08-03 00:20:16,31.88,62.13,1006.00,189.06,1424,4.067,90200,33.0,48.0,59.0,YES,UNKNOWN_ANALYSIS_IAQ189_VOC4.07ppm,37063.4,26,14.8,0.259,429
2026-08-03 00:20:26,31.88,62.13,1006.00,189.06,1424,4.067,90200,35.0,49.0,60.0,YES,UNKNOWN_ANALYSIS_IAQ189_VOC4.07ppm,37072.8,26,14.8,0.259,429
📊 Z-scores: IAQ=26.24 VOC=83.67 CO2=74.18 GasDrop=11.66
2026-08-03 00:20:36,31.88,62.13,1006.00,189.06,1424,4.067,90200,35.0,49.0,61.0,YES,UNKNOWN_ANALYSIS_IAQ189_VOC4.07ppm,37083.2,26,14.8,0.259,429
2026-08-03 00:20:47,31.88,62.13,1006.00,189.06,1424,4.067,90200,35.0,48.0,60.0,YES,UNKNOWN_ANALYSIS_IAQ189_VOC4.07ppm,37093.6,26,14.8,0.259,429
2026-08-03 00:20:56,31.88,62.13,1006.00,189.06,1424,4.067,90200,35.0,48.0,58.0,YES,UNKNOWN_ANALYSIS_IAQ189_VOC4.07ppm,37103.1,26,14.8,0.259,429
2026-08-03 00:21:06,31.88,62.13,1006.00,189.06,1424,4.067,90200,33.0,47.0,59.0,YES,UNKNOWN_ANALYSIS_IAQ189_VOC4.07ppm,37113.5,26,14.8,0.259,429
2026-08-03 00:21:16,31.88,62.13,1006.00,189.06,1424,4.067,90200,34.0,48.0,58.0,YES,UNKNOWN_ANALYSIS_IAQ189_VOC4.07ppm,37122.9,26,14.8,0.259,429
2026-08-03 00:21:26,31.88,62.13,1006.00,189.06,1424,4.067,90200,34.0,48.0,59.0,YES,UNKNOWN_ANALYSIS_IAQ189_VOC4.07ppm,37133.4,26,14.8,0.259,429
PMS7003: Timeout error
📊 Z-scores: IAQ=26.24 VOC=83.67 CO2=74.18 GasDrop=11.66
2026-08-03 00:21:37,31.88,62.13,1006.00,189.06,1424,4.067,90200,34.0,48.0,59.0,YES,UNKNOWN_ANALYSIS_IAQ189_VOC4.07ppm,37143.8,26,14.8,0.259,429
2026-08-03 00:21:46,31.88,62.13,1006.00,189.06,1424,4.067,90200,33.0,47.0,58.0,YES,UNKNOWN_ANALYSIS_IAQ189_VOC4.07ppm,37153.2,26,14.8,0.259,429
2026-08-03 00:21:57,31.88,62.13,1006.00,189.06,1424,4.067,90200,33.0,47.0,57.0,YES,UNKNOWN_ANALYSIS_IAQ189_VOC4.07ppm,37163.7,26,14.8,0.259,429
2026-08-03 00:22:06,31.88,62.13,1006.00,189.06,1424,4.067,90200,35.0,48.0,58.0,YES,UNKNOWN_ANALYSIS_IAQ189_VOC4.07ppm,37173.1,26,14.8,0.259,429
2026-08-03 00:22:16,31.88,62.13,1006.00,189.06,1424,4.067,90200,34.0,47.0,57.0,YES,UNKNOWN_ANALYSIS_IAQ189_VOC4.07ppm,37183.5,26,14.8,0.259,429
2026-08-03 00:22:26,31.88,62.13,1006.00,189.06,1424,4.067,90200,35.0,48.0,60.0,YES,UNKNOWN_ANALYSIS_IAQ189_VOC4.07ppm,37192.9,26,14.8,0.259,429
2026-08-03 00:22:36,31.88,62.13,1006.00,189.06,1424,4.067,90200,33.0,47.0,59.0,YES,UNKNOWN_ANALYSIS_IAQ189_VOC4.07ppm,37203.4,26,14.8,0.259,429
📊 Z-scores: IAQ=26.24 VOC=83.67 CO2=74.18 GasDrop=11.66
2026-08-03 00:22:47,31.88,62.13,1006.00,189.06,1424,4.067,90200,33.0,47.0,57.0,YES,UNKNOWN_ANALYSIS_IAQ189_VOC4.07ppm,37213.8,26,14.8,0.259,429
2026-08-03 00:22:56,31.88,62.13,1006.00,189.06,1424,4.067,90200,33.0,47.0,57.0,YES,UNKNOWN_ANALYSIS_IAQ189_VOC4.07ppm,37223.2,26,14.8,0.259,429
2026-08-03 00:23:07,31.88,62.13,1006.00,189.06,1424,4.067,90200,34.0,48.0,58.0,YES,UNKNOWN_ANALYSIS_IAQ189_VOC4.07ppm,37233.7,26,14.8,0.259,429
2026-08-03 00:23:16,31.88,62.13,1006.00,189.06,1424,4.067,90200,34.0,48.0,58.0,YES,UNKNOWN_ANALYSIS_IAQ189_VOC4.07ppm,37243.1,26,14.8,0.259,429
2026-08-03 00:23:26,31.88,62.13,1006.00,189.06,1424,4.067,90200,33.0,47.0,57.0,YES,UNKNOWN_ANALYSIS_IAQ189_VOC4.07ppm,37253.5,26,14.8,0.259,429
2026-08-03 00:23:37,31.91,62.15,1006.00,190.19,1423,4.051,90000,34.0,48.0,59.0,YES,UNKNOWN_ANALYSIS_IAQ190_VOC4.05ppm,37264.0,26,14.8,0.259,429
2026-08-03 00:23:46,31.91,62.15,1006.00,190.19,1423,4.051,90000,34.0,48.0,58.0,YES,UNKNOWN_ANALYSIS_IAQ190_VOC4.05ppm,37273.4,26,14.8,0.259,429
📊 Z-scores: IAQ=26.41 VOC=83.32 CO2=74.05 GasDrop=11.68
2026-08-03 00:23:57,31.91,62.15,1006.00,190.19,1423,4.051,90000,34.0,48.0,58.0,YES,UNKNOWN_ANALYSIS_IAQ190_VOC4.05ppm,37283.8,26,14.8,0.259,429
2026-08-03 00:24:06,31.91,62.15,1006.00,190.19,1423,4.051,90000,34.0,48.0,58.0,YES,UNKNOWN_ANALYSIS_IAQ190_VOC4.05ppm,37293.2,26,14.8,0.259,429
2026-08-03 00:24:17,31.91,62.15,1006.00,190.19,1423,4.051,90000,33.0,47.0,57.0,YES,UNKNOWN_ANALYSIS_IAQ190_VOC4.05ppm,37303.7,26,14.8,0.259,429
2026-08-03 00:24:27,31.91,62.15,1006.00,190.19,1423,4.051,90000,33.0,47.0,58.0,YES,UNKNOWN_ANALYSIS_IAQ190_VOC4.05ppm,37314.1,26,14.8,0.259,429
2026-08-03 00:24:36,31.91,62.15,1006.00,190.19,1423,4.051,90000,33.0,47.0,57.0,YES,UNKNOWN_ANALYSIS_IAQ190_VOC4.05ppm,37323.5,26,14.8,0.259,429
2026-08-03 00:24:47,31.91,62.15,1006.00,190.19,1423,4.051,90000,33.0,47.0,58.0,YES,UNKNOWN_ANALYSIS_IAQ190_VOC4.05ppm,37334.0,26,14.8,0.259,429
2026-08-03 00:24:56,31.91,62.15,1006.00,190.19,1423,4.051,90000,34.0,47.0,58.0,YES,UNKNOWN_ANALYSIS_IAQ190_VOC4.05ppm,37343.4,26,14.8,0.259,429
📊 Z-scores: IAQ=26.41 VOC=83.32 CO2=74.05 GasDrop=11.68
2026-08-03 00:25:07,31.91,62.15,1006.00,190.19,1423,4.051,90000,33.0,47.0,57.0,YES,UNKNOWN_ANALYSIS_IAQ190_VOC4.05ppm,37353.8,26,14.8,0.259,429
2026-08-03 00:25:16,31.91,62.15,1006.00,190.19,1423,4.051,90000,33.0,46.0,57.0,YES,UNKNOWN_ANALYSIS_IAQ190_VOC4.05ppm,37363.2,26,14.8,0.259,429
2026-08-03 00:25:27,31.91,62.15,1006.00,190.19,1423,4.051,90000,33.0,47.0,57.0,YES,UNKNOWN_ANALYSIS_IAQ190_VOC4.05ppm,37373.7,26,14.8,0.259,429
2026-08-03 00:25:37,31.91,62.15,1006.00,190.19,1423,4.051,90000,33.0,45.0,56.0,YES,UNKNOWN_ANALYSIS_IAQ190_VOC4.05ppm,37384.1,26,14.8,0.259,429
2026-08-03 00:25:46,31.91,62.15,1006.00,190.19,1423,4.051,90000,34.0,46.0,57.0,YES,UNKNOWN_ANALYSIS_IAQ190_VOC4.05ppm,37393.5,26,14.8,0.259,429
2026-08-03 00:25:57,31.91,62.15,1006.00,190.19,1423,4.051,90000,33.0,46.0,57.0,YES,UNKNOWN_ANALYSIS_IAQ190_VOC4.05ppm,37404.0,26,14.8,0.259,429
2026-08-03 00:26:06,31.91,62.15,1006.00,190.19,1423,4.051,90000,33.0,45.0,56.0,YES,UNKNOWN_ANALYSIS_IAQ190_VOC4.05ppm,37413.4,26,14.8,0.259,429
📊 Z-scores: IAQ=26.41 VOC=83.32 CO2=74.05 GasDrop=11.68
2026-08-03 00:26:17,31.91,62.15,1006.00,190.19,1423,4.051,90000,33.0,46.0,57.0,YES,UNKNOWN_ANALYSIS_IAQ190_VOC4.05ppm,37423.8,26,14.8,0.259,429
2026-08-03 00:26:27,31.91,62.15,1006.00,190.19,1423,4.051,90000,33.0,47.0,58.0,YES,UNKNOWN_ANALYSIS_IAQ190_VOC4.05ppm,37434.3,26,14.8,0.259,429
2026-08-03 00:26:37,31.91,62.15,1006.00,190.19,1423,4.051,90000,34.0,47.0,58.0,YES,UNKNOWN_ANALYSIS_IAQ190_VOC4.05ppm,37443.7,26,14.8,0.259,429
2026-08-03 00:26:47,31.91,62.15,1006.00,190.19,1423,4.051,90000,33.0,47.0,58.0,YES,UNKNOWN_ANALYSIS_IAQ190_VOC4.05ppm,37454.1,26,14.8,0.259,429
2026-08-03 00:26:56,31.91,62.15,1006.00,190.19,1423,4.051,90000,34.0,47.0,57.0,YES,UNKNOWN_ANALYSIS_IAQ190_VOC4.05ppm,37463.6,26,14.8,0.259,429
2026-08-03 00:27:07,31.91,62.15,1006.00,190.19,1423,4.051,90000,34.0,47.0,57.0,YES,UNKNOWN_ANALYSIS_IAQ190_VOC4.05ppm,37474.0,26,14.8,0.259,429
📊 Z-scores: IAQ=26.41 VOC=83.32 CO2=74.05 GasDrop=11.68
2026-08-03 00:27:17,31.91,62.15,1006.00,190.19,1423,4.051,90000,34.0,48.0,59.0,YES,UNKNOWN_ANALYSIS_IAQ190_VOC4.05ppm,37484.4,26,14.8,0.259,429
2026-08-03 00:27:27,31.91,62.15,1006.00,190.19,1423,4.051,90000,34.0,48.0,60.0,YES,UNKNOWN_ANALYSIS_IAQ190_VOC4.05ppm,37493.8,26,14.8,0.259,429
2026-08-03 00:27:37,31.91,62.15,1006.00,190.19,1423,4.051,90000,33.0,47.0,59.0,YES,UNKNOWN_ANALYSIS_IAQ190_VOC4.05ppm,37504.3,26,14.8,0.259,429
2026-08-03 00:27:47,31.91,62.15,1006.00,190.19,1423,4.051,90000,34.0,49.0,61.0,YES,UNKNOWN_ANALYSIS_IAQ190_VOC4.05ppm,37513.7,26,14.8,0.259,429
2026-08-03 00:27:57,31.91,62.15,1006.00,190.19,1423,4.051,90000,33.0,47.0,58.0,YES,UNKNOWN_ANALYSIS_IAQ190_VOC4.05ppm,37524.1,26,14.8,0.259,429
2026-08-03 00:28:06,31.91,62.15,1006.00,190.19,1423,4.051,90000,33.0,46.0,57.0,YES,UNKNOWN_ANALYSIS_IAQ190_VOC4.05ppm,37533.5,26,14.8,0.259,429
2026-08-03 00:28:17,31.91,62.15,1006.00,190.19,1423,4.051,90000,34.0,47.0,59.0,YES,UNKNOWN_ANALYSIS_IAQ190_VOC4.05ppm,37544.0,26,14.8,0.259,429
📊 Z-scores: IAQ=26.41 VOC=83.32 CO2=74.05 GasDrop=11.68
2026-08-03 00:28:27,31.91,62.15,1006.00,190.19,1423,4.051,90000,34.0,47.0,57.0,YES,UNKNOWN_ANALYSIS_IAQ190_VOC4.05ppm,37554.4,26,14.8,0.259,429
2026-08-03 00:28:37,31.91,62.14,1006.00,183.22,1368,3.582,90700,33.0,46.0,56.0,YES,UNKNOWN_ANALYSIS_IAQ183_VOC3.58ppm,37563.8,26,14.8,0.259,429
2026-08-03 00:28:47,31.91,62.14,1006.00,183.22,1368,3.582,90700,33.0,48.0,58.0,YES,UNKNOWN_ANALYSIS_IAQ183_VOC3.58ppm,37574.3,26,14.8,0.259,429
2026-08-03 00:28:57,31.91,62.14,1006.00,183.22,1368,3.582,90700,33.0,47.0,57.0,YES,UNKNOWN_ANALYSIS_IAQ183_VOC3.58ppm,37583.7,26,14.8,0.259,429
2026-08-03 00:29:07,31.91,62.14,1006.00,183.22,1368,3.582,90700,33.0,46.0,57.0,YES,UNKNOWN_ANALYSIS_IAQ183_VOC3.58ppm,37594.1,26,14.8,0.259,429
2026-08-03 00:29:18,31.91,62.14,1006.00,183.22,1368,3.582,90700,33.0,47.0,57.0,YES,UNKNOWN_ANALYSIS_IAQ183_VOC3.58ppm,37604.6,26,14.8,0.259,429
2026-08-03 00:29:27,31.91,62.14,1006.00,183.22,1368,3.582,90700,34.0,47.0,58.0,YES,UNKNOWN_ANALYSIS_IAQ183_VOC3.58ppm,37614.0,26,14.8,0.259,429
📊 Z-scores: IAQ=25.36 VOC=73.01 CO2=70.00 GasDrop=11.59
2026-08-03 00:29:37,31.91,62.14,1006.00,183.22,1368,3.582,90700,33.0,46.0,56.0,YES,UNKNOWN_ANALYSIS_IAQ183_VOC3.58ppm,37624.4,26,14.8,0.259,429
2026-08-03 00:29:47,31.91,62.14,1006.00,183.22,1368,3.582,90700,33.0,46.0,56.0,YES,UNKNOWN_ANALYSIS_IAQ183_VOC3.58ppm,37633.8,26,14.8,0.259,429
2026-08-03 00:29:57,31.91,62.14,1006.00,183.22,1368,3.582,90700,33.0,47.0,56.0,YES,UNKNOWN_ANALYSIS_IAQ183_VOC3.58ppm,37644.3,26,14.8,0.259,429
2026-08-03 00:30:08,31.91,62.14,1006.00,183.22,1368,3.582,90700,33.0,47.0,58.0,YES,UNKNOWN_ANALYSIS_IAQ183_VOC3.58ppm,37654.7,26,14.8,0.259,429
2026-08-03 00:30:17,31.91,62.14,1006.00,183.22,1368,3.582,90700,33.0,47.0,57.0,YES,UNKNOWN_ANALYSIS_IAQ183_VOC3.58ppm,37664.1,26,14.8,0.259,429
2026-08-03 00:30:28,31.91,62.14,1006.00,183.22,1368,3.582,90700,33.0,47.0,57.0,YES,UNKNOWN_ANALYSIS_IAQ183_VOC3.58ppm,37674.6,26,14.8,0.259,429
2026-08-03 00:30:37,31.91,62.14,1006.00,183.22,1368,3.582,90700,33.0,47.0,57.0,YES,UNKNOWN_ANALYSIS_IAQ183_VOC3.58ppm,37684.0,26,14.8,0.259,429
📊 Z-scores: IAQ=25.36 VOC=73.01 CO2=70.00 GasDrop=11.59
2026-08-03 00:30:47,31.91,62.14,1006.00,183.22,1368,3.582,90700,33.0,47.0,57.0,YES,UNKNOWN_ANALYSIS_IAQ183_VOC3.58ppm,37694.4,26,14.8,0.259,429
2026-08-03 00:30:58,31.91,62.14,1006.00,183.22,1368,3.582,90700,33.0,47.0,57.0,YES,UNKNOWN_ANALYSIS_IAQ183_VOC3.58ppm,37704.9,26,14.8,0.259,429
2026-08-03 00:31:07,31.91,62.14,1006.00,183.22,1368,3.582,90700,33.0,48.0,58.0,YES,UNKNOWN_ANALYSIS_IAQ183_VOC3.58ppm,37714.3,26,14.8,0.259,429
2026-08-03 00:31:18,31.91,62.14,1006.00,183.22,1368,3.582,90700,34.0,48.0,58.0,YES,UNKNOWN_ANALYSIS_IAQ183_VOC3.58ppm,37724.7,26,14.8,0.259,429
2026-08-03 00:31:27,31.91,62.14,1006.00,183.22,1368,3.582,90700,34.0,47.0,58.0,YES,UNKNOWN_ANALYSIS_IAQ183_VOC3.58ppm,37734.1,26,14.8,0.259,429
2026-08-03 00:31:38,31.91,62.14,1006.00,183.22,1368,3.582,90700,34.0,47.0,57.0,YES,UNKNOWN_ANALYSIS_IAQ183_VOC3.58ppm,37744.6,26,14.8,0.259,429
📊 Z-scores: IAQ=25.36 VOC=73.01 CO2=70.00 GasDrop=11.59
2026-08-03 00:31:48,31.91,62.14,1006.00,183.22,1368,3.582,90700,34.0,47.0,57.0,YES,UNKNOWN_ANALYSIS_IAQ183_VOC3.58ppm,37755.0,26,14.8,0.259,429
2026-08-03 00:31:57,31.91,62.14,1006.00,183.22,1368,3.582,90700,32.0,46.0,56.0,YES,UNKNOWN_ANALYSIS_IAQ183_VOC3.58ppm,37764.4,26,14.8,0.259,429
2026-08-03 00:32:08,31.91,62.14,1006.00,183.22,1368,3.582,90700,33.0,47.0,58.0,YES,UNKNOWN_ANALYSIS_IAQ183_VOC3.58ppm,37774.9,26,14.8,0.259,429
2026-08-03 00:32:17,31.91,62.14,1006.00,183.22,1368,3.582,90700,32.0,46.0,57.0,YES,UNKNOWN_ANALYSIS_IAQ183_VOC3.58ppm,37784.3,26,14.8,0.259,429
2026-08-03 00:32:28,31.91,62.14,1006.00,183.22,1368,3.582,90700,33.0,47.0,58.0,YES,UNKNOWN_ANALYSIS_IAQ183_VOC3.58ppm,37794.7,26,14.8,0.259,429
2026-08-03 00:32:37,31.91,62.14,1006.00,183.22,1368,3.582,90700,33.0,47.0,58.0,YES,UNKNOWN_ANALYSIS_IAQ183_VOC3.58ppm,37804.1,26,14.8,0.259,429
2026-08-03 00:32:48,31.91,62.14,1006.00,183.22,1368,3.582,90700,33.0,46.0,56.0,YES,UNKNOWN_ANALYSIS_IAQ183_VOC3.58ppm,37814.6,26,14.8,0.259,429
📊 Z-scores: IAQ=25.36 VOC=73.01 CO2=70.00 GasDrop=11.59
2026-08-03 00:32:58,31.91,62.14,1006.00,183.22,1368,3.582,90700,34.0,46.0,57.0,YES,UNKNOWN_ANALYSIS_IAQ183_VOC3.58ppm,37825.0,26,14.8,0.259,429
2026-08-03 00:33:07,31.91,62.14,1006.00,183.22,1368,3.582,90700,34.0,46.0,57.0,YES,UNKNOWN_ANALYSIS_IAQ183_VOC3.58ppm,37834.4,26,14.8,0.259,429
2026-08-03 00:33:18,31.91,62.14,1006.00,183.22,1368,3.582,90700,33.0,45.0,55.0,YES,UNKNOWN_ANALYSIS_IAQ183_VOC3.58ppm,37844.9,26,14.8,0.259,429
2026-08-03 00:33:27,31.91,62.14,1006.00,183.22,1368,3.582,90700,34.0,46.0,56.0,YES,UNKNOWN_ANALYSIS_IAQ183_VOC3.58ppm,37854.3,26,14.8,0.259,429
2026-08-03 00:33:38,31.92,62.13,1006.00,176.03,1314,3.165,91400,33.0,46.0,56.0,YES,UNKNOWN_ANALYSIS_IAQ176_VOC3.17ppm,37864.7,26,14.8,0.259,429
2026-08-03 00:33:48,31.92,62.13,1006.00,176.03,1314,3.165,91400,32.0,46.0,56.0,YES,UNKNOWN_ANALYSIS_IAQ176_VOC3.17ppm,37875.2,26,14.8,0.259,429
2026-08-03 00:33:58,31.92,62.13,1006.00,176.03,1314,3.165,91400,34.0,48.0,57.0,YES,UNKNOWN_ANALYSIS_IAQ176_VOC3.17ppm,37884.6,26,14.8,0.259,429
📊 Z-scores: IAQ=24.27 VOC=63.87 CO2=65.94 GasDrop=11.50
2026-08-03 00:34:08,31.92,62.13,1006.00,176.03,1314,3.165,91400,34.0,47.0,56.0,YES,UNKNOWN_ANALYSIS_IAQ176_VOC3.17ppm,37895.0,26,14.8,0.259,429
2026-08-03 00:34:17,31.92,62.13,1006.00,176.03,1314,3.165,91400,33.0,45.0,56.0,YES,UNKNOWN_ANALYSIS_IAQ176_VOC3.17ppm,37904.4,26,14.8,0.259,429
2026-08-03 00:34:28,31.92,62.13,1006.00,176.03,1314,3.165,91400,34.0,47.0,57.0,YES,UNKNOWN_ANALYSIS_IAQ176_VOC3.17ppm,37914.9,26,14.8,0.259,429
2026-08-03 00:34:38,31.92,62.13,1006.00,176.03,1314,3.165,91400,33.0,46.0,57.0,YES,UNKNOWN_ANALYSIS_IAQ176_VOC3.17ppm,37925.3,26,14.8,0.259,429
2026-08-03 00:34:48,31.92,62.13,1006.00,176.03,1314,3.165,91400,32.0,45.0,57.0,YES,UNKNOWN_ANALYSIS_IAQ176_VOC3.17ppm,37934.7,26,14.8,0.259,429
2026-08-03 00:34:58,31.92,62.13,1006.00,176.03,1314,3.165,91400,32.0,45.0,56.0,YES,UNKNOWN_ANALYSIS_IAQ176_VOC3.17ppm,37945.2,26,14.8,0.259,429
2026-08-03 00:35:08,31.92,62.13,1006.00,176.03,1314,3.165,91400,32.0,45.0,55.0,YES,UNK