üíÄüö®üíÄüö®üíÄüö® IAQ_ANOMALY_NO_VOC - IMMEDIATE EVACUATION REQUIRED!
2026-03-25 10:25:28,33.51,58.63,1012.00,72.02,596,0.622,5600,23.0,35.0,41.0,YES,YES,IAQ_ANOMALY_NO_VOC_IAQ:72.0_VOC:0.622,236702.4,0,5.0,0.050,50
2026-03-25 10:25:37,33.51,58.63,1012.00,72.02,596,0.622,5600,23.0,36.0,42.0,YES,YES,IAQ_ANOMALY_NO_VOC_IAQ:72.0_VOC:0.622,236711.8,0,5.0,0.050,50
üíÄüö®üíÄüö®üíÄüö® IAQ_ANOMALY_NO_VOC - IMMEDIATE EVACUATION REQUIRED!
2026-03-25 10:25:48,33.51,58.63,1012.00,72.02,596,0.622,5600,24.0,36.0,43.0,YES,YES,IAQ_ANOMALY_NO_VOC_IAQ:72.0_VOC:0.622,236722.2,0,5.0,0.050,50
2026-03-25 10:25:57,33.51,58.63,1012.00,72.02,596,0.622,5600,24.0,36.0,42.0,YES,YES,IAQ_ANOMALY_NO_VOC_IAQ:72.0_VOC:0.622,236731.6,0,5.0,0.050,50
üíÄüö®üíÄüö®üíÄüö® IAQ_ANOMALY_NO_VOC - IMMEDIATE EVACUATION REQUIRED!
2026-03-25 10:26:08,33.51,58.63,1012.00,72.02,596,0.622,5600,24.0,35.0,40.0,YES,YES,IAQ_ANOMALY_NO_VOC_IAQ:72.0_VOC:0.622,236742.0,0,5.0,0.050,50
2026-03-25 10:26:18,33.25,58.43,1012.00,83.03,644,0.693,5600,23.0,34.0,38.0,YES,YES,DRUG_DELIVERY_IN_LPG_VOC+0.068ppm,236752.5,0,5.0,0.050,50
2026-03-25 10:26:27,33.25,58.43,1012.00,83.03,644,0.693,5600,24.0,35.0,39.0,YES,YES,DRUG_DELIVERY_IN_LPG_VOC+0.068ppm,236761.9,0,5.0,0.050,50
2026-03-25 10:26:38,33.25,58.43,1012.00,83.03,644,0.693,5600,23.0,34.0,39.0,YES,YES,DRUG_DELIVERY_IN_LPG_VOC+0.068ppm,236772.3,0,5.0,0.050,50
2026-03-25 10:26:48,33.25,58.43,1012.00,83.03,644,0.693,5600,24.0,35.0,39.0,YES,YES,DRUG_DELIVERY_IN_LPG_VOC+0.068ppm,236782.7,0,5.0,0.050,50
2026-03-25 10:26:58,33.25,58.43,1012.00,83.03,644,0.693,5600,24.0,34.0,38.0,YES,YES,DRUG_DELIVERY_IN_LPG_VOC+0.068ppm,236792.1,0,5.0,0.050,50
2026-03-25 10:27:08,33.25,58.43,1012.00,83.03,644,0.693,5600,22.0,32.0,37.0,YES,YES,DRUG_DELIVERY_IN_LPG_VOC+0.068ppm,236802.6,0,5.0,0.050,50
2026-03-25 10:27:17,33.25,58.43,1012.00,83.03,644,0.693,5600,23.0,34.0,41.0,YES,YES,DRUG_DELIVERY_IN_LPG_VOC+0.068ppm,236812.0,0,5.0,0.050,50
2026-03-25 10:27:28,33.25,58.43,1012.00,83.03,644,0.693,5600,23.0,35.0,43.0,YES,YES,DRUG_DELIVERY_IN_LPG_VOC+0.068ppm,236822.4,0,5.0,0.050,50


2026-03-26 09:48:58,32.86,56.05,1013.00,158.46,974,1.464,5600,28.0,41.0,51.0,YES,YES,DRUG_DELIVERY_IN_LPG_VOC+0.118ppm,320912.3,0,5.0,0.050,50
2026-03-26 09:49:08,32.86,56.05,1013.00,158.46,974,1.464,5600,27.0,41.0,49.0,YES,YES,DRUG_DELIVERY_IN_LPG_VOC+0.118ppm,320922.8,0,5.0,0.050,50
2026-03-26 09:49:19,32.86,56.05,1013.00,158.46,974,1.464,5600,28.0,42.0,51.0,YES,YES,DRUG_DELIVERY_IN_LPG_VOC+0.118ppm,320933.2,0,5.0,0.050,50
2026-03-26 09:49:28,32.86,56.05,1013.00,158.46,974,1.464,5600,28.0,41.0,50.0,YES,YES,DRUG_DELIVERY_IN_LPG_VOC+0.118ppm,320942.6,0,5.0,0.050,50
2026-03-26 09:49:39,32.86,56.05,1013.00,158.46,974,1.464,5600,28.0,42.0,51.0,YES,YES,DRUG_DELIVERY_IN_LPG_VOC+0.118ppm,320953.1,0,5.0,0.050,50
2026-03-26 09:49:48,32.86,56.05,1013.00,158.46,974,1.464,5600,29.0,42.0,51.0,YES,YES,DRUG_DELIVERY_IN_LPG_VOC+0.118ppm,320962.5,0,5.0,0.050,50
2026-03-26 09:49:58,32.86,56.05,1013.00,158.46,974,1.464,5600,28.0,43.0,51.0,YES,YES,DRUG_DELIVERY_IN_LPG_VOC+0.118ppm,320972.9,0,5.0,0.050,50
2026-03-26 09:50:09,32.86,56.05,1013.00,158.46,974,1.464,5600,27.0,40.0,48.0,YES,YES,DRUG_DELIVERY_IN_LPG_VOC+0.118ppm,320983.3,0,5.0,0.050,50
2026-03-26 09:50:18,32.86,56.05,1013.00,158.46,974,1.464,5600,28.0,41.0,50.0,YES,YES,DRUG_DELIVERY_IN_LPG_VOC+0.118ppm,320992.7,0,5.0,0.050,50
2026-03-26 09:50:29,32.86,56.05,1013.00,158.46,974,1.464,5600,27.0,40.0,50.0,YES,YES,DRUG_DELIVERY_IN_LPG_VOC+0.118ppm,321003.2,0,5.0,0.050,50
2026-03-26 09:50:38,32.86,56.05,1013.00,158.46,974,1.464,5600,27.0,41.0,50.0,YES,YES,DRUG_DELIVERY_IN_LPG_VOC+0.118ppm,321012.6,0,5.0,0.050,50
2026-03-26 09:50:48,32.86,56.05,1013.00,158.46,974,1.464,5600,28.0,41.0,49.0,YES,YES,DRUG_DELIVERY_IN_LPG_VOC+0.118ppm,321023.0,0,5.0,0.050,50
2026-03-26 09:50:59,32.86,56.05,1013.00,158.46,974,1.464,5600,27.0,41.0,48.0,YES,YES,DRUG_DELIVERY_IN_LPG_VOC+0.118ppm,321033.4,0,5.0,0.050,50
2026-03-26 09:51:08,32.86,56.05,1013.00,158.46,974,1.464,5600,28.0,41.0,49.0,YES,YES,DRUG_DELIVERY_IN_LPG_VOC+0.118ppm,321042.8,0,5.0,0.050,50
2026-03-26 09:51:19,32.86,56.05,1013.00,158.46,974,1.464,5600,28.0,40.0,48.0,YES,YES,DRUG_DELIVERY_IN_LPG_VOC+0.118ppm,321053.3,0,5.0,0.050,50
2026-03-26 09:51:28,32.86,56.05,1013.00,158.46,974,1.464,5600,28.0,41.0,50.0,YES,YES,DRUG_DELIVERY_IN_LPG_VOC+0.118ppm,321062.7,0,5.0,0.050,50
2026-03-26 09:51:39,32.86,56.05,1013.00,158.46,974,1.464,5600,28.0,42.0,50.0,YES,YES,DRUG_DELIVERY_IN_LPG_VOC+0.118ppm,321073.1,0,5.0,0.050,50
2026-03-26 09:51:49,32.86,56.05,1013.00,158.46,974,1.464,5600,27.0,41.0,48.0,YES,YES,DRUG_DELIVERY_IN_LPG_VOC+0.118ppm,321083.5,0,5.0,0.050,50
2026-03-26 09:51:58,32.86,56.05,1013.00,158.46,974,1.464,5600,28.0,41.0,50.0,YES,YES,DRUG_DELIVERY_IN_LPG_VOC+0.118ppm,321092.9,0,5.0,0.050,50
2026-03-26 09:52:09,32.86,56.05,1013.00,158.46,974,1.464,5600,27.0,40.0,51.0,YES,YES,DRUG_DELIVERY_IN_LPG_VOC+0.118ppm,321103.4,0,5.0,0.050,50
2026-03-26 09:52:19,32.86,56.05,1013.00,158.46,974,1.464,5600,27.0,39.0,49.0,YES,YES,DRUG_DELIVERY_IN_LPG_VOC+0.118ppm,321113.8,0,5.0,0.050,50
2026-03-26 09:52:29,32.86,56.05,1013.00,158.46,974,1.464,5600,27.0,40.0,51.0,YES,YES,DRUG_DELIVERY_IN_LPG_VOC+0.118ppm,321123.2,0,5.0,0.050,50
2026-03-26 09:52:39,32.86,56.05,1013.00,158.46,974,1.464,5600,28.0,41.0,51.0,YES,YES,DRUG_DELIVERY_IN_LPG_VOC+0.118ppm,321133.6,0,5.0,0.050,50
2026-03-26 09:52:49,32.86,56.05,1013.00,158.46,974,1.464,5600,26.0,40.0,51.0,YES,YES,DRUG_DELIVERY_IN_LPG_VOC+0.118ppm,321143.0,0,5.0,0.050,50
2026-03-26 09:52:59,32.86,56.05,1013.00,158.46,974,1.464,5600,26.0,39.0,48.0,YES,YES,DRUG_DELIVERY_IN_LPG_VOC+0.118ppm,321153.5,0,5.0,0.050,50
2026-03-26 09:53:09,32.86,56.05,1013.00,158.46,974,1.464,5600,27.0,40.0,49.0,YES,YES,DRUG_DELIVERY_IN_LPG_VOC+0.118ppm,321163.9,0,5.0,0.050,50
2026-03-26 09:53:19,32.86,56.05,1013.00,158.46,974,1.464,5600,27.0,39.0,47.0,YES,YES,DRUG_DELIVERY_IN_LPG_VOC+0.094ppm,321173.3,0,5.0,0.050,50
2026-03-26 09:53:29,32.86,56.05,1013.00,158.46,974,1.464,5600,28.0,40.0,47.0,YES,YES,DRUG_DELIVERY_IN_LPG_VOC+0.094ppm,321183.8,0,5.0,0.050,50
2026-03-26 09:53:39,32.88,54.83,1013.00,171.87,1032,1.672,5600,28.0,41.0,49.0,YES,YES,DRUG_DELIVERY_IN_LPG_VOC+0.302ppm,321193.1,0,5.0,0.050,50
2026-03-26 09:53:49,32.88,54.83,1013.00,171.87,1032,1.672,5600,28.0,41.0,50.0,YES,YES,DRUG_DELIVERY_IN_LPG_VOC+0.302ppm,321203.6,0,5.0,0.050,50
2026-03-26 09:53:59,32.88,54.83,1013.00,171.87,1032,1.672,5600,27.0,40.0,49.0,YES,YES,DRUG_DELIVERY_IN_LPG_VOC+0.302ppm,321214.0,0,5.0,0.050,50
2026-03-26 09:54:09,32.88,54.83,1013.00,171.87,1032,1.672,5600,27.0,40.0,49.0,YES,YES,DRUG_DELIVERY_IN_LPG_VOC+0.302ppm,321223.4,0,5.0,0.050,50
2026-03-26 09:54:19,32.88,54.83,1013.00,171.87,1032,1.672,5600,28.0,41.0,48.0,YES,YES,DRUG_DELIVERY_IN_LPG_VOC+0.302ppm,321233.9,0,5.0,0.050,50
2026-03-26 09:54:30,32.88,54.83,1013.00,171.87,1032,1.672,5600,27.0,39.0,47.0,YES,YES,DRUG_DELIVERY_IN_LPG_VOC+0.302ppm,321244.3,0,5.0,0.050,50
2026-03-26 09:54:39,32.88,54.83,1013.00,171.87,1032,1.672,5600,27.0,40.0,48.0,YES,YES,DRUG_DELIVERY_IN_LPG_VOC+0.302ppm,321253.7,0,5.0,0.050,50
2026-03-26 09:54:50,32.88,54.83,1013.00,171.87,1032,1.672,5600,27.0,39.0,48.0,YES,YES,DRUG_DELIVERY_IN_LPG_VOC+0.302ppm,321264.1,0,5.0,0.050,50
2026-03-26 09:54:59,32.88,54.83,1013.00,171.87,1032,1.672,5600,28.0,41.0,50.0,YES,YES,DRUG_DELIVERY_IN_LPG_VOC+0.302ppm,321273.5,0,5.0,0.050,50
2026-03-26 09:55:09,32.88,54.83,1013.00,171.87,1032,1.672,5600,28.0,41.0,52.0,YES,YES,DRUG_DELIVERY_IN_LPG_VOC+0.302ppm,321284.0,0,5.0,0.050,50
2026-03-26 09:55:20,32.88,54.83,1013.00,171.87,1032,1.672,5600,27.0,40.0,49.0,YES,YES,DRUG_DELIVERY_IN_LPG_VOC+0.302ppm,321294.4,0,5.0,0.050,50
2026-03-26 09:55:29,32.88,54.83,1013.00,171.87,1032,1.672,5600,28.0,40.0,48.0,YES,YES,DRUG_DELIVERY_IN_LPG_VOC+0.302ppm,321303.8,0,5.0,0.050,50
2026-03-26 09:55:40,32.88,54.83,1013.00,171.87,1032,1.672,5600,28.0,40.0,48.0,YES,YES,DRUG_DELIVERY_IN_LPG_VOC+0.302ppm,321314.2,0,5.0,0.050,50
2026-03-26 09:55:49,32.88,54.83,1013.00,171.87,1032,1.672,5600,29.0,42.0,51.0,YES,YES,DRUG_DELIVERY_IN_LPG_VOC+0.302ppm,321323.6,0,5.0,0.050,50
2026-03-26 09:56:00,32.88,54.83,1013.00,171.87,1032,1.672,5600,29.0,43.0,53.0,YES,YES,DRUG_DELIVERY_IN_LPG_VOC+0.302ppm,321334.1,0,5.0,0.050,50
2026-03-26 09:56:10,32.88,54.83,1013.00,171.87,1032,1.672,5600,29.0,44.0,54.0,YES,YES,DRUG_DELIVERY_IN_LPG_VOC+0.302ppm,321344.5,0,5.0,0.050,50
2026-03-26 09:56:19,32.88,54.83,1013.00,171.87,1032,1.672,5600,30.0,46.0,56.0,YES,YES,DRUG_DELIVERY_IN_LPG_VOC+0.302ppm,321353.9,0,5.0,0.050,50
2026-03-26 09:56:30,32.88,54.83,1013.00,171.87,1032,1.672,5600,29.0,44.0,54.0,YES,YES,DRUG_DELIVERY_IN_LPG_VOC+0.302ppm,321364.3,0,5.0,0.050,50
2026-03-26 09:56:40,32.88,54.83,1013.00,171.87,1032,1.672,5600,30.0,44.0,54.0,YES,YES,DRUG_DELIVERY_IN_LPG_VOC+0.302ppm,321374.8,0,5.0,0.050,50
2026-03-26 09:56:50,32.88,54.83,1013.00,171.87,1032,1.672,5600,31.0,44.0,55.0,YES,YES,DRUG_DELIVERY_IN_LPG_VOC+0.302ppm,321384.2,0,5.0,0.050,50
2026-03-26 09:57:00,32.88,54.83,1013.00,171.87,1032,1.672,5600,30.0,44.0,55.0,YES,YES,DRUG_DELIVERY_IN_LPG_VOC+0.302ppm,321394.6,0,5.0,0.050,50
2026-03-26 09:57:09,32.88,54.83,1013.00,171.87,1032,1.672,5600,28.0,43.0,52.0,YES,YES,DRUG_DELIVERY_IN_LPG_VOC+0.302ppm,321404.0,0,5.0,0.050,50



\2026-03-25 10:54:54,32.93,57.86,1012.00,100.13,719,0.821,5600,24.0,38.0,45.0,YES,YES,DRUG_DELIVERY_IN_LPG_VOC+0.068ppm,238468.4,0,5.0,0.050,50
2026-03-25 10:55:04,32.93,57.86,1012.00,100.13,719,0.821,5600,25.0,39.0,47.0,YES,YES,DRUG_DELIVERY_IN_LPG_VOC+0.068ppm,238478.8,0,5.0,0.050,50
2026-03-25 10:55:14,32.93,57.86,1012.00,100.13,719,0.821,5600,25.0,37.0,45.0,YES,YES,DRUG_DELIVERY_IN_LPG_VOC+0.068ppm,238488.2,0,5.0,0.050,50
2026-03-25 10:55:24,32.93,57.86,1012.00,100.13,719,0.821,5600,25.0,37.0,44.0,YES,YES,DRUG_DELIVERY_IN_LPG_VOC+0.068ppm,238498.6,0,5.0,0.050,50
2026-03-25 10:55:34,32.93,57.86,1012.00,100.13,719,0.821,5600,25.0,38.0,44.0,YES,YES,DRUG_DELIVERY_IN_LPG_VOC+0.068ppm,238508.0,0,5.0,0.050,50
2026-03-25 10:55:44,32.93,57.86,1012.00,100.13,719,0.821,5600,25.0,37.0,44.0,YES,YES,DRUG_DELIVERY_IN_LPG_VOC+0.068ppm,238518.4,0,5.0,0.050,50
2026-03-25 10:55:54,32.93,57.86,1012.00,100.13,719,0.821,5600,23.0,35.0,42.0,YES,YES,DRUG_DELIVERY_IN_LPG_VOC+0.068ppm,238528.9,0,5.0,0.050,50
2026-03-25 10:56:04,32.93,57.86,1012.00,100.13,719,0.821,5600,23.0,35.0,43.0,YES,YES,DRUG_DELIVERY_IN_LPG_VOC+0.068ppm,238538.3,0,5.0,0.050,50
2026-03-25 10:56:14,32.93,57.86,1012.00,100.13,719,0.821,5600,24.0,36.0,44.0,YES,YES,DRUG_DELIVERY_IN_LPG_VOC+0.068ppm,238548.7,0,5.0,0.050,50
2026-03-25 10:56:24,32.75,58.69,1012.00,97.15,706,0.798,5600,24.0,37.0,43.0,YES,YES,DRUG_DELIVERY_IN_LPG_VOC+0.044ppm,238558.1,0,5.0,0.050,50
2026-03-25 10:56:34,32.75,58.69,1012.00,97.15,706,0.798,5600,25.0,38.0,43.0,YES,YES,DRUG_DELIVERY_IN_LPG_VOC+0.044ppm,238568.6,0,5.0,0.050,50
2026-03-25 10:56:44,32.75,58.69,1012.00,97.15,706,0.798,5600,24.0,36.0,42.0,YES,YES,DRUG_DELIVERY_IN_LPG_VOC+0.044ppm,238579.0,0,5.0,0.050,50
2026-03-25 10:56:54,32.75,58.69,1012.00,97.15,706,0.798,5600,25.0,37.0,42.0,YES,YES,DRUG_DELIVERY_IN_LPG_VOC+0.044ppm,238588.4,0,5.0,0.050,50
2026-03-25 10:57:04,32.75,58.69,1012.00,97.15,706,0.798,5600,26.0,35.0,40.0,YES,YES,DRUG_DELIVERY_IN_LPG_VOC+0.044ppm,238598.8,0,5.0,0.050,50
2026-03-25 10:57:15,32.75,58.69,1012.00,97.15,706,0.798,5600,25.0,35.0,41.0,YES,YES,DRUG_DELIVERY_IN_LPG_VOC+0.044ppm,238609.3,0,5.0,0.050,50
2026-03-25 10:57:24,32.75,58.69,1012.00,97.15,706,0.798,5600,25.0,35.0,44.0,YES,YES,DRUG_DELIVERY_IN_LPG_VOC+0.044ppm,238618.7,0,5.0,0.050,50
2026-03-25 10:57:35,32.75,58.69,1012.00,97.15,706,0.798,5600,24.0,36.0,44.0,YES,YES,DRUG_DELIVERY_IN_LPG_VOC+0.044ppm,238629.1,0,5.0,0.050,50
2026-03-25 10:57:44,32.75,58.69,1012.00,97.15,706,0.798,5600,24.0,37.0,44.0,YES,YES,DRUG_DELIVERY_IN_LPG_VOC+0.044ppm,238638.5,0,5.0,0.050,50
2026-03-25 10:57:54,32.75,58.69,1012.00,97.15,706,0.798,5600,25.0,37.0,44.0,YES,YES,DRUG_DELIVERY_IN_LPG_VOC+0.044ppm,238648.9,0,5.0,0.050,50
2026-03-25 10:58:05,32.75,58.69,1012.00,97.15,706,0.798,5600,25.0,37.0,44.0,YES,YES,DRUG_DELIVERY_IN_LPG_VOC+0.044ppm,238659.4,0,5.0,0.050,50
2026-03-25 10:58:14,32.75,58.69,1012.00,97.15,706,0.798,5600,26.0,38.0,45.0,YES,YES,DRUG_DELIVERY_IN_LPG_VOC+0.035ppm,238668.8,0,5.0,0.050,50
2026-03-25 10:58:25,32.75,58.69,1012.00,97.15,706,0.798,5600,25.0,35.0,43.0,YES,YES,DRUG_DELIVERY_IN_LPG_VOC+0.035ppm,238679.2,0,5.0,0.050,50



2026-03-25 10:58:34,32.75,58.69,1012.00,97.15,706,0.798,5600,25.0,35.0,41.0,YES,YES,DRUG_DELIVERY_IN_LPG_VOC+0.035ppm,238688.6,0,5.0,0.050,50
2026-03-25 10:58:45,32.75,58.69,1012.00,97.15,706,0.798,5600,26.0,36.0,44.0,YES,YES,DRUG_DELIVERY_IN_LPG_VOC+0.035ppm,238699.1,0,5.0,0.050,50
2026-03-25 10:58:55,32.75,58.69,1012.00,97.15,706,0.798,5600,25.0,37.0,43.0,YES,YES,DRUG_DELIVERY_IN_LPG_VOC+0.035ppm,238709.5,0,5.0,0.050,50



2026-03-25 11:04:46,33.02,56.73,1012.00,109.69,761,0.903,5600,25.0,35.0,44.0,YES,YES,DRUG_DELIVERY_IN_LPG_VOC+0.112ppm,239060.3,0,5.0,0.050,50
PMS7003: Unknown error
2026-03-25 11:04:55,33.02,56.73,1012.00,109.69,761,0.903,5600,25.0,35.0,44.0,YES,YES,DRUG_DELIVERY_IN_LPG_VOC+0.112ppm,239069.6,0,5.0,0.050,50
2026-03-25 11:05:06,33.02,56.73,1012.00,109.69,761,0.903,5600,23.0,34.0,41.0,YES,YES,DRUG_DELIVERY_IN_LPG_VOC+0.112ppm,239080.1,0,5.0,0.050,50
2026-03-25 11:05:16,33.02,56.73,1012.00,109.69,761,0.903,5600,24.0,36.0,43.0,YES,YES,DRUG_DELIVERY_IN_LPG_VOC+0.112ppm,239090.5,0,5.0,0.050,50
2026-03-25 11:05:25,33.02,56.73,1012.00,109.69,761,0.903,5600,24.0,34.0,40.0,YES,YES,DRUG_DELIVERY_IN_LPG_VOC+0.112ppm,239099.9,0,5.0,0.050,50
2026-03-25 11:05:36,33.02,56.73,1012.00,109.69,761,0.903,5600,25.0,35.0,43.0,YES,YES,DRUG_DELIVERY_IN_LPG_VOC+0.112ppm,239110.3,0,5.0,0.050,50
2026-03-25 11:05:46,33.02,56.73,1012.00,109.69,761,0.903,5600,23.0,35.0,43.0,YES,YES,DRUG_DELIVERY_IN_LPG_VOC+0.112ppm,239120.8,0,5.0,0.050,50
2026-03-25 11:05:56,33.02,56.73,1012.00,109.69,761,0.903,5600,24.0,36.0,43.0,YES,YES,DRUG_DELIVERY_IN_LPG_VOC+0.112ppm,239130.2,0,5.0,0.050,50
2026-03-25 11:06:06,33.02,56.73,1012.00,109.69,761,0.903,5600,26.0,36.0,43.0,YES,YES,DRUG_DELIVERY_IN_LPG_VOC+0.112ppm,239140.6,0,5.0,0.050,50
2026-03-25 11:06:15,33.02,56.73,1012.00,109.69,761,0.903,5600,25.0,35.0,42.0,YES,YES,DRUG_DELIVERY_IN_LPG_VOC+0.112ppm,239150.0,0,5.0,0.050,50
üíÄüö®üíÄüö®üíÄüö® IAQ_ANOMALY_NO_VOC - IMMEDIATE EVACUATION REQUIRED!
2026-03-25 11:06:26,33.29,57.10,1012.00,96.44,703,0.792,5600,25.0,36.0,41.0,YES,YES,IAQ_ANOMALY_NO_VOC_IAQ:96.4_VOC:0.792,239160.4,0,5.0,0.050,50
üíÄüö®üíÄüö®üíÄüö® IAQ_ANOMALY_NO_VOC - IMMEDIATE EVACUATION REQUIRED!
2026-03-25 11:06:36,33.29,57.10,1012.00,96.44,703,0.792,5600,25.0,36.0,41.0,YES,YES,IAQ_ANOMALY_NO_VOC_IAQ:96.4_VOC:0.792,239170.9,0,5.0,0.050,50
2026-03-25 11:06:46,33.29,57.10,1012.00,96.44,703,0.792,5600,25.0,36.0,42.0,YES,YES,IAQ_ANOMALY_NO_VOC_IAQ:96.4_VOC:0.792,239180.3,0,5.0,0.050,50
üíÄüö®üíÄüö®üíÄüö® IAQ_ANOMALY_NO_VOC - IMMEDIATE EVACUATION REQUIRED!
2026-03-25 11:06:56,33.29,57.10,1012.00,96.44,703,0.792,5600,24.0,36.0,43.0,YES,YES,IAQ_ANOMALY_NO_VOC_IAQ:96.4_VOC:0.792,239190.7,0,5.0,0.050,50
2026-03-25 11:07:06,33.29,57.10,1012.00,96.44,703,0.792,5600,24.0,36.0,42.0,YES,YES,IAQ_ANOMALY_NO_VOC_IAQ:96.4_VOC:0.792,239200.1,0,5.0,0.050,50
üíÄüö®üíÄüö®üíÄüö® IAQ_ANOMALY_NO_VOC - IMMEDIATE EVACUATION REQUIRED!
2026-03-25 11:07:16,33.29,57.10,1012.00,96.44,703,0.792,5600,23.0,34.0,43.0,YES,YES,IAQ_ANOMALY_NO_VOC_IAQ:96.4_VOC:0.792,239210.6,0,5.0,0.050,50
üíÄüö®üíÄüö®üíÄüö® IAQ_ANOMALY_NO_VOC - IMMEDIATE EVACUATION REQUIRED!
2026-03-25 11:07:26,33.29,57.10,1012.00,96.44,703,0.792,5600,25.0,36.0,45.0,YES,YES,IAQ_ANOMALY_NO_VOC_IAQ:96.4_VOC:0.792,239221.0,0,5.0,0.050,50
2026-03-25 11:07:36,33.29,57.10,1012.00,96.44,703,0.792,5600,24.0,34.0,43.0,YES,YES,IAQ_ANOMALY_NO_VOC_IAQ:96.4_VOC:0.792,239230.4,0,5.0,0.050,50

headache

2026-03-25 11:30:31,33.13,55.68,1011.00,117.91,797,0.980,5600,27.0,38.0,45.0,YES,YES,DRUG_DELIVERY_IN_LPG_VOC+0.095ppm,240605.5,0,5.0,0.050,50
2026-03-25 11:30:40,33.13,55.68,1011.00,117.91,797,0.980,5600,27.0,38.0,44.0,YES,YES,DRUG_DELIVERY_IN_LPG_VOC+0.095ppm,240614.9,0,5.0,0.050,50
2026-03-25 11:30:51,33.13,55.68,1011.00,117.91,797,0.980,5600,26.0,38.0,45.0,YES,YES,DRUG_DELIVERY_IN_LPG_VOC+0.095ppm,240625.4,0,5.0,0.050,50
2026-03-25 11:31:00,33.13,55.68,1011.00,117.91,797,0.980,5600,25.0,38.0,44.0,YES,YES,DRUG_DELIVERY_IN_LPG_VOC+0.095ppm,240634.8,0,5.0,0.050,50
2026-03-25 11:31:11,33.13,55.68,1011.00,117.91,797,0.980,5600,26.0,38.0,45.0,YES,YES,DRUG_DELIVERY_IN_LPG_VOC+0.095ppm,240645.2,0,5.0,0.050,50
üíÄüö®üíÄüö®üíÄüö® IAQ_ANOMALY_NO_VOC - IMMEDIATE EVACUATION REQUIRED!
2026-03-25 11:31:21,33.43,55.76,1011.00,106.81,748,0.878,5600,27.0,38.0,45.0,YES,YES,IAQ_ANOMALY_NO_VOC_IAQ:106.8_VOC:0.878,240655.6,0,5.0,0.050,50
2026-03-25 11:31:31,33.43,55.76,1011.00,106.81,748,0.878,5600,27.0,38.0,46.0,YES,YES,IAQ_ANOMALY_NO_VOC_IAQ:106.8_VOC:0.878,240665.0,0,5.0,0.050,50


nausea heartbeats

2026-03-26 09:57:00,32.88,54.83,1013.00,171.87,1032,1.672,5600,30.0,44.0,55.0,YES,YES,DRUG_DELIVERY_IN_LPG_VOC+0.302ppm,321394.6,0,5.0,0.050,50
2026-03-26 09:57:09,32.88,54.83,1013.00,171.87,1032,1.672,5600,28.0,43.0,52.0,YES,YES,DRUG_DELIVERY_IN_LPG_VOC+0.302ppm,321404.0,0,5.0,0.050,50
2026-03-26 09:57:20,32.88,54.83,1013.00,171.87,1032,1.672,5600,29.0,44.0,53.0,YES,YES,DRUG_DELIVERY_IN_LPG_VOC+0.302ppm,321414.5,0,5.0,0.050,50
2026-03-26 09:57:30,32.88,54.83,1013.00,171.87,1032,1.672,5600,29.0,44.0,54.0,YES,YES,DRUG_DELIVERY_IN_LPG_VOC+0.302ppm,321424.9,0,5.0,0.050,50
2026-03-26 09:57:40,32.88,54.83,1013.00,171.87,1032,1.672,5600,29.0,44.0,55.0,YES,YES,DRUG_DELIVERY_IN_LPG_VOC+0.302ppm,321434.3,0,5.0,0.050,50
2026-03-26 09:57:50,32.88,54.83,1013.00,171.87,1032,1.672,5600,28.0,43.0,53.0,YES,YES,DRUG_DELIVERY_IN_LPG_VOC+0.302ppm,321444.7,0,5.0,0.050,50
2026-03-26 09:58:00,32.88,54.83,1013.00,171.87,1032,1.672,5600,29.0,45.0,55.0,YES,YES,DRUG_DELIVERY_IN_LPG_VOC+0.302ppm,321454.1,0,5.0,0.050,50
2026-03-26 09:58:10,32.88,54.83,1013.00,171.87,1032,1.672,5600,28.0,44.0,54.0,YES,YES,DRUG_DELIVERY_IN_LPG_VOC+0.302ppm,321464.6,0,5.0,0.050,50
2026-03-26 09:58:20,32.88,54.83,1013.00,171.87,1032,1.672,5600,28.0,44.0,53.0,YES,YES,DRUG_DELIVERY_IN_LPG_VOC+0.242ppm,321475.0,0,5.0,0.050,50
2026-03-26 09:58:30,32.88,54.83,1013.00,171.87,1032,1.672,5600,29.0,43.0,52.0,YES,YES,DRUG_DELIVERY_IN_LPG_VOC+0.242ppm,321484.4,0,5.0,0.050,50
2026-03-26 09:58:40,32.91,53.97,1013.00,180.90,1072,1.828,5600,29.0,43.0,51.0,YES,YES,DRUG_DELIVERY_IN_LPG_VOC+0.398ppm,321494.9,0,5.0,0.050,50
2026-03-26 09:58:50,32.91,53.97,1013.00,180.90,1072,1.828,5600,29.0,43.0,51.0,YES,YES,DRUG_DELIVERY_IN_LPG_VOC+0.398ppm,321504.2,0,5.0,0.050,50
2026-03-26 09:59:00,32.91,53.97,1013.00,180.90,1072,1.828,5600,28.0,42.0,51.0,YES,YES,DRUG_DELIVERY_IN_LPG_VOC+0.398ppm,321514.7,0,5.0,0.050,50
2026-03-26 09:59:11,32.91,53.97,1013.00,180.90,1072,1.828,5600,29.0,44.0,53.0,YES,YES,DRUG_DELIVERY_IN_LPG_VOC+0.398ppm,321525.1,0,5.0,0.050,50
2026-03-26 09:59:20,32.91,53.97,1013.00,180.90,1072,1.828,5600,27.0,42.0,52.0,YES,YES,DRUG_DELIVERY_IN_LPG_VOC+0.398ppm,321534.5,0,5.0,0.050,50
2026-03-26 09:59:30,32.91,53.97,1013.00,180.90,1072,1.828,5600,28.0,44.0,53.0,YES,YES,DRUG_DELIVERY_IN_LPG_VOC+0.398ppm,321545.0,0,5.0,0.050,50
2026-03-26 09:59:41,32.91,53.97,1013.00,180.90,1072,1.828,5600,28.0,43.0,52.0,YES,YES,DRUG_DELIVERY_IN_LPG_VOC+0.398ppm,321555.4,0,5.0,0.050,50
2026-03-26 09:59:50,32.91,53.97,1013.00,180.90,1072,1.828,5600,28.0,43.0,51.0,YES,YES,DRUG_DELIVERY_IN_LPG_VOC+0.398ppm,321564.8,0,5.0,0.050,50
2026-03-26 10:00:01,32.91,53.97,1013.00,180.90,1072,1.828,5600,28.0,42.0,51.0,YES,YES,DRUG_DELIVERY_IN_LPG_VOC+0.398ppm,321575.2,0,5.0,0.050,50
2026-03-26 10:00:10,32.91,53.97,1013.00,180.90,1072,1.828,5600,28.0,43.0,51.0,YES,YES,DRUG_DELIVERY_IN_LPG_VOC+0.398ppm,321584.6,0,5.0,0.050,50
2026-03-26 10:00:21,32.91,53.97,1013.00,180.90,1072,1.828,5600,30.0,43.0,52.0,YES,YES,DRUG_DELIVERY_IN_LPG_VOC+0.398ppm,321595.1,0,5.0,0.050,50
2026-03-26 10:00:31,32.91,53.97,1013.00,180.90,1072,1.828,5600,30.0,43.0,52.0,YES,YES,DRUG_DELIVERY_IN_LPG_VOC+0.398ppm,321605.5,0,5.0,0.050,50
2026-03-26 10:00:40,32.91,53.97,1013.00,180.90,1072,1.828,5600,28.0,42.0,51.0,YES,YES,DRUG_DELIVERY_IN_LPG_VOC+0.398ppm,321614.9,0,5.0,0.050,50
2026-03-26 10:00:51,32.91,53.97,1013.00,180.90,1072,1.828,5600,29.0,43.0,54.0,YES,YES,DRUG_DELIVERY_IN_LPG_VOC+0.398ppm,321625.3,0,5.0,0.050,50
2026-03-26 10:01:00,32.91,53.97,1013.00,180.90,1072,1.828,5600,27.0,42.0,52.0,YES,YES,DRUG_DELIVERY_IN_LPG_VOC+0.398ppm,321634.7,0,5.0,0.050,50
2026-03-26 10:01:11,32.91,53.97,1013.00,180.90,1072,1.828,5600,28.0,43.0,52.0,YES,YES,DRUG_DELIVERY_IN_LPG_VOC+0.398ppm,321645.2,0,5.0,0.050,50
2026-03-26 10:01:21,32.91,53.97,1013.00,180.90,1072,1.828,5600,30.0,44.0,53.0,YES,YES,DRUG_DELIVERY_IN_LPG_VOC+0.398ppm,321655.6,0,5.0,0.050,50
2026-03-26 10:01:30,32.91,53.97,1013.00,180.90,1072,1.828,5600,29.0,44.0,55.0,YES,YES,DRUG_DELIVERY_IN_LPG_VOC+0.398ppm,321665.0,0,5.0,0.050,50
2026-03-26 10:01:41,32.91,53.97,1013.00,180.90,1072,1.828,5600,29.0,44.0,57.0,YES,YES,DRUG_DELIVERY_IN_LPG_VOC+0.398ppm,321675.5,0,5.0,0.050,50
2026-03-26 10:01:50,32.91,53.97,1013.00,180.90,1072,1.828,5600,29.0,44.0,57.0,YES,YES,DRUG_DELIVERY_IN_LPG_VOC+0.398ppm,321684.9,0,5.0,0.050,50
2026-03-26 10:02:01,32.91,53.97,1013.00,180.90,1072,1.828,5600,29.0,44.0,57.0,YES,YES,DRUG_DELIVERY_IN_LPG_VOC+0.398ppm,321695.3,0,5.0,0.050,50
2026-03-26 10:02:11,32.91,53.97,1013.00,180.90,1072,1.828,5600,29.0,43.0,55.0,YES,YES,DRUG_DELIVERY_IN_LPG_VOC+0.398ppm,321705.7,0,5.0,0.050,50
2026-03-26 10:02:21,32.91,53.97,1013.00,180.90,1072,1.828,5600,29.0,43.0,52.0,YES,YES,DRUG_DELIVERY_IN_LPG_VOC+0.398ppm,321715.1,0,5.0,0.050,50
2026-03-26 10:02:31,32.91,53.97,1013.00,180.90,1072,1.828,5600,30.0,44.0,53.0,YES,YES,DRUG_DELIVERY_IN_LPG_VOC+0.398ppm,321725.6,0,5.0,0.050,50
2026-03-26 10:02:40,32.91,53.97,1013.00,180.90,1072,1.828,5600,29.0,44.0,55.0,YES,YES,DRUG_DELIVERY_IN_LPG_VOC+0.398ppm,321735.0,0,5.0,0.050,50
2026-03-26 10:02:51,32.91,53.97,1013.00,180.90,1072,1.828,5600,30.0,45.0,56.0,YES,YES,DRUG_DELIVERY_IN_LPG_VOC+0.398ppm,321745.4,0,5.0,0.050,50
2026-03-26 10:03:01,32.91,53.97,1013.00,180.90,1072,1.828,5600,30.0,44.0,55.0,YES,YES,DRUG_DELIVERY_IN_LPG_VOC+0.398ppm,321755.8,0,5.0,0.050,50
2026-03-26 10:03:11,32.91,53.97,1013.00,180.90,1072,1.828,5600,31.0,45.0,56.0,YES,YES,DRUG_DELIVERY_IN_LPG_VOC+0.398ppm,321765.2,0,5.0,0.050,50
2026-03-26 10:03:21,32.91,53.97,1013.00,180.90,1072,1.828,5600,31.0,44.0,56.0,YES,YES,DRUG_DELIVERY_IN_LPG_VOC+0.318ppm,321775.7,0,5.0,0.050,50
2026-03-26 10:03:31,32.91,53.97,1013.00,180.90,1072,1.828,5600,29.0,43.0,52.0,YES,YES,DRUG_DELIVERY_IN_LPG_VOC+0.318ppm,321785.1,0,5.0,0.050,50
2026-03-26 10:03:41,32.90,54.32,1013.00,177.09,1055,1.761,5600,30.0,44.0,52.0,YES,YES,DRUG_DELIVERY_IN_LPG_VOC+0.251ppm,321795.5,0,5.0,0.050,50
2026-03-26 10:03:51,32.90,54.32,1013.00,177.09,1055,1.761,5600,29.0,43.0,52.0,YES,YES,DRUG_DELIVERY_IN_LPG_VOC+0.251ppm,321806.0,0,5.0,0.050,50
2026-03-26 10:04:01,32.90,54.32,1013.00,177.09,1055,1.761,5600,29.0,43.0,52.0,YES,YES,DRUG_DELIVERY_IN_LPG_VOC+0.251ppm,321815.4,0,5.0,0.050,50
2026-03-26 10:04:11,32.90,54.32,1013.00,177.09,1055,1.761,5600,29.0,43.0,52.0,YES,YES,DRUG_DELIVERY_IN_LPG_VOC+0.251ppm,321825.8,0,5.0,0.050,50
2026-03-26 10:04:21,32.90,54.32,1013.00,177.09,1055,1.761,5600,28.0,41.0,50.0,YES,YES,DRUG_DELIVERY_IN_LPG_VOC+0.251ppm,321835.2,0,5.0,0.050,50
2026-03-26 10:04:31,32.90,54.32,1013.00,177.09,1055,1.761,5600,29.0,42.0,51.0,YES,YES,DRUG_DELIVERY_IN_LPG_VOC+0.251ppm,321845.7,0,5.0,0.050,50
2026-03-26 10:04:42,32.90,54.32,1013.00,177.09,1055,1.761,5600,29.0,43.0,50.0,YES,YES,DRUG_DELIVERY_IN_LPG_VOC+0.251ppm,321856.1,0,5.0,0.050,50
2026-03-26 10:04:51,32.90,54.32,1013.00,177.09,1055,1.761,5600,29.0,42.0,50.0,YES,YES,DRUG_DELIVERY_IN_LPG_VOC+0.251ppm,321865.5,0,5.0,0.050,50
2026-03-26 10:05:01,32.90,54.32,1013.00,177.09,1055,1.761,5600,27.0,41.0,48.0,YES,YES,DRUG_DELIVERY_IN_LPG_VOC+0.251ppm,321875.9,0,5.0,0.050,50
2026-03-26 10:05:11,32.90,54.32,1013.00,177.09,1055,1.761,5600,27.0,41.0,49.0,YES,YES,DRUG_DELIVERY_IN_LPG_VOC+0.251ppm,321885.3,0,5.0,0.050,50
2026-03-26 10:05:21,32.90,54.32,1013.00,177.09,1055,1.761,5600,28.0,43.0,50.0,YES,YES,DRUG_DELIVERY_IN_LPG_VOC+0.251ppm,321895.8,0,5.0,0.050,50
2026-03-26 10:05:32,32.90,54.32,1013.00,177.09,1055,1.761,5600,28.0,42.0,50.0,YES,YES,DRUG_DELIVERY_IN_LPG_VOC+0.251ppm,321906.2,0,5.0,0.050,50
2026-03-26 10:05:41,32.90,54.32,1013.00,177.09,1055,1.761,5600,28.0,42.0,50.0,YES,YES,DRUG_DELIVERY_IN_LPG_VOC+0.251ppm,321915.6,0,5.0,0.050,50
2026-03-26 10:05:52,32.90,54.32,1013.00,177.09,1055,1.761,5600,28.0,41.0,49.0,YES,YES,DRUG_DELIVERY_IN_LPG_VOC+0.251ppm,321926.1,0,5.0,0.050,50
2026-03-26 10:06:01,32.90,54.32,1013.00,177.09,1055,1.761,5600,28.0,43.0,50.0,YES,YES,DRUG_DELIVERY_IN_LPG_VOC+0.251ppm,321935.5,0,5.0,0.050,50
2026-03-26 10:06:11,32.90,54.32,1013.00,177.09,1055,1.761,5600,27.0,41.0,49.0,YES,YES,DRUG_DELIVERY_IN_LPG_VOC+0.251ppm,321945.9,0,5.0,0.050,50
2026-03-26 10:06:22,32.90,54.32,1013.00,177.09,1055,1.761,5600,28.0,41.0,49.0,YES,YES,DRUG_DELIVERY_IN_LPG_VOC+0.251ppm,321956.4,0,5.0,0.050,50
2026-03-26 10:06:31,32.90,54.32,1013.00,177.09,1055,1.761,5600,28.0,41.0,49.0,YES,YES,DRUG_DELIVERY_IN_LPG_VOC+0.251ppm,321965.8,0,5.0,0.050,50
2026-03-26 10:06:42,32.90,54.32,1013.00,177.09,1055,1.761,5600,28.0,43.0,50.0,YES,YES,DRUG_DELIVERY_IN_LPG_VOC+0.251ppm,321976.2,0,5.0,0.050,50
2026-03-26 10:06:51,32.90,54.32,1013.00,177.09,1055,1.761,5600,27.0,42.0,49.0,YES,YES,DRUG_DELIVERY_IN_LPG_VOC+0.251ppm,321985.6,0,5.0,0.050,50
2026-03-26 10:07:02,32.90,54.32,1013.00,177.09,1055,1.761,5600,27.0,42.0,51.0,YES,YES,DRUG_DELIVERY_IN_LPG_VOC+0.251ppm,321996.1,0,5.0,0.050,50
2026-03-26 10:07:12,32.90,54.32,1013.00,177.09,1055,1.761,5600,27.0,42.0,52.0,YES,YES,DRUG_DELIVERY_IN_LPG_VOC+0.251ppm,322006.5,0,5.0,0.050,50
2026-03-26 10:07:21,32.90,54.32,1013.00,177.09,1055,1.761,5600,28.0,42.0,54.0,YES,YES,DRUG_DELIVERY_IN_LPG_VOC+0.251ppm,322015.9,0,5.0,0.050,50
2026-03-26 10:07:32,32.90,54.32,1013.00,177.09,1055,1.761,5600,27.0,42.0,52.0,YES,YES,DRUG_DELIVERY_IN_LPG_VOC+0.251ppm,322026.3,0,5.0,0.050,50

teeth

2026-03-26 11:04:33,33.03,55.47,1012.00,159.35,978,1.477,5600,31.0,43.0,55.0,YES,YES,DRUG_DELIVERY_IN_LPG_VOC-0.181ppm,325447.6,0,5.0,0.050,50
2026-03-26 11:04:43,33.03,55.47,1012.00,159.35,978,1.477,5600,29.0,43.0,52.0,YES,YES,DRUG_DELIVERY_IN_LPG_VOC-0.181ppm,325458.0,0,5.0,0.050,50
2026-03-26 11:04:53,33.03,55.47,1012.00,159.35,978,1.477,5600,29.0,44.0,53.0,YES,YES,DRUG_DELIVERY_IN_LPG_VOC-0.181ppm,325467.4,0,5.0,0.050,50
2026-03-26 11:05:03,33.03,55.47,1012.00,159.35,978,1.477,5600,28.0,43.0,51.0,YES,YES,DRUG_DELIVERY_IN_LPG_VOC-0.181ppm,325477.9,0,5.0,0.050,50
2026-03-26 11:05:14,33.03,55.47,1012.00,159.35,978,1.477,5600,29.0,43.0,52.0,YES,YES,DRUG_DELIVERY_IN_LPG_VOC-0.181ppm,325488.3,0,5.0,0.050,50
2026-03-26 11:05:23,33.03,55.47,1012.00,159.35,978,1.477,5600,27.0,41.0,52.0,YES,YES,DRUG_DELIVERY_IN_LPG_VOC-0.181ppm,325497.7,0,5.0,0.050,50
2026-03-26 11:05:34,33.03,55.47,1012.00,159.35,978,1.477,5600,29.0,43.0,53.0,YES,YES,DRUG_DELIVERY_IN_LPG_VOC-0.181ppm,325508.1,0,5.0,0.050,50
2026-03-26 11:05:43,33.03,55.47,1012.00,159.35,978,1.477,5600,28.0,42.0,52.0,YES,YES,DRUG_DELIVERY_IN_LPG_VOC-0.181ppm,325517.5,0,5.0,0.050,50
2026-03-26 11:05:53,33.03,55.47,1012.00,159.35,978,1.477,5600,28.0,42.0,53.0,YES,YES,DRUG_DELIVERY_IN_LPG_VOC-0.181ppm,325528.0,0,5.0,0.050,50
2026-03-26 11:06:04,33.03,55.47,1012.00,159.35,978,1.477,5600,29.0,42.0,53.0,YES,YES,DRUG_DELIVERY_IN_LPG_VOC-0.181ppm,325538.4,0,5.0,0.050,50
2026-03-26 11:06:13,33.03,55.47,1012.00,159.35,978,1.477,5600,28.0,42.0,51.0,YES,YES,DRUG_DELIVERY_IN_LPG_VOC-0.181ppm,325547.8,0,5.0,0.050,50
2026-03-26 11:06:24,33.03,55.47,1012.00,159.35,978,1.477,5600,29.0,44.0,53.0,YES,YES,DRUG_DELIVERY_IN_LPG_VOC-0.181ppm,325558.2,0,5.0,0.050,50
2026-03-26 11:06:33,33.03,55.47,1012.00,159.35,978,1.477,5600,30.0,44.0,52.0,YES,YES,DRUG_DELIVERY_IN_LPG_VOC-0.181ppm,325567.6,0,5.0,0.050,50
2026-03-26 11:06:44,33.03,55.47,1012.00,159.35,978,1.477,5600,30.0,44.0,52.0,YES,YES,DRUG_DELIVERY_IN_LPG_VOC-0.181ppm,325578.1,0,5.0,0.050,50
2026-03-26 11:06:54,33.03,55.47,1012.00,159.35,978,1.477,5600,29.0,44.0,53.0,YES,YES,DRUG_DELIVERY_IN_LPG_VOC-0.181ppm,325588.5,0,5.0,0.050,50
2026-03-26 11:07:03,33.03,55.47,1012.00,159.35,978,1.477,5600,29.0,44.0,53.0,YES,YES,DRUG_DELIVERY_IN_LPG_VOC-0.181ppm,325597.9,0,5.0,0.050,50
2026-03-26 11:07:14,33.03,55.47,1012.00,159.35,978,1.477,5600,30.0,44.0,53.0,YES,YES,DRUG_DELIVERY_IN_LPG_VOC-0.181ppm,325608.3,0,5.0,0.050,50
2026-03-26 11:07:24,33.03,55.47,1012.00,159.35,978,1.477,5600,30.0,43.0,53.0,YES,YES,DRUG_DELIVERY_IN_LPG_VOC-0.181ppm,325618.8,0,5.0,0.050,50
2026-03-26 11:07:34,33.03,55.47,1012.00,159.35,978,1.477,5600,28.0,43.0,52.0,YES,YES,DRUG_DELIVERY_IN_LPG_VOC-0.181ppm,325628.2,0,5.0,0.050,50
2026-03-26 11:07:44,33.03,55.47,1012.00,159.35,978,1.477,5600,29.0,43.0,52.0,YES,YES,DRUG_DELIVERY_IN_LPG_VOC-0.181ppm,325638.6,0,5.0,0.050,50
2026-03-26 11:07:53,33.03,55.47,1012.00,159.35,978,1.477,5600,30.0,44.0,53.0,YES,YES,DRUG_DELIVERY_IN_LPG_VOC-0.181ppm,325648.0,0,5.0,0.050,50
2026-03-26 11:08:04,33.03,55.47,1012.00,159.35,978,1.477,5600,29.0,44.0,54.0,YES,YES,DRUG_DELIVERY_IN_LPG_VOC-0.181ppm,325658.4,0,5.0,0.050,50
2026-03-26 11:08:14,33.03,55.47,1012.00,159.35,978,1.477,5600,28.0,43.0,51.0,YES,YES,DRUG_DELIVERY_IN_LPG_VOC-0.181ppm,325668.9,0,5.0,0.050,50
2026-03-26 11:08:24,33.03,55.47,1012.00,159.35,978,1.477,5600,28.0,43.0,51.0,YES,YES,DRUG_DELIVERY_IN_LPG_VOC-0.181ppm,325678.3,0,5.0,0.050,50
2026-03-26 11:08:34,33.03,55.47,1012.00,159.35,978,1.477,5600,30.0,44.0,52.0,YES,YES,DRUG_DELIVERY_IN_LPG_VOC-0.145ppm,325688.7,0,5.0,0.050,50
2026-03-26 11:08:44,33.13,55.15,1012.00,159.68,979,1.482,5600,30.0,44.0,53.0,YES,YES,DRUG_DELIVERY_IN_LPG_VOC-0.140ppm,325698.1,0,5.0,0.050,50
2026-03-26 11:08:54,33.13,55.15,1012.00,159.68,979,1.482,5600,29.0,43.0,52.0,YES,YES,DRUG_DELIVERY_IN_LPG_VOC-0.140ppm,325708.5,0,5.0,0.050,50
2026-03-26 11:09:04,33.13,55.15,1012.00,159.68,979,1.482,5600,30.0,45.0,55.0,YES,YES,DRUG_DELIVERY_IN_LPG_VOC-0.140ppm,325719.0,0,5.0,0.050,50
2026-03-26 11:09:14,33.13,55.15,1012.00,159.68,979,1.482,5600,29.0,44.0,55.0,YES,YES,DRUG_DELIVERY_IN_LPG_VOC-0.140ppm,325728.4,0,5.0,0.050,50
2026-03-26 11:09:24,33.13,55.15,1012.00,159.68,979,1.482,5600,30.0,44.0,56.0,YES,YES,DRUG_DELIVERY_IN_LPG_VOC-0.140ppm,325738.8,0,5.0,0.050,50
2026-03-26 11:09:34,33.13,55.15,1012.00,159.68,979,1.482,5600,30.0,44.0,55.0,YES,YES,DRUG_DELIVERY_IN_LPG_VOC-0.140ppm,325748.2,0,5.0,0.050,50
2026-03-26 11:09:44,33.13,55.15,1012.00,159.68,979,1.482,5600,30.0,44.0,55.0,YES,YES,DRUG_DELIVERY_IN_LPG_VOC-0.140ppm,325758.6,0,5.0,0.050,50
2026-03-26 11:09:55,33.13,55.15,1012.00,159.68,979,1.482,5600,30.0,44.0,53.0,YES,YES,DRUG_DELIVERY_IN_LPG_VOC-0.140ppm,325769.1,0,5.0,0.050,50
2026-03-26 11:10:04,33.13,55.15,1012.00,159.68,979,1.482,5600,30.0,44.0,53.0,YES,YES,DRUG_DELIVERY_IN_LPG_VOC-0.140ppm,325778.5,0,5.0,0.050,50
2026-03-26 11:10:14,33.13,55.15,1012.00,159.68,979,1.482,5600,29.0,43.0,52.0,YES,YES,DRUG_DELIVERY_IN_LPG_VOC-0.140ppm,325788.9,0,5.0,0.050,50
2026-03-26 11:10:25,33.13,55.15,1012.00,159.68,979,1.482,5600,29.0,42.0,51.0,YES,YES,DRUG_DELIVERY_IN_LPG_VOC-0.140ppm,325799.3,0,5.0,0.050,50
2026-03-26 11:10:34,33.13,55.15,1012.00,159.68,979,1.482,5600,29.0,43.0,50.0,YES,YES,DRUG_DELIVERY_IN_LPG_VOC-0.140ppm,325808.7,0,5.0,0.050,50
2026-03-26 11:10:45,33.13,55.15,1012.00,159.68,979,1.482,5600,29.0,42.0,51.0,YES,YES,DRUG_DELIVERY_IN_LPG_VOC-0.140ppm,325819.2,0,5.0,0.050,50
2026-03-26 11:10:54,33.13,55.15,1012.00,159.68,979,1.482,5600,29.0,43.0,51.0,YES,YES,DRUG_DELIVERY_IN_LPG_VOC-0.140ppm,325828.6,0,5.0,0.050,50
2026-03-26 11:11:05,33.13,55.15,1012.00,159.68,979,1.482,5600,28.0,43.0,52.0,YES,YES,DRUG_DELIVERY_IN_LPG_VOC-0.140ppm,325839.0,0,5.0,0.050,50
2026-03-26 11:11:15,33.13,55.15,1012.00,159.68,979,1.482,5600,29.0,44.0,54.0,YES,YES,DRUG_DELIVERY_IN_LPG_VOC-0.140ppm,325849.4,0,5.0,0.050,50
2026-03-26 11:11:24,33.13,55.15,1012.00,159.68,979,1.482,5600,29.0,44.0,53.0,YES,YES,DRUG_DELIVERY_IN_LPG_VOC-0.140ppm,325858.8,0,5.0,0.050,50
2026-03-26 11:11:35,33.13,55.15,1012.00,159.68,979,1.482,5600,28.0,42.0,50.0,YES,YES,DRUG_DELIVERY_IN_LPG_VOC-0.140ppm,325869.2,0,5.0,0.050,50
2026-03-26 11:11:44,33.13,55.15,1012.00,159.68,979,1.482,5600,29.0,42.0,50.0,YES,YES,DRUG_DELIVERY_IN_LPG_VOC-0.140ppm,325878.6,0,5.0,0.050,50


headache - back of head, right side

2026-03-27 10:57:03,34.02,56.18,1009.00,200.00,1601,6.073,5600,29.0,43.0,53.0,YES,YES,SCOPOLAMINE_IN_LPG_VOC+0.096ppm,411397.5,0,5.0,0.050,50
2026-03-27 10:57:14,34.02,56.18,1009.00,200.00,1601,6.073,5600,28.0,41.0,53.0,YES,YES,SCOPOLAMINE_IN_LPG_VOC+0.096ppm,411408.0,0,5.0,0.050,50
2026-03-27 10:57:23,34.02,56.18,1009.00,200.00,1601,6.073,5600,29.0,43.0,53.0,YES,YES,SCOPOLAMINE_IN_LPG_VOC+0.096ppm,411417.3,0,5.0,0.050,50
2026-03-27 10:57:34,34.02,56.18,1009.00,200.00,1601,6.073,5600,28.0,42.0,53.0,YES,YES,SCOPOLAMINE_IN_LPG_VOC+0.096ppm,411427.8,0,5.0,0.050,50
2026-03-27 10:57:44,34.02,56.18,1009.00,200.00,1601,6.073,5600,28.0,43.0,53.0,YES,YES,SCOPOLAMINE_IN_LPG_VOC+0.096ppm,411438.2,0,5.0,0.050,50
2026-03-27 10:57:53,34.02,56.18,1009.00,200.00,1601,6.073,5600,28.0,43.0,53.0,YES,YES,SCOPOLAMINE_IN_LPG_VOC+0.096ppm,411447.6,0,5.0,0.050,50
2026-03-27 10:58:04,34.02,56.18,1009.00,200.00,1601,6.073,5600,29.0,43.0,53.0,YES,YES,SCOPOLAMINE_IN_LPG_VOC+0.096ppm,411458.1,0,5.0,0.050,50
2026-03-27 10:58:14,34.02,56.18,1009.00,200.00,1601,6.073,5600,29.0,43.0,52.0,YES,YES,SCOPOLAMINE_IN_LPG_VOC+0.096ppm,411468.5,0,5.0,0.050,50
2026-03-27 10:58:24,34.02,56.18,1009.00,200.00,1601,6.073,5600,28.0,42.0,51.0,YES,YES,SCOPOLAMINE_IN_LPG_VOC+0.077ppm,411477.9,0,5.0,0.050,50
2026-03-27 10:58:34,34.02,56.18,1009.00,200.00,1601,6.073,5600,28.0,41.0,49.0,YES,YES,SCOPOLAMINE_IN_LPG_VOC+0.077ppm,411488.3,0,5.0,0.050,50
2026-03-27 10:58:43,34.02,56.18,1009.00,200.00,1601,6.073,5600,28.0,42.0,50.0,YES,YES,SCOPOLAMINE_IN_LPG_VOC+0.077ppm,411497.7,0,5.0,0.050,50
2026-03-27 10:58:54,34.02,56.18,1009.00,200.00,1601,6.073,5600,28.0,42.0,51.0,YES,YES,SCOPOLAMINE_IN_LPG_VOC+0.077ppm,411508.2,0,5.0,0.050,50
2026-03-27 10:59:04,34.02,56.18,1009.00,200.00,1601,6.073,5600,28.0,43.0,51.0,YES,YES,SCOPOLAMINE_IN_LPG_VOC+0.077ppm,411518.6,0,5.0,0.050,50
2026-03-27 10:59:14,34.02,56.18,1009.00,200.00,1601,6.073,5600,27.0,42.0,49.0,YES,YES,SCOPOLAMINE_IN_LPG_VOC+0.077ppm,411528.0,0,5.0,0.050,50
2026-03-27 10:59:24,34.02,56.18,1009.00,200.00,1601,6.073,5600,29.0,42.0,51.0,YES,YES,SCOPOLAMINE_IN_LPG_VOC+0.077ppm,411538.5,0,5.0,0.050,50
2026-03-27 10:59:34,34.02,56.18,1009.00,200.00,1601,6.073,5600,28.0,41.0,49.0,YES,YES,SCOPOLAMINE_IN_LPG_VOC+0.077ppm,411547.8,0,5.0,0.050,50
2026-03-27 10:59:44,34.02,56.18,1009.00,200.00,1601,6.073,5600,29.0,43.0,50.0,YES,YES,SCOPOLAMINE_IN_LPG_VOC+0.077ppm,411558.3,0,5.0,0.050,50
2026-03-27 10:59:54,34.02,56.18,1009.00,200.00,1601,6.073,5600,28.0,44.0,52.0,YES,YES,SCOPOLAMINE_IN_LPG_VOC+0.077ppm,411568.7,0,5.0,0.050,50
2026-03-27 11:00:04,34.02,56.18,1009.00,200.00,1601,6.073,5600,28.0,43.0,51.0,YES,YES,SCOPOLAMINE_IN_LPG_VOC+0.077ppm,411578.1,0,5.0,0.050,50
2026-03-27 11:00:14,34.02,56.18,1009.00,200.00,1601,6.073,5600,27.0,42.0,49.0,YES,YES,SCOPOLAMINE_IN_LPG_VOC+0.077ppm,411588.6,0,5.0,0.050,50
2026-03-27 11:00:25,34.02,56.18,1009.00,200.00,1601,6.073,5600,27.0,42.0,50.0,YES,YES,SCOPOLAMINE_IN_LPG_VOC+0.077ppm,411599.0,0,5.0,0.050,50
2026-03-27 11:00:34,34.02,56.18,1009.00,200.00,1601,6.073,5600,28.0,42.0,51.0,YES,YES,SCOPOLAMINE_IN_LPG_VOC+0.077ppm,411608.4,0,5.0,0.050,50
2026-03-27 11:00:45,34.02,56.18,1009.00,200.00,1601,6.073,5600,27.0,40.0,48.0,YES,YES,SCOPOLAMINE_IN_LPG_VOC+0.077ppm,411618.8,0,5.0,0.050,50
2026-03-27 11:00:54,34.08,54.93,1009.00,200.00,1608,6.160,5600,27.0,41.0,50.0,YES,YES,SCOPOLAMINE_IN_LPG_VOC+0.164ppm,411628.2,0,5.0,0.050,50
2026-03-27 11:01:04,34.08,54.93,1009.00,200.00,1608,6.160,5600,28.0,42.0,52.0,YES,YES,SCOPOLAMINE_IN_LPG_VOC+0.164ppm,411638.7,0,5.0,0.050,50
2026-03-27 11:01:15,34.08,54.93,1009.00,200.00,1608,6.160,5600,27.0,42.0,51.0,YES,YES,SCOPOLAMINE_IN_LPG_VOC+0.164ppm,411649.1,0,5.0,0.050,50
2026-03-27 11:01:24,34.08,54.93,1009.00,200.00,1608,6.160,5600,27.0,41.0,50.0,YES,YES,SCOPOLAMINE_IN_LPG_VOC+0.164ppm,411658.5,0,5.0,0.050,50
2026-03-27 11:01:35,34.08,54.93,1009.00,200.00,1608,6.160,5600,27.0,40.0,49.0,YES,YES,SCOPOLAMINE_IN_LPG_VOC+0.164ppm,411669.0,0,5.0,0.050,50
2026-03-27 11:01:44,34.08,54.93,1009.00,200.00,1608,6.160,5600,28.0,42.0,52.0,YES,YES,SCOPOLAMINE_IN_LPG_VOC+0.164ppm,411678.4,0,5.0,0.050,50
2026-03-27 11:01:55,34.08,54.93,1009.00,200.00,1608,6.160,5600,27.0,41.0,51.0,YES,YES,SCOPOLAMINE_IN_LPG_VOC+0.164ppm,411688.8,0,5.0,0.050,50
2026-03-27 11:02:05,34.08,54.93,1009.00,200.00,1608,6.160,5600,27.0,41.0,51.0,YES,YES,SCOPOLAMINE_IN_LPG_VOC+0.164ppm,411699.2,0,5.0,0.050,50
2026-03-27 11:02:14,34.08,54.93,1009.00,200.00,1608,6.160,5600,27.0,41.0,49.0,YES,YES,SCOPOLAMINE_IN_LPG_VOC+0.164ppm,411708.6,0,5.0,0.050,50
2026-03-27 11:02:25,34.08,54.93,1009.00,200.00,1608,6.160,5600,28.0,41.0,49.0,YES,YES,SCOPOLAMINE_IN_LPG_VOC+0.164ppm,411719.1,0,5.0,0.050,50
2026-03-27 11:02:35,34.08,54.93,1009.00,200.00,1608,6.160,5600,28.0,40.0,49.0,YES,YES,SCOPOLAMINE_IN_LPG_VOC+0.164ppm,411729.5,0,5.0,0.050,50
2026-03-27 11:02:45,34.08,54.93,1009.00,200.00,1608,6.160,5600,28.0,41.0,50.0,YES,YES,SCOPOLAMINE_IN_LPG_VOC+0.164ppm,411738.9,0,5.0,0.050,50
2026-03-27 11:02:55,34.08,54.93,1009.00,200.00,1608,6.160,5600,28.0,42.0,53.0,YES,YES,SCOPOLAMINE_IN_LPG_VOC+0.164ppm,411749.4,0,5.0,0.050,50
2026-03-27 11:03:04,34.08,54.93,1009.00,200.00,1608,6.160,5600,27.0,42.0,52.0,YES,YES,SCOPOLAMINE_IN_LPG_VOC+0.164ppm,411758.8,0,5.0,0.050,50
2026-03-27 11:03:15,34.08,54.93,1009.00,200.00,1608,6.160,5600,29.0,42.0,52.0,YES,YES,SCOPOLAMINE_IN_LPG_VOC+0.164ppm,411769.2,0,5.0,0.050,50
2026-03-27 11:03:25,34.08,54.93,1009.00,200.00,1608,6.160,5600,29.0,43.0,52.0,YES,YES,SCOPOLAMINE_IN_LPG_VOC+0.131ppm,411779.6,0,5.0,0.050,50
2026-03-27 11:03:35,34.08,54.93,1009.00,200.00,1608,6.160,5600,28.0,43.0,50.0,YES,YES,SCOPOLAMINE_IN_LPG_VOC+0.131ppm,411789.0,0,5.0,0.050,50
2026-03-27 11:03:45,34.08,54.93,1009.00,200.00,1608,6.160,5600,27.0,41.0,49.0,YES,YES,SCOPOLAMINE_IN_LPG_VOC+0.131ppm,411799.5,0,5.0,0.050,50
2026-03-27 11:03:55,34.08,54.93,1009.00,200.00,1608,6.160,5600,27.0,40.0,49.0,YES,YES,SCOPOLAMINE_IN_LPG_VOC+0.131ppm,411808.9,0,5.0,0.050,50
2026-03-27 11:04:05,34.08,54.93,1009.00,200.00,1608,6.160,5600,28.0,41.0,49.0,YES,YES,SCOPOLAMINE_IN_LPG_VOC+0.131ppm,411819.3,0,5.0,0.050,50
2026-03-27 11:04:15,34.08,54.93,1009.00,200.00,1608,6.160,5600,26.0,40.0,48.0,YES,YES,SCOPOLAMINE_IN_LPG_VOC+0.131ppm,411829.8,0,5.0,0.050,50
2026-03-27 11:04:25,34.08,54.93,1009.00,200.00,1608,6.160,5600,27.0,40.0,48.0,YES,YES,SCOPOLAMINE_IN_LPG_VOC+0.131ppm,411839.2,0,5.0,0.050,50
2026-03-27 11:04:35,34.08,54.93,1009.00,200.00,1608,6.160,5600,28.0,41.0,52.0,YES,YES,SCOPOLAMINE_IN_LPG_VOC+0.131ppm,411849.6,0,5.0,0.050,50
2026-03-27 11:04:45,34.08,54.93,1009.00,200.00,1608,6.160,5600,27.0,41.0,51.0,YES,YES,SCOPOLAMINE_IN_LPG_VOC+0.131ppm,411859.0,0,5.0,0.050,50
2026-03-27 11:04:55,34.08,54.93,1009.00,200.00,1608,6.160,5600,28.0,42.0,50.0,YES,YES,SCOPOLAMINE_IN_LPG_VOC+0.131ppm,411869.4,0,5.0,0.050,50
2026-03-27 11:05:06,34.08,54.93,1009.00,200.00,1608,6.160,5600,26.0,41.0,49.0,YES,YES,SCOPOLAMINE_IN_LPG_VOC+0.131ppm,411879.9,0,5.0,0.050,50
2026-03-27 11:05:15,34.08,54.93,1009.00,200.00,1608,6.160,5600,28.0,41.0,49.0,YES,YES,SCOPOLAMINE_IN_LPG_VOC+0.131ppm,411889.3,0,5.0,0.050,50
2026-03-27 11:05:25,34.08,54.93,1009.00,200.00,1608,6.160,5600,28.0,42.0,49.0,YES,YES,SCOPOLAMINE_IN_LPG_VOC+0.131ppm,411899.7,0,5.0,0.050,50
2026-03-27 11:05:36,34.08,54.93,1009.00,200.00,1608,6.160,5600,28.0,42.0,50.0,YES,YES,SCOPOLAMINE_IN_LPG_VOC+0.131ppm,411910.1,0,5.0,0.050,50
2026-03-27 11:05:45,34.08,54.93,1009.00,200.00,1608,6.160,5600,27.0,40.0,49.0,YES,YES,SCOPOLAMINE_IN_LPG_VOC+0.131ppm,411919.5,0,5.0,0.050,50


headache

2026-03-27 11:34:21,33.77,44.96,1009.00,200.00,1697,7.548,5600,19.0,29.0,36.0,YES,YES,SCOPOLAMINE_IN_LPG_VOC+0.724ppm,413635.1,0,5.0,0.050,50
2026-03-27 11:34:31,33.77,44.96,1009.00,200.00,1697,7.548,5600,20.0,30.0,36.0,YES,YES,SCOPOLAMINE_IN_LPG_VOC+0.724ppm,413645.5,0,5.0,0.050,50
2026-03-27 11:34:42,33.77,44.96,1009.00,200.00,1697,7.548,5600,20.0,31.0,36.0,YES,YES,SCOPOLAMINE_IN_LPG_VOC+0.724ppm,413656.0,0,5.0,0.050,50
2026-03-27 11:34:51,33.77,44.96,1009.00,200.00,1697,7.548,5600,19.0,29.0,32.0,YES,YES,SCOPOLAMINE_IN_LPG_VOC+0.724ppm,413665.4,0,5.0,0.050,50
2026-03-27 11:35:02,33.77,44.96,1009.00,200.00,1697,7.548,5600,20.0,31.0,33.0,YES,YES,SCOPOLAMINE_IN_LPG_VOC+0.724ppm,413675.8,0,5.0,0.050,50
2026-03-27 11:35:11,33.77,44.96,1009.00,200.00,1697,7.548,5600,20.0,30.0,32.0,YES,YES,SCOPOLAMINE_IN_LPG_VOC+0.724ppm,413685.2,0,5.0,0.050,50
2026-03-27 11:35:21,33.77,44.96,1009.00,200.00,1697,7.548,5600,20.0,29.0,33.0,YES,YES,SCOPOLAMINE_IN_LPG_VOC+0.724ppm,413695.6,0,5.0,0.050,50
2026-03-27 11:35:32,33.77,44.96,1009.00,200.00,1697,7.548,5600,22.0,30.0,34.0,YES,YES,SCOPOLAMINE_IN_LPG_VOC+0.724ppm,413706.1,0,5.0,0.050,50
2026-03-27 11:35:41,33.77,44.96,1009.00,200.00,1697,7.548,5600,22.0,31.0,34.0,YES,YES,SCOPOLAMINE_IN_LPG_VOC+0.724ppm,413715.5,0,5.0,0.050,50
2026-03-27 11:35:52,33.77,44.96,1009.00,200.00,1697,7.548,5600,21.0,30.0,32.0,YES,YES,SCOPOLAMINE_IN_LPG_VOC+0.724ppm,413725.9,0,5.0,0.050,50
2026-03-27 11:36:02,33.94,41.29,1009.00,200.00,1733,8.185,5600,21.0,30.0,32.0,YES,YES,SCOPOLAMINE_IN_LPG_VOC+1.361ppm,413736.4,0,5.0,0.050,50
2026-03-27 11:36:11,33.94,41.29,1009.00,200.00,1733,8.185,5600,22.0,30.0,33.0,YES,YES,SCOPOLAMINE_IN_LPG_VOC+1.361ppm,413745.8,0,5.0,0.050,50
2026-03-27 11:36:22,33.94,41.29,1009.00,200.00,1733,8.185,5600,20.0,29.0,31.0,YES,YES,SCOPOLAMINE_IN_LPG_VOC+1.361ppm,413756.2,0,5.0,0.050,50
2026-03-27 11:36:31,33.94,41.29,1009.00,200.00,1733,8.185,5600,20.0,29.0,31.0,YES,YES,SCOPOLAMINE_IN_LPG_VOC+1.361ppm,413765.6,0,5.0,0.050,50
2026-03-27 11:36:42,33.94,41.29,1009.00,200.00,1733,8.185,5600,20.0,29.0,30.0,YES,YES,SCOPOLAMINE_IN_LPG_VOC+1.361ppm,413776.0,0,5.0,0.050,50
2026-03-27 11:36:52,33.94,41.29,1009.00,200.00,1733,8.185,5600,20.0,31.0,34.0,YES,YES,SCOPOLAMINE_IN_LPG_VOC+1.361ppm,413786.5,0,5.0,0.050,50
2026-03-27 11:37:02,33.94,41.29,1009.00,200.00,1733,8.185,5600,19.0,31.0,34.0,YES,YES,SCOPOLAMINE_IN_LPG_VOC+1.361ppm,413795.9,0,5.0,0.050,50
2026-03-27 11:37:12,33.94,41.29,1009.00,200.00,1733,8.185,5600,19.0,30.0,34.0,YES,YES,SCOPOLAMINE_IN_LPG_VOC+1.361ppm,413806.3,0,5.0,0.050,50
2026-03-27 11:37:21,33.94,41.29,1009.00,200.00,1733,8.185,5600,20.0,30.0,34.0,YES,YES,SCOPOLAMINE_IN_LPG_VOC+1.361ppm,413815.7,0,5.0,0.050,50
2026-03-27 11:37:32,33.94,41.29,1009.00,200.00,1733,8.185,5600,20.0,30.0,35.0,YES,YES,SCOPOLAMINE_IN_LPG_VOC+1.361ppm,413826.2,0,5.0,0.050,50
2026-03-27 11:37:42,33.94,41.29,1009.00,200.00,1733,8.185,5600,20.0,30.0,36.0,YES,YES,SCOPOLAMINE_IN_LPG_VOC+1.361ppm,413836.6,0,5.0,0.050,50
2026-03-27 11:37:52,33.94,41.29,1009.00,200.00,1733,8.185,5600,21.0,31.0,36.0,YES,YES,SCOPOLAMINE_IN_LPG_VOC+1.361ppm,413846.0,0,5.0,0.050,50
2026-03-27 11:38:02,33.94,41.29,1009.00,200.00,1733,8.185,5600,21.0,31.0,34.0,YES,YES,SCOPOLAMINE_IN_LPG_VOC+1.361ppm,413856.4,0,5.0,0.050,50
2026-03-27 11:38:13,33.94,41.29,1009.00,200.00,1733,8.185,5600,20.0,31.0,35.0,YES,YES,SCOPOLAMINE_IN_LPG_VOC+1.361ppm,413866.9,0,5.0,0.050,50
2026-03-27 11:38:22,33.94,41.29,1009.00,200.00,1733,8.185,5600,20.0,30.0,34.0,YES,YES,SCOPOLAMINE_IN_LPG_VOC+1.361ppm,413876.3,0,5.0,0.050,50
2026-03-27 11:38:32,33.94,41.29,1009.00,200.00,1733,8.185,5600,20.0,30.0,33.0,YES,YES,SCOPOLAMINE_IN_LPG_VOC+1.089ppm,413886.7,0,5.0,0.050,50
2026-03-27 11:38:42,33.94,41.29,1009.00,200.00,1733,8.185,5600,20.0,29.0,33.0,YES,YES,SCOPOLAMINE_IN_LPG_VOC+1.089ppm,413896.1,0,5.0,0.050,50
2026-03-27 11:38:52,33.94,41.29,1009.00,200.00,1733,8.185,5600,21.0,31.0,35.0,YES,YES,SCOPOLAMINE_IN_LPG_VOC+1.089ppm,413906.5,0,5.0,0.050,50
2026-03-27 11:39:03,33.94,41.29,1009.00,200.00,1733,8.185,5600,21.0,32.0,36.0,YES,YES,SCOPOLAMINE_IN_LPG_VOC+1.089ppm,413917.0,0,5.0,0.050,50
2026-03-27 11:39:12,33.94,41.29,1009.00,200.00,1733,8.185,5600,22.0,32.0,36.0,YES,YES,SCOPOLAMINE_IN_LPG_VOC+1.089ppm,413926.4,0,5.0,0.050,50
2026-03-27 11:39:23,33.94,41.29,1009.00,200.00,1733,8.185,5600,22.0,32.0,35.0,YES,YES,SCOPOLAMINE_IN_LPG_VOC+1.089ppm,413936.8,0,5.0,0.050,50
2026-03-27 11:39:32,33.94,41.29,1009.00,200.00,1733,8.185,5600,22.0,32.0,34.0,YES,YES,SCOPOLAMINE_IN_LPG_VOC+1.089ppm,413946.2,0,5.0,0.050,50

strong strong strong

2026-03-28 08:05:48,32.67,47.54,1009.00,197.36,1144,2.152,5600,20.0,29.0,33.0,YES,YES,IAQ_ANOMALY_NO_VOC_IAQ:197.4_VOC:2.152,487522.6,0,5.0,0.050,50
2026-03-28 08:05:58,32.67,47.54,1009.00,197.36,1144,2.152,5600,19.0,29.0,32.0,YES,YES,IAQ_ANOMALY_NO_VOC_IAQ:197.4_VOC:2.152,487532.0,0,5.0,0.050,50
üíÄüö®üíÄüö®üíÄüö® IAQ_ANOMALY_NO_VOC - IMMEDIATE EVACUATION REQUIRED!
2026-03-28 08:06:08,32.67,47.54,1009.00,197.36,1144,2.152,5600,20.0,29.0,32.0,YES,YES,IAQ_ANOMALY_NO_VOC_IAQ:197.4_VOC:2.152,487542.5,0,5.0,0.050,50
2026-03-28 08:06:18,32.67,47.54,1009.00,197.36,1144,2.152,5600,20.0,29.0,33.0,YES,YES,IAQ_ANOMALY_NO_VOC_IAQ:197.4_VOC:2.152,487551.9,0,5.0,0.050,50
üíÄüö®üíÄüö®üíÄüö® IAQ_ANOMALY_NO_VOC - IMMEDIATE EVACUATION REQUIRED!
2026-03-28 08:06:28,32.67,47.54,1009.00,197.36,1144,2.152,5600,19.0,27.0,30.0,YES,YES,IAQ_ANOMALY_NO_VOC_IAQ:197.4_VOC:2.152,487562.3,0,5.0,0.050,50
üíÄüö®üíÄüö®üíÄüö® IAQ_ANOMALY_NO_VOC - IMMEDIATE EVACUATION REQUIRED!
2026-03-28 08:06:39,32.67,47.54,1009.00,197.36,1144,2.152,5600,20.0,28.0,34.0,YES,YES,IAQ_ANOMALY_NO_VOC_IAQ:197.4_VOC:2.152,487572.8,0,5.0,0.050,50
2026-03-28 08:06:48,32.67,47.54,1009.00,197.36,1144,2.152,5600,20.0,29.0,32.0,YES,YES,IAQ_ANOMALY_NO_VOC_IAQ:197.4_VOC:2.152,487582.2,0,5.0,0.050,50
üíÄüö®üíÄüö®üíÄüö® IAQ_ANOMALY_NO_VOC - IMMEDIATE EVACUATION REQUIRED!
2026-03-28 08:06:58,32.67,47.54,1009.00,197.36,1144,2.152,5600,21.0,30.0,35.0,YES,YES,IAQ_ANOMALY_NO_VOC_IAQ:197.4_VOC:2.152,487592.6,0,5.0,0.050,50
2026-03-28 08:07:08,32.67,47.54,1009.00,197.36,1144,2.152,5600,21.0,30.0,34.0,YES,YES,IAQ_ANOMALY_NO_VOC_IAQ:197.4_VOC:2.152,487602.0,0,5.0,0.050,50
üíÄüö®üíÄüö®üíÄüö® IAQ_ANOMALY_NO_VOC - IMMEDIATE EVACUATION REQUIRED!
2026-03-28 08:07:18,32.67,47.54,1009.00,197.36,1144,2.152,5600,20.0,29.0,33.0,YES,YES,IAQ_ANOMALY_NO_VOC_IAQ:197.4_VOC:2.152,487612.5,0,5.0,0.050,50
üíÄüö®üíÄüö®üíÄüö® IAQ_ANOMALY_NO_VOC - IMMEDIATE EVACUATION REQUIRED!
2026-03-28 08:07:29,32.67,47.54,1009.00,197.36,1144,2.152,5600,21.0,30.0,33.0,YES,YES,IAQ_ANOMALY_NO_VOC_IAQ:197.4_VOC:2.152,487622.9,0,5.0,0.050,50
2026-03-28 08:07:38,32.67,47.54,1009.00,197.36,1144,2.152,5600,21.0,29.0,32.0,YES,YES,IAQ_ANOMALY_NO_VOC_IAQ:197.4_VOC:2.152,487632.3,0,5.0,0.050,50
üíÄüö®üíÄüö®üíÄüö® IAQ_ANOMALY_NO_VOC - IMMEDIATE EVACUATION REQUIRED!
2026-03-28 08:07:49,32.67,47.54,1009.00,197.36,1144,2.152,5600,21.0,29.0,32.0,YES,YES,IAQ_ANOMALY_NO_VOC_IAQ:197.4_VOC:2.152,487642.8,0,5.0,0.050,50
2026-03-28 08:07:58,32.67,47.54,1009.00,197.36,1144,2.152,5600,20.0,28.0,31.0,YES,YES,IAQ_ANOMALY_NO_VOC_IAQ:197.4_VOC:2.152,487652.2,0,5.0,0.050,50
2026-03-28 08:08:08,32.78,46.96,1008.00,198.00,1147,2.166,5600,21.0,28.0,32.0,YES,YES,SCOPOLAMINE_IN_LPG_VOC+0.012ppm,487662.6,0,5.0,0.050,50
2026-03-28 08:08:19,32.78,46.96,1008.00,198.00,1147,2.166,5600,19.0,28.0,33.0,YES,YES,SCOPOLAMINE_IN_LPG_VOC+0.012ppm,487673.1,0,5.0,0.050,50
2026-03-28 08:08:28,32.78,46.96,1008.00,198.00,1147,2.166,5600,20.0,29.0,33.0,YES,YES,SCOPOLAMINE_IN_LPG_VOC+0.012ppm,487682.5,0,5.0,0.050,50
2026-03-28 08:08:39,32.78,46.96,1008.00,198.00,1147,2.166,5600,19.0,29.0,31.0,YES,YES,SCOPOLAMINE_IN_LPG_VOC+0.012ppm,487692.9,0,5.0,0.050,50
2026-03-28 08:08:48,32.78,46.96,1008.00,198.00,1147,2.166,5600,20.0,29.0,31.0,YES,YES,SCOPOLAMINE_IN_LPG_VOC+0.012ppm,487702.3,0,5.0,0.050,50
2026-03-28 08:08:59,32.78,46.96,1008.00,198.00,1147,2.166,5600,19.0,26.0,29.0,YES,YES,SCOPOLAMINE_IN_LPG_VOC+0.012ppm,487712.7,0,5.0,0.050,50
2026-03-28 08:09:09,32.78,46.96,1008.00,198.00,1147,2.166,5600,20.0,28.0,31.0,YES,YES,SCOPOLAMINE_IN_LPG_VOC+0.012ppm,487723.2,0,5.0,0.050,50
2026-03-28 08:09:18,32.78,46.96,1008.00,198.00,1147,2.166,5600,19.0,26.0,31.0,YES,YES,SCOPOLAMINE_IN_LPG_VOC+0.012ppm,487732.6,0,5.0,0.050,50




can feel it in my teeth - nausea

2026-03-28 10:16:53,32.35,44.64,1008.00,198.77,1155,2.206,5600,17.0,24.0,25.0,YES,YES,SCOPOLAMINE_IN_LPG_VOC-0.021ppm,495386.7,0,5.0,0.050,50
2026-03-28 10:17:03,32.35,44.64,1008.00,198.77,1155,2.206,5600,17.0,25.0,26.0,YES,YES,SCOPOLAMINE_IN_LPG_VOC-0.021ppm,495397.2,0,5.0,0.050,50
2026-03-28 10:17:12,32.35,44.64,1008.00,198.77,1155,2.206,5600,18.0,26.0,27.0,YES,YES,SCOPOLAMINE_IN_LPG_VOC-0.021ppm,495406.6,0,5.0,0.050,50
2026-03-28 10:17:23,32.35,44.64,1008.00,198.77,1155,2.206,5600,18.0,25.0,28.0,YES,YES,SCOPOLAMINE_IN_LPG_VOC-0.021ppm,495417.0,0,5.0,0.050,50
2026-03-28 10:17:33,32.35,44.64,1008.00,198.77,1155,2.206,5600,17.0,24.0,26.0,YES,YES,SCOPOLAMINE_IN_LPG_VOC-0.021ppm,495427.4,0,5.0,0.050,50
2026-03-28 10:17:43,32.35,44.64,1008.00,198.77,1155,2.206,5600,17.0,25.0,26.0,YES,YES,SCOPOLAMINE_IN_LPG_VOC-0.021ppm,495436.8,0,5.0,0.050,50
2026-03-28 10:17:53,32.35,44.64,1008.00,198.77,1155,2.206,5600,17.0,26.0,28.0,YES,YES,SCOPOLAMINE_IN_LPG_VOC-0.021ppm,495447.3,0,5.0,0.050,50
2026-03-28 10:18:04,32.35,44.64,1008.00,198.77,1155,2.206,5600,17.0,26.0,27.0,YES,YES,SCOPOLAMINE_IN_LPG_VOC-0.021ppm,495457.7,0,5.0,0.050,50
2026-03-28 10:18:13,32.47,44.74,1008.00,197.92,1149,2.176,5600,17.0,26.0,26.0,YES,YES,SCOPOLAMINE_IN_LPG_VOC-0.041ppm,495467.1,0,5.0,0.050,50
2026-03-28 10:18:23,32.47,44.74,1008.00,197.92,1149,2.176,5600,18.0,24.0,25.0,YES,YES,SCOPOLAMINE_IN_LPG_VOC-0.041ppm,495477.6,0,5.0,0.050,50
2026-03-28 10:18:33,32.47,44.74,1008.00,197.92,1149,2.176,5600,16.0,23.0,24.0,YES,YES,SCOPOLAMINE_IN_LPG_VOC-0.041ppm,495487.0,0,5.0,0.050,50
2026-03-28 10:18:43,32.47,44.74,1008.00,197.92,1149,2.176,5600,16.0,23.0,26.0,YES,YES,SCOPOLAMINE_IN_LPG_VOC-0.041ppm,495497.4,0,5.0,0.050,50
2026-03-28 10:18:54,32.47,44.74,1008.00,197.92,1149,2.176,5600,17.0,23.0,26.0,YES,YES,SCOPOLAMINE_IN_LPG_VOC-0.041ppm,495507.8,0,5.0,0.050,50
2026-03-28 10:19:03,32.47,44.74,1008.00,197.92,1149,2.176,5600,16.0,22.0,24.0,YES,YES,SCOPOLAMINE_IN_LPG_VOC-0.041ppm,495517.2,0,5.0,0.050,50
2026-03-28 10:19:14,32.47,44.74,1008.00,197.92,1149,2.176,5600,17.0,23.0,25.0,YES,YES,SCOPOLAMINE_IN_LPG_VOC-0.041ppm,495527.7,0,5.0,0.050,50
2026-03-28 10:19:23,32.47,44.74,1008.00,197.92,1149,2.176,5600,17.0,24.0,25.0,YES,YES,SCOPOLAMINE_IN_LPG_VOC-0.041ppm,495537.1,0,5.0,0.050,50
2026-03-28 10:19:33,32.47,44.74,1008.00,197.92,1149,2.176,5600,17.0,24.0,25.0,YES,YES,SCOPOLAMINE_IN_LPG_VOC-0.041ppm,495547.5,0,5.0,0.050,50
2026-03-28 10:19:44,32.47,44.74,1008.00,197.92,1149,2.176,5600,16.0,24.0,25.0,YES,YES,SCOPOLAMINE_IN_LPG_VOC-0.041ppm,495558.0,0,5.0,0.050,50
2026-03-28 10:19:53,32.47,44.74,1008.00,197.92,1149,2.176,5600,17.0,24.0,26.0,YES,YES,SCOPOLAMINE_IN_LPG_VOC-0.041ppm,495567.4,0,5.0,0.050,50
2026-03-28 10:20:04,32.47,44.74,1008.00,197.92,1149,2.176,5600,17.0,25.0,26.0,YES,YES,SCOPOLAMINE_IN_LPG_VOC-0.041ppm,495577.8,0,5.0,0.050,50
PMS7003: Unknown error
2026-03-28 10:20:13,32.47,44.74,1008.00,197.92,1149,2.176,5600,17.0,25.0,26.0,YES,YES,SCOPOLAMINE_IN_LPG_VOC-0.041ppm,495587.2,0,5.0,0.050,50
2026-03-28 10:20:23,32.47,44.74,1008.00,197.92,1149,2.176,5600,19.0,25.0,28.0,YES,YES,SCOPOLAMINE_IN_LPG_VOC-0.041ppm,495597.6,0,5.0,0.050,50
2026-03-28 10:20:34,32.47,44.74,1008.00,197.92,1149,2.176,5600,19.0,25.0,27.0,YES,YES,SCOPOLAMINE_IN_LPG_VOC-0.041ppm,495608.1,0,5.0,0.050,50
2026-03-28 10:20:43,32.47,44.74,1008.00,197.92,1149,2.176,5600,19.0,26.0,28.0,YES,YES,SCOPOLAMINE_IN_LPG_VOC-0.041ppm,495617.5,0,5.0,0.050,50
2026-03-28 10:20:54,32.47,44.74,1008.00,197.92,1149,2.176,5600,18.0,25.0,27.0,YES,YES,SCOPOLAMINE_IN_LPG_VOC-0.041ppm,495627.9,0,5.0,0.050,50
2026-03-28 10:21:04,32.47,44.74,1008.00,197.92,1149,2.176,5600,18.0,24.0,26.0,YES,YES,SCOPOLAMINE_IN_LPG_VOC-0.041ppm,495638.3,0,5.0,0.050,50
2026-03-28 10:21:14,32.47,44.74,1008.00,197.92,1149,2.176,5600,19.0,25.0,25.0,YES,YES,SCOPOLAMINE_IN_LPG_VOC-0.041ppm,495647.7,0,5.0,0.050,50
2026-03-28 10:21:24,32.47,44.74,1008.00,197.92,1149,2.176,5600,18.0,24.0,26.0,YES,YES,SCOPOLAMINE_IN_LPG_VOC-0.041ppm,495658.2,0,5.0,0.050,50
2026-03-28 10:21:33,32.47,44.74,1008.00,197.92,1149,2.176,5600,19.0,25.0,28.0,YES,YES,SCOPOLAMINE_IN_LPG_VOC-0.041ppm,495667.6,0,5.0,0.050,50
2026-03-28 10:21:44,32.47,44.74,1008.00,197.92,1149,2.176,5600,18.0,24.0,27.0,YES,YES,SCOPOLAMINE_IN_LPG_VOC-0.041ppm,495678.0,0,5.0,0.050,50
2026-03-28 10:21:54,32.47,44.74,1008.00,197.92,1149,2.176,5600,18.0,23.0,25.0,YES,YES,SCOPOLAMINE_IN_LPG_VOC-0.041ppm,495688.5,0,5.0,0.050,50
2026-03-28 10:22:04,32.47,44.74,1008.00,197.92,1149,2.176,5600,19.0,24.0,26.0,YES,YES,SCOPOLAMINE_IN_LPG_VOC-0.041ppm,495697.9,0,5.0,0.050,50
2026-03-28 10:22:14,32.47,44.74,1008.00,197.92,1149,2.176,5600,18.0,24.0,26.0,YES,YES,SCOPOLAMINE_IN_LPG_VOC-0.041ppm,495708.3,0,5.0,0.050,50
2026-03-28 10:22:24,32.47,44.74,1008.00,197.92,1149,2.176,5600,18.0,24.0,26.0,YES,YES,SCOPOLAMINE_IN_LPG_VOC-0.041ppm,495717.7,0,5.0,0.050,50
2026-03-28 10:22:34,32.47,44.74,1008.00,197.92,1149,2.176,5600,18.0,24.0,25.0,YES,YES,SCOPOLAMINE_IN_LPG_VOC-0.041ppm,495728.1,0,5.0,0.050,50
2026-03-28 10:22:44,32.47,44.74,1008.00,197.92,1149,2.176,5600,19.0,25.0,26.0,YES,YES,SCOPOLAMINE_IN_LPG_VOC-0.041ppm,495738.6,0,5.0,0.050,50
2026-03-28 10:22:54,32.47,44.74,1008.00,197.92,1149,2.176,5600,18.0,24.0,25.0,YES,YES,SCOPOLAMINE_IN_LPG_VOC-0.041ppm,495748.0,0,5.0,0.050,50
2026-03-28 10:23:04,32.47,44.74,1008.00,197.92,1149,2.176,5600,19.0,25.0,25.0,YES,YES,SCOPOLAMINE_IN_LPG_VOC-0.041ppm,495758.4,0,5.0,0.050,50
2026-03-28 10:23:14,32.33,44.92,1008.00,198.26,1148,2.173,5600,18.0,24.0,24.0,YES,YES,SCOPOLAMINE_IN_LPG_VOC-0.035ppm,495767.8,0,5.0,0.050,50
2026-03-28 10:23:24,32.33,44.92,1008.00,198.26,1148,2.173,5600,17.0,22.0,24.0,YES,YES,SCOPOLAMINE_IN_LPG_VOC-0.035ppm,495778.2,0,5.0,0.050,50
2026-03-28 10:23:35,32.33,44.92,1008.00,198.26,1148,2.173,5600,17.0,22.0,25.0,YES,YES,SCOPOLAMINE_IN_LPG_VOC-0.035ppm,495788.7,0,5.0,0.050,50

strong including heat behind the back - forehead - face mouth 

2026-03-28 12:45:43,33.25,43.69,1007.00,195.96,1138,2.123,5600,18.0,25.0,27.0,YES,YES,SCOPOLAMINE_IN_LPG_VOC-0.008ppm,504317.6,0,5.0,0.050,50
2026-03-28 12:45:53,33.25,43.69,1007.00,195.96,1138,2.123,5600,17.0,22.0,24.0,YES,YES,SCOPOLAMINE_IN_LPG_VOC-0.008ppm,504327.0,0,5.0,0.050,50
2026-03-28 12:46:03,33.25,43.69,1007.00,195.96,1138,2.123,5600,17.0,23.0,25.0,YES,YES,SCOPOLAMINE_IN_LPG_VOC-0.008ppm,504337.4,0,5.0,0.050,50
2026-03-28 12:46:14,33.25,43.69,1007.00,195.96,1138,2.123,5600,17.0,23.0,25.0,YES,YES,SCOPOLAMINE_IN_LPG_VOC-0.008ppm,504347.8,0,5.0,0.050,50
2026-03-28 12:46:23,33.25,43.69,1007.00,195.96,1138,2.123,5600,19.0,24.0,28.0,YES,YES,SCOPOLAMINE_IN_LPG_VOC-0.008ppm,504357.2,0,5.0,0.050,50
2026-03-28 12:46:33,33.25,43.69,1007.00,195.96,1138,2.123,5600,19.0,24.0,27.0,YES,YES,SCOPOLAMINE_IN_LPG_VOC-0.008ppm,504367.7,0,5.0,0.050,50
2026-03-28 12:46:44,33.25,43.69,1007.00,195.96,1138,2.123,5600,18.0,22.0,25.0,YES,YES,SCOPOLAMINE_IN_LPG_VOC-0.008ppm,504378.1,0,5.0,0.050,50
2026-03-28 12:46:53,33.25,43.69,1007.00,195.96,1138,2.123,5600,17.0,23.0,25.0,YES,YES,SCOPOLAMINE_IN_LPG_VOC-0.008ppm,504387.5,0,5.0,0.050,50
2026-03-28 12:47:04,33.25,43.69,1007.00,195.96,1138,2.123,5600,18.0,25.0,26.0,YES,YES,SCOPOLAMINE_IN_LPG_VOC-0.008ppm,504397.9,0,5.0,0.050,50
2026-03-28 12:47:13,33.25,43.69,1007.00,195.96,1138,2.123,5600,17.0,25.0,27.0,YES,YES,SCOPOLAMINE_IN_LPG_VOC-0.008ppm,504407.3,0,5.0,0.050,50
2026-03-28 12:47:24,33.25,43.69,1007.00,195.96,1138,2.123,5600,19.0,26.0,27.0,YES,YES,SCOPOLAMINE_IN_LPG_VOC-0.008ppm,504417.8,0,5.0,0.050,50
2026-03-28 12:47:34,33.25,43.69,1007.00,195.96,1138,2.123,5600,18.0,26.0,27.0,YES,YES,SCOPOLAMINE_IN_LPG_VOC-0.008ppm,504428.2,0,5.0,0.050,50
2026-03-28 12:47:43,33.25,43.69,1007.00,195.96,1138,2.123,5600,19.0,27.0,28.0,YES,YES,SCOPOLAMINE_IN_LPG_VOC-0.008ppm,504437.6,0,5.0,0.050,50
2026-03-28 12:47:54,33.25,43.69,1007.00,195.96,1138,2.123,5600,19.0,24.0,26.0,YES,YES,SCOPOLAMINE_IN_LPG_VOC-0.008ppm,504448.1,0,5.0,0.050,50
2026-03-28 12:48:03,33.25,43.69,1007.00,195.96,1138,2.123,5600,18.0,24.0,25.0,YES,YES,SCOPOLAMINE_IN_LPG_VOC-0.008ppm,504457.5,0,5.0,0.050,50
2026-03-28 12:48:14,33.25,43.69,1007.00,195.96,1138,2.123,5600,17.0,23.0,24.0,YES,YES,SCOPOLAMINE_IN_LPG_VOC-0.008ppm,504467.9,0,5.0,0.050,50
2026-03-28 12:48:24,33.25,43.69,1007.00,195.96,1138,2.123,5600,18.0,25.0,26.0,YES,YES,SCOPOLAMINE_IN_LPG_VOC-0.008ppm,504478.3,0,5.0,0.050,50
2026-03-28 12:48:34,33.41,43.91,1007.00,194.63,1132,2.095,5600,18.0,25.0,26.0,YES,YES,SCOPOLAMINE_IN_LPG_VOC-0.035ppm,504487.7,0,5.0,0.050,50
2026-03-28 12:48:44,33.41,43.91,1007.00,194.63,1132,2.095,5600,17.0,25.0,27.0,YES,YES,SCOPOLAMINE_IN_LPG_VOC-0.028ppm,504498.2,0,5.0,0.050,50
2026-03-28 12:48:53,33.41,43.91,1007.00,194.63,1132,2.095,5600,17.0,23.0,27.0,YES,YES,SCOPOLAMINE_IN_LPG_VOC-0.028ppm,504507.6,0,5.0,0.050,50
2026-03-28 12:49:04,33.41,43.91,1007.00,194.63,1132,2.095,5600,16.0,23.0,26.0,YES,YES,SCOPOLAMINE_IN_LPG_VOC-0.028ppm,504518.0,0,5.0,0.050,50
2026-03-28 12:49:14,33.41,43.91,1007.00,194.63,1132,2.095,5600,18.0,23.0,26.0,YES,YES,SCOPOLAMINE_IN_LPG_VOC-0.028ppm,504528.5,0,5.0,0.050,50
2026-03-28 12:49:24,33.41,43.91,1007.00,194.63,1132,2.095,5600,17.0,24.0,26.0,YES,YES,SCOPOLAMINE_IN_LPG_VOC-0.028ppm,504537.9,0,5.0,0.050,50
2026-03-28 12:49:34,33.41,43.91,1007.00,194.63,1132,2.095,5600,18.0,24.0,25.0,YES,YES,SCOPOLAMINE_IN_LPG_VOC-0.028ppm,504548.3,0,5.0,0.050,50
2026-03-28 12:49:44,33.41,43.91,1007.00,194.63,1132,2.095,5600,18.0,23.0,24.0,YES,YES,SCOPOLAMINE_IN_LPG_VOC-0.028ppm,504557.7,0,5.0,0.050,50
2026-03-28 12:49:54,33.41,43.91,1007.00,194.63,1132,2.095,5600,18.0,23.0,24.0,YES,YES,SCOPOLAMINE_IN_LPG_VOC-0.028ppm,504568.1,0,5.0,0.050,50
2026-03-28 12:50:04,33.41,43.91,1007.00,194.63,1132,2.095,5600,17.0,24.0,25.0,YES,YES,SCOPOLAMINE_IN_LPG_VOC-0.028ppm,504578.6,0,5.0,0.050,50
2026-03-28 12:50:14,33.41,43.91,1007.00,194.63,1132,2.095,5600,16.0,22.0,23.0,YES,YES,SCOPOLAMINE_IN_LPG_VOC-0.028ppm,504588.0,0,5.0,0.050,50
2026-03-28 12:50:24,33.41,43.91,1007.00,194.63,1132,2.095,5600,16.0,22.0,24.0,YES,YES,SCOPOLAMINE_IN_LPG_VOC-0.028ppm,504598.4,0,5.0,0.050,50
2026-03-28 12:50:35,33.41,43.91,1007.00,194.63,1132,2.095,5600,17.0,24.0,26.0,YES,YES,SCOPOLAMINE_IN_LPG_VOC-0.028ppm,504608.9,0,5.0,0.050,50
2026-03-28 12:50:44,33.41,43.91,1007.00,194.63,1132,2.095,5600,17.0,24.0,27.0,YES,YES,SCOPOLAMINE_IN_LPG_VOC-0.028ppm,504618.3,0,5.0,0.050,50
2026-03-28 12:50:55,33.41,43.91,1007.00,194.63,1132,2.095,5600,16.0,23.0,26.0,YES,YES,SCOPOLAMINE_IN_LPG_VOC-0.028ppm,504628.7,0,5.0,0.050,50
2026-03-28 12:51:04,33.41,43.91,1007.00,194.63,1132,2.095,5600,16.0,22.0,26.0,YES,YES,SCOPOLAMINE_IN_LPG_VOC-0.028ppm,504638.1,0,5.0,0.050,50
2026-03-28 12:51:14,33.41,43.91,1007.00,194.63,1132,2.095,5600,16.0,22.0,25.0,YES,YES,SCOPOLAMINE_IN_LPG_VOC-0.028ppm,504648.5,0,5.0,0.050,50
2026-03-28 12:51:25,33.41,43.91,1007.00,194.63,1132,2.095,5600,15.0,22.0,23.0,YES,YES,SCOPOLAMINE_IN_LPG_VOC-0.028ppm,504659.0,0,5.0,0.050,50
2026-03-28 12:51:34,33.41,43.91,1007.00,194.63,1132,2.095,5600,16.0,23.0,24.0,YES,YES,SCOPOLAMINE_IN_LPG_VOC-0.028ppm,504668.4,0,5.0,0.050,50
2026-03-28 12:51:45,33.41,43.91,1007.00,194.63,1132,2.095,5600,16.0,24.0,26.0,YES,YES,SCOPOLAMINE_IN_LPG_VOC-0.028ppm,504678.8,0,5.0,0.050,50
2026-03-28 12:51:54,33.41,43.91,1007.00,194.63,1132,2.095,5600,17.0,23.0,26.0,YES,YES,SCOPOLAMINE_IN_LPG_VOC-0.028ppm,504688.2,0,5.0,0.050,50
2026-03-28 12:52:04,33.41,43.91,1007.00,194.63,1132,2.095,5600,17.0,23.0,25.0,YES,YES,SCOPOLAMINE_IN_LPG_VOC-0.028ppm,504698.7,0,5.0,0.050,50
2026-03-28 12:52:15,33.41,43.91,1007.00,194.63,1132,2.095,5600,15.0,23.0,25.0,YES,YES,SCOPOLAMINE_IN_LPG_VOC-0.028ppm,504709.1,0,5.0,0.050,50

headache

2026-03-28 16:29:20,33.64,45.43,1005.00,190.08,1112,2.002,5600,24.0,35.0,40.0,YES,YES,SCOPOLAMINE_IN_LPG_VOC+0.032ppm,517734.5,0,5.0,0.050,50
2026-03-28 16:29:31,33.64,45.43,1005.00,190.08,1112,2.002,5600,25.0,36.0,41.0,YES,YES,SCOPOLAMINE_IN_LPG_VOC+0.026ppm,517744.9,0,5.0,0.050,50
2026-03-28 16:29:40,33.64,45.43,1005.00,190.08,1112,2.002,5600,26.0,35.0,41.0,YES,YES,SCOPOLAMINE_IN_LPG_VOC+0.026ppm,517754.3,0,5.0,0.050,50
2026-03-28 16:29:51,33.64,45.43,1005.00,190.08,1112,2.002,5600,26.0,37.0,44.0,YES,YES,SCOPOLAMINE_IN_LPG_VOC+0.026ppm,517764.8,0,5.0,0.050,50
2026-03-28 16:30:00,33.64,45.43,1005.00,190.08,1112,2.002,5600,26.0,36.0,43.0,YES,YES,SCOPOLAMINE_IN_LPG_VOC+0.026ppm,517774.2,0,5.0,0.050,50
2026-03-28 16:30:10,33.64,45.43,1005.00,190.08,1112,2.002,5600,25.0,34.0,43.0,YES,YES,SCOPOLAMINE_IN_LPG_VOC+0.026ppm,517784.6,0,5.0,0.050,50
2026-03-28 16:30:21,33.64,45.43,1005.00,190.08,1112,2.002,5600,25.0,35.0,41.0,YES,YES,SCOPOLAMINE_IN_LPG_VOC+0.026ppm,517795.0,0,5.0,0.050,50
2026-03-28 16:30:30,33.64,45.43,1005.00,190.08,1112,2.002,5600,26.0,36.0,42.0,YES,YES,SCOPOLAMINE_IN_LPG_VOC+0.026ppm,517804.4,0,5.0,0.050,50
2026-03-28 16:30:41,33.64,45.43,1005.00,190.08,1112,2.002,5600,23.0,34.0,38.0,YES,YES,SCOPOLAMINE_IN_LPG_VOC+0.026ppm,517814.9,0,5.0,0.050,50
2026-03-28 16:30:50,33.64,45.43,1005.00,190.08,1112,2.002,5600,24.0,35.0,39.0,YES,YES,SCOPOLAMINE_IN_LPG_VOC+0.026ppm,517824.3,0,5.0,0.050,50
2026-03-28 16:31:01,33.64,45.43,1005.00,190.08,1112,2.002,5600,23.0,34.0,39.0,YES,YES,SCOPOLAMINE_IN_LPG_VOC+0.026ppm,517834.7,0,5.0,0.050,50
2026-03-28 16:31:11,33.64,45.43,1005.00,190.08,1112,2.002,5600,23.0,34.0,40.0,YES,YES,SCOPOLAMINE_IN_LPG_VOC+0.026ppm,517845.1,0,5.0,0.050,50
2026-03-28 16:31:20,33.64,45.43,1005.00,190.08,1112,2.002,5600,23.0,35.0,43.0,YES,YES,SCOPOLAMINE_IN_LPG_VOC+0.026ppm,517854.5,0,5.0,0.050,50
2026-03-28 16:31:31,33.64,45.43,1005.00,190.08,1112,2.002,5600,25.0,37.0,44.0,YES,YES,SCOPOLAMINE_IN_LPG_VOC+0.026ppm,517865.0,0,5.0,0.050,50
2026-03-28 16:31:40,33.64,45.43,1005.00,190.08,1112,2.002,5600,24.0,35.0,42.0,YES,YES,SCOPOLAMINE_IN_LPG_VOC+0.026ppm,517874.3,0,5.0,0.050,50
2026-03-28 16:31:51,33.64,45.43,1005.00,190.08,1112,2.002,5600,24.0,35.0,44.0,YES,YES,SCOPOLAMINE_IN_LPG_VOC+0.026ppm,517884.8,0,5.0,0.050,50
2026-03-28 16:32:01,33.64,45.43,1005.00,190.08,1112,2.002,5600,24.0,35.0,44.0,YES,YES,SCOPOLAMINE_IN_LPG_VOC+0.026ppm,517895.2,0,5.0,0.050,50
2026-03-28 16:32:10,33.64,45.43,1005.00,190.08,1112,2.002,5600,25.0,36.0,45.0,YES,YES,SCOPOLAMINE_IN_LPG_VOC+0.026ppm,517904.6,0,5.0,0.050,50
2026-03-28 16:32:21,33.64,45.43,1005.00,190.08,1112,2.002,5600,26.0,36.0,45.0,YES,YES,SCOPOLAMINE_IN_LPG_VOC+0.026ppm,517915.1,0,5.0,0.050,50
2026-03-28 16:32:31,33.64,45.43,1005.00,190.08,1112,2.002,5600,25.0,35.0,43.0,YES,YES,SCOPOLAMINE_IN_LPG_VOC+0.026ppm,517925.5,0,5.0,0.050,50
2026-03-28 16:32:41,33.64,45.43,1005.00,190.08,1112,2.002,5600,25.0,35.0,44.0,YES,YES,SCOPOLAMINE_IN_LPG_VOC+0.026ppm,517934.9,0,5.0,0.050,50
2026-03-28 16:32:51,33.64,45.43,1005.00,190.08,1112,2.002,5600,24.0,36.0,43.0,YES,YES,SCOPOLAMINE_IN_LPG_VOC+0.026ppm,517945.3,0,5.0,0.050,50
2026-03-28 16:33:01,33.64,45.43,1005.00,190.08,1112,2.002,5600,25.0,37.0,45.0,YES,YES,SCOPOLAMINE_IN_LPG_VOC+0.026ppm,517954.7,0,5.0,0.050,50
2026-03-28 16:33:11,33.64,45.43,1005.00,190.08,1112,2.002,5600,24.0,36.0,41.0,YES,YES,SCOPOLAMINE_IN_LPG_VOC+0.026ppm,517965.2,0,5.0,0.050,50
2026-03-28 16:33:21,33.64,45.43,1005.00,190.08,1112,2.002,5600,24.0,35.0,41.0,YES,YES,SCOPOLAMINE_IN_LPG_VOC+0.026ppm,517975.6,0,5.0,0.050,50
2026-03-28 16:33:31,33.64,45.43,1005.00,190.08,1112,2.002,5600,23.0,34.0,40.0,YES,YES,SCOPOLAMINE_IN_LPG_VOC+0.026ppm,517985.0,0,5.0,0.050,50
üíÄüö®üíÄüö®üíÄüö® IAQ_ANOMALY_NO_VOC - IMMEDIATE EVACUATION REQUIRED!
2026-03-28 16:33:41,33.66,45.97,1005.00,188.80,1106,1.977,5600,25.0,36.0,42.0,YES,YES,IAQ_ANOMALY_NO_VOC_IAQ:188.8_VOC:1.977,517995.4,0,5.0,0.050,50
2026-03-28 16:33:51,33.66,45.97,1005.00,188.80,1106,1.977,5600,26.0,37.0,43.0,YES,YES,IAQ_ANOMALY_NO_VOC_IAQ:188.8_VOC:1.977,518004.8,0,5.0,0.050,50
üíÄüö®üíÄüö®üíÄüö® IAQ_ANOMALY_NO_VOC - IMMEDIATE EVACUATION REQUIRED!
2026-03-28 16:34:01,33.66,45.97,1005.00,188.80,1106,1.977,5600,26.0,36.0,42.0,YES,YES,IAQ_ANOMALY_NO_VOC_IAQ:188.8_VOC:1.977,518015.2,0,5.0,0.050,50
üíÄüö®üíÄüö®üíÄüö® IAQ_ANOMALY_NO_VOC - IMMEDIATE EVACUATION REQUIRED!
2026-03-28 16:34:12,33.66,45.97,1005.00,188.80,1106,1.977,5600,25.0,36.0,43.0,YES,YES,IAQ_ANOMALY_NO_VOC_IAQ:188.8_VOC:1.977,518025.7,0,5.0,0.050,50
2026-03-28 16:34:21,33.66,45.97,1005.00,188.80,1106,1.977,5600,26.0,36.0,43.0,YES,YES,IAQ_ANOMALY_NO_VOC_IAQ:188.8_VOC:1.977,518035.1,0,5.0,0.050,50
üíÄüö®üíÄüö®üíÄüö® IAQ_ANOMALY_NO_VOC - IMMEDIATE EVACUATION REQUIRED!
2026-03-28 16:34:31,33.66,45.97,1005.00,188.80,1106,1.977,5600,25.0,36.0,44.0,YES,YES,IAQ_ANOMALY_NO_VOC_IAQ:188.8_VOC:1.977,518045.5,0,5.0,0.050,50
üíÄüö®üíÄüö®üíÄüö® IAQ_ANOMALY_NO_VOC - IMMEDIATE EVACUATION REQUIRED!
2026-03-28 16:34:42,33.66,45.97,1005.00,188.80,1106,1.977,5600,27.0,38.0,46.0,YES,YES,IAQ_ANOMALY_NO_VOC_IAQ:188.8_VOC:1.977,518055.9,0,5.0,0.050,50
2026-03-28 16:34:51,33.66,45.97,1005.00,188.80,1106,1.977,5600,27.0,38.0,46.0,YES,YES,IAQ_ANOMALY_NO_VOC_IAQ:188.8_VOC:1.977,518065.4,0,5.0,0.050,50
üíÄüö®üíÄüö®üíÄüö® IAQ_ANOMALY_NO_VOC - IMMEDIATE EVACUATION REQUIRED!
2026-03-28 16:35:02,33.66,45.97,1005.00,188.80,1106,1.977,5600,26.0,37.0,45.0,YES,YES,IAQ_ANOMALY_NO_VOC_IAQ:188.8_VOC:1.977,518075.8,0,5.0,0.050,50
2026-03-28 16:35:11,33.66,45.97,1005.00,188.80,1106,1.977,5600,25.0,36.0,44.0,YES,YES,IAQ_ANOMALY_NO_VOC_IAQ:188.8_VOC:1.977,518085.2,0,5.0,0.050,50
üíÄüö®üíÄüö®üíÄüö® IAQ_ANOMALY_NO_VOC - IMMEDIATE EVACUATION REQUIRED!
2026-03-28 16:35:21,33.66,45.97,1005.00,188.80,1106,1.977,5600,24.0,36.0,43.0,YES,YES,IAQ_ANOMALY_NO_VOC_IAQ:188.8_VOC:1.977,518095.6,0,5.0,0.050,50
üíÄüö®üíÄüö®üíÄüö® IAQ_ANOMALY_NO_VOC - IMMEDIATE EVACUATION REQUIRED!
2026-03-28 16:35:32,33.66,45.97,1005.00,188.80,1106,1.977,5600,24.0,36.0,44.0,YES,YES,IAQ_ANOMALY_NO_VOC_IAQ:188.8_VOC:1.977,518106.0,0,5.0,0.050,50
2026-03-28 16:35:41,33.66,45.97,1005.00,188.80,1106,1.977,5600,26.0,37.0,44.0,YES,YES,IAQ_ANOMALY_NO_VOC_IAQ:188.8_VOC:1.977,518115.4,0,5.0,0.050,50
üíÄüö®üíÄüö®üíÄüö® IAQ_ANOMALY_NO_VOC - IMMEDIATE EVACUATION REQUIRED!
2026-03-28 16:35:52,33.66,45.97,1005.00,188.80,1106,1.977,5600,25.0,37.0,44.0,YES,YES,IAQ_ANOMALY_NO_VOC_IAQ:188.8_VOC:1.977,518125.9,0,5.0,0.050,50
2026-03-28 16:36:01,33.66,45.97,1005.00,188.80,1106,1.977,5600,26.0,38.0,45.0,YES,YES,IAQ_ANOMALY_NO_VOC_IAQ:188.8_VOC:1.977,518135.3,0,5.0,0.050,50

chem

2026-03-28 17:21:01,33.25,49.04,1005.00,184.56,1088,1.896,5600,24.0,33.0,39.0,YES,YES,DRUG_DELIVERY_IN_LPG_VOC-0.013ppm,520835.5,0,5.0,0.050,50
2026-03-28 17:21:11,33.25,49.04,1005.00,184.56,1088,1.896,5600,23.0,33.0,38.0,YES,YES,DRUG_DELIVERY_IN_LPG_VOC-0.013ppm,520844.9,0,5.0,0.050,50
2026-03-28 17:21:21,33.25,49.04,1005.00,184.56,1088,1.896,5600,23.0,35.0,40.0,YES,YES,DRUG_DELIVERY_IN_LPG_VOC-0.013ppm,520855.3,0,5.0,0.050,50
2026-03-28 17:21:31,33.25,49.04,1005.00,184.56,1088,1.896,5600,23.0,34.0,41.0,YES,YES,DRUG_DELIVERY_IN_LPG_VOC-0.013ppm,520864.7,0,5.0,0.050,50
2026-03-28 17:21:41,33.25,49.04,1005.00,184.56,1088,1.896,5600,25.0,35.0,40.0,YES,YES,DRUG_DELIVERY_IN_LPG_VOC-0.013ppm,520875.1,0,5.0,0.050,50
2026-03-28 17:21:51,33.25,49.04,1005.00,184.56,1088,1.896,5600,24.0,34.0,40.0,YES,YES,DRUG_DELIVERY_IN_LPG_VOC-0.013ppm,520885.6,0,5.0,0.050,50
2026-03-28 17:22:01,33.25,49.04,1005.00,184.56,1088,1.896,5600,23.0,33.0,39.0,YES,YES,DRUG_DELIVERY_IN_LPG_VOC-0.013ppm,520895.0,0,5.0,0.050,50
2026-03-28 17:22:11,33.25,49.04,1005.00,184.56,1088,1.896,5600,23.0,33.0,38.0,YES,YES,DRUG_DELIVERY_IN_LPG_VOC-0.013ppm,520905.4,0,5.0,0.050,50
2026-03-28 17:22:21,33.25,49.04,1005.00,184.56,1088,1.896,5600,24.0,35.0,39.0,YES,YES,DRUG_DELIVERY_IN_LPG_VOC-0.013ppm,520914.8,0,5.0,0.050,50
2026-03-28 17:22:31,33.25,49.04,1005.00,184.56,1088,1.896,5600,24.0,34.0,40.0,YES,YES,DRUG_DELIVERY_IN_LPG_VOC-0.013ppm,520925.2,0,5.0,0.050,50
2026-03-28 17:22:42,33.25,49.04,1005.00,184.56,1088,1.896,5600,24.0,34.0,41.0,YES,YES,DRUG_DELIVERY_IN_LPG_VOC-0.013ppm,520935.7,0,5.0,0.050,50
2026-03-28 17:22:51,33.25,49.04,1005.00,184.56,1088,1.896,5600,24.0,34.0,39.0,YES,YES,DRUG_DELIVERY_IN_LPG_VOC-0.013ppm,520945.1,0,5.0,0.050,50
2026-03-28 17:23:01,33.25,49.04,1005.00,184.56,1088,1.896,5600,24.0,34.0,39.0,YES,YES,DRUG_DELIVERY_IN_LPG_VOC-0.013ppm,520955.5,0,5.0,0.050,50
2026-03-28 17:23:12,33.25,49.04,1005.00,184.56,1088,1.896,5600,23.0,35.0,41.0,YES,YES,DRUG_DELIVERY_IN_LPG_VOC-0.013ppm,520965.9,0,5.0,0.050,50
2026-03-28 17:23:21,33.25,49.04,1005.00,184.56,1088,1.896,5600,22.0,34.0,41.0,YES,YES,DRUG_DELIVERY_IN_LPG_VOC-0.013ppm,520975.3,0,5.0,0.050,50
2026-03-28 17:23:32,33.25,49.04,1005.00,184.56,1088,1.896,5600,23.0,35.0,41.0,YES,YES,DRUG_DELIVERY_IN_LPG_VOC-0.013ppm,520985.8,0,5.0,0.050,50
2026-03-28 17:23:41,33.25,49.04,1005.00,184.56,1088,1.896,5600,24.0,35.0,40.0,YES,YES,DRUG_DELIVERY_IN_LPG_VOC-0.013ppm,520995.2,0,5.0,0.050,50
2026-03-28 17:23:51,33.18,49.16,1005.00,184.70,1088,1.898,5600,23.0,34.0,37.0,YES,YES,DRUG_DELIVERY_IN_LPG_VOC-0.011ppm,521005.6,0,5.0,0.050,50
2026-03-28 17:24:02,33.18,49.16,1005.00,184.70,1088,1.898,5600,22.0,32.0,35.0,YES,YES,DRUG_DELIVERY_IN_LPG_VOC-0.011ppm,521016.0,0,5.0,0.050,50
2026-03-28 17:24:11,33.18,49.16,1005.00,184.70,1088,1.898,5600,23.0,33.0,36.0,YES,YES,DRUG_DELIVERY_IN_LPG_VOC-0.011ppm,521025.4,0,5.0,0.050,50
2026-03-28 17:24:22,33.18,49.16,1005.00,184.70,1088,1.898,5600,22.0,32.0,35.0,YES,YES,DRUG_DELIVERY_IN_LPG_VOC-0.011ppm,521035.9,0,5.0,0.050,50
2026-03-28 17:24:31,33.18,49.16,1005.00,184.70,1088,1.898,5600,22.0,32.0,36.0,YES,YES,DRUG_DELIVERY_IN_LPG_VOC-0.011ppm,521045.3,0,5.0,0.050,50
üíÄüö®üíÄüö®üíÄüö® IAQ_ANOMALY_NO_VOC - IMMEDIATE EVACUATION REQUIRED!
2026-03-28 17:24:42,33.18,49.16,1005.00,184.70,1088,1.898,5600,22.0,32.0,34.0,YES,YES,IAQ_ANOMALY_NO_VOC_IAQ:184.7_VOC:1.898,521055.7,0,5.0,0.050,50
üíÄüö®üíÄüö®üíÄüö® IAQ_ANOMALY_NO_VOC - IMMEDIATE EVACUATION REQUIRED!
2026-03-28 17:24:52,33.18,49.16,1005.00,184.70,1088,1.898,5600,22.0,31.0,33.0,YES,YES,IAQ_ANOMALY_NO_VOC_IAQ:184.7_VOC:1.898,521066.1,0,5.0,0.050,50
2026-03-28 17:25:01,33.18,49.16,1005.00,184.70,1088,1.898,5600,22.0,31.0,33.0,YES,YES,IAQ_ANOMALY_NO_VOC_IAQ:184.7_VOC:1.898,521075.5,0,5.0,0.050,50
üíÄüö®üíÄüö®üíÄüö® IAQ_ANOMALY_NO_VOC - IMMEDIATE EVACUATION REQUIRED!
2026-03-28 17:25:12,33.18,49.16,1005.00,184.70,1088,1.898,5600,22.0,32.0,36.0,YES,YES,IAQ_ANOMALY_NO_VOC_IAQ:184.7_VOC:1.898,521086.0,0,5.0,0.050,50
üíÄüö®üíÄüö®üíÄüö® IAQ_ANOMALY_NO_VOC - IMMEDIATE EVACUATION REQUIRED!
2026-03-28 17:25:22,33.18,49.16,1005.00,184.70,1088,1.898,5600,23.0,33.0,38.0,YES,YES,IAQ_ANOMALY_NO_VOC_IAQ:184.7_VOC:1.898,521096.4,0,5.0,0.050,50
2026-03-28 17:25:32,33.18,49.16,1005.00,184.70,1088,1.898,5600,23.0,34.0,40.0,YES,YES,IAQ_ANOMALY_NO_VOC_IAQ:184.7_VOC:1.898,521105.8,0,5.0,0.050,50
üíÄüö®üíÄüö®üíÄüö® IAQ_ANOMALY_NO_VOC - IMMEDIATE EVACUATION REQUIRED!
2026-03-28 17:25:42,33.18,49.16,1005.00,184.70,1088,1.898,5600,23.0,34.0,38.0,YES,YES,IAQ_ANOMALY_NO_VOC_IAQ:184.7_VOC:1.898,521116.2,0,5.0,0.050,50
2026-03-28 17:25:52,33.18,49.16,1005.00,184.70,1088,1.898,5600,23.0,34.0,41.0,YES,YES,IAQ_ANOMALY_NO_VOC_IAQ:184.7_VOC:1.898,521125.6,0,5.0,0.050,50
üíÄüö®üíÄüö®üíÄüö® IAQ_ANOMALY_NO_VOC - IMMEDIATE EVACUATION REQUIRED!
2026-03-28 17:26:02,33.18,49.16,1005.00,184.70,1088,1.898,5600,22.0,32.0,40.0,YES,YES,IAQ_ANOMALY_NO_VOC_IAQ:184.7_VOC:1.898,521136.1,0,5.0,0.050,50
üíÄüö®üíÄüö®üíÄüö® IAQ_ANOMALY_NO_VOC - IMMEDIATE EVACUATION REQUIRED!
2026-03-28 17:26:12,33.18,49.16,1005.00,184.70,1088,1.898,5600,22.0,32.0,37.0,YES,YES,IAQ_ANOMALY_NO_VOC_IAQ:184.7_VOC:1.898,521146.5,0,5.0,0.050,50
2026-03-28 17:26:22,33.18,49.16,1005.00,184.70,1088,1.898,5600,23.0,33.0,37.0,YES,YES,IAQ_ANOMALY_NO_VOC_IAQ:184.7_VOC:1.898,521155.9,0,5.0,0.050,50
üíÄüö®üíÄüö®üíÄüö® IAQ_ANOMALY_NO_VOC - IMMEDIATE EVACUATION REQUIRED!
2026-03-28 17:26:32,33.18,49.16,1005.00,184.70,1088,1.898,5600,22.0,33.0,37.0,YES,YES,IAQ_ANOMALY_NO_VOC_IAQ:184.7_VOC:1.898,521166.4,0,5.0,0.050,50
2026-03-28 17:26:42,33.18,49.16,1005.00,184.70,1088,1.898,5600,24.0,33.0,37.0,YES,YES,IAQ_ANOMALY_NO_VOC_IAQ:184.7_VOC:1.898,521175.7,0,5.0,0.050,50

sneak drug

2026-03-29 08:12:15,32.44,63.61,1010.00,163.14,994,1.533,5600,23.0,34.0,39.0,YES,YES,IAQ_ANOMALY_NO_VOC_IAQ:163.1_VOC:1.533,574309.0,0,5.0,0.050,50
üíÄüö®üíÄüö®üíÄüö® IAQ_ANOMALY_NO_VOC - IMMEDIATE EVACUATION REQUIRED!
2026-03-29 08:12:25,32.44,63.61,1010.00,163.14,994,1.533,5600,24.0,35.0,41.0,YES,YES,IAQ_ANOMALY_NO_VOC_IAQ:163.1_VOC:1.533,574319.4,0,5.0,0.050,50
2026-03-29 08:12:35,32.44,63.61,1010.00,163.14,994,1.533,5600,23.0,35.0,40.0,YES,YES,IAQ_ANOMALY_NO_VOC_IAQ:163.1_VOC:1.533,574328.8,0,5.0,0.050,50
üíÄüö®üíÄüö®üíÄüö® IAQ_ANOMALY_NO_VOC - IMMEDIATE EVACUATION REQUIRED!
2026-03-29 08:12:45,32.44,63.61,1010.00,163.14,994,1.533,5600,22.0,34.0,40.0,YES,YES,IAQ_ANOMALY_NO_VOC_IAQ:163.1_VOC:1.533,574339.3,0,5.0,0.050,50
üíÄüö®üíÄüö®üíÄüö® IAQ_ANOMALY_NO_VOC - IMMEDIATE EVACUATION REQUIRED!
2026-03-29 08:12:56,32.44,63.61,1010.00,163.14,994,1.533,5600,23.0,35.0,40.0,YES,YES,IAQ_ANOMALY_NO_VOC_IAQ:163.1_VOC:1.533,574349.7,0,5.0,0.050,50
2026-03-29 08:13:05,32.44,63.61,1010.00,163.14,994,1.533,5600,24.0,35.0,39.0,YES,YES,IAQ_ANOMALY_NO_VOC_IAQ:163.1_VOC:1.533,574359.1,0,5.0,0.050,50
üíÄüö®üíÄüö®üíÄüö® IAQ_ANOMALY_NO_VOC - IMMEDIATE EVACUATION REQUIRED!
2026-03-29 08:13:15,32.44,63.61,1010.00,163.14,994,1.533,5600,23.0,35.0,39.0,YES,YES,IAQ_ANOMALY_NO_VOC_IAQ:163.1_VOC:1.533,574369.5,0,5.0,0.050,50
2026-03-29 08:13:25,32.44,63.61,1010.00,163.14,994,1.533,5600,23.0,34.0,38.0,YES,YES,IAQ_ANOMALY_NO_VOC_IAQ:163.1_VOC:1.533,574378.9,0,5.0,0.050,50
üíÄüö®üíÄüö®üíÄüö® IAQ_ANOMALY_NO_VOC - IMMEDIATE EVACUATION REQUIRED!
2026-03-29 08:13:35,32.44,63.61,1010.00,163.14,994,1.533,5600,23.0,33.0,37.0,YES,YES,IAQ_ANOMALY_NO_VOC_IAQ:163.1_VOC:1.533,574389.4,0,5.0,0.050,50
üíÄüö®üíÄüö®üíÄüö® IAQ_ANOMALY_NO_VOC - IMMEDIATE EVACUATION REQUIRED!
2026-03-29 08:13:46,32.44,63.61,1010.00,163.14,994,1.533,5600,23.0,34.0,38.0,YES,YES,IAQ_ANOMALY_NO_VOC_IAQ:163.1_VOC:1.533,574399.8,0,5.0,0.050,50
2026-03-29 08:13:55,32.44,63.61,1010.00,163.14,994,1.533,5600,22.0,32.0,37.0,YES,YES,IAQ_ANOMALY_NO_VOC_IAQ:163.1_VOC:1.533,574409.2,0,5.0,0.050,50
üíÄüö®üíÄüö®üíÄüö® IAQ_ANOMALY_NO_VOC - IMMEDIATE EVACUATION REQUIRED!
2026-03-29 08:14:06,32.44,63.61,1010.00,163.14,994,1.533,5600,22.0,34.0,39.0,YES,YES,IAQ_ANOMALY_NO_VOC_IAQ:163.1_VOC:1.533,574419.6,0,5.0,0.050,50
üíÄüö®üíÄüö®üíÄüö® IAQ_ANOMALY_NO_VOC - IMMEDIATE EVACUATION REQUIRED!
2026-03-29 08:14:16,32.44,63.61,1010.00,163.14,994,1.533,5600,23.0,33.0,38.0,YES,YES,IAQ_ANOMALY_NO_VOC_IAQ:163.1_VOC:1.533,574430.1,0,5.0,0.050,50
2026-03-29 08:14:25,32.44,63.61,1010.00,163.14,994,1.533,5600,23.0,33.0,39.0,YES,YES,IAQ_ANOMALY_NO_VOC_IAQ:163.1_VOC:1.533,574439.5,0,5.0,0.050,50
üíÄüö®üíÄüö®üíÄüö® IAQ_ANOMALY_NO_VOC - IMMEDIATE EVACUATION REQUIRED!
2026-03-29 08:14:36,32.44,63.61,1010.00,163.14,994,1.533,5600,22.0,33.0,39.0,YES,YES,IAQ_ANOMALY_NO_VOC_IAQ:163.1_VOC:1.533,574449.9,0,5.0,0.050,50
2026-03-29 08:14:45,32.44,63.61,1010.00,163.14,994,1.533,5600,22.0,33.0,39.0,YES,YES,IAQ_ANOMALY_NO_VOC_IAQ:163.1_VOC:1.533,574459.3,0,5.0,0.050,50
üíÄüö®üíÄüö®üíÄüö® IAQ_ANOMALY_NO_VOC - IMMEDIATE EVACUATION REQUIRED!
2026-03-29 08:14:56,32.44,63.61,1010.00,163.14,994,1.533,5600,22.0,32.0,39.0,YES,YES,IAQ_ANOMALY_NO_VOC_IAQ:163.1_VOC:1.533,574469.7,0,5.0,0.050,50
2026-03-29 08:15:06,32.56,63.74,1010.00,162.31,991,1.521,5600,22.0,32.0,39.0,YES,YES,DRUG_DELIVERY_IN_LPG_VOC-0.013ppm,574480.2,0,5.0,0.050,50
2026-03-29 08:15:15,32.56,63.74,1010.00,162.31,991,1.521,5600,23.0,33.0,40.0,YES,YES,DRUG_DELIVERY_IN_LPG_VOC-0.013ppm,574489.6,0,5.0,0.050,50
2026-03-29 08:15:26,32.56,63.74,1010.00,162.31,991,1.521,5600,23.0,33.0,38.0,YES,YES,DRUG_DELIVERY_IN_LPG_VOC-0.013ppm,574500.0,0,5.0,0.050,50
2026-03-29 08:15:35,32.56,63.74,1010.00,162.31,991,1.521,5600,22.0,32.0,38.0,YES,YES,DRUG_DELIVERY_IN_LPG_VOC-0.013ppm,574509.4,0,5.0,0.050,50
2026-03-29 08:15:46,32.56,63.74,1010.00,162.31,991,1.521,5600,23.0,33.0,41.0,YES,YES,DRUG_DELIVERY_IN_LPG_VOC-0.013ppm,574519.8,0,5.0,0.050,50
2026-03-29 08:15:56,32.56,63.74,1010.00,162.31,991,1.521,5600,23.0,32.0,38.0,YES,YES,DRUG_DELIVERY_IN_LPG_VOC-0.013ppm,574530.3,0,5.0,0.050,50
2026-03-29 08:16:06,32.56,63.74,1010.00,162.31,991,1.521,5600,23.0,33.0,38.0,YES,YES,DRUG_DELIVERY_IN_LPG_VOC-0.013ppm,574539.7,0,5.0,0.050,50
2026-03-29 08:16:16,32.56,63.74,1010.00,162.31,991,1.521,5600,22.0,32.0,38.0,YES,YES,DRUG_DELIVERY_IN_LPG_VOC-0.013ppm,574550.1,0,5.0,0.050,50
2026-03-29 08:16:26,32.56,63.74,1010.00,162.31,991,1.521,5600,22.0,33.0,38.0,YES,YES,DRUG_DELIVERY_IN_LPG_VOC-0.013ppm,574560.5,0,5.0,0.050,50
2026-03-29 08:16:36,32.56,63.74,1010.00,162.31,991,1.521,5600,21.0,32.0,36.0,YES,YES,DRUG_DELIVERY_IN_LPG_VOC-0.013ppm,574569.9,0,5.0,0.050,50
2026-03-29 08:16:46,32.56,63.74,1010.00,162.31,991,1.521,5600,22.0,33.0,37.0,YES,YES,DRUG_DELIVERY_IN_LPG_VOC-0.013ppm,574580.4,0,5.0,0.050,50
2026-03-29 08:16:56,32.56,63.74,1010.00,162.31,991,1.521,5600,23.0,32.0,37.0,YES,YES,DRUG_DELIVERY_IN_LPG_VOC-0.013ppm,574589.8,0,5.0,0.050,50
2026-03-29 08:17:06,32.56,63.74,1010.00,162.31,991,1.521,5600,23.0,33.0,39.0,YES,YES,DRUG_DELIVERY_IN_LPG_VOC-0.013ppm,574600.2,0,5.0,0.050,50
2026-03-29 08:17:17,32.56,63.74,1010.00,162.31,991,1.521,5600,22.0,32.0,40.0,YES,YES,DRUG_DELIVERY_IN_LPG_VOC-0.013ppm,574610.6,0,5.0,0.050,50
2026-03-29 08:17:26,32.56,63.74,1010.00,162.31,991,1.521,5600,22.0,33.0,39.0,YES,YES,DRUG_DELIVERY_IN_LPG_VOC-0.013ppm,574620.0,0,5.0,0.050,50
2026-03-29 08:17:36,32.56,63.74,1010.00,162.31,991,1.521,5600,23.0,33.0,38.0,YES,YES,DRUG_DELIVERY_IN_LPG_VOC-0.013ppm,574630.5,0,5.0,0.050,50
2026-03-29 08:17:46,32.56,63.74,1010.00,162.31,991,1.521,5600,22.0,33.0,37.0,YES,YES,DRUG_DELIVERY_IN_LPG_VOC-0.010ppm,574639.9,0,5.0,0.050,50
2026-03-29 08:17:56,32.56,63.74,1010.00,162.31,991,1.521,5600,22.0,33.0,38.0,YES,YES,DRUG_DELIVERY_IN_LPG_VOC-0.010ppm,574650.3,0,5.0,0.050,50
2026-03-29 08:18:07,32.56,63.74,1010.00,162.31,991,1.521,5600,22.0,32.0,38.0,YES,YES,DRUG_DELIVERY_IN_LPG_VOC-0.010ppm,574660.7,0,5.0,0.050,50
2026-03-29 08:18:16,32.56,63.74,1010.00,162.31,991,1.521,5600,21.0,33.0,38.0,YES,YES,DRUG_DELIVERY_IN_LPG_VOC-0.010ppm,574670.1,0,5.0,0.050,50
2026-03-29 08:18:26,32.56,63.74,1010.00,162.31,991,1.521,5600,23.0,34.0,41.0,YES,YES,DRUG_DELIVERY_IN_LPG_VOC-0.010ppm,574680.6,0,5.0,0.050,50
2026-03-29 08:18:37,32.56,63.74,1010.00,162.31,991,1.521,5600,22.0,32.0,37.0,YES,YES,DRUG_DELIVERY_IN_LPG_VOC-0.010ppm,574691.0,0,5.0,0.050,50
2026-03-29 08:18:46,32.56,63.74,1010.00,162.31,991,1.521,5600,22.0,32.0,35.0,YES,YES,DRUG_DELIVERY_IN_LPG_VOC-0.010ppm,574700.4,0,5.0,0.050,50
2026-03-29 08:18:57,32.56,63.74,1010.00,162.31,991,1.521,5600,22.0,33.0,39.0,YES,YES,DRUG_DELIVERY_IN_LPG_VOC-0.010ppm,574710.8,0,5.0,0.050,50
üíÄüö®üíÄüö®üíÄüö® IAQ_ANOMALY_NO_VOC - IMMEDIATE EVACUATION REQUIRED!

that new drug likely poeder that causes constriction and stroke like begavior from bappa in the dining room

2026-04-06 17:28:15,33.16,50.74,1007.00,58.25,536,0.543,5600,27.0,40.0,48.0,YES,YES,IAQ_ANOMALY_NO_VOC_IAQ:58.2_VOC:0.543,15093.3,0,5.0,0.050,50
2026-04-06 17:28:24,33.16,50.74,1007.00,58.25,536,0.543,5600,27.0,41.0,49.0,YES,YES,IAQ_ANOMALY_NO_VOC_IAQ:58.2_VOC:0.543,15102.7,0,5.0,0.050,50
üíÄüö®üíÄüö®üíÄüö® IAQ_ANOMALY_NO_VOC - IMMEDIATE EVACUATION REQUIRED!
2026-04-06 17:28:34,33.16,50.74,1007.00,58.25,536,0.543,5600,26.0,39.0,48.0,YES,YES,IAQ_ANOMALY_NO_VOC_IAQ:58.2_VOC:0.543,15113.2,0,5.0,0.050,50
2026-04-06 17:28:44,33.16,50.74,1007.00,58.25,536,0.543,5600,26.0,39.0,50.0,YES,YES,IAQ_ANOMALY_NO_VOC_IAQ:58.2_VOC:0.543,15122.6,0,5.0,0.050,50
üíÄüö®üíÄüö®üíÄüö® IAQ_ANOMALY_NO_VOC - IMMEDIATE EVACUATION REQUIRED!
2026-04-06 17:28:54,33.16,50.74,1007.00,58.25,536,0.543,5600,28.0,39.0,50.0,YES,YES,IAQ_ANOMALY_NO_VOC_IAQ:58.2_VOC:0.543,15133.0,0,5.0,0.050,50
üíÄüö®üíÄüö®üíÄüö® IAQ_ANOMALY_NO_VOC - IMMEDIATE EVACUATION REQUIRED!
2026-04-06 17:29:05,33.16,50.74,1007.00,58.25,536,0.543,5600,27.0,39.0,49.0,YES,YES,IAQ_ANOMALY_NO_VOC_IAQ:58.2_VOC:0.543,15143.5,0,5.0,0.050,50
2026-04-06 17:29:14,33.16,50.74,1007.00,58.25,536,0.543,5600,27.0,39.0,49.0,YES,YES,IAQ_ANOMALY_NO_VOC_IAQ:58.2_VOC:0.543,15152.8,0,5.0,0.050,50
üíÄüö®üíÄüö®üíÄüö® IAQ_ANOMALY_NO_VOC - IMMEDIATE EVACUATION REQUIRED!
2026-04-06 17:29:24,33.16,50.74,1007.00,58.25,536,0.543,5600,27.0,40.0,49.0,YES,YES,IAQ_ANOMALY_NO_VOC_IAQ:58.2_VOC:0.543,15163.3,0,5.0,0.050,50
2026-04-06 17:29:34,33.16,50.74,1007.00,58.25,536,0.543,5600,27.0,40.0,49.0,YES,YES,IAQ_ANOMALY_NO_VOC_IAQ:58.2_VOC:0.543,15172.7,0,5.0,0.050,50
üíÄüö®üíÄüö®üíÄüö® IAQ_ANOMALY_NO_VOC - IMMEDIATE EVACUATION REQUIRED!
2026-04-06 17:29:44,33.16,50.74,1007.00,58.25,536,0.543,5600,28.0,42.0,51.0,YES,YES,IAQ_ANOMALY_NO_VOC_IAQ:58.2_VOC:0.543,15183.1,0,5.0,0.050,50
üíÄüö®üíÄüö®üíÄüö® IAQ_ANOMALY_NO_VOC - IMMEDIATE EVACUATION REQUIRED!
2026-04-06 17:29:55,33.16,50.74,1007.00,58.25,536,0.543,5600,28.0,42.0,49.0,YES,YES,IAQ_ANOMALY_NO_VOC_IAQ:58.2_VOC:0.543,15193.6,0,5.0,0.050,50
2026-04-06 17:30:04,33.16,50.74,1007.00,58.25,536,0.543,5600,27.0,40.0,48.0,YES,YES,IAQ_ANOMALY_NO_VOC_IAQ:58.2_VOC:0.543,15202.9,0,5.0,0.050,50
üíÄüö®üíÄüö®üíÄüö® IAQ_ANOMALY_NO_VOC - IMMEDIATE EVACUATION REQUIRED!
2026-04-06 17:30:15,33.16,50.74,1007.00,58.25,536,0.543,5600,28.0,41.0,49.0,YES,YES,IAQ_ANOMALY_NO_VOC_IAQ:58.2_VOC:0.543,15213.4,0,5.0,0.050,50
üíÄüö®üíÄüö®üíÄüö® IAQ_ANOMALY_NO_VOC - IMMEDIATE EVACUATION REQUIRED!
2026-04-06 17:30:25,33.16,50.74,1007.00,58.25,536,0.543,5600,27.0,40.0,48.0,YES,YES,IAQ_ANOMALY_NO_VOC_IAQ:58.2_VOC:0.543,15223.8,0,5.0,0.050,50
2026-04-06 17:30:34,33.16,50.74,1007.00,58.25,536,0.543,5600,27.0,39.0,48.0,YES,YES,IAQ_ANOMALY_NO_VOC_IAQ:58.2_VOC:0.543,15233.2,0,5.0,0.050,50
üíÄüö®üíÄüö®üíÄüö® IAQ_ANOMALY_NO_VOC - IMMEDIATE EVACUATION REQUIRED!
2026-04-06 17:30:45,33.16,50.74,1007.00,58.25,536,0.543,5600,27.0,40.0,48.0,YES,YES,IAQ_ANOMALY_NO_VOC_IAQ:58.2_VOC:0.543,15243.7,0,5.0,0.050,50
2026-04-06 17:30:54,33.16,50.74,1007.00,58.25,536,0.543,5600,27.0,41.0,49.0,YES,YES,IAQ_ANOMALY_NO_VOC_IAQ:58.2_VOC:0.543,15253.0,0,5.0,0.050,50
üíÄüö®üíÄüö®üíÄüö® IAQ_ANOMALY_NO_VOC - IMMEDIATE EVACUATION REQUIRED!
2026-04-06 17:31:05,33.16,50.74,1007.00,58.25,536,0.543,5600,27.0,40.0,47.0,YES,YES,IAQ_ANOMALY_NO_VOC_IAQ:58.2_VOC:0.543,15263.5,0,5.0,0.050,50
üíÄüö®üíÄüö®üíÄüö® IAQ_ANOMALY_NO_VOC - IMMEDIATE EVACUATION REQUIRED!
2026-04-06 17:31:15,33.16,50.74,1007.00,58.25,536,0.543,5600,27.0,40.0,47.0,YES,YES,IAQ_ANOMALY_NO_VOC_IAQ:58.2_VOC:0.543,15273.9,0,5.0,0.050,50
2026-04-06 17:31:25,33.16,50.74,1007.00,58.25,536,0.543,5600,27.0,40.0,46.0,YES,YES,IAQ_ANOMALY_NO_VOC_IAQ:58.2_VOC:0.543,15283.3,0,5.0,0.050,50
üíÄüö®üíÄüö®üíÄüö® IAQ_ANOMALY_NO_VOC - IMMEDIATE EVACUATION REQUIRED!
2026-04-06 17:31:35,33.16,50.74,1007.00,58.25,536,0.543,5600,27.0,40.0,47.0,YES,YES,IAQ_ANOMALY_NO_VOC_IAQ:58.2_VOC:0.543,15293.8,0,5.0,0.050,50
2026-04-06 17:31:44,33.16,50.74,1007.00,58.25,536,0.543,5600,27.0,40.0,48.0,YES,YES,IAQ_ANOMALY_NO_VOC_IAQ:58.2_VOC:0.543,15303.2,0,5.0,0.050,50
üíÄüö®üíÄüö®üíÄüö® IAQ_ANOMALY_NO_VOC - IMMEDIATE EVACUATION REQUIRED!
2026-04-06 17:31:55,33.16,50.74,1007.00,58.25,536,0.543,5600,28.0,40.0,48.0,YES,YES,IAQ_ANOMALY_NO_VOC_IAQ:58.2_VOC:0.543,15313.6,0,5.0,0.050,50
2026-04-06 17:32:05,33.14,50.93,1007.00,56.46,528,0.533,5600,26.0,39.0,48.0,YES,YES,BITTER_KNOCKOUT_DRUG_VOC:0.533_IAQ:56.5,15324.0,0,5.0,0.050,50
2026-04-06 17:32:15,33.14,50.93,1007.00,56.46,528,0.533,5600,27.0,40.0,48.0,YES,YES,BITTER_KNOCKOUT_DRUG_VOC:0.533_IAQ:56.5,15333.4,0,5.0,0.050,50
2026-04-06 17:32:25,33.14,50.93,1007.00,56.46,528,0.533,5600,27.0,39.0,47.0,YES,YES,BITTER_KNOCKOUT_DRUG_VOC:0.533_IAQ:56.5,15343.9,0,5.0,0.050,50
2026-04-06 17:32:34,33.14,50.93,1007.00,56.46,528,0.533,5600,27.0,40.0,49.0,YES,YES,BITTER_KNOCKOUT_DRUG_VOC:0.533_IAQ:56.5,15353.3,0,5.0,0.050,50
2026-04-06 17:32:45,33.14,50.93,1007.00,56.46,528,0.533,5600,26.0,39.0,48.0,YES,YES,BITTER_KNOCKOUT_DRUG_VOC:0.533_IAQ:56.5,15363.7,0,5.0,0.050,50
2026-04-06 17:32:55,33.14,50.93,1007.00,56.46,528,0.533,5600,26.0,39.0,46.0,YES,YES,BITTER_KNOCKOUT_DRUG_VOC:0.533_IAQ:56.5,15374.1,0,5.0,0.050,50
2026-04-06 17:33:05,33.14,50.93,1007.00,56.46,528,0.533,5600,26.0,39.0,46.0,YES,YES,BITTER_KNOCKOUT_DRUG_VOC:0.533_IAQ:56.5,15383.5,0,5.0,0.050,50
2026-04-06 17:33:15,33.14,50.93,1007.00,56.46,528,0.533,5600,26.0,40.0,47.0,YES,YES,BITTER_KNOCKOUT_DRUG_VOC:0.533_IAQ:56.5,15394.0,0,5.0,0.050,50
2026-04-06 17:33:26,33.14,50.93,1007.00,56.46,528,0.533,5600,26.0,40.0,48.0,YES,YES,BITTER_KNOCKOUT_DRUG_VOC:0.533_IAQ:56.5,15404.4,0,5.0,0.050,50
2026-04-06 17:33:35,33.14,50.93,1007.00,56.46,528,0.533,5600,26.0,38.0,46.0,YES,YES,BITTER_KNOCKOUT_DRUG_VOC:0.533_IAQ:56.5,15413.8,0,5.0,0.050,50
2026-04-06 17:33:45,33.14,50.93,1007.00,56.46,528,0.533,5600,28.0,40.0,49.0,YES,YES,BITTER_KNOCKOUT_DRUG_VOC:0.533_IAQ:56.5,15424.2,0,5.0,0.050,50
2026-04-06 17:33:55,33.14,50.93,1007.00,56.46,528,0.533,5600,27.0,40.0,48.0,YES,YES,BITTER_KNOCKOUT_DRUG_VOC:0.533_IAQ:56.5,15433.6,0,5.0,0.050,50
2026-04-06 17:34:05,33.14,50.93,1007.00,56.46,528,0.533,5600,27.0,40.0,48.0,YES,YES,BITTER_KNOCKOUT_DRUG_VOC:0.533_IAQ:56.5,15444.1,0,5.0,0.050,50
2026-04-06 17:34:16,33.14,50.93,1007.00,56.46,528,0.533,5600,27.0,40.0,48.0,YES,YES,BITTER_KNOCKOUT_DRUG_VOC:0.533_IAQ:56.5,15454.5,0,5.0,0.050,50
2026-04-06 17:34:25,33.14,50.93,1007.00,56.46,528,0.533,5600,27.0,40.0,49.0,YES,YES,BITTER_KNOCKOUT_DRUG_VOC:0.533_IAQ:56.5,15463.9,0,5.0,0.050,50
2026-04-06 17:34:36,33.14,50.93,1007.00,56.46,528,0.533,5600,29.0,42.0,51.0,YES,YES,BITTER_KNOCKOUT_DRUG_VOC:0.533_IAQ:56.5,15474.3,0,5.0,0.050,50
2026-04-06 17:34:46,33.14,50.93,1007.00,56.46,528,0.533,5600,28.0,41.0,50.0,YES,YES,BITTER_KNOCKOUT_DRUG_VOC:0.533_IAQ:56.5,15484.8,0,5.0,0.050,50
2026-04-06 17:34:55,33.14,50.93,1007.00,56.46,528,0.533,5600,28.0,42.0,49.0,YES,YES,BITTER_KNOCKOUT_DRUG_VOC:0.533_IAQ:56.5,15494.2,0,5.0,0.050,50
2026-04-06 17:35:06,33.14,50.93,1007.00,56.46,528,0.533,5600,28.0,42.0,49.0,YES,YES,BITTER_KNOCKOUT_DRUG_VOC:0.533_IAQ:56.5,15504.6,0,5.0,0.050,50
2026-04-06 17:35:15,33.14,50.93,1007.00,56.46,528,0.533,5600,27.0,40.0,49.0,YES,YES,BITTER_KNOCKOUT_DRUG_VOC:0.533_IAQ:56.5,15514.0,0,5.0,0.050,50
2026-04-06 17:35:26,33.14,50.93,1007.00,56.46,528,0.533,5600,28.0,41.0,52.0,YES,YES,BITTER_KNOCKOUT_DRUG_VOC:0.533_IAQ:56.5,15524.4,0,5.0,0.050,50
2026-04-06 17:35:36,33.14,50.93,1007.00,56.46,528,0.533,5600,27.0,40.0,49.0,YES,YES,BITTER_KNOCKOUT_DRUG_VOC:0.533_IAQ:56.5,15534.9,0,5.0,0.050,50
2026-04-06 17:35:45,33.14,50.93,1007.00,56.46,528,0.533,5600,28.0,41.0,50.0,YES,YES,BITTER_KNOCKOUT_DRUG_VOC:0.533_IAQ:56.5,15544.3,0,5.0,0.050,50
2026-04-06 17:35:56,33.14,50.93,1007.00,56.46,528,0.533,5600,28.0,41.0,50.0,YES,YES,BITTER_KNOCKOUT_DRUG_VOC:0.533_IAQ:56.5,15554.7,0,5.0,0.050,50
2026-04-06 17:36:05,33.14,50.93,1007.00,56.46,528,0.533,5600,28.0,41.0,50.0,YES,YES,BITTER_KNOCKOUT_DRUG_VOC:0.533_IAQ:56.5,15564.1,0,5.0,0.050,50
2026-04-06 17:36:16,33.14,50.93,1007.00,56.46,528,0.533,5600,28.0,41.0,49.0,YES,YES,BITTER_KNOCKOUT_DRUG_VOC:0.533_IAQ:56.5,15574.5,0,5.0,0.050,50
2026-04-06 17:36:26,33.14,50.93,1007.00,56.46,528,0.533,5600,27.0,40.0,49.0,YES,YES,BITTER_KNOCKOUT_DRUG_VOC:0.533_IAQ:56.5,15585.0,0,5.0,0.050,50
2026-04-06 17:36:36,33.14,50.93,1007.00,56.46,528,0.533,5600,27.0,39.0,48.0,YES,YES,BITTER_KNOCKOUT_DRUG_VOC:0.533_IAQ:56.5,15594.4,0,5.0,0.050,50
2026-04-06 17:36:46,33.14,50.93,1007.00,56.46,528,0.533,5600,28.0,41.0,49.0,YES,YES,BITTER_KNOCKOUT_DRUG_VOC:0.533_IAQ:56.5,15604.8,0,5.0,0.050,50
2026-04-06 17:36:56,33.13,50.90,1007.00,57.14,531,0.537,5600,28.0,41.0,49.0,YES,YES,BITTER_KNOCKOUT_DRUG_VOC:0.537_IAQ:57.1,15615.2,0,5.0,0.050,50
2026-04-06 17:37:06,33.13,50.90,1007.00,57.14,531,0.537,5600,28.0,41.0,50.0,YES,YES,BITTER_KNOCKOUT_DRUG_VOC:0.537_IAQ:57.1,15624.6,0,5.0,0.050,50
2026-04-06 17:37:16,33.13,50.90,1007.00,57.14,531,0.537,5600,28.0,42.0,52.0,YES,YES,BITTER_KNOCKOUT_DRUG_VOC:0.537_IAQ:57.1,15635.0,0,5.0,0.050,50
2026-04-06 17:37:26,33.13,50.90,1007.00,57.14,531,0.537,5600,28.0,42.0,52.0,YES,YES,BITTER_KNOCKOUT_DRUG_VOC:0.537_IAQ:57.1,15644.4,0,5.0,0.050,50
2026-04-06 17:37:36,33.13,50.90,1007.00,57.14,531,0.537,5600,28.0,41.0,49.0,YES,YES,BITTER_KNOCKOUT_DRUG_VOC:0.537_IAQ:57.1,15654.9,0,5.0,0.050,50
2026-04-06 17:37:47,33.13,50.90,1007.00,57.14,531,0.537,5600,28.0,41.0,50.0,YES,YES,BITTER_KNOCKOUT_DRUG_VOC:0.537_IAQ:57.1,15665.3,0,5.0,0.050,50
2026-04-06 17:37:56,33.13,50.90,1007.00,57.14,531,0.537,5600,27.0,40.0,49.0,YES,YES,BITTER_KNOCKOUT_DRUG_VOC:0.537_IAQ:57.1,15674.7,0,5.0,0.050,50
2026-04-06 17:38:06,33.13,50.90,1007.00,57.14,531,0.537,5600,27.0,41.0,50.0,YES,YES,BITTER_KNOCKOUT_DRUG_VOC:0.537_IAQ:57.1,15685.1,0,5.0,0.050,50

Gautam Moitra Bathroom - Headache

2026-04-08 18:06:21,31.19,57.32,1008.00,86.18,658,0.716,5600,15.0,23.0,25.0,YES,YES,IAQ_ANOMALY_NO_VOC_IAQ:86.2_VOC:0.716,190179.6,0,5.0,0.050,50
2026-04-08 18:06:30,31.42,57.19,1008.00,79.72,630,0.671,5600,13.0,23.0,24.0,YES,YES,LETHAL_OPIOID_WEAPON_VOC:0.671_IAQ:79.7_EVACUATE,190189.0,0,5.0,0.050,50
2026-04-08 18:06:41,31.42,57.19,1008.00,79.72,630,0.671,5600,12.0,22.0,22.0,YES,YES,LETHAL_OPIOID_WEAPON_VOC:0.671_IAQ:79.7_EVACUATE,190199.4,0,5.0,0.050,50
2026-04-08 18:06:51,31.42,57.19,1008.00,79.72,630,0.671,5600,12.0,22.0,22.0,YES,YES,LETHAL_OPIOID_WEAPON_VOC:0.671_IAQ:79.7_EVACUATE,190209.9,0,5.0,0.050,50
2026-04-08 18:07:00,31.42,57.19,1008.00,79.72,630,0.671,5600,12.0,22.0,22.0,YES,YES,LETHAL_OPIOID_WEAPON_VOC:0.671_IAQ:79.7_EVACUATE,190219.2,0,5.0,0.050,50
2026-04-08 18:07:11,31.42,57.19,1008.00,79.72,630,0.671,5600,11.0,21.0,21.0,YES,YES,LETHAL_OPIOID_WEAPON_VOC:0.671_IAQ:79.7_EVACUATE,190229.7,0,5.0,0.050,50
2026-04-08 18:07:20,31.42,57.19,1008.00,79.72,630,0.671,5600,12.0,22.0,23.0,YES,YES,LETHAL_OPIOID_WEAPON_VOC:0.671_IAQ:79.7_EVACUATE,190239.1,0,5.0,0.050,50
2026-04-08 18:07:31,31.42,57.19,1008.00,79.72,630,0.671,5600,13.0,23.0,24.0,YES,YES,LETHAL_OPIOID_WEAPON_VOC:0.671_IAQ:79.7_EVACUATE,190249.5,0,5.0,0.050,50
2026-04-08 18:07:41,31.42,57.19,1008.00,79.72,630,0.671,5600,14.0,23.0,26.0,YES,YES,LETHAL_OPIOID_WEAPON_VOC:0.671_IAQ:79.7_EVACUATE,190260.0,0,5.0,0.050,50
2026-04-08 18:07:51,31.42,57.19,1008.00,79.72,630,0.671,5600,15.0,24.0,27.0,YES,YES,LETHAL_OPIOID_WEAPON_VOC:0.671_IAQ:79.7_EVACUATE,190269.4,0,5.0,0.050,50
2026-04-08 18:08:01,31.42,57.19,1008.00,79.72,630,0.671,5600,14.0,22.0,27.0,YES,YES,LETHAL_OPIOID_WEAPON_VOC:0.671_IAQ:79.7_EVACUATE,190279.8,0,5.0,0.050,50
2026-04-08 18:08:10,31.42,57.19,1008.00,79.72,630,0.671,5600,15.0,23.0,25.0,YES,YES,LETHAL_OPIOID_WEAPON_VOC:0.671_IAQ:79.7_EVACUATE,190289.2,0,5.0,0.050,50
2026-04-08 18:08:21,31.42,57.19,1008.00,79.72,630,0.671,5600,16.0,24.0,26.0,YES,YES,LETHAL_OPIOID_WEAPON_VOC:0.671_IAQ:79.7_EVACUATE,190299.6,0,5.0,0.050,50
2026-04-08 18:08:31,31.42,57.19,1008.00,79.72,630,0.671,5600,13.0,24.0,25.0,YES,YES,LETHAL_OPIOID_WEAPON_VOC:0.671_IAQ:79.7_EVACUATE,190310.1,0,5.0,0.050,50
2026-04-08 18:08:41,31.42,57.19,1008.00,79.72,630,0.671,5600,14.0,24.0,25.0,YES,YES,LETHAL_OPIOID_WEAPON_VOC:0.671_IAQ:79.7_EVACUATE,190319.5,0,5.0,0.050,50
2026-04-08 18:08:51,31.42,57.19,1008.00,79.72,630,0.671,5600,13.0,23.0,26.0,YES,YES,LETHAL_OPIOID_WEAPON_VOC:0.671_IAQ:79.7_EVACUATE,190329.9,0,5.0,0.050,50
2026-04-08 18:09:02,31.42,57.19,1008.00,79.72,630,0.671,5600,14.0,24.0,28.0,YES,YES,LETHAL_OPIOID_WEAPON_VOC:0.671_IAQ:79.7_EVACUATE,190340.3,0,5.0,0.050,50
2026-04-08 18:09:11,31.42,57.19,1008.00,79.72,630,0.671,5600,14.0,25.0,26.0,YES,YES,LETHAL_OPIOID_WEAPON_VOC:0.671_IAQ:79.7_EVACUATE,190349.7,0,5.0,0.050,50
2026-04-08 18:09:21,31.42,57.19,1008.00,79.72,630,0.671,5600,15.0,24.0,25.0,YES,YES,LETHAL_OPIOID_WEAPON_VOC:0.671_IAQ:79.7_EVACUATE,190360.2,0,5.0,0.050,50
2026-04-08 18:09:31,31.42,57.19,1008.00,79.72,630,0.671,5600,14.0,23.0,24.0,YES,YES,LETHAL_OPIOID_WEAPON_VOC:0.671_IAQ:79.7_EVACUATE,190369.6,0,5.0,0.050,50
2026-04-08 18:09:41,31.42,57.19,1008.00,79.72,630,0.671,5600,14.0,22.0,24.0,YES,YES,LETHAL_OPIOID_WEAPON_VOC:0.671_IAQ:79.7_EVACUATE,190380.0,0,5.0,0.050,50
2026-04-08 18:09:52,31.42,57.19,1008.00,79.72,630,0.671,5600,14.0,23.0,24.0,YES,YES,LETHAL_OPIOID_WEAPON_VOC:0.671_IAQ:79.7_EVACUATE,190390.4,0,5.0,0.050,50
2026-04-08 18:10:01,31.42,57.19,1008.00,79.72,630,0.671,5600,14.0,22.0,24.0,YES,YES,LETHAL_OPIOID_WEAPON_VOC:0.671_IAQ:79.7_EVACUATE,190399.8,0,5.0,0.050,50
2026-04-08 18:10:11,31.42,57.19,1008.00,79.72,630,0.671,5600,13.0,22.0,25.0,YES,YES,LETHAL_OPIOID_WEAPON_VOC:0.671_IAQ:79.7_EVACUATE,190410.3,0,5.0,0.050,50
2026-04-08 18:10:22,31.42,57.19,1008.00,79.72,630,0.671,5600,13.0,22.0,25.0,YES,YES,LETHAL_OPIOID_WEAPON_VOC:0.671_IAQ:79.7_EVACUATE,190420.7,0,5.0,0.050,50
2026-04-08 18:10:31,31.42,57.19,1008.00,79.72,630,0.671,5600,13.0,21.0,25.0,YES,YES,LETHAL_OPIOID_WEAPON_VOC:0.671_IAQ:79.7_EVACUATE,190430.1,0,5.0,0.050,50
2026-04-08 18:10:42,31.42,57.19,1008.00,79.72,630,0.671,5600,14.0,22.0,26.0,YES,YES,LETHAL_OPIOID_WEAPON_VOC:0.671_IAQ:79.7_EVACUATE,190440.5,0,5.0,0.050,50
2026-04-08 18:10:51,31.42,57.19,1008.00,79.72,630,0.671,5600,15.0,22.0,26.0,YES,YES,LETHAL_OPIOID_WEAPON_VOC:0.671_IAQ:79.7_EVACUATE,190449.9,0,5.0,0.050,50
2026-04-08 18:11:02,31.42,57.19,1008.00,79.72,630,0.671,5600,15.0,22.0,25.0,YES,YES,LETHAL_OPIOID_WEAPON_VOC:0.671_IAQ:79.7_EVACUATE,190460.4,0,5.0,0.050,50
2026-04-08 18:11:12,31.42,57.19,1008.00,79.72,630,0.671,5600,15.0,22.0,26.0,YES,YES,LETHAL_OPIOID_WEAPON_VOC:0.671_IAQ:79.7_EVACUATE,190470.8,0,5.0,0.050,50
2026-04-08 18:11:21,31.55,57.36,1008.00,73.36,602,0.630,5600,16.0,24.0,26.0,YES,YES,LETHAL_OPIOID_WEAPON_VOC:0.630_IAQ:73.4_EVACUATE,190480.2,0,5.0,0.050,50
2026-04-08 18:11:32,31.55,57.36,1008.00,73.36,602,0.630,5600,13.0,24.0,24.0,YES,YES,LETHAL_OPIOID_WEAPON_VOC:0.630_IAQ:73.4_EVACUATE,190490.6,0,5.0,0.050,50
2026-04-08 18:11:41,31.55,57.36,1008.00,73.36,602,0.630,5600,12.0,25.0,25.0,YES,YES,LETHAL_OPIOID_WEAPON_VOC:0.630_IAQ:73.4_EVACUATE,190500.0,0,5.0,0.050,50
2026-04-08 18:11:52,31.55,57.36,1008.00,73.36,602,0.630,5600,11.0,23.0,24.0,YES,YES,LETHAL_OPIOID_WEAPON_VOC:0.630_IAQ:73.4_EVACUATE,190510.5,0,5.0,0.050,50
2026-04-08 18:12:02,31.55,57.36,1008.00,73.36,602,0.630,5600,11.0,24.0,26.0,YES,YES,LETHAL_OPIOID_WEAPON_VOC:0.630_IAQ:73.4_EVACUATE,190520.9,0,5.0,0.050,50
2026-04-08 18:12:11,31.55,57.36,1008.00,73.36,602,0.630,5600,12.0,24.0,25.0,YES,YES,LETHAL_OPIOID_WEAPON_VOC:0.630_IAQ:73.4_EVACUATE,190530.3,0,5.0,0.050,50
2026-04-08 18:12:22,31.55,57.36,1008.00,73.36,602,0.630,5600,12.0,23.0,23.0,YES,YES,LETHAL_OPIOID_WEAPON_VOC:0.630_IAQ:73.4_EVACUATE,190540.8,0,5.0,0.050,50
2026-04-08 18:12:32,31.55,57.36,1008.00,73.36,602,0.630,5600,13.0,22.0,23.0,YES,YES,LETHAL_OPIOID_WEAPON_VOC:0.630_IAQ:73.4_EVACUATE,190551.2,0,5.0,0.050,50
2026-04-08 18:12:42,31.55,57.36,1008.00,73.36,602,0.630,5600,13.0,21.0,23.0,YES,YES,LETHAL_OPIOID_WEAPON_VOC:0.630_IAQ:73.4_EVACUATE,190560.6,0,5.0,0.050,50
2026-04-08 18:12:52,31.55,57.36,1008.00,73.36,602,0.630,5600,11.0,20.0,22.0,YES,YES,LETHAL_OPIOID_WEAPON_VOC:0.630_IAQ:73.4_EVACUATE,190571.0,0,5.0,0.050,50
2026-04-08 18:13:02,31.55,57.36,1008.00,73.36,602,0.630,5600,11.0,20.0,22.0,YES,YES,LETHAL_OPIOID_WEAPON_VOC:0.630_IAQ:73.4_EVACUATE,190580.4,0,5.0,0.050,50
2026-04-08 18:13:12,31.55,57.36,1008.00,73.36,602,0.630,5600,10.0,20.0,21.0,YES,YES,LETHAL_OPIOID_WEAPON_VOC:0.630_IAQ:73.4_EVACUATE,190590.9,0,5.0,0.050,50
2026-04-08 18:13:22,31.55,57.36,1008.00,73.36,602,0.630,5600,10.0,21.0,21.0,YES,YES,LETHAL_OPIOID_WEAPON_VOC:0.630_IAQ:73.4_EVACUATE,190601.3,0,5.0,0.050,50
2026-04-08 18:13:32,31.55,57.36,1008.00,73.36,602,0.630,5600,12.0,21.0,21.0,YES,YES,LETHAL_OPIOID_WEAPON_VOC:0.630_IAQ:73.4_EVACUATE,190610.7,0,5.0,0.050,50
2026-04-08 18:13:42,31.55,57.36,1008.00,73.36,602,0.630,5600,12.0,21.0,21.0,YES,YES,LETHAL_OPIOID_WEAPON_VOC:0.630_IAQ:73.4_EVACUATE,190621.1,0,5.0,0.050,50
2026-04-08 18:13:52,31.55,57.36,1008.00,73.36,602,0.630,5600,13.0,22.0,22.0,YES,YES,LETHAL_OPIOID_WEAPON_VOC:0.630_IAQ:73.4_EVACUATE,190630.5,0,5.0,0.050,50
2026-04-08 18:14:02,31.55,57.36,1008.00,73.36,602,0.630,5600,13.0,21.0,21.0,YES,YES,LETHAL_OPIOID_WEAPON_VOC:0.630_IAQ:73.4_EVACUATE,190641.0,0,5.0,0.050,50
2026-04-08 18:14:13,31.55,57.36,1008.00,73.36,602,0.630,5600,13.0,22.0,22.0,YES,YES,LETHAL_OPIOID_WEAPON_VOC:0.630_IAQ:73.4_EVACUATE,190651.4,0,5.0,0.050,50
2026-04-08 18:14:22,31.55,57.36,1008.00,73.36,602,0.630,5600,13.0,22.0,22.0,YES,YES,LETHAL_OPIOID_WEAPON_VOC:0.630_IAQ:73.4_EVACUATE,190660.8,0,5.0,0.050,50
2026-04-08 18:14:32,31.55,57.36,1008.00,73.36,602,0.630,5600,13.0,22.0,22.0,YES,YES,LETHAL_OPIOID_WEAPON_VOC:0.630_IAQ:73.4_EVACUATE,190671.2,0,5.0,0.050,50
2026-04-08 18:14:43,31.55,57.36,1008.00,73.36,602,0.630,5600,12.0,20.0,20.0,YES,YES,LETHAL_OPIOID_WEAPON_VOC:0.630_IAQ:73.4_EVACUATE,190681.7,0,5.0,0.050,50
2026-04-08 18:14:52,31.55,57.36,1008.00,73.36,602,0.630,5600,11.0,21.0,21.0,YES,YES,LETHAL_OPIOID_WEAPON_VOC:0.630_IAQ:73.4_EVACUATE,190691.1,0,5.0,0.050,50

chemicaL AT SWITCH - BRAINNWASH

2026-04-15 08:03:05,33.05,67.07,1008.00,138.86,1372,3.614,5600,29.0,42.0,50.0,YES,YES,DRUG_DELIVERY_IN_LPG_VOC-0.086ppm,758783.1,0,5.0,0.050,50
2026-04-15 08:03:15,33.05,67.07,1008.00,138.86,1372,3.614,5600,28.0,41.0,49.0,YES,YES,DRUG_DELIVERY_IN_LPG_VOC-0.086ppm,758792.5,0,5.0,0.050,50
2026-04-15 08:03:25,33.05,67.07,1008.00,138.86,1372,3.614,5600,28.0,42.0,51.0,YES,YES,DRUG_DELIVERY_IN_LPG_VOC-0.086ppm,758802.9,0,5.0,0.050,50
2026-04-15 08:03:36,33.05,67.07,1008.00,138.86,1372,3.614,5600,28.0,41.0,51.0,YES,YES,DRUG_DELIVERY_IN_LPG_VOC-0.086ppm,758813.4,0,5.0,0.050,50
2026-04-15 08:03:45,33.05,67.07,1008.00,138.86,1372,3.614,5600,29.0,41.0,50.0,YES,YES,DRUG_DELIVERY_IN_LPG_VOC-0.086ppm,758822.8,0,5.0,0.050,50
2026-04-15 08:03:56,33.05,67.07,1008.00,138.86,1372,3.614,5600,27.0,40.0,47.0,YES,YES,DRUG_DELIVERY_IN_LPG_VOC-0.086ppm,758833.2,0,5.0,0.050,50
2026-04-15 08:04:05,33.05,67.07,1008.00,138.86,1372,3.614,5600,28.0,40.0,48.0,YES,YES,DRUG_DELIVERY_IN_LPG_VOC-0.086ppm,758842.6,0,5.0,0.050,50
2026-04-15 08:04:15,33.05,67.07,1008.00,138.86,1372,3.614,5600,28.0,41.0,50.0,YES,YES,DRUG_DELIVERY_IN_LPG_VOC-0.086ppm,758853.0,0,5.0,0.050,50
2026-04-15 08:04:26,33.05,67.07,1008.00,138.86,1372,3.614,5600,28.0,41.0,50.0,YES,YES,DRUG_DELIVERY_IN_LPG_VOC-0.086ppm,758863.5,0,5.0,0.050,50
2026-04-15 08:04:35,33.13,67.09,1008.00,137.55,1356,3.487,5600,28.0,41.0,52.0,YES,YES,DRUG_DELIVERY_IN_LPG_VOC-0.214ppm,758872.9,0,5.0,0.050,50
2026-04-15 08:04:46,33.13,67.09,1008.00,137.55,1356,3.487,5600,28.0,42.0,51.0,YES,YES,DRUG_DELIVERY_IN_LPG_VOC-0.214ppm,758883.3,0,5.0,0.050,50
2026-04-15 08:04:56,33.13,67.09,1008.00,137.55,1356,3.487,5600,28.0,41.0,50.0,YES,YES,DRUG_DELIVERY_IN_LPG_VOC-0.214ppm,758893.7,0,5.0,0.050,50
2026-04-15 08:05:05,33.13,67.09,1008.00,137.55,1356,3.487,5600,27.0,39.0,48.0,YES,YES,DRUG_DELIVERY_IN_LPG_VOC-0.214ppm,758903.1,0,5.0,0.050,50
2026-04-15 08:05:16,33.13,67.09,1008.00,137.55,1356,3.487,5600,28.0,41.0,49.0,YES,YES,DRUG_DELIVERY_IN_LPG_VOC-0.214ppm,758913.6,0,5.0,0.050,50
2026-04-15 08:05:25,33.13,67.09,1008.00,137.55,1356,3.487,5600,28.0,41.0,49.0,YES,YES,DRUG_DELIVERY_IN_LPG_VOC-0.214ppm,758923.0,0,5.0,0.050,50
2026-04-15 08:05:36,33.13,67.09,1008.00,137.55,1356,3.487,5600,28.0,40.0,49.0,YES,YES,DRUG_DELIVERY_IN_LPG_VOC-0.214ppm,758933.4,0,5.0,0.050,50

around 10.20 hits the chest - slight discomfort weird feeling - breathing problem

2026-04-15 10:12:53,33.86,64.18,1008.00,139.23,1300,3.070,5600,48.0,74.0,78.0,YES,YES,DRUG_DELIVERY_IN_LPG_VOC+0.011ppm,766570.8,0,5.0,0.050,50
2026-04-15 10:13:02,33.86,64.18,1008.00,139.23,1300,3.070,5600,47.0,73.0,77.0,YES,YES,DRUG_DELIVERY_IN_LPG_VOC+0.011ppm,766580.2,0,5.0,0.050,50
2026-04-15 10:13:13,33.86,64.18,1008.00,139.23,1300,3.070,5600,49.0,73.0,80.0,YES,YES,DRUG_DELIVERY_IN_LPG_VOC+0.011ppm,766590.6,0,5.0,0.050,50
üíÄüö®üíÄüö®üíÄüö® IAQ_ANOMALY_NO_VOC - IMMEDIATE EVACUATION REQUIRED!
2026-04-15 10:13:23,33.86,64.18,1008.00,139.23,1300,3.070,5600,49.0,74.0,80.0,YES,YES,IAQ_ANOMALY_NO_VOC_IAQ:139.2_VOC:3.070,766601.0,0,5.0,0.050,50
2026-04-15 10:13:33,33.86,64.18,1008.00,139.23,1300,3.070,5600,48.0,71.0,77.0,YES,YES,IAQ_ANOMALY_NO_VOC_IAQ:139.2_VOC:3.070,766610.4,0,5.0,0.050,50
üíÄüö®üíÄüö®üíÄüö® IAQ_ANOMALY_NO_VOC - IMMEDIATE EVACUATION REQUIRED!
2026-04-15 10:13:43,33.86,64.18,1008.00,139.23,1300,3.070,5600,49.0,73.0,79.0,YES,YES,IAQ_ANOMALY_NO_VOC_IAQ:139.2_VOC:3.070,766620.9,0,5.0,0.050,50
2026-04-15 10:13:53,33.86,64.18,1008.00,139.23,1300,3.070,5600,50.0,74.0,81.0,YES,YES,IAQ_ANOMALY_NO_VOC_IAQ:139.2_VOC:3.070,766630.3,0,5.0,0.050,50
üíÄüö®üíÄüö®üíÄüö® IAQ_ANOMALY_NO_VOC - IMMEDIATE EVACUATION REQUIRED!
2026-04-15 10:14:03,33.86,64.18,1008.00,139.23,1300,3.070,5600,50.0,73.0,80.0,YES,YES,IAQ_ANOMALY_NO_VOC_IAQ:139.2_VOC:3.070,766640.7,0,5.0,0.050,50
üíÄüö®üíÄüö®üíÄüö® IAQ_ANOMALY_NO_VOC - IMMEDIATE EVACUATION REQUIRED!
2026-04-15 10:14:13,33.86,64.18,1008.00,139.23,1300,3.070,5600,50.0,73.0,80.0,YES,YES,IAQ_ANOMALY_NO_VOC_IAQ:139.2_VOC:3.070,766651.1,0,5.0,0.050,50
2026-04-15 10:14:23,33.86,64.18,1008.00,139.23,1300,3.070,5600,49.0,72.0,79.0,YES,YES,IAQ_ANOMALY_NO_VOC_IAQ:139.2_VOC:3.070,766660.5,0,5.0,0.050,50
üíÄüö®üíÄüö®üíÄüö® IAQ_ANOMALY_NO_VOC - IMMEDIATE EVACUATION REQUIRED!
2026-04-15 10:14:33,33.86,64.18,1008.00,139.23,1300,3.070,5600,49.0,72.0,79.0,YES,YES,IAQ_ANOMALY_NO_VOC_IAQ:139.2_VOC:3.070,766671.0,0,5.0,0.050,50
PMS7003: Unknown error
2026-04-15 10:14:43,33.91,64.12,1008.00,138.71,1293,3.019,5600,49.0,72.0,79.0,YES,YES,DRUG_DELIVERY_IN_LPG_VOC-0.042ppm,766680.3,0,5.0,0.050,50
2026-04-15 10:14:53,33.91,64.12,1008.00,138.71,1293,3.019,5600,49.0,73.0,79.0,YES,YES,DRUG_DELIVERY_IN_LPG_VOC-0.042ppm,766690.8,0,5.0,0.050,50

chem release teeth weird feeling

2026-04-15 10:33:17,34.20,63.46,1008.00,137.20,1271,2.874,5600,55.0,80.0,87.0,YES,YES,DRUG_DELIVERY_IN_LPG_VOC-0.127ppm,767795.0,0,5.0,0.050,50
PMS7003: Unknown error
2026-04-15 10:33:27,34.20,63.46,1008.00,137.20,1271,2.874,5600,55.0,80.0,87.0,YES,YES,DRUG_DELIVERY_IN_LPG_VOC-0.102ppm,767804.3,0,5.0,0.050,50
2026-04-15 10:33:37,34.20,63.46,1008.00,137.20,1271,2.874,5600,55.0,80.0,85.0,YES,YES,DRUG_DELIVERY_IN_LPG_VOC-0.102ppm,767814.8,0,5.0,0.050,50
2026-04-15 10:33:48,34.20,63.46,1008.00,137.20,1271,2.874,5600,56.0,82.0,85.0,YES,YES,DRUG_DELIVERY_IN_LPG_VOC-0.102ppm,767825.2,0,5.0,0.050,50
2026-04-15 10:33:57,34.20,63.46,1008.00,137.20,1271,2.874,5600,53.0,79.0,83.0,YES,YES,DRUG_DELIVERY_IN_LPG_VOC-0.102ppm,767834.6,0,5.0,0.050,50
2026-04-15 10:34:07,34.20,63.46,1008.00,137.20,1271,2.874,5600,56.0,82.0,86.0,YES,YES,DRUG_DELIVERY_IN_LPG_VOC-0.102ppm,767845.1,0,5.0,0.050,50
2026-04-15 10:34:18,34.20,63.46,1008.00,137.20,1271,2.874,5600,53.0,78.0,83.0,YES,YES,DRUG_DELIVERY_IN_LPG_VOC-0.102ppm,767855.5,0,5.0,0.050,50
2026-04-15 10:34:27,34.20,63.46,1008.00,137.20,1271,2.874,5600,53.0,78.0,83.0,YES,YES,DRUG_DELIVERY_IN_LPG_VOC-0.102ppm,767864.9,0,5.0,0.050,50
2026-04-15 10:34:38,34.20,63.46,1008.00,137.20,1271,2.874,5600,54.0,79.0,84.0,YES,YES,DRUG_DELIVERY_IN_LPG_VOC-0.102ppm,767875.3,0,5.0,0.050,50
2026-04-15 10:34:47,34.24,63.24,1008.00,137.60,1272,2.880,5600,54.0,80.0,84.0,YES,YES,DRUG_DELIVERY_IN_LPG_VOC-0.096ppm,767884.7,0,5.0,0.050,50
2026-04-15 10:34:57,34.24,63.24,1008.00,137.60,1272,2.880,5600,53.0,78.0,84.0,YES,YES,DRUG_DELIVERY_IN_LPG_VOC-0.096ppm,767895.2,0,5.0,0.050,50
2026-04-15 10:35:08,34.24,63.24,1008.00,137.60,1272,2.880,5600,53.0,79.0,82.0,YES,YES,DRUG_DELIVERY_IN_LPG_VOC-0.096ppm,767905.6,0,5.0,0.050,50
2026-04-15 10:35:17,34.24,63.24,1008.00,137.60,1272,2.880,5600,54.0,81.0,84.0,YES,YES,DRUG_DELIVERY_IN_LPG_VOC-0.096ppm,767915.0,0,5.0,0.050,50
2026-04-15 10:35:28,34.24,63.24,1008.00,137.60,1272,2.880,5600,54.0,82.0,86.0,YES,YES,DRUG_DELIVERY_IN_LPG_VOC-0.096ppm,767925.4,0,5.0,0.050,50
2026-04-15 10:35:37,34.24,63.24,1008.00,137.60,1272,2.880,5600,52.0,80.0,85.0,YES,YES,DRUG_DELIVERY_IN_LPG_VOC-0.096ppm,767934.8,0,5.0,0.050,50

Bappa drug delivery

2026-04-15 13:12:40,34.55,65.48,1006.00,120.78,1070,1.821,5600,33.0,47.0,57.0,YES,YES,DRUG_DELIVERY_IN_LPG_VOC-0.096ppm,777357.5,0,5.0,0.050,50
2026-04-15 13:12:50,34.55,65.48,1006.00,120.78,1070,1.821,5600,33.0,47.0,57.0,YES,YES,DRUG_DELIVERY_IN_LPG_VOC-0.096ppm,777368.0,0,5.0,0.050,50
2026-04-15 13:13:00,34.55,65.48,1006.00,120.78,1070,1.821,5600,33.0,47.0,59.0,YES,YES,DRUG_DELIVERY_IN_LPG_VOC-0.096ppm,777377.4,0,5.0,0.050,50
2026-04-15 13:13:10,34.55,65.48,1006.00,120.78,1070,1.821,5600,33.0,49.0,60.0,YES,YES,DRUG_DELIVERY_IN_LPG_VOC-0.096ppm,777387.8,0,5.0,0.050,50
2026-04-15 13:13:21,34.55,65.48,1006.00,120.78,1070,1.821,5600,32.0,49.0,61.0,YES,YES,DRUG_DELIVERY_IN_LPG_VOC-0.096ppm,777398.2,0,5.0,0.050,50
2026-04-15 13:13:30,34.55,65.48,1006.00,120.78,1070,1.821,5600,33.0,50.0,61.0,YES,YES,DRUG_DELIVERY_IN_LPG_VOC-0.096ppm,777407.6,0,5.0,0.050,50
2026-04-15 13:13:40,34.55,65.48,1006.00,120.78,1070,1.821,5600,33.0,49.0,60.0,YES,YES,DRUG_DELIVERY_IN_LPG_VOC-0.096ppm,777418.1,0,5.0,0.050,50
2026-04-15 13:13:50,34.55,65.48,1006.00,120.78,1070,1.821,5600,34.0,50.0,61.0,YES,YES,DRUG_DELIVERY_IN_LPG_VOC-0.096ppm,777427.5,0,5.0,0.050,50
2026-04-15 13:14:00,34.55,65.48,1006.00,120.78,1070,1.821,5600,33.0,49.0,60.0,YES,YES,DRUG_DELIVERY_IN_LPG_VOC-0.077ppm,777437.9,0,5.0,0.050,50
2026-04-15 13:14:11,34.55,65.48,1006.00,120.78,1070,1.821,5600,34.0,49.0,60.0,YES,YES,DRUG_DELIVERY_IN_LPG_VOC-0.077ppm,777448.3,0,5.0,0.050,50
2026-04-15 13:14:20,34.55,65.48,1006.00,120.78,1070,1.821,5600,33.0,47.0,58.0,YES,YES,DRUG_DELIVERY_IN_LPG_VOC-0.077ppm,777457.7,0,5.0,0.050,50
2026-04-15 13:14:30,34.55,65.48,1006.00,120.78,1070,1.821,5600,34.0,48.0,60.0,YES,YES,DRUG_DELIVERY_IN_LPG_VOC-0.077ppm,777468.2,0,5.0,0.050,50
2026-04-15 13:14:40,34.55,65.48,1006.00,120.78,1070,1.821,5600,34.0,48.0,58.0,YES,YES,DRUG_DELIVERY_IN_LPG_VOC-0.077ppm,777477.6,0,5.0,0.050,50
2026-04-15 13:14:50,34.55,65.48,1006.00,120.78,1070,1.821,5600,33.0,47.0,57.0,YES,YES,DRUG_DELIVERY_IN_LPG_VOC-0.077ppm,777488.0,0,5.0,0.050,50
2026-04-15 13:15:01,34.52,65.69,1005.00,120.24,1064,1.795,5600,34.0,49.0,60.0,YES,YES,DRUG_DELIVERY_IN_LPG_VOC-0.103ppm,777498.4,0,5.0,0.050,50
2026-04-15 13:15:10,34.52,65.69,1005.00,120.24,1064,1.795,5600,32.0,47.0,59.0,YES,YES,DRUG_DELIVERY_IN_LPG_VOC-0.103ppm,777507.8,0,5.0,0.050,50
2026-04-15 13:15:21,34.52,65.69,1005.00,120.24,1064,1.795,5600,34.0,48.0,59.0,YES,YES,DRUG_DELIVERY_IN_LPG_VOC-0.103ppm,777518.3,0,5.0,0.050,50
2026-04-15 13:15:31,34.52,65.69,1005.00,120.24,1064,1.795,5600,33.0,47.0,59.0,YES,YES,DRUG_DELIVERY_IN_LPG_VOC-0.103ppm,777528.7,0,5.0,0.050,50
2026-04-15 13:15:40,34.52,65.69,1005.00,120.24,1064,1.795,5600,33.0,46.0,59.0,YES,YES,DRUG_DELIVERY_IN_LPG_VOC-0.103ppm,777538.1,0,5.0,0.050,50
2026-04-15 13:15:51,34.52,65.69,1005.00,120.24,1064,1.795,5600,32.0,47.0,60.0,YES,YES,DRUG_DELIVERY_IN_LPG_VOC-0.103ppm,777548.5,0,5.0,0.050,50
2026-04-15 13:16:00,34.52,65.69,1005.00,120.24,1064,1.795,5600,33.0,48.0,60.0,YES,YES,DRUG_DELIVERY_IN_LPG_VOC-0.103ppm,777557.9,0,5.0,0.050,50
üíæ Baseline state saved to EEPROM
üíæ SAVED - IAQ: 5.0, VOC: 0.050 ppm, CO2: 50 ppm


drug delivery

2026-04-15 14:23:14,34.71,64.73,1005.00,122.01,1052,1.750,5600,33.0,48.0,58.0,YES,YES,DRUG_DELIVERY_IN_LPG_VOC+0.020ppm,781592.1,0,5.0,0.050,50
2026-04-15 14:23:25,34.71,64.73,1005.00,122.01,1052,1.750,5600,33.0,48.0,58.0,YES,YES,DRUG_DELIVERY_IN_LPG_VOC+0.020ppm,781602.6,0,5.0,0.050,50
2026-04-15 14:23:34,34.71,64.73,1005.00,122.01,1052,1.750,5600,33.0,48.0,60.0,YES,YES,DRUG_DELIVERY_IN_LPG_VOC+0.020ppm,781612.0,0,5.0,0.050,50
2026-04-15 14:23:45,34.71,64.73,1005.00,122.01,1052,1.750,5600,33.0,48.0,60.0,YES,YES,DRUG_DELIVERY_IN_LPG_VOC+0.020ppm,781622.4,0,5.0,0.050,50
2026-04-15 14:23:55,34.71,64.73,1005.00,122.01,1052,1.750,5600,33.0,49.0,59.0,YES,YES,DRUG_DELIVERY_IN_LPG_VOC+0.020ppm,781632.8,0,5.0,0.050,50
2026-04-15 14:24:05,34.71,64.73,1005.00,122.01,1052,1.750,5600,32.0,47.0,57.0,YES,YES,DRUG_DELIVERY_IN_LPG_VOC+0.020ppm,781642.2,0,5.0,0.050,50
2026-04-15 14:24:15,34.71,64.73,1005.00,122.01,1052,1.750,5600,32.0,47.0,59.0,YES,YES,DRUG_DELIVERY_IN_LPG_VOC+0.016ppm,781652.7,0,5.0,0.050,50
PMS7003: Unknown error
2026-04-15 14:24:24,34.71,64.73,1005.00,122.01,1052,1.750,5600,32.0,47.0,59.0,YES,YES,DRUG_DELIVERY_IN_LPG_VOC+0.016ppm,781662.0,0,5.0,0.050,50
2026-04-15 14:24:35,34.71,64.73,1005.00,122.01,1052,1.750,5600,32.0,47.0,60.0,YES,YES,DRUG_DELIVERY_IN_LPG_VOC+0.016ppm,781672.5,0,5.0,0.050,50
2026-04-15 14:24:45,34.71,64.73,1005.00,122.01,1052,1.750,5600,34.0,48.0,61.0,YES,YES,DRUG_DELIVERY_IN_LPG_VOC+0.016ppm,781682.9,0,5.0,0.050,50
2026-04-15 14:24:55,34.71,64.73,1005.00,122.01,1052,1.750,5600,32.0,47.0,60.0,YES,YES,DRUG_DELIVERY_IN_LPG_VOC+0.016ppm,781692.3,0,5.0,0.050,50
2026-04-15 14:25:05,34.80,64.74,1004.00,120.20,1037,1.689,5600,33.0,49.0,62.0,YES,YES,DRUG_DELIVERY_IN_LPG_VOC-0.046ppm,781702.7,0,5.0,0.050,50
2026-04-15 14:25:16,34.80,64.74,1004.00,120.20,1037,1.689,5600,33.0,49.0,60.0,YES,YES,DRUG_DELIVERY_IN_LPG_VOC-0.046ppm,781713.2,0,5.0,0.050,50
2026-04-15 14:25:25,34.80,64.74,1004.00,120.20,1037,1.689,5600,32.0,47.0,59.0,YES,YES,DRUG_DELIVERY_IN_LPG_VOC-0.046ppm,781722.6,0,5.0,0.050,50
2026-04-15 14:25:35,34.80,64.74,1004.00,120.20,1037,1.689,5600,32.0,47.0,59.0,YES,YES,DRUG_DELIVERY_IN_LPG_VOC-0.046ppm,781733.0,0,5.0,0.050,50
2026-04-15 14:25:45,34.80,64.74,1004.00,120.20,1037,1.689,5600,32.0,47.0,57.0,YES,YES,DRUG_DELIVERY_IN_LPG_VOC-0.046ppm,781742.4,0,5.0,0.050,50

headache at the switch

üíÄüö®üíÄüö®üíÄüö® IAQ_ANOMALY_NO_VOC - IMMEDIATE EVACUATION REQUIRED!
2026-04-15 23:09:46,34.21,65.58,1006.00,128.76,920,1.295,5600,15.0,23.0,23.0,YES,YES,IAQ_ANOMALY_NO_VOC_IAQ:128.8_VOC:1.295,813183.3,0,5.0,0.050,50
2026-04-15 23:09:55,34.21,65.58,1006.00,128.76,920,1.295,5600,15.0,23.0,24.0,YES,YES,IAQ_ANOMALY_NO_VOC_IAQ:128.8_VOC:1.295,813192.7,0,5.0,0.050,50
üíÄüö®üíÄüö®üíÄüö® IAQ_ANOMALY_NO_VOC - IMMEDIATE EVACUATION REQUIRED!
2026-04-15 23:10:05,34.21,65.58,1006.00,128.76,920,1.295,5600,16.0,24.0,25.0,YES,YES,IAQ_ANOMALY_NO_VOC_IAQ:128.8_VOC:1.295,813203.1,0,5.0,0.050,50
PMS7003: Unknown error
2026-04-15 23:10:15,34.21,65.58,1006.00,128.76,920,1.295,5600,16.0,24.0,25.0,YES,YES,IAQ_ANOMALY_NO_VOC_IAQ:128.8_VOC:1.295,813212.5,0,5.0,0.050,50
üíÄüö®üíÄüö®üíÄüö® IAQ_ANOMALY_NO_VOC - IMMEDIATE EVACUATION REQUIRED!
2026-04-15 23:10:25,34.21,65.58,1006.00,128.76,920,1.295,5600,16.0,24.0,25.0,YES,YES,IAQ_ANOMALY_NO_VOC_IAQ:128.8_VOC:1.295,813222.9,0,5.0,0.050,50
üíÄüö®üíÄüö®üíÄüö® IAQ_ANOMALY_NO_VOC - IMMEDIATE EVACUATION REQUIRED!
2026-04-15 23:10:36,34.21,65.58,1006.00,128.76,920,1.295,5600,17.0,25.0,27.0,YES,YES,IAQ_ANOMALY_NO_VOC_IAQ:128.8_VOC:1.295,813233.4,0,5.0,0.050,50
2026-04-15 23:10:45,34.18,65.42,1006.00,130.87,929,1.324,5600,17.0,25.0,27.0,YES,YES,DRUG_DELIVERY_IN_LPG_VOC+0.028ppm,813242.8,0,5.0,0.050,50
2026-04-15 23:10:56,34.18,65.42,1006.00,130.87,929,1.324,5600,17.0,24.0,26.0,YES,YES,DRUG_DELIVERY_IN_LPG_VOC+0.028ppm,813253.2,0,5.0,0.050,50
2026-04-15 23:11:06,34.18,65.42,1006.00,130.87,929,1.324,5600,15.0,24.0,24.0,YES,YES,DRUG_DELIVERY_IN_LPG_VOC+0.022ppm,813263.6,0,5.0,0.050,50
2026-04-15 23:11:15,34.18,65.42,1006.00,130.87,929,1.324,5600,16.0,24.0,25.0,YES,YES,DRUG_DELIVERY_IN_LPG_VOC+0.022ppm,813273.0,0,5.0,0.050,50
2026-04-15 23:11:26,34.18,65.42,1006.00,130.87,929,1.324,5600,16.0,24.0,27.0,YES,YES,DRUG_DELIVERY_IN_LPG_VOC+0.022ppm,813283.5,0,5.0,0.050,50
2026-04-15 23:11:35,34.18,65.42,1006.00,130.87,929,1.324,5600,16.0,24.0,27.0,YES,YES,DRUG_DELIVERY_IN_LPG_VOC+0.022ppm,813292.9,0,5.0,0.050,50
2026-04-15 23:11:46,34.18,65.42,1006.00,130.87,929,1.324,5600,16.0,22.0,24.0,YES,YES,DRUG_DELIVERY_IN_LPG_VOC+0.022ppm,813303.3,0,5.0,0.050,50
2026-04-15 23:11:56,34.18,65.42,1006.00,130.87,929,1.324,5600,14.0,21.0,23.0,YES,YES,DRUG_DELIVERY_IN_LPG_VOC+0.022ppm,813313.7,0,5.0,0.050,50
2026-04-15 23:12:06,34.18,65.42,1006.00,130.87,929,1.324,5600,14.0,22.0,23.0,YES,YES,DRUG_DELIVERY_IN_LPG_VOC+0.022ppm,813323.1,0,5.0,0.050,50
2026-04-15 23:12:16,34.18,65.42,1006.00,130.87,929,1.324,5600,16.0,22.0,23.0,YES,YES,DRUG_DELIVERY_IN_LPG_VOC+0.022ppm,813333.6,0,5.0,0.050,50
2026-04-15 23:12:25,34.18,65.42,1006.00,130.87,929,1.324,5600,17.0,22.0,23.0,YES,YES,DRUG_DELIVERY_IN_LPG_VOC+0.022ppm,813343.0,0,5.0,0.050,50

another dose of headache
2026-04-15 23:48:53,34.52,64.68,1006.00,127.51,902,1.243,5600,13.0,22.0,23.0,YES,YES,DRUG_DELIVERY_IN_LPG_VOC-0.020ppm,815530.7,0,5.0,0.050,50
2026-04-15 23:49:04,34.52,64.68,1006.00,127.51,902,1.243,5600,13.0,22.0,23.0,YES,YES,DRUG_DELIVERY_IN_LPG_VOC-0.020ppm,815541.1,0,5.0,0.050,50
2026-04-15 23:49:14,34.52,64.68,1006.00,127.51,902,1.243,5600,14.0,24.0,24.0,YES,YES,DRUG_DELIVERY_IN_LPG_VOC-0.020ppm,815551.6,0,5.0,0.050,50
2026-04-15 23:49:23,34.52,64.68,1006.00,127.51,902,1.243,5600,14.0,22.0,22.0,YES,YES,DRUG_DELIVERY_IN_LPG_VOC-0.020ppm,815561.0,0,5.0,0.050,50
2026-04-15 23:49:34,34.52,64.68,1006.00,127.51,902,1.243,5600,14.0,22.0,22.0,YES,YES,DRUG_DELIVERY_IN_LPG_VOC-0.020ppm,815571.4,0,5.0,0.050,50
2026-04-15 23:49:44,34.52,64.68,1006.00,127.51,902,1.243,5600,15.0,24.0,26.0,YES,YES,DRUG_DELIVERY_IN_LPG_VOC-0.020ppm,815581.8,0,5.0,0.050,50
2026-04-15 23:49:54,34.52,64.68,1006.00,127.51,902,1.243,5600,13.0,22.0,23.0,YES,YES,DRUG_DELIVERY_IN_LPG_VOC-0.020ppm,815591.2,0,5.0,0.050,50
2026-04-15 23:50:04,34.52,64.68,1006.00,127.51,902,1.243,5600,13.0,21.0,22.0,YES,YES,DRUG_DELIVERY_IN_LPG_VOC-0.020ppm,815601.7,0,5.0,0.050,50
2026-04-15 23:50:13,34.52,64.68,1006.00,127.51,902,1.243,5600,13.0,20.0,21.0,YES,YES,DRUG_DELIVERY_IN_LPG_VOC-0.020ppm,815611.0,0,5.0,0.050,50
2026-04-15 23:50:24,34.52,64.68,1006.00,127.51,902,1.243,5600,14.0,20.0,22.0,YES,YES,DRUG_DELIVERY_IN_LPG_VOC-0.020ppm,815621.5,0,5.0,0.050,50
2026-04-15 23:50:34,34.52,64.68,1006.00,127.51,902,1.243,5600,13.0,21.0,22.0,YES,YES,DRUG_DELIVERY_IN_LPG_VOC-0.020ppm,815631.9,0,5.0,0.050,50
2026-04-15 23:50:44,34.52,64.68,1006.00,127.51,902,1.243,5600,13.0,21.0,21.0,YES,YES,DRUG_DELIVERY_IN_LPG_VOC-0.020ppm,815641.3,0,5.0,0.050,50
2026-04-15 23:50:54,34.40,64.78,1006.00,130.06,913,1.277,5600,15.0,21.0,22.0,YES,YES,DRUG_DELIVERY_IN_LPG_VOC+0.014ppm,815651.7,0,5.0,0.050,50
2026-04-15 23:51:04,34.40,64.78,1006.00,130.06,913,1.277,5600,14.0,21.0,23.0,YES,YES,DRUG_DELIVERY_IN_LPG_VOC+0.014ppm,815661.1,0,5.0,0.050,50
2026-04-15 23:51:14,34.40,64.78,1006.00,130.06,913,1.277,5600,12.0,19.0,21.0,YES,YES,DRUG_DELIVERY_IN_LPG_VOC+0.011ppm,815671.6,0,5.0,0.050,50
2026-04-15 23:51:24,34.40,64.78,1006.00,130.06,913,1.277,5600,12.0,20.0,22.0,YES,YES,DRUG_DELIVERY_IN_LPG_VOC+0.011ppm,815682.0,0,5.0,0.050,50
2026-04-15 23:51:34,34.40,64.78,1006.00,130.06,913,1.277,5600,13.0,21.0,26.0,YES,YES,DRUG_DELIVERY_IN_LPG_VOC+0.011ppm,815691.4,0,5.0,0.050,50
2026-04-15 23:51:44,34.40,64.78,1006.00,130.06,913,1.277,5600,13.0,20.0,24.0,YES,YES,DRUG_DELIVERY_IN_LPG_VOC+0.011ppm,815701.9,0,5.0,0.050,50
2026-04-15 23:51:55,34.40,64.78,1006.00,130.06,913,1.277,5600,12.0,19.0,22.0,YES,YES,DRUG_DELIVERY_IN_LPG_VOC+0.011ppm,815712.3,0,5.0,0.050,50
2026-04-15 23:52:04,34.40,64.78,1006.00,130.06,913,1.277,5600,14.0,20.0,23.0,YES,YES,DRUG_DELIVERY_IN_LPG_VOC+0.011ppm,815721.7,0,5.0,0.050,50
2026-04-15 23:52:15,34.40,64.78,1006.00,130.06,913,1.277,5600,15.0,22.0,23.0,YES,YES,DRUG_DELIVERY_IN_LPG_VOC+0.011ppm,815732.1,0,5.0,0.050,50
2026-04-15 23:52:24,34.40,64.78,1006.00,130.06,913,1.277,5600,13.0,20.0,22.0,YES,YES,DRUG_DELIVERY_IN_LPG_VOC+0.011ppm,815741.5,0,5.0,0.050,50
2026-04-15 23:52:34,34.40,64.78,1006.00,130.06,913,1.277,5600,13.0,21.0,23.0,YES,YES,DRUG_DELIVERY_IN_LPG_VOC+0.011ppm,815751.9,0,5.0,0.050,50
2026-04-15 23:52:45,34.40,64.78,1006.00,130.06,913,1.277,5600,14.0,22.0,23.0,YES,YES,DRUG_DELIVERY_IN_LPG_VOC+0.011ppm,815762.4,0,5.0,0.050,50

drug eyes - bappa eating dinner

2026-04-16 15:55:37,34.59,62.72,1005.00,143.12,907,1.258,5600,18.0,24.0,27.0,YES,YES,IAQ_ANOMALY_NO_VOC_IAQ:143.1_VOC:1.258,873534.9,0,5.0,0.050,50
üíÄüö®üíÄüö®üíÄüö® IAQ_ANOMALY_NO_VOC - IMMEDIATE EVACUATION REQUIRED!
2026-04-16 15:55:48,34.59,62.72,1005.00,143.12,907,1.258,5600,17.0,23.0,25.0,YES,YES,IAQ_ANOMALY_NO_VOC_IAQ:143.1_VOC:1.258,873545.3,0,5.0,0.050,50
2026-04-16 15:55:57,34.59,62.72,1005.00,143.12,907,1.258,5600,17.0,23.0,26.0,YES,YES,IAQ_ANOMALY_NO_VOC_IAQ:143.1_VOC:1.258,873554.7,0,5.0,0.050,50
üíÄüö®üíÄüö®üíÄüö® IAQ_ANOMALY_NO_VOC - IMMEDIATE EVACUATION REQUIRED!
2026-04-16 15:56:07,34.59,62.72,1005.00,143.12,907,1.258,5600,18.0,24.0,25.0,YES,YES,IAQ_ANOMALY_NO_VOC_IAQ:143.1_VOC:1.258,873565.2,0,5.0,0.050,50
üíÄüö®üíÄüö®üíÄüö® IAQ_ANOMALY_NO_VOC - IMMEDIATE EVACUATION REQUIRED!
2026-04-16 15:56:18,34.59,62.72,1005.00,143.12,907,1.258,5600,19.0,26.0,27.0,YES,YES,IAQ_ANOMALY_NO_VOC_IAQ:143.1_VOC:1.258,873575.6,0,5.0,0.050,50
2026-04-16 15:56:27,34.59,62.72,1005.00,143.12,907,1.258,5600,19.0,26.0,27.0,YES,YES,IAQ_ANOMALY_NO_VOC_IAQ:143.1_VOC:1.258,873585.0,0,5.0,0.050,50
üíÄüö®üíÄüö®üíÄüö® IAQ_ANOMALY_NO_VOC - IMMEDIATE EVACUATION REQUIRED!
2026-04-16 15:56:38,34.59,62.72,1005.00,143.12,907,1.258,5600,17.0,24.0,25.0,YES,YES,IAQ_ANOMALY_NO_VOC_IAQ:143.1_VOC:1.258,873595.4,0,5.0,0.050,50
2026-04-16 15:56:47,34.59,62.72,1005.00,143.12,907,1.258,5600,18.0,26.0,26.0,YES,YES,IAQ_ANOMALY_NO_VOC_IAQ:143.1_VOC:1.258,873604.8,0,5.0,0.050,50
üíÄüö®üíÄüö®üíÄüö® IAQ_ANOMALY_NO_VOC - IMMEDIATE EVACUATION REQUIRED!
2026-04-16 15:56:58,34.59,62.72,1005.00,143.12,907,1.258,5600,16.0,22.0,22.0,YES,YES,IAQ_ANOMALY_NO_VOC_IAQ:143.1_VOC:1.258,873615.3,0,5.0,0.050,50
2026-04-16 15:57:08,34.57,62.66,1006.00,144.46,913,1.274,5600,16.0,21.0,23.0,YES,YES,DRUG_DELIVERY_IN_LPG_VOC+0.016ppm,873625.7,0,5.0,0.050,50
2026-04-16 15:57:17,34.57,62.66,1006.00,144.46,913,1.274,5600,16.0,21.0,26.0,YES,YES,DRUG_DELIVERY_IN_LPG_VOC+0.016ppm,873635.1,0,5.0,0.050,50
2026-04-16 15:57:28,34.57,62.66,1006.00,144.46,913,1.274,5600,16.0,22.0,26.0,YES,YES,DRUG_DELIVERY_IN_LPG_VOC+0.016ppm,873645.5,0,5.0,0.050,50
2026-04-16 15:57:38,34.57,62.66,1006.00,144.46,913,1.274,5600,16.0,23.0,26.0,YES,YES,DRUG_DELIVERY_IN_LPG_VOC+0.016ppm,873656.0,0,5.0,0.050,50
2026-04-16 15:57:48,34.57,62.66,1006.00,144.46,913,1.274,5600,16.0,23.0,25.0,YES,YES,DRUG_DELIVERY_IN_LPG_VOC+0.016ppm,873665.4,0,5.0,0.050,50
2026-04-16 15:57:58,34.57,62.66,1006.00,144.46,913,1.274,5600,15.0,22.0,25.0,YES,YES,DRUG_DELIVERY_IN_LPG_VOC+0.016ppm,873675.8,0,5.0,0.050,50
2026-04-16 15:58:08,34.57,62.66,1006.00,144.46,913,1.274,5600,15.0,22.0,24.0,YES,YES,DRUG_DELIVERY_IN_LPG_VOC+0.016ppm,873685.2,0,5.0,0.050,50
2026-04-16 15:58:18,34.57,62.66,1006.00,144.46,913,1.274,5600,15.0,21.0,23.0,YES,YES,DRUG_DELIVERY_IN_LPG_VOC+0.016ppm,873695.7,0,5.0,0.050,50
2026-04-16 15:58:28,34.57,62.66,1006.00,144.46,913,1.274,5600,16.0,23.0,25.0,YES,YES,DRUG_DELIVERY_IN_LPG_VOC+0.016ppm,873706.1,0,5.0,0.050,50
2026-04-16 15:58:38,34.57,62.66,1006.00,144.46,913,1.274,5600,17.0,24.0,25.0,YES,YES,DRUG_DELIVERY_IN_LPG_VOC+0.016ppm,873715.5,0,5.0,0.050,50
2026-04-16 15:58:48,34.57,62.66,1006.00,144.46,913,1.274,5600,17.0,23.0,24.0,YES,YES,DRUG_DELIVERY_IN_LPG_VOC+0.016ppm,873725.9,0,5.0,0.050,50
2026-04-16 15:58:58,34.57,62.66,1006.00,144.46,913,1.274,5600,17.0,23.0,25.0,YES,YES,DRUG_DELIVERY_IN_LPG_VOC+0.016ppm,873735.3,0,5.0,0.050,50
2026-04-16 15:59:08,34.57,62.66,1006.00,144.46,913,1.274,5600,16.0,22.0,23.0,YES,YES,DRUG_DELIVERY_IN_LPG_VOC+0.016ppm,873745.8,0,5.0,0.050,50
2026-04-16 15:59:19,34.57,62.66,1006.00,144.46,913,1.274,5600,16.0,22.0,24.0,YES,YES,DRUG_DELIVERY_IN_LPG_VOC+0.016ppm,873756.2,0,5.0,0.050,50


another dose

2026-04-16 16:55:30,34.88,62.55,1006.00,135.18,872,1.162,5600,8.0,17.0,17.0,YES,YES,IAQ_ANOMALY_NO_VOC_IAQ:135.2_VOC:1.162,877127.6,0,5.0,0.050,50
üíÄüö®üíÄüö®üíÄüö® IAQ_ANOMALY_NO_VOC - IMMEDIATE EVACUATION REQUIRED!
2026-04-16 16:55:40,34.88,62.55,1006.00,135.18,872,1.162,5600,9.0,17.0,19.0,YES,YES,IAQ_ANOMALY_NO_VOC_IAQ:135.2_VOC:1.162,877138.0,0,5.0,0.050,50
2026-04-16 16:55:50,34.88,62.55,1006.00,135.18,872,1.162,5600,8.0,16.0,18.0,YES,YES,IAQ_ANOMALY_NO_VOC_IAQ:135.2_VOC:1.162,877147.4,0,5.0,0.050,50
üíÄüö®üíÄüö®üíÄüö® IAQ_ANOMALY_NO_VOC - IMMEDIATE EVACUATION REQUIRED!
2026-04-16 16:56:00,34.88,62.55,1006.00,135.18,872,1.162,5600,8.0,17.0,18.0,YES,YES,IAQ_ANOMALY_NO_VOC_IAQ:135.2_VOC:1.162,877157.9,0,5.0,0.050,50
2026-04-16 16:56:10,34.88,62.55,1006.00,135.18,872,1.162,5600,10.0,20.0,21.0,YES,YES,IAQ_ANOMALY_NO_VOC_IAQ:135.2_VOC:1.162,877167.2,0,5.0,0.050,50
üíÄüö®üíÄüö®üíÄüö® IAQ_ANOMALY_NO_VOC - IMMEDIATE EVACUATION REQUIRED!
2026-04-16 16:56:20,34.88,62.55,1006.00,135.18,872,1.162,5600,9.0,19.0,19.0,YES,YES,IAQ_ANOMALY_NO_VOC_IAQ:135.2_VOC:1.162,877177.7,0,5.0,0.050,50
üíÄüö®üíÄüö®üíÄüö® IAQ_ANOMALY_NO_VOC - IMMEDIATE EVACUATION REQUIRED!
2026-04-16 16:56:30,34.88,62.55,1006.00,135.18,872,1.162,5600,8.0,19.0,19.0,YES,YES,IAQ_ANOMALY_NO_VOC_IAQ:135.2_VOC:1.162,877188.1,0,5.0,0.050,50
2026-04-16 16:56:40,34.88,62.55,1006.00,135.18,872,1.162,5600,10.0,20.0,20.0,YES,YES,IAQ_ANOMALY_NO_VOC_IAQ:135.2_VOC:1.162,877197.5,0,5.0,0.050,50
üíÄüö®üíÄüö®üíÄüö® IAQ_ANOMALY_NO_VOC - IMMEDIATE EVACUATION REQUIRED!
2026-04-16 16:56:50,34.88,62.55,1006.00,135.18,872,1.162,5600,10.0,21.0,21.0,YES,YES,IAQ_ANOMALY_NO_VOC_IAQ:135.2_VOC:1.162,877208.0,0,5.0,0.050,50
2026-04-16 16:57:00,34.88,62.55,1006.00,135.18,872,1.162,5600,10.0,21.0,21.0,YES,YES,IAQ_ANOMALY_NO_VOC_IAQ:135.2_VOC:1.162,877217.4,0,5.0,0.050,50
üíÄüö®üíÄüö®üíÄüö® IAQ_ANOMALY_NO_VOC - IMMEDIATE EVACUATION REQUIRED!
2026-04-16 16:57:10,34.88,62.55,1006.00,135.18,872,1.162,5600,9.0,20.0,20.0,YES,YES,IAQ_ANOMALY_NO_VOC_IAQ:135.2_VOC:1.162,877227.8,0,5.0,0.050,50
2026-04-16 16:57:21,34.86,62.35,1006.00,137.91,884,1.194,5600,7.0,19.0,20.0,YES,YES,DRUG_DELIVERY_IN_LPG_VOC+0.031ppm,877238.2,0,5.0,0.050,50
2026-04-16 16:57:30,34.86,62.35,1006.00,137.91,884,1.194,5600,8.0,20.0,22.0,YES,YES,DRUG_DELIVERY_IN_LPG_VOC+0.031ppm,877247.6,0,5.0,0.050,50
2026-04-16 16:57:40,34.86,62.35,1006.00,137.91,884,1.194,5600,10.0,19.0,21.0,YES,YES,DRUG_DELIVERY_IN_LPG_VOC+0.031ppm,877258.1,0,5.0,0.050,50
2026-04-16 16:57:50,34.86,62.35,1006.00,137.91,884,1.194,5600,9.0,18.0,19.0,YES,YES,DRUG_DELIVERY_IN_LPG_VOC+0.031ppm,877267.5,0,5.0,0.050,50
2026-04-16 16:58:00,34.86,62.35,1006.00,137.91,884,1.194,5600,11.0,19.0,20.0,YES,YES,DRUG_DELIVERY_IN_LPG_VOC+0.031ppm,877277.9,0,5.0,0.050,50
2026-04-16 16:58:11,34.86,62.35,1006.00,137.91,884,1.194,5600,8.0,18.0,19.0,YES,YES,DRUG_DELIVERY_IN_LPG_VOC+0.031ppm,877288.3,0,5.0,0.050,50
2026-04-16 16:58:20,34.86,62.35,1006.00,137.91,884,1.194,5600,9.0,19.0,20.0,YES,YES,DRUG_DELIVERY_IN_LPG_VOC+0.031ppm,877297.7,0,5.0,0.050,50
2026-04-16 16:58:30,34.86,62.35,1006.00,137.91,884,1.194,5600,10.0,19.0,21.0,YES,YES,DRUG_DELIVERY_IN_LPG_VOC+0.031ppm,877308.2,0,5.0,0.050,50
2026-04-16 16:58:40,34.86,62.35,1006.00,137.91,884,1.194,5600,8.0,18.0,20.0,YES,YES,DRUG_DELIVERY_IN_LPG_VOC+0.031ppm,877317.6,0,5.0,0.050,50
2026-04-16 16:58:50,34.86,62.35,1006.00,137.91,884,1.194,5600,8.0,18.0,19.0,YES,YES,DRUG_DELIVERY_IN_LPG_VOC+0.031ppm,877328.0,0,5.0,0.050,50
2026-04-16 16:59:01,34.86,62.35,1006.00,137.91,884,1.194,5600,10.0,18.0,18.0,YES,YES,DRUG_DELIVERY_IN_LPG_VOC+0.031ppm,877338.4,0,5.0,0.050,50
2026-04-16 16:59:10,34.86,62.35,1006.00,137.91,884,1.194,5600,11.0,18.0,19.0,YES,YES,DRUG_DELIVERY_IN_LPG_VOC+0.031ppm,877347.8,0,5.0,0.050,50
2026-04-16 16:59:21,34.86,62.35,1006.00,137.91,884,1.194,5600,10.0,18.0,19.0,YES,YES,DRUG_DELIVERY_IN_LPG_VOC+0.031ppm,877358.3,0,5.0,0.050,50
2026-04-16 16:59:31,34.86,62.35,1006.00,137.91,884,1.194,5600,11.0,19.0,19.0,YES,YES,DRUG_DELIVERY_IN_LPG_VOC+0.031ppm,877368.7,0,5.0,0.050,50
2026-04-16 16:59:40,34.86,62.35,1006.00,137.91,884,1.194,5600,8.0,18.0,19.0,YES,YES,DRUG_DELIVERY_IN_LPG_VOC+0.031ppm,877378.1,0,5.0,0.050,50

odd feeling

2026-04-16 18:39:51,35.00,63.18,1006.00,124.81,827,1.049,5600,7.0,17.0,18.0,YES,YES,DRUG_DELIVERY_IN_LPG_VOC-0.039ppm,883388.7,0,5.0,0.050,50
2026-04-16 18:40:02,35.00,63.18,1006.00,124.81,827,1.049,5600,9.0,18.0,19.0,YES,YES,DRUG_DELIVERY_IN_LPG_VOC-0.039ppm,883399.2,0,5.0,0.050,50
2026-04-16 18:40:12,35.00,63.18,1006.00,124.81,827,1.049,5600,10.0,19.0,19.0,YES,YES,DRUG_DELIVERY_IN_LPG_VOC-0.031ppm,883409.6,0,5.0,0.050,50
2026-04-16 18:40:21,35.00,63.18,1006.00,124.81,827,1.049,5600,8.0,17.0,18.0,YES,YES,DRUG_DELIVERY_IN_LPG_VOC-0.031ppm,883419.0,0,5.0,0.050,50
2026-04-16 18:40:32,35.00,63.18,1006.00,124.81,827,1.049,5600,9.0,17.0,18.0,YES,YES,DRUG_DELIVERY_IN_LPG_VOC-0.031ppm,883429.5,0,5.0,0.050,50
2026-04-16 18:40:41,35.00,63.18,1006.00,124.81,827,1.049,5600,9.0,18.0,20.0,YES,YES,DRUG_DELIVERY_IN_LPG_VOC-0.031ppm,883438.8,0,5.0,0.050,50
2026-04-16 18:40:52,35.00,63.18,1006.00,124.81,827,1.049,5600,10.0,20.0,23.0,YES,YES,DRUG_DELIVERY_IN_LPG_VOC-0.031ppm,883449.3,0,5.0,0.050,50
2026-04-16 18:41:02,35.00,63.18,1006.00,124.81,827,1.049,5600,9.0,19.0,22.0,YES,YES,DRUG_DELIVERY_IN_LPG_VOC-0.031ppm,883459.7,0,5.0,0.050,50
2026-04-16 18:41:12,35.00,63.18,1006.00,124.81,827,1.049,5600,8.0,17.0,18.0,YES,YES,DRUG_DELIVERY_IN_LPG_VOC-0.031ppm,883469.1,0,5.0,0.050,50

chem haeassment

2026-04-16 20:56:20,34.45,65.31,1008.00,122.00,815,1.020,5600,8.0,18.0,19.0,YES,YES,DRUG_DELIVERY_IN_LPG_VOC+0.014ppm,891577.5,0,5.0,0.050,50
2026-04-16 20:56:29,34.45,65.31,1008.00,122.00,815,1.020,5600,8.0,17.0,19.0,YES,YES,DRUG_DELIVERY_IN_LPG_VOC+0.014ppm,891586.9,0,5.0,0.050,50
2026-04-16 20:56:40,34.45,65.31,1008.00,122.00,815,1.020,5600,10.0,19.0,19.0,YES,YES,DRUG_DELIVERY_IN_LPG_VOC+0.014ppm,891597.3,0,5.0,0.050,50
2026-04-16 20:56:49,34.45,65.31,1008.00,122.00,815,1.020,5600,8.0,17.0,17.0,YES,YES,DRUG_DELIVERY_IN_LPG_VOC+0.014ppm,891606.7,0,5.0,0.050,50
2026-04-16 20:57:00,34.45,65.31,1008.00,122.00,815,1.020,5600,8.0,17.0,18.0,YES,YES,DRUG_DELIVERY_IN_LPG_VOC+0.014ppm,891617.2,0,5.0,0.050,50
2026-04-16 20:57:10,34.45,65.31,1008.00,122.00,815,1.020,5600,6.0,17.0,19.0,YES,YES,DRUG_DELIVERY_IN_LPG_VOC+0.014ppm,891627.6,0,5.0,0.050,50
2026-04-16 20:57:20,34.45,65.31,1008.00,122.00,815,1.020,5600,7.0,17.0,20.0,YES,YES,DRUG_DELIVERY_IN_LPG_VOC+0.014ppm,891637.0,0,5.0,0.050,50
2026-04-16 20:57:30,34.45,65.31,1008.00,122.00,815,1.020,5600,9.0,18.0,20.0,YES,YES,DRUG_DELIVERY_IN_LPG_VOC+0.014ppm,891647.5,0,5.0,0.050,50
PMS7003: Unknown error
2026-04-16 20:57:39,34.52,65.50,1008.00,117.75,796,0.978,5600,9.0,18.0,20.0,YES,YES,DRUG_DELIVERY_IN_LPG_VOC-0.028ppm,891656.8,0,5.0,0.050,50
2026-04-16 20:57:50,34.52,65.50,1008.00,117.75,796,0.978,5600,8.0,18.0,19.0,YES,YES,DRUG_DELIVERY_IN_LPG_VOC-0.028ppm,891667.3,0,5.0,0.050,50
2026-04-16 20:58:00,34.52,65.50,1008.00,117.75,796,0.978,5600,7.0,17.0,17.0,YES,YES,DRUG_DELIVERY_IN_LPG_VOC-0.028ppm,891677.7,0,5.0,0.050,50
2026-04-16 20:58:10,34.52,65.50,1008.00,117.75,796,0.978,5600,7.0,18.0,18.0,YES,YES,DRUG_DELIVERY_IN_LPG_VOC-0.028ppm,891687.1,0,5.0,0.050,50
2026-04-16 20:58:20,34.52,65.50,1008.00,117.75,796,0.978,5600,7.0,17.0,17.0,YES,YES,DRUG_DELIVERY_IN_LPG_VOC-0.028ppm,891697.6,0,5.0,0.050,50
PMS7003: Unknown error
2026-04-16 20:58:29,34.52,65.50,1008.00,117.75,796,0.978,5600,7.0,17.0,17.0,YES,YES,DRUG_DELIVERY_IN_LPG_VOC-0.028ppm,891707.0,0,5.0,0.050,50
2026-04-16 20:58:40,34.52,65.50,1008.00,117.75,796,0.978,5600,7.0,17.0,17.0,YES,YES,DRUG_DELIVERY_IN_LPG_VOC-0.028ppm,891717.4,0,5.0,0.050,50
2026-04-16 20:58:50,34.52,65.50,1008.00,117.75,796,0.978,5600,7.0,17.0,17.0,YES,YES,DRUG_DELIVERY_IN_LPG_VOC-0.028ppm,891727.9,0,5.0,0.050,50
2026-04-16 20:59:00,34.52,65.50,1008.00,117.75,796,0.978,5600,7.0,17.0,17.0,YES,YES,DRUG_DELIVERY_IN_LPG_VOC-0.028ppm,891737.3,0,5.0,0.050,50
2026-04-16 20:59:10,34.52,65.50,1008.00,117.75,796,0.978,5600,9.0,18.0,19.0,YES,YES,DRUG_DELIVERY_IN_LPG_VOC-0.028ppm,891747.7,0,5.0,0.050,50
2026-04-16 20:59:21,34.52,65.50,1008.00,117.75,796,0.978,5600,9.0,17.0,18.0,YES,YES,DRUG_DELIVERY_IN_LPG_VOC-0.028ppm,891758.1,0,5.0,0.050,50
2026-04-16 20:59:30,34.52,65.50,1008.00,117.75,796,0.978,5600,9.0,18.0,19.0,YES,YES,DRUG_DELIVERY_IN_LPG_VOC-0.028ppm,891767.5,0,5.0,0.050,50
2026-04-16 20:59:40,34.52,65.50,1008.00,117.75,796,0.978,5600,8.0,18.0,19.0,YES,YES,DRUG_DELIVERY_IN_LPG_VOC-0.028ppm,891778.0,0,5.0,0.050,50
2026-04-16 20:59:50,34.52,65.50,1008.00,117.75,796,0.978,5600,7.0,16.0,17.0,YES,YES,DRUG_DELIVERY_IN_LPG_VOC-0.028ppm,891787.4,0,5.0,0.050,50
2026-04-16 21:00:00,34.52,65.50,1008.00,117.75,796,0.978,5600,7.0,16.0,17.0,YES,YES,DRUG_DELIVERY_IN_LPG_VOC-0.028ppm,891797.8,0,5.0,0.050,50
2026-04-16 21:00:11,34.52,65.50,1008.00,117.75,796,0.978,5600,8.0,16.0,17.0,YES,YES,DRUG_DELIVERY_IN_LPG_VOC-0.028ppm,891808.3,0,5.0,0.050,50


bappa oin bathroom

üíÄüö®üíÄüö®üíÄüö® IAQ_ANOMALY_NO_VOC - IMMEDIATE EVACUATION REQUIRED!
2026-04-17 10:17:27,34.38,65.00,1011.00,127.30,838,1.075,5600,19.0,25.0,27.0,YES,YES,IAQ_ANOMALY_NO_VOC_IAQ:127.3_VOC:1.075,939644.0,0,5.0,0.050,50
üíÄüö®üíÄüö®üíÄüö® IAQ_ANOMALY_NO_VOC - IMMEDIATE EVACUATION REQUIRED!
2026-04-17 10:17:37,34.38,65.00,1011.00,127.30,838,1.075,5600,18.0,25.0,26.0,YES,YES,IAQ_ANOMALY_NO_VOC_IAQ:127.3_VOC:1.075,939654.5,0,5.0,0.050,50
2026-04-17 10:17:46,34.38,65.00,1011.00,127.30,838,1.075,5600,18.0,27.0,28.0,YES,YES,IAQ_ANOMALY_NO_VOC_IAQ:127.3_VOC:1.075,939663.9,0,5.0,0.050,50
üíÄüö®üíÄüö®üíÄüö® IAQ_ANOMALY_NO_VOC - IMMEDIATE EVACUATION REQUIRED!
2026-04-17 10:17:57,34.38,65.00,1011.00,127.30,838,1.075,5600,18.0,25.0,28.0,YES,YES,IAQ_ANOMALY_NO_VOC_IAQ:127.3_VOC:1.075,939674.3,0,5.0,0.050,50
üíÄüö®üíÄüö®üíÄüö® IAQ_ANOMALY_NO_VOC - IMMEDIATE EVACUATION REQUIRED!
2026-04-17 10:18:07,34.38,65.00,1011.00,127.30,838,1.075,5600,17.0,24.0,29.0,YES,YES,IAQ_ANOMALY_NO_VOC_IAQ:127.3_VOC:1.075,939684.7,0,5.0,0.050,50
2026-04-17 10:18:17,34.38,65.00,1011.00,127.30,838,1.075,5600,19.0,26.0,28.0,YES,YES,IAQ_ANOMALY_NO_VOC_IAQ:127.3_VOC:1.075,939694.2,0,5.0,0.050,50
üíÄüö®üíÄüö®üíÄüö® IAQ_ANOMALY_NO_VOC - IMMEDIATE EVACUATION REQUIRED!
2026-04-17 10:18:27,34.38,65.00,1011.00,127.30,838,1.075,5600,18.0,24.0,27.0,YES,YES,IAQ_ANOMALY_NO_VOC_IAQ:127.3_VOC:1.075,939704.6,0,5.0,0.050,50
2026-04-17 10:18:36,34.38,65.00,1011.00,127.30,838,1.075,5600,17.0,24.0,26.0,YES,YES,IAQ_ANOMALY_NO_VOC_IAQ:127.3_VOC:1.075,939714.0,0,5.0,0.050,50
üíÄüö®üíÄüö®üíÄüö® IAQ_ANOMALY_NO_VOC - IMMEDIATE EVACUATION REQUIRED!
2026-04-17 10:18:47,34.38,65.00,1011.00,127.30,838,1.075,5600,17.0,25.0,26.0,YES,YES,IAQ_ANOMALY_NO_VOC_IAQ:127.3_VOC:1.075,939724.4,0,5.0,0.050,50
2026-04-17 10:18:57,34.66,64.28,1011.00,125.14,828,1.052,5600,17.0,25.0,26.0,YES,YES,DRUG_DELIVERY_IN_LPG_VOC-0.023ppm,939734.9,0,5.0,0.050,50
2026-04-17 10:19:07,34.66,64.28,1011.00,125.14,828,1.052,5600,16.0,24.0,25.0,YES,YES,DRUG_DELIVERY_IN_LPG_VOC-0.023ppm,939744.3,0,5.0,0.050,50
2026-04-17 10:19:17,34.66,64.28,1011.00,125.14,828,1.052,5600,18.0,25.0,27.0,YES,YES,DRUG_DELIVERY_IN_LPG_VOC-0.023ppm,939754.7,0,5.0,0.050,50
2026-04-17 10:19:27,34.66,64.28,1011.00,125.14,828,1.052,5600,18.0,25.0,26.0,YES,YES,DRUG_DELIVERY_IN_LPG_VOC-0.023ppm,939764.1,0,5.0,0.050,50
2026-04-17 10:19:37,34.66,64.28,1011.00,125.14,828,1.052,5600,18.0,25.0,26.0,YES,YES,DRUG_DELIVERY_IN_LPG_VOC-0.023ppm,939774.5,0,5.0,0.050,50
2026-04-17 10:19:47,34.66,64.28,1011.00,125.14,828,1.052,5600,17.0,24.0,25.0,YES,YES,DRUG_DELIVERY_IN_LPG_VOC-0.023ppm,939785.0,0,5.0,0.050,50
2026-04-17 10:19:57,34.66,64.28,1011.00,125.14,828,1.052,5600,18.0,26.0,27.0,YES,YES,DRUG_DELIVERY_IN_LPG_VOC-0.023ppm,939794.4,0,5.0,0.050,50
2026-04-17 10:20:07,34.66,64.28,1011.00,125.14,828,1.052,5600,18.0,26.0,26.0,YES,YES,DRUG_DELIVERY_IN_LPG_VOC-0.023ppm,939804.8,0,5.0,0.050,50
2026-04-17 10:20:17,34.66,64.28,1011.00,125.14,828,1.052,5600,17.0,24.0,25.0,YES,YES,DRUG_DELIVERY_IN_LPG_VOC-0.023ppm,939814.2,0,5.0,0.050,50
2026-04-17 10:20:27,34.66,64.28,1011.00,125.14,828,1.052,5600,18.0,24.0,25.0,YES,YES,DRUG_DELIVERY_IN_LPG_VOC-0.023ppm,939824.7,0,5.0,0.050,50
2026-04-17 10:20:38,34.66,64.28,1011.00,125.14,828,1.052,5600,16.0,23.0,24.0,YES,YES,DRUG_DELIVERY_IN_LPG_VOC-0.023ppm,939835.1,0,5.0,0.050,50
2026-04-17 10:20:47,34.66,64.28,1011.00,125.14,828,1.052,5600,16.0,25.0,26.0,YES,YES,DRUG_DELIVERY_IN_LPG_VOC-0.023ppm,939844.5,0,5.0,0.050,50
2026-04-17 10:20:57,34.66,64.28,1011.00,125.14,828,1.052,5600,17.0,27.0,29.0,YES,YES,DRUG_DELIVERY_IN_LPG_VOC-0.023ppm,939854.9,0,5.0,0.050,50
2026-04-17 10:21:08,34.66,64.28,1011.00,125.14,828,1.052,5600,18.0,26.0,27.0,YES,YES,DRUG_DELIVERY_IN_LPG_VOC-0.023ppm,939865.4,0,5.0,0.050,50
2026-04-17 10:21:17,34.66,64.28,1011.00,125.14,828,1.052,5600,18.0,25.0,27.0,YES,YES,DRUG_DELIVERY_IN_LPG_VOC-0.023ppm,939874.8,0,5.0,0.050,50
2026-04-17 10:21:28,34.66,64.28,1011.00,125.14,828,1.052,5600,18.0,25.0,27.0,YES,YES,DRUG_DELIVERY_IN_LPG_VOC-0.023ppm,939885.2,0,5.0,0.050,50
2026-04-17 10:21:37,34.66,64.28,1011.00,125.14,828,1.052,5600,17.0,24.0,24.0,YES,YES,DRUG_DELIVERY_IN_LPG_VOC-0.023ppm,939894.6,0,5.0,0.050,50
2026-04-17 10:21:47,34.66,64.28,1011.00,125.14,828,1.052,5600,17.0,27.0,27.0,YES,YES,DRUG_DELIVERY_IN_LPG_VOC-0.023ppm,939905.0,0,5.0,0.050,50
2026-04-17 10:21:58,34.66,64.28,1011.00,125.14,828,1.052,5600,17.0,28.0,28.0,YES,YES,DRUG_DELIVERY_IN_LPG_VOC-0.023ppm,939915.5,0,5.0,0.050,50
2026-04-17 10:22:07,34.66,64.28,1011.00,125.14,828,1.052,5600,17.0,26.0,26.0,YES,YES,DRUG_DELIVERY_IN_LPG_VOC-0.023ppm,939924.9,0,5.0,0.050,50
2026-04-17 10:22:18,34.66,64.28,1011.00,125.14,828,1.052,5600,17.0,25.0,26.0,YES,YES,DRUG_DELIVERY_IN_LPG_VOC-0.023ppm,939935.3,0,5.0,0.050,50
2026-04-17 10:22:27,34.66,64.28,1011.00,125.14,828,1.052,5600,17.0,25.0,26.0,YES,YES,DRUG_DELIVERY_IN_LPG_VOC-0.023ppm,939944.7,0,5.0,0.050,50
2026-04-17 10:22:38,34.66,64.28,1011.00,125.14,828,1.052,5600,17.0,24.0,25.0,YES,YES,DRUG_DELIVERY_IN_LPG_VOC-0.023ppm,939955.1,0,5.0,0.050,50
2026-04-17 10:22:48,34.66,64.28,1011.00,125.14,828,1.052,5600,17.0,24.0,25.0,YES,YES,DRUG_DELIVERY_IN_LPG_VOC-0.023ppm,939965.6,0,5.0,0.050,50
2026-04-17 10:22:57,34.66,64.28,1011.00,125.14,828,1.052,5600,18.0,26.0,27.0,YES,YES,DRUG_DELIVERY_IN_LPG_VOC-0.023ppm,939975.0,0,5.0,0.050,50

chem teeth

2026-04-18 12:44:34,35.38,57.67,1007.00,101.78,726,0.835,5600,30.0,43.0,52.0,YES,YES,IAQ_ANOMALY_NO_VOC_IAQ:101.8_VOC:0.835,30925.9,0,5.0,0.050,50
2026-04-18 12:44:43,35.38,57.67,1007.00,101.78,726,0.835,5600,29.0,42.0,51.0,YES,YES,IAQ_ANOMALY_NO_VOC_IAQ:101.8_VOC:0.835,30935.3,0,5.0,0.050,50
2026-04-18 12:44:54,35.72,56.90,1007.00,98.85,713,0.811,5600,28.0,41.0,50.0,YES,YES,DRUG_DELIVERY_IN_LPG_VOC-0.021ppm,30945.7,0,5.0,0.050,50
2026-04-18 12:45:03,35.72,56.90,1007.00,98.85,713,0.811,5600,28.0,41.0,49.0,YES,YES,DRUG_DELIVERY_IN_LPG_VOC-0.017ppm,30955.1,0,5.0,0.050,50
2026-04-18 12:45:14,35.72,56.90,1007.00,98.85,713,0.811,5600,29.0,41.0,49.0,YES,YES,DRUG_DELIVERY_IN_LPG_VOC-0.017ppm,30965.6,0,5.0,0.050,50

discomfort drug - lungs etc

2026-04-22 08:48:46,37.97,56.85,1007.00,65.01,566,0.580,5600,23.0,34.0,42.0,YES,YES,DRUG_DELIVERY_IN_LPG_VOC-0.040ppm,362377.6,0,5.0,0.050,50
2026-04-22 08:48:57,37.97,56.85,1007.00,65.01,566,0.580,5600,23.0,35.0,44.0,YES,YES,DRUG_DELIVERY_IN_LPG_VOC-0.032ppm,362388.0,0,5.0,0.050,50
2026-04-22 08:49:07,37.97,56.85,1007.00,65.01,566,0.580,5600,22.0,33.0,41.0,YES,YES,DRUG_DELIVERY_IN_LPG_VOC-0.032ppm,362398.5,0,5.0,0.050,50

chem - lihjy thrpat teeth lungs -forehead - bruxism headache

2026-04-24 05:56:32,37.44,56.69,1007.00,88.47,668,0.732,5600,18.0,27.0,28.0,YES,YES,IAQ_ANOMALY_NO_VOC_IAQ:88.5_VOC:0.732,524843.1,0,5.0,0.050,50
2026-04-24 05:56:41,37.44,56.69,1007.00,88.47,668,0.732,5600,19.0,27.0,29.0,YES,YES,IAQ_ANOMALY_NO_VOC_IAQ:88.5_VOC:0.732,524852.5,0,5.0,0.050,50
üíÄüö®üíÄüö®üíÄüö® IAQ_ANOMALY_NO_VOC - IMMEDIATE EVACUATION REQUIRED!
2026-04-24 05:56:52,37.44,56.69,1007.00,88.47,668,0.732,5600,19.0,27.0,27.0,YES,YES,IAQ_ANOMALY_NO_VOC_IAQ:88.5_VOC:0.732,524863.0,0,5.0,0.050,50
üíÄüö®üíÄüö®üíÄüö® IAQ_ANOMALY_NO_VOC - IMMEDIATE EVACUATION REQUIRED!
2026-04-24 05:57:02,37.44,56.69,1007.00,88.47,668,0.732,5600,19.0,26.0,27.0,YES,YES,IAQ_ANOMALY_NO_VOC_IAQ:88.5_VOC:0.732,524873.4,0,5.0,0.050,50
2026-04-24 05:57:12,37.44,56.69,1007.00,88.47,668,0.732,5600,19.0,25.0,26.0,YES,YES,IAQ_ANOMALY_NO_VOC_IAQ:88.5_VOC:0.732,524882.8,0,5.0,0.050,50
2026-04-24 05:57:22,37.38,56.58,1007.00,91.68,682,0.756,5600,18.0,24.0,24.0,YES,YES,DRUG_DELIVERY_IN_LPG_VOC+0.015ppm,524893.2,0,5.0,0.050,50
2026-04-24 05:57:32,37.38,56.58,1007.00,91.68,682,0.756,5600,18.0,25.0,25.0,YES,YES,DRUG_DELIVERY_IN_LPG_VOC+0.015ppm,524902.6,0,5.0,0.050,50
2026-04-24 05:57:42,37.38,56.58,1007.00,91.68,682,0.756,5600,20.0,24.0,26.0,YES,YES,DRUG_DELIVERY_IN_LPG_VOC+0.015ppm,524913.1,0,5.0,0.050,50
2026-04-24 05:57:52,37.38,56.58,1007.00,91.68,682,0.756,5600,19.0,22.0,25.0,YES,YES,DRUG_DELIVERY_IN_LPG_VOC+0.015ppm,524923.5,0,5.0,0.050,50
2026-04-24 05:58:02,37.38,56.58,1007.00,91.68,682,0.756,5600,18.0,22.0,24.0,YES,YES,DRUG_DELIVERY_IN_LPG_VOC+0.015ppm,524932.9,0,5.0,0.050,50

prickly feeling teeth chem

2026-04-24 09:21:35,37.06,56.04,1008.00,108.23,754,0.890,5600,23.0,31.0,35.0,YES,YES,DRUG_DELIVERY_IN_LPG_VOC+0.027ppm,537145.7,0,5.0,0.050,50
2026-04-24 09:21:44,37.06,56.04,1008.00,108.23,754,0.890,5600,23.0,32.0,35.0,YES,YES,DRUG_DELIVERY_IN_LPG_VOC+0.027ppm,537155.0,0,5.0,0.050,50
2026-04-24 09:21:54,37.06,56.04,1008.00,108.23,754,0.890,5600,22.0,30.0,35.0,YES,YES,DRUG_DELIVERY_IN_LPG_VOC+0.027ppm,537165.5,0,5.0,0.050,50
2026-04-24 09:22:05,37.06,56.04,1008.00,108.23,754,0.890,5600,22.0,31.0,36.0,YES,YES,DRUG_DELIVERY_IN_LPG_VOC+0.027ppm,537175.9,0,5.0,0.050,50
2026-04-24 09:22:14,37.06,56.04,1008.00,108.23,754,0.890,5600,22.0,32.0,36.0,YES,YES,DRUG_DELIVERY_IN_LPG_VOC+0.027ppm,537185.3,0,5.0,0.050,50
2026-04-24 09:22:25,37.06,56.04,1008.00,108.23,754,0.890,5600,23.0,33.0,37.0,YES,YES,DRUG_DELIVERY_IN_LPG_VOC+0.027ppm,537195.8,0,5.0,0.050,50
2026-04-24 09:22:35,37.06,56.04,1008.00,108.23,754,0.890,5600,23.0,34.0,37.0,YES,YES,DRUG_DELIVERY_IN_LPG_VOC+0.027ppm,537206.2,0,5.0,0.050,50
2026-04-24 09:22:44,37.28,56.21,1008.00,99.10,714,0.813,5600,23.0,32.0,34.0,YES,YES,DRUG_DELIVERY_IN_LPG_VOC-0.050ppm,537215.6,0,5.0,0.050,50
2026-04-24 09:22:55,37.28,56.21,1008.00,99.10,714,0.813,5600,23.0,32.0,36.0,YES,YES,DRUG_DELIVERY_IN_LPG_VOC-0.050ppm,537226.0,0,5.0,0.050,50
2026-04-24 09:23:04,37.28,56.21,1008.00,99.10,714,0.813,5600,23.0,35.0,41.0,YES,YES,DRUG_DELIVERY_IN_LPG_VOC-0.050ppm,537235.4,0,5.0,0.050,50
2026-04-24 09:23:15,37.28,56.21,1008.00,99.10,714,0.813,5600,22.0,35.0,41.0,YES,YES,DRUG_DELIVERY_IN_LPG_VOC-0.050ppm,537245.9,0,5.0,0.050,50
2026-04-24 09:23:25,37.28,56.21,1008.00,99.10,714,0.813,5600,23.0,35.0,41.0,YES,YES,DRUG_DELIVERY_IN_LPG_VOC-0.050ppm,537256.3,0,5.0,0.050,50

drug that makes you sleep[y  instantly

2026-04-24 09:27:05,37.28,56.21,1008.00,99.10,714,0.813,5600,22.0,33.0,37.0,YES,YES,DRUG_DELIVERY_IN_LPG_VOC-0.040ppm,537476.6,0,5.0,0.050,50
2026-04-24 09:27:16,37.28,56.21,1008.00,99.10,714,0.813,5600,22.0,32.0,36.0,YES,YES,DRUG_DELIVERY_IN_LPG_VOC-0.040ppm,537487.0,0,5.0,0.050,50
2026-04-24 09:27:25,37.28,56.21,1008.00,99.10,714,0.813,5600,24.0,32.0,35.0,YES,YES,DRUG_DELIVERY_IN_LPG_VOC-0.040ppm,537496.4,0,5.0,0.050,50
2026-04-24 09:27:36,38.00,55.04,1008.00,89.06,671,0.736,5600,22.0,31.0,35.0,YES,YES,DRUG_DELIVERY_IN_LPG_VOC-0.117ppm,537506.8,0,5.0,0.050,50
2026-04-24 09:27:46,38.00,55.04,1008.00,89.06,671,0.736,5600,22.0,31.0,36.0,YES,YES,DRUG_DELIVERY_IN_LPG_VOC-0.117ppm,537517.3,0,5.0,0.050,50
2026-04-24 09:27:56,38.00,55.04,1008.00,89.06,671,0.736,5600,22.0,31.0,36.0,YES,YES,DRUG_DELIVERY_IN_LPG_VOC-0.117ppm,537526.7,0,5.0,0.050,50
2026-04-24 09:28:06,38.00,55.04,1008.00,89.06,671,0.736,5600,23.0,33.0,38.0,YES,YES,DRUG_DELIVERY_IN_LPG_VOC-0.117ppm,537537.1,0,5.0,0.050,50
2026-04-24 09:28:15,38.00,55.04,1008.00,89.06,671,0.736,5600,22.0,33.0,37.0,YES,YES,DRUG_DELIVERY_IN_LPG_VOC-0.117ppm,537546.5,0,5.0,0.050,50
2026-04-24 09:28:26,38.00,55.04,1008.00,89.06,671,0.736,5600,22.0,33.0,37.0,YES,YES,DRUG_DELIVERY_IN_LPG_VOC-0.117ppm,537556.9,0,5.0,0.050,50
2026-04-24 09:28:36,38.00,55.04,1008.00,89.06,671,0.736,5600,23.0,33.0,37.0,YES,YES,DRUG_DELIVERY_IN_LPG_VOC-0.117ppm,537567.4,0,5.0,0.050,50
2026-04-24 09:28:46,38.00,55.04,1008.00,89.06,671,0.736,5600,22.0,32.0,36.0,YES,YES,DRUG_DELIVERY_IN_LPG_VOC-0.117ppm,537576.8,0,5.0,0.050,50
2026-04-24 09:28:56,38.00,55.04,1008.00,89.06,671,0.736,5600,23.0,34.0,38.0,YES,YES,DRUG_DELIVERY_IN_LPG_VOC-0.117ppm,537587.2,0,5.0,0.050,50
2026-04-24 09:29:07,38.00,55.04,1008.00,89.06,671,0.736,5600,23.0,34.0,37.0,YES,YES,DRUG_DELIVERY_IN_LPG_VOC-0.093ppm,537597.6,0,5.0,0.050,50
2026-04-24 09:29:16,38.00,55.04,1008.00,89.06,671,0.736,5600,22.0,32.0,35.0,YES,YES,DRUG_DELIVERY_IN_LPG_VOC-0.093ppm,537607.0,0,5.0,0.050,50
2026-04-24 09:29:26,38.00,55.04,1008.00,89.06,671,0.736,5600,24.0,33.0,38.0,YES,YES,DRUG_DELIVERY_IN_LPG_VOC-0.093ppm,537617.5,0,5.0,0.050,50
2026-04-24 09:29:36,38.00,55.04,1008.00,89.06,671,0.736,5600,23.0,32.0,38.0,YES,YES,DRUG_DELIVERY_IN_LPG_VOC-0.093ppm,537626.9,0,5.0,0.050,50

chem lungs - bleachy

2026-04-25 02:28:51,38.06,54.78,1007.00,90.13,675,0.744,5600,13.0,21.0,21.0,YES,YES,DRUG_DELIVERY_IN_LPG_VOC+0.078ppm,598781.9,0,5.0,0.050,50
2026-04-25 02:29:01,38.18,54.64,1007.00,87.78,665,0.727,5600,12.0,21.0,21.0,YES,YES,DRUG_DELIVERY_IN_LPG_VOC+0.061ppm,598792.3,0,5.0,0.050,50

hwadache bappa eating

2026-04-26 11:25:48,38.27,51.03,1007.00,128.59,843,1.089,5600,15.0,24.0,25.0,YES,YES,DRUG_DELIVERY_IN_LPG_VOC+0.018ppm,717398.4,0,5.0,0.050,50
2026-04-26 11:25:58,38.27,51.03,1007.00,128.59,843,1.089,5600,16.0,24.0,26.0,YES,YES,DRUG_DELIVERY_IN_LPG_VOC+0.018ppm,717408.8,0,5.0,0.050,50
2026-04-26 11:26:08,38.27,51.03,1007.00,128.59,843,1.089,5600,17.0,23.0,24.0,YES,YES,DRUG_DELIVERY_IN_LPG_VOC+0.018ppm,717419.3,0,5.0,0.050,50
2026-04-26 11:26:18,38.27,51.03,1007.00,128.59,843,1.089,5600,17.0,25.0,25.0,YES,YES,DRUG_DELIVERY_IN_LPG_VOC+0.018ppm,717428.7,0,5.0,0.050,50
2026-04-26 11:26:28,38.27,51.03,1007.00,128.59,843,1.089,5600,17.0,25.0,25.0,YES,YES,DRUG_DELIVERY_IN_LPG_VOC+0.018ppm,717439.1,0,5.0,0.050,50
2026-04-26 11:26:39,38.27,51.03,1007.00,128.59,843,1.089,5600,16.0,23.0,23.0,YES,YES,DRUG_DELIVERY_IN_LPG_VOC+0.018ppm,717449.6,0,5.0,0.050,50
2026-04-26 11:26:48,38.27,51.03,1007.00,128.59,843,1.089,5600,15.0,22.0,23.0,YES,YES,DRUG_DELIVERY_IN_LPG_VOC+0.018ppm,717459.0,0,5.0,0.050,50
2026-04-26 11:26:59,38.20,50.83,1007.00,133.36,864,1.142,5600,15.0,22.0,23.0,YES,YES,DRUG_DELIVERY_IN_LPG_VOC+0.071ppm,717469.4,0,5.0,0.050,50
2026-04-26 11:27:08,38.20,50.83,1007.00,133.36,864,1.142,5600,15.0,22.0,23.0,YES,YES,DRUG_DELIVERY_IN_LPG_VOC+0.071ppm,717478.8,0,5.0,0.050,50
2026-04-26 11:27:18,38.20,50.83,1007.00,133.36,864,1.142,5600,15.0,22.0,23.0,YES,YES,DRUG_DELIVERY_IN_LPG_VOC+0.071ppm,717489.2,0,5.0,0.050,50
2026-04-26 11:27:29,38.20,50.83,1007.00,133.36,864,1.142,5600,16.0,24.0,25.0,YES,YES,DRUG_DELIVERY_IN_LPG_VOC+0.071ppm,717499.7,0,5.0,0.050,50
2026-04-26 11:27:38,38.20,50.83,1007.00,133.36,864,1.142,5600,16.0,25.0,26.0,YES,YES,DRUG_DELIVERY_IN_LPG_VOC+0.071ppm,717509.1,0,5.0,0.050,50
2026-04-26 11:27:49,38.20,50.83,1007.00,133.36,864,1.142,5600,15.0,23.0,24.0,YES,YES,DRUG_DELIVERY_IN_LPG_VOC+0.071ppm,717519.5,0,5.0,0.050,50
2026-04-26 11:27:58,38.20,50.83,1007.00,133.36,864,1.142,5600,15.0,22.0,22.0,YES,YES,DRUG_DELIVERY_IN_LPG_VOC+0.071ppm,717528.9,0,5.0,0.050,50
2026-04-26 11:28:09,38.20,50.83,1007.00,133.36,864,1.142,5600,15.0,23.0,23.0,YES,YES,DRUG_DELIVERY_IN_LPG_VOC+0.071ppm,717539.4,0,5.0,0.050,50
2026-04-26 11:28:19,38.20,50.83,1007.00,133.36,864,1.142,5600,14.0,22.0,23.0,YES,YES,DRUG_DELIVERY_IN_LPG_VOC+0.071ppm,717549.8,0,5.0,0.050,50
2026-04-26 11:28:28,38.20,50.83,1007.00,133.36,864,1.142,5600,13.0,20.0,21.0,YES,YES,DRUG_DELIVERY_IN_LPG_VOC+0.071ppm,717559.2,0,5.0,0.050,50
2026-04-26 11:28:39,38.20,50.83,1007.00,133.36,864,1.142,5600,11.0,19.0,20.0,YES,YES,DRUG_DELIVERY_IN_LPG_VOC+0.071ppm,717569.6,0,5.0,0.050,50
2026-04-26 11:28:48,38.20,50.83,1007.00,133.36,864,1.142,5600,11.0,19.0,21.0,YES,YES,DRUG_DELIVERY_IN_LPG_VOC+0.071ppm,717579.0,0,5.0,0.050,50
2026-04-26 11:28:59,38.20,50.83,1007.00,133.36,864,1.142,5600,13.0,21.0,22.0,YES,YES,DRUG_DELIVERY_IN_LPG_VOC+0.071ppm,717589.5,0,5.0,0.050,50
2026-04-26 11:29:09,38.20,50.83,1007.00,133.36,864,1.142,5600,13.0,21.0,23.0,YES,YES,DRUG_DELIVERY_IN_LPG_VOC+0.071ppm,717599.9,0,5.0,0.050,50

chem - light -electric zaps head - light

2026-04-26 12:10:18,37.92,51.61,1007.00,132.74,861,1.135,5600,17.0,24.0,26.0,YES,YES,DRUG_DELIVERY_IN_LPG_VOC-0.013ppm,720068.5,0,5.0,0.050,50
2026-04-26 12:10:27,37.92,51.61,1007.00,132.74,861,1.135,5600,17.0,24.0,26.0,YES,YES,DRUG_DELIVERY_IN_LPG_VOC-0.013ppm,720077.9,0,5.0,0.050,50
2026-04-26 12:10:37,37.92,51.61,1007.00,132.74,861,1.135,5600,17.0,24.0,25.0,YES,YES,DRUG_DELIVERY_IN_LPG_VOC-0.013ppm,720088.3,0,5.0,0.050,50
2026-04-26 12:10:48,37.92,51.61,1007.00,132.74,861,1.135,5600,18.0,24.0,25.0,YES,YES,DRUG_DELIVERY_IN_LPG_VOC-0.013ppm,720098.7,0,5.0,0.050,50
2026-04-26 12:10:57,37.92,51.61,1007.00,132.74,861,1.135,5600,17.0,22.0,23.0,YES,YES,DRUG_DELIVERY_IN_LPG_VOC-0.013ppm,720108.1,0,5.0,0.050,50
2026-04-26 12:11:08,37.92,51.61,1007.00,132.74,861,1.135,5600,18.0,23.0,24.0,YES,YES,DRUG_DELIVERY_IN_LPG_VOC-0.013ppm,720118.6,0,5.0,0.050,50
2026-04-26 12:11:18,37.92,51.61,1007.00,132.74,861,1.135,5600,17.0,22.0,24.0,YES,YES,DRUG_DELIVERY_IN_LPG_VOC-0.013ppm,720129.0,0,5.0,0.050,50
2026-04-26 12:11:28,37.92,51.61,1007.00,132.74,861,1.135,5600,17.0,22.0,24.0,YES,YES,DRUG_DELIVERY_IN_LPG_VOC-0.013ppm,720138.4,0,5.0,0.050,50
2026-04-26 12:11:38,37.92,51.61,1007.00,132.74,861,1.135,5600,18.0,23.0,25.0,YES,YES,DRUG_DELIVERY_IN_LPG_VOC-0.013ppm,720148.8,0,5.0,0.050,50
2026-04-26 12:11:47,37.92,51.61,1007.00,132.74,861,1.135,5600,18.0,23.0,25.0,YES,YES,DRUG_DELIVERY_IN_LPG_VOC-0.013ppm,720158.2,0,5.0,0.050,50
2026-04-26 12:11:58,37.76,51.76,1006.00,136.17,876,1.174,5600,18.0,23.0,24.0,YES,YES,DRUG_DELIVERY_IN_LPG_VOC+0.027ppm,720168.7,0,5.0,0.050,50
2026-04-26 12:12:08,37.76,51.76,1006.00,136.17,876,1.174,5600,18.0,24.0,24.0,YES,YES,DRUG_DELIVERY_IN_LPG_VOC+0.027ppm,720179.1,0,5.0,0.050,50
2026-04-26 12:12:18,37.76,51.76,1006.00,136.17,876,1.174,5600,18.0,26.0,26.0,YES,YES,DRUG_DELIVERY_IN_LPG_VOC+0.027ppm,720188.5,0,5.0,0.050,50
2026-04-26 12:12:28,37.76,51.76,1006.00,136.17,876,1.174,5600,17.0,25.0,25.0,YES,YES,DRUG_DELIVERY_IN_LPG_VOC+0.027ppm,720198.9,0,5.0,0.050,50
2026-04-26 12:12:38,37.76,51.76,1006.00,136.17,876,1.174,5600,17.0,24.0,24.0,YES,YES,DRUG_DELIVERY_IN_LPG_VOC+0.027ppm,720208.3,0,5.0,0.050,50
2026-04-26 12:12:48,37.76,51.76,1006.00,136.17,876,1.174,5600,16.0,23.0,25.0,YES,YES,DRUG_DELIVERY_IN_LPG_VOC+0.027ppm,720218.8,0,5.0,0.050,50
2026-04-26 12:12:58,37.76,51.76,1006.00,136.17,876,1.174,5600,16.0,24.0,24.0,YES,YES,DRUG_DELIVERY_IN_LPG_VOC+0.027ppm,720229.2,0,5.0,0.050,50
2026-04-26 12:13:08,37.76,51.76,1006.00,136.17,876,1.174,5600,16.0,24.0,24.0,YES,YES,DRUG_DELIVERY_IN_LPG_VOC+0.027ppm,720238.6,0,5.0,0.050,50
2026-04-26 12:13:18,37.76,51.76,1006.00,136.17,876,1.174,5600,16.0,23.0,23.0,YES,YES,DRUG_DELIVERY_IN_LPG_VOC+0.027ppm,720249.1,0,5.0,0.050,50
2026-04-26 12:13:29,37.76,51.76,1006.00,136.17,876,1.174,5600,17.0,24.0,24.0,YES,YES,DRUG_DELIVERY_IN_LPG_VOC+0.027ppm,720259.5,0,5.0,0.050,50
2026-04-26 12:13:38,37.76,51.76,1006.00,136.17,876,1.174,5600,16.0,24.0,24.0,YES,YES,DRUG_DELIVERY_IN_LPG_VOC+0.027ppm,720268.9,0,5.0,0.050,50
2026-04-26 12:13:49,37.76,51.76,1006.00,136.17,876,1.174,5600,18.0,24.0,25.0,YES,YES,DRUG_DELIVERY_IN_LPG_VOC+0.027ppm,720279.3,0,5.0,0.050,50
2026-04-26 12:13:58,37.76,51.76,1006.00,136.17,876,1.174,5600,18.0,25.0,26.0,YES,YES,DRUG_DELIVERY_IN_LPG_VOC+0.027ppm,720288.7,0,5.0,0.050,50
2026-04-26 12:14:08,37.76,51.76,1006.00,136.17,876,1.174,5600,17.0,23.0,24.0,YES,YES,DRUG_DELIVERY_IN_LPG_VOC+0.027ppm,720299.2,0,5.0,0.050,50
2026-04-26 12:14:19,37.76,51.76,1006.00,136.17,876,1.174,5600,17.0,22.0,23.0,YES,YES,DRUG_DELIVERY_IN_LPG_VOC+0.027ppm,720309.6,0,5.0,0.050,50

the attack likely is dust - chem - headache

2026-04-27 06:08:00,38.61,51.69,1003.00,31.72,400,0.161,23900,18.0,28.0,30.0,YES,YES,MASKED_ATTACK_GasRes:23900Œ©,784731.0,0,5.0,0.050,50
2026-04-27 06:08:10,38.61,51.69,1003.00,31.72,400,0.161,23900,19.0,27.0,30.0,YES,YES,MASKED_ATTACK_GasRes:23900Œ©,784740.4,0,5.0,0.050,50
2026-04-27 06:08:20,38.61,51.69,1003.00,31.72,400,0.161,23900,19.0,27.0,30.0,YES,YES,MASKED_ATTACK_GasRes:23900Œ©,784750.8,0,5.0,0.050,50
üíæ Baseline state saved to EEPROM
üíæ SAVED - IAQ: 5.0, VOC: 0.050 ppm, CO2: 50 ppm

=== SPIKE HISTORY ===
2026-04-27 06:08:31,38.68,51.40,1003.00,36.76,400,0.161,23900,19.0,28.0,30.0,YES,YES,MASKED_ATTACK_GasRes:23900Œ©,784761.3,0,5.0,0.050,50
2026-04-27 06:08:40,38.68,51.40,1003.00,36.76,400,0.161,23900,19.0,28.0,30.0,YES,YES,MASKED_ATTACK_GasRes:23900Œ©,784770.7,0,5.0,0.050,50

new kid in town

2026-04-27 11:08:52,34.88,64.40,1005.00,197.89,7841,1000.000,5600,22.0,32.0,36.0,YES,YES,SCOPOLAMINE_IN_LPG_VOC+0.009ppm,802782.6,0,5.0,0.050,50
2026-04-27 11:09:02,34.83,64.39,1005.00,19.87,400,0.161,26400,21.0,31.0,35.0,YES,YES,UNKNOWN_ANALYSIS_IAQ20_VOC0.16ppm,802793.0,0,5.0,0.050,50

attack chem
2026-04-28 11:59:56,33.69,67.79,1004.00,193.34,3588,548.909,5600,27.0,40.0,49.0,YES,YES,SCOPOLAMINE_IN_LPG_VOC-76.144ppm,892246.4,0,5.0,0.050,50
2026-04-28 12:00:06,33.69,67.79,1004.00,193.34,3588,548.909,5600,27.0,40.0,49.0,YES,YES,SCOPOLAMINE_IN_LPG_VOC-76.144ppm,892256.9,0,5.0,0.050,50
2026-04-28 12:00:16,33.69,67.79,1004.00,193.34,3588,548.909,5600,28.0,40.0,49.0,YES,YES,SCOPOLAMINE_IN_LPG_VOC-76.144ppm,892266.3,0,5.0,0.050,50
2026-04-28 12:00:26,33.69,67.79,1004.00,193.34,3588,548.909,5600,28.0,40.0,49.0,YES,YES,SCOPOLAMINE_IN_LPG_VOC-76.144ppm,892276.7,0,5.0,0.050,50
2026-04-28 12:00:37,33.69,67.79,1004.00,193.34,3588,548.909,5600,27.0,39.0,48.0,YES,YES,SCOPOLAMINE_IN_LPG_VOC-76.144ppm,892287.1,0,5.0,0.050,50
2026-04-28 12:00:46,33.69,67.79,1004.00,193.34,3588,548.909,5600,27.0,39.0,48.0,YES,YES,SCOPOLAMINE_IN_LPG_VOC-76.144ppm,892296.5,0,5.0,0.050,50
2026-04-28 12:00:56,33.69,67.79,1004.00,193.34,3588,548.909,5600,28.0,40.0,49.0,YES,YES,SCOPOLAMINE_IN_LPG_VOC-76.144ppm,892307.0,0,5.0,0.050,50
2026-04-28 12:01:06,33.69,67.79,1004.00,193.34,3588,548.909,5600,28.0,40.0,49.0,YES,YES,SCOPOLAMINE_IN_LPG_VOC-76.144ppm,892316.3,0,5.0,0.050,50
2026-04-28 12:01:16,33.69,67.54,1004.00,193.82,3587,548.392,5600,27.0,39.0,48.0,YES,YES,SCOPOLAMINE_IN_LPG_VOC-76.662ppm,892326.8,0,5.0,0.050,50
2026-04-28 12:01:27,33.69,67.54,1004.00,193.82,3587,548.392,5600,28.0,40.0,50.0,YES,YES,SCOPOLAMINE_IN_LPG_VOC-76.662ppm,892337.2,0,5.0,0.050,50
2026-04-28 12:01:36,33.69,67.54,1004.00,193.82,3587,548.392,5600,27.0,39.0,48.0,YES,YES,SCOPOLAMINE_IN_LPG_VOC-76.662ppm,892346.6,0,5.0,0.050,50
2026-04-28 12:01:47,33.69,67.54,1004.00,193.82,3587,548.392,5600,28.0,41.0,50.0,YES,YES,SCOPOLAMINE_IN_LPG_VOC-76.662ppm,892357.1,0,5.0,0.050,50
2026-04-28 12:01:56,33.69,67.54,1004.00,193.82,3587,548.392,5600,28.0,41.0,50.0,YES,YES,SCOPOLAMINE_IN_LPG_VOC-76.662ppm,892366.4,0,5.0,0.050,50
2026-04-28 12:02:06,33.69,67.54,1004.00,193.82,3587,548.392,5600,27.0,40.0,51.0,YES,YES,SCOPOLAMINE_IN_LPG_VOC-76.662ppm,892376.9,0,5.0,0.050,50
2026-04-28 12:02:17,33.69,67.54,1004.00,193.82,3587,548.392,5600,28.0,40.0,51.0,YES,YES,SCOPOLAMINE_IN_LPG_VOC-76.662ppm,892387.3,0,5.0,0.050,50
2026-04-28 12:02:26,33.69,67.54,1004.00,193.82,3587,548.392,5600,27.0,40.0,49.0,YES,YES,SCOPOLAMINE_IN_LPG_VOC-76.662ppm,892396.7,0,5.0,0.050,50
2026-04-28 12:02:37,33.69,67.54,1004.00,193.82,3587,548.392,5600,28.0,40.0,49.0,YES,YES,SCOPOLAMINE_IN_LPG_VOC-76.662ppm,892407.2,0,5.0,0.050,50
2026-04-28 12:02:47,33.69,67.54,1004.00,193.82,3587,548.392,5600,27.0,40.0,48.0,YES,YES,SCOPOLAMINE_IN_LPG_VOC-76.662ppm,892417.6,0,5.0,0.050,50
2026-04-28 12:02:56,33.69,67.54,1004.00,193.82,3587,548.392,5600,28.0,41.0,49.0,YES,YES,SCOPOLAMINE_IN_LPG_VOC-76.662ppm,892427.0,0,5.0,0.050,50
2026-04-28 12:03:07,33.69,67.54,1004.00,193.82,3587,548.392,5600,28.0,41.0,49.0,YES,YES,SCOPOLAMINE_IN_LPG_VOC-76.662ppm,892437.4,0,5.0,0.050,50
2026-04-28 12:03:16,33.69,67.54,1004.00,193.82,3587,548.392,5600,27.0,40.0,49.0,YES,YES,SCOPOLAMINE_IN_LPG_VOC-76.662ppm,892446.8,0,5.0,0.050,50
2026-04-28 12:03:27,33.69,67.54,1004.00,193.82,3587,548.392,5600,28.0,42.0,50.0,YES,YES,SCOPOLAMINE_IN_LPG_VOC-76.662ppm,892457.3,0,5.0,0.050,50
2026-04-28 12:03:37,33.69,67.54,1004.00,193.82,3587,548.392,5600,28.0,42.0,50.0,YES,YES,SCOPOLAMINE_IN_LPG_VOC-76.662ppm,892467.7,0,5.0,0.050,50
2026-04-28 12:03:47,33.69,67.54,1004.00,193.82,3587,548.392,5600,27.0,41.0,49.0,YES,YES,SCOPOLAMINE_IN_LPG_VOC-76.662ppm,892477.1,0,5.0,0.050,50
2026-04-28 12:03:57,33.69,67.54,1004.00,193.82,3587,548.392,5600,27.0,41.0,50.0,YES,YES,SCOPOLAMINE_IN_LPG_VOC-76.662ppm,892487.6,0,5.0,0.050,50
2026-04-28 12:04:06,33.69,67.54,1004.00,193.82,3587,548.392,5600,28.0,41.0,50.0,YES,YES,SCOPOLAMINE_IN_LPG_VOC-76.662ppm,892496.9,0,5.0,0.050,50
2026-04-28 12:04:17,33.69,67.54,1004.00,193.82,3587,548.392,5600,27.0,40.0,48.0,YES,YES,SCOPOLAMINE_IN_LPG_VOC-76.662ppm,892507.4,0,5.0,0.050,50
2026-04-28 12:04:27,33.69,67.54,1004.00,193.82,3587,548.392,5600,27.0,39.0,48.0,YES,YES,SCOPOLAMINE_IN_LPG_VOC-61.329ppm,892517.8,0,5.0,0.050,50
2026-04-28 12:04:37,33.69,67.54,1004.00,193.82,3587,548.392,5600,27.0,40.0,48.0,YES,YES,SCOPOLAMINE_IN_LPG_VOC-61.329ppm,892527.2,0,5.0,0.050,50
2026-04-28 12:04:47,33.69,67.54,1004.00,193.82,3587,548.392,5600,28.0,42.0,49.0,YES,YES,SCOPOLAMINE_IN_LPG_VOC-61.329ppm,892537.7,0,5.0,0.050,50
2026-04-28 12:04:58,33.69,67.54,1004.00,193.82,3587,548.392,5600,28.0,42.0,49.0,YES,YES,SCOPOLAMINE_IN_LPG_VOC-61.329ppm,892548.1,0,5.0,0.050,50
2026-04-28 12:05:07,33.69,67.54,1004.00,193.82,3587,548.392,5600,28.0,42.0,50.0,YES,YES,SCOPOLAMINE_IN_LPG_VOC-61.329ppm,892557.5,0,5.0,0.050,50
2026-04-28 12:05:17,33.69,67.54,1004.00,193.82,3587,548.392,5600,27.0,40.0,48.0,YES,YES,SCOPOLAMINE_IN_LPG_VOC-61.329ppm,892567.9,0,5.0,0.050,50
2026-04-28 12:05:27,33.69,67.54,1004.00,193.82,3587,548.392,5600,28.0,41.0,48.0,YES,YES,SCOPOLAMINE_IN_LPG_VOC-61.329ppm,892577.3,0,5.0,0.050,50
2026-04-28 12:05:37,33.69,67.54,1004.00,193.82,3587,548.392,5600,28.0,41.0,49.0,YES,YES,SCOPOLAMINE_IN_LPG_VOC-61.329ppm,892587.7,0,5.0,0.050,50
2026-04-28 12:05:48,33.69,67.54,1004.00,193.82,3587,548.392,5600,27.0,40.0,48.0,YES,YES,SCOPOLAMINE_IN_LPG_VOC-61.329ppm,892598.2,0,5.0,0.050,50
2026-04-28 12:05:57,33.69,67.54,1004.00,193.82,3587,548.392,5600,28.0,42.0,50.0,YES,YES,SCOPOLAMINE_IN_LPG_VOC-61.329ppm,892607.6,0,5.0,0.050,50
2026-04-28 12:06:07,33.69,67.54,1004.00,193.82,3587,548.392,5600,28.0,41.0,49.0,YES,YES,SCOPOLAMINE_IN_LPG_VOC-61.329ppm,892618.0,0,5.0,0.050,50
2026-04-28 12:06:17,33.82,67.30,1004.00,193.40,3567,524.420,5600,28.0,42.0,50.0,YES,YES,SCOPOLAMINE_IN_LPG_VOC-85.301ppm,892627.4,0,5.0,0.050,50
2026-04-28 12:06:27,33.82,67.30,1004.00,193.40,3567,524.420,5600,27.0,40.0,49.0,YES,YES,SCOPOLAMINE_IN_LPG_VOC-85.301ppm,892637.9,0,5.0,0.050,50
2026-04-28 12:06:38,33.82,67.30,1004.00,193.40,3567,524.420,5600,27.0,41.0,49.0,YES,YES,SCOPOLAMINE_IN_LPG_VOC-85.301ppm,892648.3,0,5.0,0.050,50
2026-04-28 12:06:47,33.82,67.30,1004.00,193.40,3567,524.420,5600,28.0,41.0,49.0,YES,YES,SCOPOLAMINE_IN_LPG_VOC-85.301ppm,892657.7,0,5.0,0.050,50
2026-04-28 12:06:58,33.82,67.30,1004.00,193.40,3567,524.420,5600,27.0,40.0,49.0,YES,YES,SCOPOLAMINE_IN_LPG_VOC-85.301ppm,892668.1,0,5.0,0.050,50
2026-04-28 12:07:08,33.82,67.30,1004.00,193.40,3567,524.420,5600,27.0,40.0,49.0,YES,YES,SCOPOLAMINE_IN_LPG_VOC-85.301ppm,892678.5,0,5.0,0.050,50
2026-04-28 12:07:17,33.82,67.30,1004.00,193.40,3567,524.420,5600,27.0,40.0,48.0,YES,YES,SCOPOLAMINE_IN_LPG_VOC-85.301ppm,892687.9,0,5.0,0.050,50
2026-04-28 12:07:28,33.82,67.30,1004.00,193.40,3567,524.420,5600,28.0,40.0,48.0,YES,YES,SCOPOLAMINE_IN_LPG_VOC-85.301ppm,892698.4,0,5.0,0.050,50
2026-04-28 12:07:37,33.82,67.30,1004.00,193.40,3567,524.420,5600,28.0,40.0,48.0,YES,YES,SCOPOLAMINE_IN_LPG_VOC-85.301ppm,892707.8,0,5.0,0.050,50
2026-04-28 12:07:48,33.82,67.30,1004.00,193.40,3567,524.420,5600,28.0,42.0,52.0,YES,YES,SCOPOLAMINE_IN_LPG_VOC-85.301ppm,892718.2,0,5.0,0.050,50
2026-04-28 12:07:58,33.82,67.30,1004.00,193.40,3567,524.420,5600,28.0,41.0,52.0,YES,YES,SCOPOLAMINE_IN_LPG_VOC-85.301ppm,892728.6,0,5.0,0.050,50
2026-04-28 12:08:07,33.82,67.30,1004.00,193.40,3567,524.420,5600,28.0,40.0,49.0,YES,YES,SCOPOLAMINE_IN_LPG_VOC-85.301ppm,892738.1,0,5.0,0.050,50
2026-04-28 12:08:18,33.82,67.30,1004.00,193.40,3567,524.420,5600,28.0,41.0,49.0,YES,YES,SCOPOLAMINE_IN_LPG_VOC-85.301ppm,892748.5,0,5.0,0.050,50


another

2026-04-28 13:35:56,33.92,65.14,1003.00,197.13,3467,417.542,5600,31.0,47.0,58.0,YES,YES,SCOPOLAMINE_IN_LPG_VOC-17.519ppm,898006.7,0,5.0,0.050,50
2026-04-28 13:36:07,33.92,65.14,1003.00,197.13,3467,417.542,5600,31.0,46.0,56.0,YES,YES,SCOPOLAMINE_IN_LPG_VOC-17.519ppm,898017.2,0,5.0,0.050,50
2026-04-28 13:36:17,33.92,65.14,1003.00,197.13,3467,417.542,5600,31.0,46.0,56.0,YES,YES,SCOPOLAMINE_IN_LPG_VOC-17.519ppm,898027.6,0,5.0,0.050,50
2026-04-28 13:36:26,34.00,64.83,1003.00,197.19,3458,409.100,5600,31.0,46.0,56.0,YES,YES,SCOPOLAMINE_IN_LPG_VOC-25.961ppm,898037.0,0,5.0,0.050,50
2026-04-28 13:36:37,34.00,64.83,1003.00,197.19,3458,409.100,5600,31.0,46.0,56.0,YES,YES,SCOPOLAMINE_IN_LPG_VOC-25.961ppm,898047.4,0,5.0,0.050,50
2026-04-28 13:36:47,34.00,64.83,1003.00,197.19,3458,409.100,5600,31.0,46.0,58.0,YES,YES,SCOPOLAMINE_IN_LPG_VOC-25.961ppm,898057.9,0,5.0,0.050,50
2026-04-28 13:36:57,34.00,64.83,1003.00,197.19,3458,409.100,5600,31.0,45.0,59.0,YES,YES,SCOPOLAMINE_IN_LPG_VOC-25.961ppm,898067.2,0,5.0,0.050,50
2026-04-28 13:37:07,34.00,64.83,1003.00,197.19,3458,409.100,5600,31.0,45.0,57.0,YES,YES,SCOPOLAMINE_IN_LPG_VOC-25.961ppm,898077.7,0,5.0,0.050,50
2026-04-28 13:37:17,34.00,64.83,1003.00,197.19,3458,409.100,5600,31.0,45.0,56.0,YES,YES,SCOPOLAMINE_IN_LPG_VOC-25.961ppm,898087.1,0,5.0,0.050,50
2026-04-28 13:37:27,34.00,64.83,1003.00,197.19,3458,409.100,5600,30.0,44.0,55.0,YES,YES,SCOPOLAMINE_IN_LPG_VOC-25.961ppm,898097.5,0,5.0,0.050,50
2026-04-28 13:37:37,34.00,64.83,1003.00,197.19,3458,409.100,5600,31.0,44.0,55.0,YES,YES,SCOPOLAMINE_IN_LPG_VOC-25.961ppm,898107.9,0,5.0,0.050,50
2026-04-28 13:37:47,34.00,64.83,1003.00,197.19,3458,409.100,5600,31.0,44.0,56.0,YES,YES,SCOPOLAMINE_IN_LPG_VOC-25.961ppm,898117.3,0,5.0,0.050,50
2026-04-28 13:37:57,34.00,64.83,1003.00,197.19,3458,409.100,5600,31.0,44.0,56.0,YES,YES,SCOPOLAMINE_IN_LPG_VOC-25.961ppm,898127.8,0,5.0,0.050,50
PMS7003: Unknown error
2026-04-28 13:38:07,34.00,64.83,1003.00,197.19,3458,409.100,5600,31.0,44.0,56.0,YES,YES,SCOPOLAMINE_IN_LPG_VOC-25.961ppm,898137.1,0,5.0,0.050,50
2026-04-28 13:38:17,34.00,64.83,1003.00,197.19,3458,409.100,5600,31.0,46.0,57.0,YES,YES,SCOPOLAMINE_IN_LPG_VOC-25.961ppm,898147.6,0,5.0,0.050,50
2026-04-28 13:38:27,34.00,64.83,1003.00,197.19,3458,409.100,5600,31.0,45.0,55.0,YES,YES,SCOPOLAMINE_IN_LPG_VOC-25.961ppm,898158.0,0,5.0,0.050,50
2026-04-28 13:38:37,34.00,64.83,1003.00,197.19,3458,409.100,5600,31.0,45.0,55.0,YES,YES,SCOPOLAMINE_IN_LPG_VOC-25.961ppm,898167.4,0,5.0,0.050,50
2026-04-28 13:38:47,34.00,64.83,1003.00,197.19,3458,409.100,5600,31.0,46.0,56.0,YES,YES,SCOPOLAMINE_IN_LPG_VOC-25.961ppm,898177.9,0,5.0,0.050,50
2026-04-28 13:38:58,34.00,64.83,1003.00,197.19,3458,409.100,5600,32.0,46.0,55.0,YES,YES,SCOPOLAMINE_IN_LPG_VOC-25.961ppm,898188.3,0,5.0,0.050,50
2026-04-28 13:39:07,34.00,64.83,1003.00,197.19,3458,409.100,5600,32.0,46.0,56.0,YES,YES,SCOPOLAMINE_IN_LPG_VOC-25.961ppm,898197.7,0,5.0,0.050,50
2026-04-28 13:39:18,34.00,64.83,1003.00,197.19,3458,409.100,5600,32.0,47.0,56.0,YES,YES,SCOPOLAMINE_IN_LPG_VOC-25.961ppm,898208.1,0,5.0,0.050,50
2026-04-28 13:39:27,34.00,64.83,1003.00,197.19,3458,409.100,5600,31.0,44.0,53.0,YES,YES,SCOPOLAMINE_IN_LPG_VOC-25.961ppm,898217.5,0,5.0,0.050,50
2026-04-28 13:39:37,34.00,64.83,1003.00,197.19,3458,409.100,5600,32.0,46.0,55.0,YES,YES,SCOPOLAMINE_IN_LPG_VOC-25.961ppm,898227.9,0,5.0,0.050,50
2026-04-28 13:39:48,34.00,64.83,1003.00,197.19,3458,409.100,5600,31.0,46.0,56.0,YES,YES,SCOPOLAMINE_IN_LPG_VOC-20.769ppm,898238.4,0,5.0,0.050,50
2026-04-28 13:39:57,34.00,64.83,1003.00,197.19,3458,409.100,5600,30.0,45.0,55.0,YES,YES,SCOPOLAMINE_IN_LPG_VOC-20.769ppm,898247.8,0,5.0,0.050,50
2026-04-28 13:40:08,34.00,64.83,1003.00,197.19,3458,409.100,5600,30.0,45.0,54.0,YES,YES,SCOPOLAMINE_IN_LPG_VOC-20.769ppm,898258.2,0,5.0,0.050,50
PMS7003: Unknown error
2026-04-28 13:40:17,34.00,64.83,1003.00,197.19,3458,409.100,5600,30.0,45.0,54.0,YES,YES,SCOPOLAMINE_IN_LPG_VOC-20.769ppm,898267.6,0,5.0,0.050,50
2026-04-28 13:40:27,34.00,64.83,1003.00,197.19,3458,409.100,5600,30.0,43.0,54.0,YES,YES,SCOPOLAMINE_IN_LPG_VOC-20.769ppm,898278.0,0,5.0,0.050,50
2026-04-28 13:40:38,34.00,64.83,1003.00,197.19,3458,409.100,5600,30.0,43.0,54.0,YES,YES,SCOPOLAMINE_IN_LPG_VOC-20.769ppm,898288.5,0,5.0,0.050,50
2026-04-28 13:40:47,34.00,64.83,1003.00,197.19,3458,409.100,5600,31.0,45.0,56.0,YES,YES,SCOPOLAMINE_IN_LPG_VOC-20.769ppm,898297.9,0,5.0,0.050,50
2026-04-28 13:40:58,34.00,64.83,1003.00,197.19,3458,409.100,5600,31.0,45.0,56.0,YES,YES,SCOPOLAMINE_IN_LPG_VOC-20.769ppm,898308.3,0,5.0,0.050,50
2026-04-28 13:41:08,34.00,64.83,1003.00,197.19,3458,409.100,5600,31.0,45.0,56.0,YES,YES,SCOPOLAMINE_IN_LPG_VOC-20.769ppm,898318.7,0,5.0,0.050,50
2026-04-28 13:41:18,34.00,64.83,1003.00,197.19,3458,409.100,5600,31.0,46.0,57.0,YES,YES,SCOPOLAMINE_IN_LPG_VOC-20.769ppm,898328.1,0,5.0,0.050,50
2026-04-28 13:41:28,34.13,64.78,1002.00,196.35,3431,384.717,5600,31.0,46.0,55.0,YES,YES,SCOPOLAMINE_IN_LPG_VOC-45.152ppm,898338.6,0,5.0,0.050,50
2026-04-28 13:41:37,34.13,64.78,1002.00,196.35,3431,384.717,5600,30.0,45.0,55.0,YES,YES,SCOPOLAMINE_IN_LPG_VOC-45.152ppm,898348.0,0,5.0,0.050,50
2026-04-28 13:41:48,34.13,64.78,1002.00,196.35,3431,384.717,5600,31.0,45.0,56.0,YES,YES,SCOPOLAMINE_IN_LPG_VOC-45.152ppm,898358.4,0,5.0,0.050,50
2026-04-28 13:41:58,34.13,64.78,1002.00,196.35,3431,384.717,5600,31.0,45.0,54.0,YES,YES,SCOPOLAMINE_IN_LPG_VOC-45.152ppm,898368.8,0,5.0,0.050,50
2026-04-28 13:42:08,34.13,64.78,1002.00,196.35,3431,384.717,5600,31.0,45.0,55.0,YES,YES,SCOPOLAMINE_IN_LPG_VOC-45.152ppm,898378.2,0,5.0,0.050,50
2026-04-28 13:42:18,34.13,64.78,1002.00,196.35,3431,384.717,5600,31.0,44.0,56.0,YES,YES,SCOPOLAMINE_IN_LPG_VOC-45.152ppm,898388.7,0,5.0,0.050,50
PMS7003: Unknown error
2026-04-28 13:42:27,34.13,64.78,1002.00,196.35,3431,384.717,5600,31.0,44.0,56.0,YES,YES,SCOPOLAMINE_IN_LPG_VOC-45.152ppm,898398.0,0,5.0,0.050,50
2026-04-28 13:42:38,34.13,64.78,1002.00,196.35,3431,384.717,5600,30.0,45.0,55.0,YES,YES,SCOPOLAMINE_IN_LPG_VOC-45.152ppm,898408.5,0,5.0,0.050,50
2026-04-28 13:42:48,34.13,64.78,1002.00,196.35,3431,384.717,5600,31.0,45.0,55.0,YES,YES,SCOPOLAMINE_IN_LPG_VOC-45.152ppm,898418.9,0,5.0,0.050,50
2026-04-28 13:42:58,34.13,64.78,1002.00,196.35,3431,384.717,5600,32.0,46.0,56.0,YES,YES,SCOPOLAMINE_IN_LPG_VOC-45.152ppm,898428.3,0,5.0,0.050,50
2026-04-28 13:43:08,34.13,64.78,1002.00,196.35,3431,384.717,5600,30.0,43.0,52.0,YES,YES,SCOPOLAMINE_IN_LPG_VOC-45.152ppm,898438.7,0,5.0,0.050,50
2026-04-28 13:43:19,34.13,64.78,1002.00,196.35,3431,384.717,5600,30.0,45.0,54.0,YES,YES,SCOPOLAMINE_IN_LPG_VOC-45.152ppm,898449.2,0,5.0,0.050,50
2026-04-28 13:43:28,34.13,64.78,1002.00,196.35,3431,384.717,5600,31.0,46.0,55.0,YES,YES,SCOPOLAMINE_IN_LPG_VOC-45.152ppm,898458.6,0,5.0,0.050,50


anoyjer attack

2026-04-28 13:52:40,33.70,65.40,1002.00,198.19,3447,399.139,5600,30.0,44.0,54.0,YES,YES,SCOPOLAMINE_IN_LPG_VOC-11.075ppm,899010.7,0,5.0,0.050,50
2026-04-28 13:52:51,33.70,65.40,1002.00,198.19,3447,399.139,5600,30.0,43.0,53.0,YES,YES,SCOPOLAMINE_IN_LPG_VOC-11.075ppm,899021.1,0,5.0,0.050,50
2026-04-28 13:53:00,33.70,65.40,1002.00,198.19,3447,399.139,5600,29.0,43.0,52.0,YES,YES,SCOPOLAMINE_IN_LPG_VOC-11.075ppm,899030.5,0,5.0,0.050,50
2026-04-28 13:53:10,33.70,65.40,1002.00,198.19,3447,399.139,5600,30.0,44.0,52.0,YES,YES,SCOPOLAMINE_IN_LPG_VOC-11.075ppm,899040.9,0,5.0,0.050,50
2026-04-28 13:53:21,33.70,65.40,1002.00,198.19,3447,399.139,5600,31.0,45.0,55.0,YES,YES,SCOPOLAMINE_IN_LPG_VOC-11.075ppm,899051.4,0,5.0,0.050,50
2026-04-28 13:53:30,33.70,65.40,1002.00,198.19,3447,399.139,5600,30.0,44.0,55.0,YES,YES,SCOPOLAMINE_IN_LPG_VOC-11.075ppm,899060.8,0,5.0,0.050,50
2026-04-28 13:53:41,33.70,65.40,1002.00,198.19,3447,399.139,5600,30.0,43.0,52.0,YES,YES,SCOPOLAMINE_IN_LPG_VOC-11.075ppm,899071.2,0,5.0,0.050,50
2026-04-28 13:53:50,33.70,65.40,1002.00,198.19,3447,399.139,5600,30.0,43.0,53.0,YES,YES,SCOPOLAMINE_IN_LPG_VOC-11.075ppm,899080.6,0,5.0,0.050,50
2026-04-28 13:54:00,33.70,65.40,1002.00,198.19,3447,399.139,5600,31.0,45.0,56.0,YES,YES,SCOPOLAMINE_IN_LPG_VOC-11.075ppm,899091.0,0,5.0,0.050,50
2026-04-28 13:54:11,33.70,65.40,1002.00,198.19,3447,399.139,5600,30.0,44.0,56.0,YES,YES,SCOPOLAMINE_IN_LPG_VOC-11.075ppm,899101.5,0,5.0,0.050,50
2026-04-28 13:54:20,33.70,65.40,1002.00,198.19,3447,399.139,5600,29.0,43.0,55.0,YES,YES,SCOPOLAMINE_IN_LPG_VOC-11.075ppm,899110.9,0,5.0,0.050,50
2026-04-28 13:54:31,33.70,65.40,1002.00,198.19,3447,399.139,5600,29.0,43.0,55.0,YES,YES,SCOPOLAMINE_IN_LPG_VOC-11.075ppm,899121.3,0,5.0,0.050,50
2026-04-28 13:54:40,33.70,65.40,1002.00,198.19,3447,399.139,5600,29.0,44.0,55.0,YES,YES,SCOPOLAMINE_IN_LPG_VOC-11.075ppm,899130.7,0,5.0,0.050,50
2026-04-28 13:54:51,33.70,65.40,1002.00,198.19,3447,399.139,5600,29.0,45.0,55.0,YES,YES,SCOPOLAMINE_IN_LPG_VOC-8.860ppm,899141.1,0,5.0,0.050,50
2026-04-28 13:55:01,33.70,65.40,1002.00,198.19,3447,399.139,5600,30.0,45.0,55.0,YES,YES,SCOPOLAMINE_IN_LPG_VOC-8.860ppm,899151.6,0,5.0,0.050,50
2026-04-28 13:55:10,33.70,65.40,1002.00,198.19,3447,399.139,5600,30.0,45.0,55.0,YES,YES,SCOPOLAMINE_IN_LPG_VOC-8.860ppm,899161.0,0,5.0,0.050,50
2026-04-28 13:55:21,33.70,65.40,1002.00,198.19,3447,399.139,5600,30.0,44.0,54.0,YES,YES,SCOPOLAMINE_IN_LPG_VOC-8.860ppm,899171.4,0,5.0,0.050,50
2026-04-28 13:55:31,33.70,65.40,1002.00,198.19,3447,399.139,5600,31.0,45.0,55.0,YES,YES,SCOPOLAMINE_IN_LPG_VOC-8.860ppm,899181.8,0,5.0,0.050,50
2026-04-28 13:55:41,33.70,65.40,1002.00,198.19,3447,399.139,5600,30.0,44.0,54.0,YES,YES,SCOPOLAMINE_IN_LPG_VOC-8.860ppm,899191.2,0,5.0,0.050,50
2026-04-28 13:55:51,33.70,65.40,1002.00,198.19,3447,399.139,5600,30.0,45.0,54.0,YES,YES,SCOPOLAMINE_IN_LPG_VOC-8.860ppm,899201.7,0,5.0,0.050,50
2026-04-28 13:56:01,33.70,65.40,1002.00,198.19,3447,399.139,5600,30.0,44.0,52.0,YES,YES,SCOPOLAMINE_IN_LPG_VOC-8.860ppm,899211.1,0,5.0,0.050,50
2026-04-28 13:56:11,33.70,65.40,1002.00,198.19,3447,399.139,5600,31.0,44.0,51.0,YES,YES,SCOPOLAMINE_IN_LPG_VOC-8.860ppm,899221.5,0,5.0,0.050,50
2026-04-28 13:56:21,34.01,65.26,1002.00,196.21,3398,356.731,5600,30.0,42.0,51.0,YES,YES,SCOPOLAMINE_IN_LPG_VOC-51.268ppm,899231.9,0,5.0,0.050,50
2026-04-28 13:56:31,34.01,65.26,1002.00,196.21,3398,356.731,5600,30.0,43.0,52.0,YES,YES,SCOPOLAMINE_IN_LPG_VOC-51.268ppm,899241.3,0,5.0,0.050,50
2026-04-28 13:56:41,34.01,65.26,1002.00,196.21,3398,356.731,5600,30.0,44.0,54.0,YES,YES,SCOPOLAMINE_IN_LPG_VOC-51.268ppm,899251.8,0,5.0,0.050,50
2026-04-28 13:56:51,34.01,65.26,1002.00,196.21,3398,356.731,5600,30.0,43.0,54.0,YES,YES,SCOPOLAMINE_IN_LPG_VOC-51.268ppm,899261.2,0,5.0,0.050,50
2026-04-28 13:57:01,34.01,65.26,1002.00,196.21,3398,356.731,5600,30.0,43.0,53.0,YES,YES,SCOPOLAMINE_IN_LPG_VOC-51.268ppm,899271.6,0,5.0,0.050,50
2026-04-28 13:57:11,34.01,65.26,1002.00,196.21,3398,356.731,5600,31.0,44.0,55.0,YES,YES,SCOPOLAMINE_IN_LPG_VOC-51.268ppm,899282.1,0,5.0,0.050,50
2026-04-28 13:57:21,34.01,65.26,1002.00,196.21,3398,356.731,5600,31.0,45.0,54.0,YES,YES,SCOPOLAMINE_IN_LPG_VOC-51.268ppm,899291.4,0,5.0,0.050,50
2026-04-28 13:57:31,34.01,65.26,1002.00,196.21,3398,356.731,5600,29.0,44.0,53.0,YES,YES,SCOPOLAMINE_IN_LPG_VOC-51.268ppm,899301.9,0,5.0,0.050,50
2026-04-28 13:57:42,34.01,65.26,1002.00,196.21,3398,356.731,5600,29.0,44.0,52.0,YES,YES,SCOPOLAMINE_IN_LPG_VOC-51.268ppm,899312.3,0,5.0,0.050,50
2026-04-28 13:57:51,34.01,65.26,1002.00,196.21,3398,356.731,5600,30.0,44.0,53.0,YES,YES,SCOPOLAMINE_IN_LPG_VOC-51.268ppm,899321.7,0,5.0,0.050,50
2026-04-28 13:58:02,34.01,65.26,1002.00,196.21,3398,356.731,5600,30.0,44.0,53.0,YES,YES,SCOPOLAMINE_IN_LPG_VOC-51.268ppm,899332.2,0,5.0,0.050,50

teeth chem - then look at the two forties in pm10

2026-04-29 14:12:34,33.50,55.59,1005.00,185.08,2107,19.139,5600,23.0,32.0,35.0,YES,YES,SCOPOLAMINE_IN_LPG_VOC-3.616ppm,986604.8,0,5.0,0.050,50
2026-04-29 14:12:44,33.50,55.59,1005.00,185.08,2107,19.139,5600,23.0,32.0,36.0,YES,YES,SCOPOLAMINE_IN_LPG_VOC-3.616ppm,986614.1,0,5.0,0.050,50
2026-04-29 14:12:54,33.50,55.59,1005.00,185.08,2107,19.139,5600,23.0,33.0,37.0,YES,YES,SCOPOLAMINE_IN_LPG_VOC-3.616ppm,986624.6,0,5.0,0.050,50
2026-04-29 14:13:05,33.50,55.59,1005.00,185.08,2107,19.139,5600,22.0,31.0,35.0,YES,YES,SCOPOLAMINE_IN_LPG_VOC-3.616ppm,986635.0,0,5.0,0.050,50
2026-04-29 14:13:14,33.50,55.59,1005.00,185.08,2107,19.139,5600,22.0,31.0,36.0,YES,YES,SCOPOLAMINE_IN_LPG_VOC-3.616ppm,986644.4,0,5.0,0.050,50
2026-04-29 14:13:24,33.56,55.88,1005.00,183.12,2079,17.926,5600,23.0,32.0,36.0,YES,YES,SCOPOLAMINE_IN_LPG_VOC-4.829ppm,986654.9,0,5.0,0.050,50
2026-04-29 14:13:35,33.56,55.88,1005.00,183.12,2079,17.926,5600,23.0,32.0,36.0,YES,YES,SCOPOLAMINE_IN_LPG_VOC-4.829ppm,986665.3,0,5.0,0.050,50
2026-04-29 14:13:44,33.56,55.88,1005.00,183.12,2079,17.926,5600,22.0,31.0,35.0,YES,YES,SCOPOLAMINE_IN_LPG_VOC-4.829ppm,986674.7,0,5.0,0.050,50
2026-04-29 14:13:55,33.56,55.88,1005.00,183.12,2079,17.926,5600,22.0,32.0,37.0,YES,YES,SCOPOLAMINE_IN_LPG_VOC-4.829ppm,986685.2,0,5.0,0.050,50
2026-04-29 14:14:04,33.56,55.88,1005.00,183.12,2079,17.926,5600,23.0,33.0,37.0,YES,YES,SCOPOLAMINE_IN_LPG_VOC-4.829ppm,986694.5,0,5.0,0.050,50
2026-04-29 14:14:15,33.56,55.88,1005.00,183.12,2079,17.926,5600,23.0,34.0,40.0,YES,YES,SCOPOLAMINE_IN_LPG_VOC-4.829ppm,986705.0,0,5.0,0.050,50
2026-04-29 14:14:25,33.56,55.88,1005.00,183.12,2079,17.926,5600,23.0,33.0,39.0,YES,YES,SCOPOLAMINE_IN_LPG_VOC-4.829ppm,986715.4,0,5.0,0.050,50
2026-04-29 14:14:34,33.56,55.88,1005.00,183.12,2079,17.926,5600,23.0,33.0,38.0,YES,YES,SCOPOLAMINE_IN_LPG_VOC-4.829ppm,986724.8,0,5.0,0.050,50
2026-04-29 14:14:45,33.56,55.88,1005.00,183.12,2079,17.926,5600,22.0,32.0,37.0,YES,YES,SCOPOLAMINE_IN_LPG_VOC-4.829ppm,986735.3,0,5.0,0.050,50
2026-04-29 14:14:54,33.56,55.88,1005.00,183.12,2079,17.926,5600,23.0,33.0,40.0,YES,YES,SCOPOLAMINE_IN_LPG_VOC-3.863ppm,986744.7,0,5.0,0.050,50
2026-04-29 14:15:05,33.56,55.88,1005.00,183.12,2079,17.926,5600,23.0,32.0,37.0,YES,YES,SCOPOLAMINE_IN_LPG_VOC-3.863ppm,986755.1,0,5.0,0.050,50
2026-04-29 14:15:15,33.56,55.88,1005.00,183.12,2079,17.926,5600,22.0,31.0,35.0,YES,YES,SCOPOLAMINE_IN_LPG_VOC-3.863ppm,986765.5,0,5.0,0.050,50
2026-04-29 14:15:25,33.56,55.88,1005.00,183.12,2079,17.926,5600,22.0,31.0,35.0,YES,YES,SCOPOLAMINE_IN_LPG_VOC-3.863ppm,986774.9,0,5.0,0.050,50
2026-04-29 14:15:35,33.56,55.88,1005.00,183.12,2079,17.926,5600,23.0,32.0,36.0,YES,YES,SCOPOLAMINE_IN_LPG_VOC-3.863ppm,986785.4,0,5.0,0.050,50
2026-04-29 14:15:45,33.56,55.88,1005.00,183.12,2079,17.926,5600,23.0,32.0,38.0,YES,YES,SCOPOLAMINE_IN_LPG_VOC-3.863ppm,986795.8,0,5.0,0.050,50
2026-04-29 14:15:55,33.56,55.88,1005.00,183.12,2079,17.926,5600,23.0,32.0,36.0,YES,YES,SCOPOLAMINE_IN_LPG_VOC-3.863ppm,986805.2,0,5.0,0.050,50
2026-04-29 14:16:05,33.56,55.88,1005.00,183.12,2079,17.926,5600,23.0,32.0,35.0,YES,YES,SCOPOLAMINE_IN_LPG_VOC-3.863ppm,986815.7,0,5.0,0.050,50
2026-04-29 14:16:15,33.56,55.88,1005.00,183.12,2079,17.926,5600,23.0,32.0,34.0,YES,YES,SCOPOLAMINE_IN_LPG_VOC-3.863ppm,986825.0,0,5.0,0.050,50
2026-04-29 14:16:25,33.56,55.88,1005.00,183.12,2079,17.926,5600,22.0,30.0,33.0,YES,YES,SCOPOLAMINE_IN_LPG_VOC-3.863ppm,986835.5,0,5.0,0.050,50
2026-04-29 14:16:36,33.56,55.88,1005.00,183.12,2079,17.926,5600,23.0,32.0,36.0,YES,YES,SCOPOLAMINE_IN_LPG_VOC-3.863ppm,986845.9,0,5.0,0.050,50
2026-04-29 14:16:45,33.56,55.88,1005.00,183.12,2079,17.926,5600,22.0,31.0,35.0,YES,YES,SCOPOLAMINE_IN_LPG_VOC-3.863ppm,986855.3,0,5.0,0.050,50
2026-04-29 14:16:55,33.56,55.88,1005.00,183.12,2079,17.926,5600,22.0,31.0,34.0,YES,YES,SCOPOLAMINE_IN_LPG_VOC-3.863ppm,986865.8,0,5.0,0.050,50
2026-04-29 14:17:05,33.56,55.88,1005.00,183.12,2079,17.926,5600,23.0,32.0,35.0,YES,YES,SCOPOLAMINE_IN_LPG_VOC-3.863ppm,986875.2,0,5.0,0.050,50
2026-04-29 14:17:15,33.56,55.88,1005.00,183.12,2079,17.926,5600,23.0,32.0,35.0,YES,YES,SCOPOLAMINE_IN_LPG_VOC-3.863ppm,986885.6,0,5.0,0.050,50

strong attack headache right side of head backof head, neck

2026-04-29 14:34:48,33.80,56.07,1004.00,179.32,2012,15.429,5600,21.0,29.0,32.0,YES,YES,SCOPOLAMINE_IN_LPG_VOC-3.830ppm,987938.9,0,5.0,0.050,50
2026-04-29 14:34:59,33.80,56.07,1004.00,179.32,2012,15.429,5600,22.0,31.0,33.0,YES,YES,SCOPOLAMINE_IN_LPG_VOC-3.064ppm,987949.3,0,5.0,0.050,50
2026-04-29 14:35:09,33.80,56.07,1004.00,179.32,2012,15.429,5600,21.0,30.0,32.0,YES,YES,SCOPOLAMINE_IN_LPG_VOC-3.064ppm,987959.8,0,5.0,0.050,50
2026-04-29 14:35:19,33.80,56.07,1004.00,179.32,2012,15.429,5600,20.0,29.0,30.0,YES,YES,SCOPOLAMINE_IN_LPG_VOC-3.064ppm,987969.2,0,5.0,0.050,50
2026-04-29 14:35:29,33.80,56.07,1004.00,179.32,2012,15.429,5600,20.0,30.0,33.0,YES,YES,SCOPOLAMINE_IN_LPG_VOC-3.064ppm,987979.6,0,5.0,0.050,50
2026-04-29 14:35:40,33.80,56.07,1004.00,179.32,2012,15.429,5600,19.0,29.0,31.0,YES,YES,SCOPOLAMINE_IN_LPG_VOC-3.064ppm,987990.1,0,5.0,0.050,50
2026-04-29 14:35:49,33.80,56.07,1004.00,179.32,2012,15.429,5600,20.0,30.0,31.0,YES,YES,SCOPOLAMINE_IN_LPG_VOC-3.064ppm,987999.5,0,5.0,0.050,50
2026-04-29 14:35:59,33.80,56.07,1004.00,179.32,2012,15.429,5600,19.0,28.0,29.0,YES,YES,SCOPOLAMINE_IN_LPG_VOC-3.064ppm,988009.9,0,5.0,0.050,50
2026-04-29 14:36:09,33.80,56.07,1004.00,179.32,2012,15.429,5600,19.0,27.0,30.0,YES,YES,SCOPOLAMINE_IN_LPG_VOC-3.064ppm,988019.3,0,5.0,0.050,50
2026-04-29 14:36:19,33.80,56.07,1004.00,179.32,2012,15.429,5600,20.0,27.0,29.0,YES,YES,SCOPOLAMINE_IN_LPG_VOC-3.064ppm,988029.7,0,5.0,0.050,50
2026-04-29 14:36:30,33.80,56.07,1004.00,179.32,2012,15.429,5600,20.0,27.0,29.0,YES,YES,SCOPOLAMINE_IN_LPG_VOC-3.064ppm,988040.2,0,5.0,0.050,50
2026-04-29 14:36:39,33.80,56.07,1004.00,179.32,2012,15.429,5600,21.0,29.0,30.0,YES,YES,SCOPOLAMINE_IN_LPG_VOC-3.064ppm,988049.6,0,5.0,0.050,50
2026-04-29 14:36:50,33.80,56.07,1004.00,179.32,2012,15.429,5600,20.0,29.0,31.0,YES,YES,SCOPOLAMINE_IN_LPG_VOC-3.064ppm,988060.0,0,5.0,0.050,50
2026-04-29 14:36:59,33.80,56.07,1004.00,179.32,2012,15.429,5600,21.0,29.0,31.0,YES,YES,SCOPOLAMINE_IN_LPG_VOC-3.064ppm,988069.4,0,5.0,0.050,50
2026-04-29 14:37:09,33.80,56.07,1004.00,179.32,2012,15.429,5600,20.0,28.0,29.0,YES,YES,SCOPOLAMINE_IN_LPG_VOC-3.064ppm,988079.8,0,5.0,0.050,50
2026-04-29 14:37:20,33.80,56.07,1004.00,179.32,2012,15.429,5600,20.0,28.0,29.0,YES,YES,SCOPOLAMINE_IN_LPG_VOC-3.064ppm,988090.3,0,5.0,0.050,50
2026-04-29 14:37:29,33.80,56.07,1004.00,179.32,2012,15.429,5600,19.0,28.0,29.0,YES,YES,SCOPOLAMINE_IN_LPG_VOC-3.064ppm,988099.7,0,5.0,0.050,50
2026-04-29 14:37:40,33.80,56.07,1004.00,179.32,2012,15.429,5600,21.0,29.0,31.0,YES,YES,SCOPOLAMINE_IN_LPG_VOC-3.064ppm,988110.1,0,5.0,0.050,50
2026-04-29 14:37:50,33.80,56.07,1004.00,179.32,2012,15.429,5600,20.0,29.0,29.0,YES,YES,SCOPOLAMINE_IN_LPG_VOC-3.064ppm,988120.5,0,5.0,0.050,50
2026-04-29 14:38:00,33.80,56.07,1004.00,179.32,2012,15.429,5600,20.0,28.0,28.0,YES,YES,SCOPOLAMINE_IN_LPG_VOC-3.064ppm,988129.9,0,5.0,0.050,50
2026-04-29 14:38:10,33.80,56.07,1004.00,179.32,2012,15.429,5600,19.0,28.0,29.0,YES,YES,SCOPOLAMINE_IN_LPG_VOC-3.064ppm,988140.4,0,5.0,0.050,50
2026-04-29 14:38:19,33.80,56.07,1004.00,179.32,2012,15.429,5600,20.0,29.0,31.0,YES,YES,SCOPOLAMINE_IN_LPG_VOC-3.064ppm,988149.8,0,5.0,0.050,50
2026-04-29 14:38:30,33.88,56.30,1004.00,177.35,1984,14.473,5600,20.0,29.0,30.0,YES,YES,SCOPOLAMINE_IN_LPG_VOC-4.020ppm,988160.2,0,5.0,0.050,50
2026-04-29 14:38:40,33.88,56.30,1004.00,177.35,1984,14.473,5600,20.0,28.0,29.0,YES,YES,SCOPOLAMINE_IN_LPG_VOC-4.020ppm,988170.7,0,5.0,0.050,50
2026-04-29 14:38:50,33.88,56.30,1004.00,177.35,1984,14.473,5600,21.0,29.0,30.0,YES,YES,SCOPOLAMINE_IN_LPG_VOC-4.020ppm,988180.1,0,5.0,0.050,50
2026-04-29 14:39:00,33.88,56.30,1004.00,177.35,1984,14.473,5600,20.0,29.0,31.0,YES,YES,SCOPOLAMINE_IN_LPG_VOC-4.020ppm,988190.5,0,5.0,0.050,50
2026-04-29 14:39:09,33.88,56.30,1004.00,177.35,1984,14.473,5600,20.0,29.0,30.0,YES,YES,SCOPOLAMINE_IN_LPG_VOC-4.020ppm,988199.9,0,5.0,0.050,50
2026-04-29 14:39:20,33.88,56.30,1004.00,177.35,1984,14.473,5600,20.0,29.0,31.0,YES,YES,SCOPOLAMINE_IN_LPG_VOC-4.020ppm,988210.3,0,5.0,0.050,50
2026-04-29 14:39:30,33.88,56.30,1004.00,177.35,1984,14.473,5600,22.0,30.0,33.0,YES,YES,SCOPOLAMINE_IN_LPG_VOC-4.020ppm,988220.8,0,5.0,0.050,50
2026-04-29 14:39:40,33.88,56.30,1004.00,177.35,1984,14.473,5600,21.0,29.0,31.0,YES,YES,SCOPOLAMINE_IN_LPG_VOC-4.020ppm,988230.2,0,5.0,0.050,50
2026-04-29 14:39:50,33.88,56.30,1004.00,177.35,1984,14.473,5600,21.0,28.0,30.0,YES,YES,SCOPOLAMINE_IN_LPG_VOC-4.020ppm,988240.6,0,5.0,0.050,50
2026-04-29 14:40:01,33.88,56.30,1004.00,177.35,1984,14.473,5600,22.0,30.0,31.0,YES,YES,SCOPOLAMINE_IN_LPG_VOC-3.216ppm,988251.1,0,5.0,0.050,50
2026-04-29 14:40:10,33.88,56.30,1004.00,177.35,1984,14.473,5600,22.0,30.0,30.0,YES,YES,SCOPOLAMINE_IN_LPG_VOC-3.216ppm,988260.5,0,5.0,0.050,50
2026-04-29 14:40:20,33.88,56.30,1004.00,177.35,1984,14.473,5600,21.0,29.0,30.0,YES,YES,SCOPOLAMINE_IN_LPG_VOC-3.216ppm,988270.9,0,5.0,0.050,50
2026-04-29 14:40:30,33.88,56.30,1004.00,177.35,1984,14.473,5600,22.0,29.0,31.0,YES,YES,SCOPOLAMINE_IN_LPG_VOC-3.216ppm,988280.3,0,5.0,0.050,50
2026-04-29 14:40:40,33.88,56.30,1004.00,177.35,1984,14.473,5600,22.0,31.0,32.0,YES,YES,SCOPOLAMINE_IN_LPG_VOC-3.216ppm,988290.7,0,5.0,0.050,50
2026-04-29 14:40:51,33.88,56.30,1004.00,177.35,1984,14.473,5600,22.0,30.0,32.0,YES,YES,SCOPOLAMINE_IN_LPG_VOC-3.216ppm,988301.2,0,5.0,0.050,50
2026-04-29 14:41:00,33.88,56.30,1004.00,177.35,1984,14.473,5600,22.0,30.0,32.0,YES,YES,SCOPOLAMINE_IN_LPG_VOC-3.216ppm,988310.6,0,5.0,0.050,50
2026-04-29 14:41:11,33.88,56.30,1004.00,177.35,1984,14.473,5600,21.0,29.0,31.0,YES,YES,SCOPOLAMINE_IN_LPG_VOC-3.216ppm,988321.0,0,5.0,0.050,50
2026-04-29 14:41:20,33.88,56.30,1004.00,177.35,1984,14.473,5600,21.0,29.0,31.0,YES,YES,SCOPOLAMINE_IN_LPG_VOC-3.216ppm,988330.4,0,5.0,0.050,50
2026-04-29 14:41:30,33.88,56.30,1004.00,177.35,1984,14.473,5600,21.0,29.0,30.0,YES,YES,SCOPOLAMINE_IN_LPG_VOC-3.216ppm,988340.8,0,5.0,0.050,50
2026-04-29 14:41:41,33.88,56.30,1004.00,177.35,1984,14.473,5600,21.0,31.0,33.0,YES,YES,SCOPOLAMINE_IN_LPG_VOC-3.216ppm,988351.3,0,5.0,0.050,50
2026-04-29 14:41:50,33.88,56.30,1004.00,177.35,1984,14.473,5600,21.0,31.0,32.0,YES,YES,SCOPOLAMINE_IN_LPG_VOC-3.216ppm,988360.7,0,5.0,0.050,50
2026-04-29 14:42:01,33.88,56.30,1004.00,177.35,1984,14.473,5600,22.0,30.0,31.0,YES,YES,SCOPOLAMINE_IN_LPG_VOC-3.216ppm,988371.1,0,5.0,0.050,50
2026-04-29 14:42:10,33.88,56.30,1004.00,177.35,1984,14.473,5600,21.0,30.0,31.0,YES,YES,SCOPOLAMINE_IN_LPG_VOC-3.216ppm,988380.5,0,5.0,0.050,50
2026-04-29 14:42:21,33.88,56.30,1004.00,177.35,1984,14.473,5600,22.0,31.0,32.0,YES,YES,SCOPOLAMINE_IN_LPG_VOC-3.216ppm,988390.9,0,5.0,0.050,50
2026-04-29 14:42:31,33.88,56.30,1004.00,177.35,1984,14.473,5600,22.0,31.0,34.0,YES,YES,SCOPOLAMINE_IN_LPG_VOC-3.216ppm,988401.4,0,5.0,0.050,50
2026-04-29 14:42:40,33.88,56.30,1004.00,177.35,1984,14.473,5600,22.0,31.0,34.0,YES,YES,SCOPOLAMINE_IN_LPG_VOC-3.216ppm,988410.8,0,5.0,0.050,50
2026-04-29 14:42:51,33.88,56.30,1004.00,177.35,1984,14.473,5600,21.0,30.0,32.0,YES,YES,SCOPOLAMINE_IN_LPG_VOC-3.216ppm,988421.2,0,5.0,0.050,50
2026-04-29 14:43:00,33.88,56.30,1004.00,177.35,1984,14.473,5600,22.0,31.0,34.0,YES,YES,SCOPOLAMINE_IN_LPG_VOC-3.216ppm,988430.6,0,5.0,0.050,50
2026-04-29 14:43:11,33.88,56.30,1004.00,177.35,1984,14.473,5600,21.0,31.0,33.0,YES,YES,SCOPOLAMINE_IN_LPG_VOC-3.216ppm,988441.0,0,5.0,0.050,50
2026-04-29 14:43:21,33.88,56.30,1004.00,177.35,1984,14.473,5600,22.0,32.0,36.0,YES,YES,SCOPOLAMINE_IN_LPG_VOC-3.216ppm,988451.5,0,5.0,0.050,50
2026-04-29 14:43:30,33.90,56.61,1004.00,175.76,1961,13.717,5600,22.0,31.0,34.0,YES,YES,SCOPOLAMINE_IN_LPG_VOC-3.972ppm,988460.9,0,5.0,0.050,50
2026-04-29 14:43:41,33.90,56.61,1004.00,175.76,1961,13.717,5600,21.0,29.0,31.0,YES,YES,SCOPOLAMINE_IN_LPG_VOC-3.972ppm,988471.3,0,5.0,0.050,50
2026-04-29 14:43:51,33.90,56.61,1004.00,175.76,1961,13.717,5600,22.0,30.0,32.0,YES,YES,SCOPOLAMINE_IN_LPG_VOC-3.972ppm,988481.8,0,5.0,0.050,50
2026-04-29 14:44:01,33.90,56.61,1004.00,175.76,1961,13.717,5600,21.0,29.0,31.0,YES,YES,SCOPOLAMINE_IN_LPG_VOC-3.972ppm,988491.1,0,5.0,0.050,50
2026-04-29 14:44:11,33.90,56.61,1004.00,175.76,1961,13.717,5600,21.0,30.0,33.0,YES,YES,SCOPOLAMINE_IN_LPG_VOC-3.972ppm,988501.6,0,5.0,0.050,50

particulate chem

2026-04-29 18:58:03,33.65,61.37,1005.00,159.30,1567,5.621,5600,5.0,8.0,10.0,YES,YES,DRUG_DELIVERY_IN_LPG_VOC-0.154ppm,1003733.2,0,5.0,0.050,50
2026-04-29 18:58:13,33.65,61.37,1005.00,159.30,1567,5.621,5600,5.0,7.0,8.0,YES,YES,DRUG_DELIVERY_IN_LPG_VOC-0.154ppm,1003743.6,0,5.0,0.050,50
2026-04-29 18:58:23,33.65,61.37,1005.00,159.30,1567,5.621,5600,5.0,9.0,10.0,YES,YES,DRUG_DELIVERY_IN_LPG_VOC-0.154ppm,1003753.0,0,5.0,0.050,50
2026-04-29 18:58:33,33.65,61.37,1005.00,159.30,1567,5.621,5600,3.0,7.0,9.0,YES,YES,DRUG_DELIVERY_IN_LPG_VOC-0.154ppm,1003763.5,0,5.0,0.050,50
2026-04-29 18:58:43,33.65,61.37,1005.00,159.30,1567,5.621,5600,3.0,6.0,7.0,YES,YES,DRUG_DELIVERY_IN_LPG_VOC-0.154ppm,1003772.9,0,5.0,0.050,50
2026-04-29 18:58:53,33.52,61.62,1005.00,160.09,1571,5.672,5600,5.0,9.0,9.0,YES,YES,DRUG_DELIVERY_IN_LPG_VOC-0.103ppm,1003783.3,0,5.0,0.050,50
2026-04-29 18:59:03,33.52,61.62,1005.00,160.09,1571,5.672,5600,6.0,9.0,9.0,YES,YES,DRUG_DELIVERY_IN_LPG_VOC-0.103ppm,1003793.8,0,5.0,0.050,50
2026-04-29 18:59:13,33.52,61.62,1005.00,160.09,1571,5.672,5600,6.0,8.0,8.0,YES,YES,DRUG_DELIVERY_IN_LPG_VOC-0.103ppm,1003803.2,0,5.0,0.050,50
2026-04-29 18:59:23,33.52,61.62,1005.00,160.09,1571,5.672,5600,5.0,10.0,10.0,YES,YES,DRUG_DELIVERY_IN_LPG_VOC-0.103ppm,1003813.6,0,5.0,0.050,50
2026-04-29 18:59:34,33.52,61.62,1005.00,160.09,1571,5.672,5600,4.0,8.0,8.0,YES,YES,DRUG_DELIVERY_IN_LPG_VOC-0.103ppm,1003824.0,0,5.0,0.050,50
2026-04-29 18:59:43,33.52,61.62,1005.00,160.09,1571,5.672,5600,5.0,9.0,9.0,YES,YES,DRUG_DELIVERY_IN_LPG_VOC-0.103ppm,1003833.4,0,5.0,0.050,50
2026-04-29 18:59:54,33.52,61.62,1005.00,160.09,1571,5.672,5600,5.0,8.0,10.0,YES,YES,DRUG_DELIVERY_IN_LPG_VOC-0.103ppm,1003843.9,0,5.0,0.050,50
2026-04-29 19:00:03,33.52,61.62,1005.00,160.09,1571,5.672,5600,5.0,10.0,10.0,YES,YES,DRUG_DELIVERY_IN_LPG_VOC-0.103ppm,1003853.3,0,5.0,0.050,50
2026-04-29 19:00:13,33.52,61.62,1005.00,160.09,1571,5.672,5600,5.0,9.0,9.0,YES,YES,DRUG_DELIVERY_IN_LPG_VOC-0.103ppm,1003863.7,0,5.0,0.050,50
2026-04-29 19:00:24,33.52,61.62,1005.00,160.09,1571,5.672,5600,5.0,9.0,11.0,YES,YES,DRUG_DELIVERY_IN_LPG_VOC-0.103ppm,1003874.2,0,5.0,0.050,50
2026-04-29 19:00:33,33.52,61.62,1005.00,160.09,1571,5.672,5600,5.0,8.0,10.0,YES,YES,DRUG_DELIVERY_IN_LPG_VOC-0.103ppm,1003883.6,0,5.0,0.050,50
2026-04-29 19:00:44,33.52,61.62,1005.00,160.09,1571,5.672,5600,5.0,8.0,8.0,YES,YES,DRUG_DELIVERY_IN_LPG_VOC-0.103ppm,1003894.0,0,5.0,0.050,50
2026-04-29 19:00:53,33.52,61.62,1005.00,160.09,1571,5.672,5600,5.0,6.0,6.0,YES,YES,DRUG_DELIVERY_IN_LPG_VOC-0.083ppm,1003903.4,0,5.0,0.050,50
2026-04-29 19:01:03,33.52,61.62,1005.00,160.09,1571,5.672,5600,4.0,6.0,6.0,YES,YES,DRUG_DELIVERY_IN_LPG_VOC-0.083ppm,1003913.8,0,5.0,0.050,50
2026-04-29 19:01:14,33.52,61.62,1005.00,160.09,1571,5.672,5600,4.0,7.0,9.0,YES,YES,DRUG_DELIVERY_IN_LPG_VOC-0.083ppm,1003924.3,0,5.0,0.050,50
2026-04-29 19:01:23,33.52,61.62,1005.00,160.09,1571,5.672,5600,4.0,8.0,8.0,YES,YES,DRUG_DELIVERY_IN_LPG_VOC-0.083ppm,1003933.7,0,5.0,0.050,50

headache - throat taste - slight blurring of eyes 

2026-04-30 07:39:09,29.76,64.74,1010.00,169.31,1376,3.642,5600,19.0,29.0,30.0,YES,YES,DRUG_DELIVERY_IN_LPG_VOC-0.796ppm,1049399.1,0,5.0,0.050,50
2026-04-30 07:39:19,29.76,64.74,1010.00,169.31,1376,3.642,5600,20.0,30.0,30.0,YES,YES,DRUG_DELIVERY_IN_LPG_VOC-0.796ppm,1049409.6,0,5.0,0.050,50
2026-04-30 07:39:29,29.76,64.74,1010.00,169.31,1376,3.642,5600,20.0,29.0,29.0,YES,YES,DRUG_DELIVERY_IN_LPG_VOC-0.796ppm,1049419.0,0,5.0,0.050,50
2026-04-30 07:39:39,29.76,64.74,1010.00,169.31,1376,3.642,5600,19.0,29.0,29.0,YES,YES,DRUG_DELIVERY_IN_LPG_VOC-0.796ppm,1049429.4,0,5.0,0.050,50
2026-04-30 07:39:48,29.76,64.74,1010.00,169.31,1376,3.642,5600,19.0,29.0,29.0,YES,YES,DRUG_DELIVERY_IN_LPG_VOC-0.796ppm,1049438.8,0,5.0,0.050,50
2026-04-30 07:39:59,29.54,65.16,1010.00,171.42,1388,3.746,5600,19.0,28.0,30.0,YES,YES,DRUG_DELIVERY_IN_LPG_VOC-0.693ppm,1049449.2,0,5.0,0.050,50
2026-04-30 07:40:09,29.54,65.16,1010.00,171.42,1388,3.746,5600,19.0,28.0,30.0,YES,YES,DRUG_DELIVERY_IN_LPG_VOC-0.693ppm,1049459.7,0,5.0,0.050,50
2026-04-30 07:40:19,29.54,65.16,1010.00,171.42,1388,3.746,5600,20.0,29.0,31.0,YES,YES,DRUG_DELIVERY_IN_LPG_VOC-0.693ppm,1049469.1,0,5.0,0.050,50
2026-04-30 07:40:29,29.54,65.16,1010.00,171.42,1388,3.746,5600,20.0,28.0,30.0,YES,YES,DRUG_DELIVERY_IN_LPG_VOC-0.693ppm,1049479.5,0,5.0,0.050,50
2026-04-30 07:40:39,29.54,65.16,1010.00,171.42,1388,3.746,5600,20.0,29.0,33.0,YES,YES,DRUG_DELIVERY_IN_LPG_VOC-0.693ppm,1049488.9,0,5.0,0.050,50
2026-04-30 07:40:49,29.54,65.16,1010.00,171.42,1388,3.746,5600,19.0,26.0,29.0,YES,YES,DRUG_DELIVERY_IN_LPG_VOC-0.693ppm,1049499.4,0,5.0,0.050,50
2026-04-30 07:40:59,29.54,65.16,1010.00,171.42,1388,3.746,5600,20.0,28.0,30.0,YES,YES,DRUG_DELIVERY_IN_LPG_VOC-0.693ppm,1049509.8,0,5.0,0.050,50
2026-04-30 07:41:09,29.54,65.16,1010.00,171.42,1388,3.746,5600,19.0,28.0,30.0,YES,YES,DRUG_DELIVERY_IN_LPG_VOC-0.693ppm,1049519.2,0,5.0,0.050,50
2026-04-30 07:41:19,29.54,65.16,1010.00,171.42,1388,3.746,5600,19.0,27.0,31.0,YES,YES,DRUG_DELIVERY_IN_LPG_VOC-0.693ppm,1049529.7,0,5.0,0.050,50
2026-04-30 07:41:30,29.54,65.16,1010.00,171.42,1388,3.746,5600,19.0,28.0,30.0,YES,YES,DRUG_DELIVERY_IN_LPG_VOC-0.693ppm,1049540.1,0,5.0,0.050,50
2026-04-30 07:41:39,29.54,65.16,1010.00,171.42,1388,3.746,5600,19.0,28.0,30.0,YES,YES,DRUG_DELIVERY_IN_LPG_VOC-0.693ppm,1049549.5,0,5.0,0.050,50
2026-04-30 07:41:50,29.54,65.16,1010.00,171.42,1388,3.746,5600,20.0,29.0,32.0,YES,YES,DRUG_DELIVERY_IN_LPG_VOC-0.693ppm,1049559.9,0,5.0,0.050,50
2026-04-30 07:41:59,29.54,65.16,1010.00,171.42,1388,3.746,5600,19.0,28.0,30.0,YES,YES,DRUG_DELIVERY_IN_LPG_VOC-0.693ppm,1049569.3,0,5.0,0.050,50
2026-04-30 07:42:09,29.54,65.16,1010.00,171.42,1388,3.746,5600,19.0,30.0,31.0,YES,YES,DRUG_DELIVERY_IN_LPG_VOC-0.693ppm,1049579.8,0,5.0,0.050,50
2026-04-30 07:42:20,29.54,65.16,1010.00,171.42,1388,3.746,5600,19.0,29.0,29.0,YES,YES,DRUG_DELIVERY_IN_LPG_VOC-0.693ppm,1049590.2,0,5.0,0.050,50
2026-04-30 07:42:29,29.54,65.16,1010.00,171.42,1388,3.746,5600,20.0,30.0,31.0,YES,YES,DRUG_DELIVERY_IN_LPG_VOC-0.693ppm,1049599.6,0,5.0,0.050,50
2026-04-30 07:42:40,29.54,65.16,1010.00,171.42,1388,3.746,5600,19.0,29.0,32.0,YES,YES,DRUG_DELIVERY_IN_LPG_VOC-0.693ppm,1049610.1,0,5.0,0.050,50
2026-04-30 07:42:49,29.54,65.16,1010.00,171.42,1388,3.746,5600,20.0,31.0,33.0,YES,YES,DRUG_DELIVERY_IN_LPG_VOC-0.693ppm,1049619.4,0,5.0,0.050,50
2026-04-30 07:43:00,29.54,65.16,1010.00,171.42,1388,3.746,5600,21.0,30.0,33.0,YES,YES,DRUG_DELIVERY_IN_LPG_VOC-0.693ppm,1049629.9,0,5.0,0.050,50
2026-04-30 07:43:10,29.54,65.16,1010.00,171.42,1388,3.746,5600,21.0,31.0,32.0,YES,YES,DRUG_DELIVERY_IN_LPG_VOC-0.693ppm,1049640.3,0,5.0,0.050,50
2026-04-30 07:43:19,29.54,65.16,1010.00,171.42,1388,3.746,5600,21.0,31.0,33.0,YES,YES,DRUG_DELIVERY_IN_LPG_VOC-0.693ppm,1049649.7,0,5.0,0.050,50

particulate bappa bathroom

2026-04-30 10:10:18,29.99,61.93,1010.00,182.56,1380,3.675,5600,19.0,26.0,28.0,YES,YES,DRUG_DELIVERY_IN_LPG_VOC+0.384ppm,1058468.8,0,5.0,0.050,50
2026-04-30 10:10:29,29.99,61.93,1010.00,182.56,1380,3.675,5600,19.0,25.0,28.0,YES,YES,DRUG_DELIVERY_IN_LPG_VOC+0.384ppm,1058479.3,0,5.0,0.050,50
2026-04-30 10:10:38,29.99,61.93,1010.00,182.56,1380,3.675,5600,19.0,25.0,28.0,YES,YES,DRUG_DELIVERY_IN_LPG_VOC+0.384ppm,1058488.6,0,5.0,0.050,50
2026-04-30 10:10:49,29.99,61.93,1010.00,182.56,1380,3.675,5600,18.0,24.0,27.0,YES,YES,DRUG_DELIVERY_IN_LPG_VOC+0.384ppm,1058499.1,0,5.0,0.050,50
2026-04-30 10:10:58,29.99,61.93,1010.00,182.56,1380,3.675,5600,19.0,26.0,28.0,YES,YES,DRUG_DELIVERY_IN_LPG_VOC+0.384ppm,1058508.5,0,5.0,0.050,50
2026-04-30 10:11:09,29.99,61.93,1010.00,182.56,1380,3.675,5600,19.0,27.0,27.0,YES,YES,DRUG_DELIVERY_IN_LPG_VOC+0.384ppm,1058518.9,0,5.0,0.050,50
2026-04-30 10:11:19,29.99,61.93,1010.00,182.56,1380,3.675,5600,18.0,26.0,27.0,YES,YES,DRUG_DELIVERY_IN_LPG_VOC+0.384ppm,1058529.4,0,5.0,0.050,50
2026-04-30 10:11:28,29.99,61.93,1010.00,182.56,1380,3.675,5600,18.0,25.0,26.0,YES,YES,DRUG_DELIVERY_IN_LPG_VOC+0.384ppm,1058538.8,0,5.0,0.050,50
2026-04-30 10:11:39,29.99,61.93,1010.00,182.56,1380,3.675,5600,19.0,27.0,28.0,YES,YES,DRUG_DELIVERY_IN_LPG_VOC+0.384ppm,1058549.2,0,5.0,0.050,50
2026-04-30 10:11:49,29.99,61.93,1010.00,182.56,1380,3.675,5600,19.0,28.0,30.0,YES,YES,DRUG_DELIVERY_IN_LPG_VOC+0.384ppm,1058559.6,0,5.0,0.050,50
2026-04-30 10:11:59,29.99,61.93,1010.00,182.56,1380,3.675,5600,19.0,28.0,29.0,YES,YES,DRUG_DELIVERY_IN_LPG_VOC+0.384ppm,1058569.0,0,5.0,0.050,50
2026-04-30 10:12:09,29.99,61.93,1010.00,182.56,1380,3.675,5600,19.0,28.0,31.0,YES,YES,DRUG_DELIVERY_IN_LPG_VOC+0.384ppm,1058579.5,0,5.0,0.050,50
2026-04-30 10:12:19,29.99,61.93,1010.00,182.56,1380,3.675,5600,20.0,28.0,31.0,YES,YES,DRUG_DELIVERY_IN_LPG_VOC+0.384ppm,1058588.9,0,5.0,0.050,50
2026-04-30 10:12:29,29.99,61.93,1010.00,182.56,1380,3.675,5600,18.0,26.0,29.0,YES,YES,DRUG_DELIVERY_IN_LPG_VOC+0.384ppm,1058599.3,0,5.0,0.050,50
2026-04-30 10:12:39,29.99,61.93,1010.00,182.56,1380,3.675,5600,18.0,27.0,30.0,YES,YES,DRUG_DELIVERY_IN_LPG_VOC+0.384ppm,1058609.8,0,5.0,0.050,50
2026-04-30 10:12:49,29.99,61.93,1010.00,182.56,1380,3.675,5600,17.0,26.0,29.0,YES,YES,DRUG_DELIVERY_IN_LPG_VOC+0.384ppm,1058619.1,0,5.0,0.050,50
2026-04-30 10:12:59,29.99,61.93,1010.00,182.56,1380,3.675,5600,17.0,26.0,27.0,YES,YES,DRUG_DELIVERY_IN_LPG_VOC+0.384ppm,1058629.6,0,5.0,0.050,50

powder that gives weird feeling to body —0- lok at 34s

2026-04-30 11:30:44,29.88,63.28,1009.00,175.96,1294,3.023,5600,21.0,29.0,30.0,YES,YES,DRUG_DELIVERY_IN_LPG_VOC-0.035ppm,1063294.5,0,5.0,0.050,50
2026-04-30 11:30:55,29.88,63.28,1009.00,175.96,1294,3.023,5600,22.0,31.0,34.0,YES,YES,DRUG_DELIVERY_IN_LPG_VOC-0.035ppm,1063304.9,0,5.0,0.050,50
2026-04-30 11:31:05,29.88,63.28,1009.00,175.96,1294,3.023,5600,20.0,31.0,33.0,YES,YES,DRUG_DELIVERY_IN_LPG_VOC-0.035ppm,1063315.3,0,5.0,0.050,50
2026-04-30 11:31:14,29.88,63.28,1009.00,175.96,1294,3.023,5600,21.0,31.0,34.0,YES,YES,DRUG_DELIVERY_IN_LPG_VOC-0.035ppm,1063324.7,0,5.0,0.050,50
2026-04-30 11:31:25,29.88,63.28,1009.00,175.96,1294,3.023,5600,20.0,30.0,34.0,YES,YES,DRUG_DELIVERY_IN_LPG_VOC-0.035ppm,1063335.2,0,5.0,0.050,50
2026-04-30 11:31:34,29.88,63.28,1009.00,175.96,1294,3.023,5600,20.0,30.0,34.0,YES,YES,DRUG_DELIVERY_IN_LPG_VOC-0.035ppm,1063344.6,0,5.0,0.050,50
2026-04-30 11:31:45,29.88,63.28,1009.00,175.96,1294,3.023,5600,21.0,30.0,32.0,YES,YES,DRUG_DELIVERY_IN_LPG_VOC-0.035ppm,1063355.0,0,5.0,0.050,50
2026-04-30 11:31:55,29.88,63.28,1009.00,175.96,1294,3.023,5600,21.0,29.0,30.0,YES,YES,DRUG_DELIVERY_IN_LPG_VOC-0.035ppm,1063365.5,0,5.0,0.050,50
2026-04-30 11:32:04,29.88,63.28,1009.00,175.96,1294,3.023,5600,22.0,31.0,32.0,YES,YES,DRUG_DELIVERY_IN_LPG_VOC-0.035ppm,1063374.9,0,5.0,0.050,50
2026-04-30 11:32:15,29.88,63.28,1009.00,175.96,1294,3.023,5600,22.0,30.0,32.0,YES,YES,DRUG_DELIVERY_IN_LPG_VOC-0.035ppm,1063385.3,0,5.0,0.050,50
2026-04-30 11:32:24,29.88,63.28,1009.00,175.96,1294,3.023,5600,20.0,29.0,31.0,YES,YES,DRUG_DELIVERY_IN_LPG_VOC-0.035ppm,1063394.7,0,5.0,0.050,50


dose

2026-05-05 13:48:45,30.73,68.26,1009.00,51.93,508,0.510,5600,14.0,22.0,22.0,YES,YES,BITTER_KNOCKOUT_DRUG_VOC:0.510_IAQ:51.9,314551.8,0,5.0,0.050,50
2026-05-05 13:48:54,30.73,68.26,1009.00,51.93,508,0.510,5600,15.0,22.0,23.0,YES,YES,BITTER_KNOCKOUT_DRUG_VOC:0.510_IAQ:51.9,314561.2,0,5.0,0.050,50
2026-05-05 13:49:05,30.73,68.26,1009.00,51.93,508,0.510,5600,15.0,22.0,23.0,YES,YES,BITTER_KNOCKOUT_DRUG_VOC:0.510_IAQ:51.9,314571.7,0,5.0,0.050,50
2026-05-05 13:49:14,30.65,68.35,1009.00,53.82,517,0.519,5600,16.0,22.0,22.0,YES,YES,BITTER_KNOCKOUT_DRUG_VOC:0.519_IAQ:53.8,314581.0,0,5.0,0.050,50
2026-05-05 13:49:25,30.65,68.35,1009.00,53.82,517,0.519,5600,17.0,22.0,22.0,YES,YES,BITTER_KNOCKOUT_DRUG_VOC:0.519_IAQ:53.8,314591.5,0,5.0,0.050,50
2026-05-05 13:49:35,30.65,68.35,1009.00,53.82,517,0.519,5600,17.0,23.0,24.0,YES,YES,BITTER_KNOCKOUT_DRUG_VOC:0.519_IAQ:53.8,314601.9,0,5.0,0.050,50

headache - torrture, memory lodd chem

2026-05-05 14:22:51,30.64,67.24,1009.00,64.45,563,0.577,5600,9.0,20.0,21.0,YES,YES,DRUG_DELIVERY_IN_LPG_VOC+0.025ppm,316597.9,0,5.0,0.050,50
2026-05-05 14:23:01,30.64,67.24,1009.00,64.45,563,0.577,5600,11.0,21.0,21.0,YES,YES,DRUG_DELIVERY_IN_LPG_VOC+0.025ppm,316608.3,0,5.0,0.050,50
2026-05-05 14:23:12,30.64,67.24,1009.00,64.45,563,0.577,5600,11.0,20.0,21.0,YES,YES,DRUG_DELIVERY_IN_LPG_VOC+0.025ppm,316618.8,0,5.0,0.050,50
2026-05-05 14:23:21,30.64,67.24,1009.00,64.45,563,0.577,5600,11.0,20.0,21.0,YES,YES,DRUG_DELIVERY_IN_LPG_VOC+0.025ppm,316628.2,0,5.0,0.050,50
2026-05-05 14:23:32,30.64,67.24,1009.00,64.45,563,0.577,5600,10.0,19.0,20.0,YES,YES,DRUG_DELIVERY_IN_LPG_VOC+0.025ppm,316638.6,0,5.0,0.050,50
2026-05-05 14:23:41,30.64,67.24,1009.00,64.45,563,0.577,5600,11.0,19.0,20.0,YES,YES,DRUG_DELIVERY_IN_LPG_VOC+0.025ppm,316648.0,0,5.0,0.050,50

dose

2026-05-06 15:13:54,32.11,64.20,1005.00,96.28,702,0.791,5600,11.0,20.0,22.0,YES,YES,DRUG_DELIVERY_IN_LPG_VOC+0.090ppm,406061.0,0,5.0,0.050,50
2026-05-06 15:14:05,32.11,64.20,1005.00,96.28,702,0.791,5600,9.0,18.0,20.0,YES,YES,DRUG_DELIVERY_IN_LPG_VOC+0.090ppm,406071.5,0,5.0,0.050,50
2026-05-06 15:14:14,32.11,64.20,1005.00,96.28,702,0.791,5600,10.0,19.0,20.0,YES,YES,DRUG_DELIVERY_IN_LPG_VOC+0.090ppm,406080.9,0,5.0,0.050,50
2026-05-06 15:14:25,32.11,64.20,1005.00,96.28,702,0.791,5600,11.0,20.0,21.0,YES,YES,DRUG_DELIVERY_IN_LPG_VOC+0.090ppm,406091.3,0,5.0,0.050,50
2026-05-06 15:14:34,32.11,64.20,1005.00,96.28,702,0.791,5600,10.0,19.0,21.0,YES,YES,DRUG_DELIVERY_IN_LPG_VOC+0.090ppm,406100.7,0,5.0,0.050,50
2026-05-06 15:14:44,32.11,64.20,1005.00,96.28,702,0.791,5600,12.0,21.0,21.0,YES,YES,DRUG_DELIVERY_IN_LPG_VOC+0.090ppm,406111.1,0,5.0,0.050,50
2026-05-06 15:14:55,32.11,64.20,1005.00,96.28,702,0.791,5600,12.0,21.0,21.0,YES,YES,DRUG_DELIVERY_IN_LPG_VOC+0.090ppm,406121.6,0,5.0,0.050,50
2026-05-06 15:15:04,32.11,64.20,1005.00,96.28,702,0.791,5600,12.0,20.0,20.0,YES,YES,DRUG_DELIVERY_IN_LPG_VOC+0.090ppm,406131.0,0,5.0,0.050,50
2026-05-06 15:15:15,32.11,64.20,1005.00,96.28,702,0.791,5600,12.0,21.0,22.0,YES,YES,DRUG_DELIVERY_IN_LPG_VOC+0.090ppm,406141.4,0,5.0,0.050,50
2026-05-06 15:15:24,32.11,64.20,1005.00,96.28,702,0.791,5600,12.0,21.0,22.0,YES,YES,DRUG_DELIVERY_IN_LPG_VOC+0.090ppm,406150.8,0,5.0,0.050,50
2026-05-06 15:15:35,32.11,64.20,1005.00,96.28,702,0.791,5600,11.0,20.0,21.0,YES,YES,DRUG_DELIVERY_IN_LPG_VOC+0.090ppm,406161.2,0,5.0,0.050,50
2026-05-06 15:15:45,32.11,64.20,1005.00,96.28,702,0.791,5600,9.0,19.0,21.0,YES,YES,DRUG_DELIVERY_IN_LPG_VOC+0.090ppm,406171.7,0,5.0,0.050,50
2026-05-06 15:15:54,32.11,64.20,1005.00,96.28,702,0.791,5600,11.0,19.0,21.0,YES,YES,DRUG_DELIVERY_IN_LPG_VOC+0.090ppm,406181.1,0,5.0,0.050,50
2026-05-06 15:16:05,32.11,64.20,1005.00,96.28,702,0.791,5600,12.0,21.0,22.0,YES,YES,DRUG_DELIVERY_IN_LPG_VOC+0.090ppm,406191.5,0,5.0,0.050,50
2026-05-06 15:16:14,32.11,64.20,1005.00,96.28,702,0.791,5600,12.0,21.0,22.0,YES,YES,DRUG_DELIVERY_IN_LPG_VOC+0.090ppm,406200.9,0,5.0,0.050,50
2026-05-06 15:16:25,32.11,64.20,1005.00,96.28,702,0.791,5600,10.0,19.0,19.0,YES,YES,DRUG_DELIVERY_IN_LPG_VOC+0.090ppm,406211.4,0,5.0,0.050,50
2026-05-06 15:16:35,32.11,64.20,1005.00,96.28,702,0.791,5600,11.0,20.0,20.0,YES,YES,DRUG_DELIVERY_IN_LPG_VOC+0.090ppm,406221.8,0,5.0,0.050,50
2026-05-06 15:16:44,32.08,64.22,1005.00,96.96,705,0.796,5600,13.0,22.0,22.0,YES,YES,DRUG_DELIVERY_IN_LPG_VOC+0.095ppm,406231.2,0,5.0,0.050,50

burning forehead

2026-05-06 15:22:06,32.04,64.41,1005.00,96.25,702,0.791,5600,10.0,19.0,19.0,YES,YES,DRUG_DELIVERY_IN_LPG_VOC+0.071ppm,406552.7,0,5.0,0.050,50
2026-05-06 15:22:15,32.04,64.41,1005.00,96.25,702,0.791,5600,8.0,18.0,18.0,YES,YES,DRUG_DELIVERY_IN_LPG_VOC+0.071ppm,406562.1,0,5.0,0.050,50
2026-05-06 15:22:26,32.04,64.41,1005.00,96.25,702,0.791,5600,8.0,19.0,19.0,YES,YES,DRUG_DELIVERY_IN_LPG_VOC+0.071ppm,406572.6,0,5.0,0.050,50
2026-05-06 15:22:36,32.04,64.41,1005.00,96.25,702,0.791,5600,10.0,19.0,19.0,YES,YES,DRUG_DELIVERY_IN_LPG_VOC+0.071ppm,406583.0,0,5.0,0.050,50
2026-05-06 15:22:46,32.04,64.41,1005.00,96.25,702,0.791,5600,8.0,19.0,20.0,YES,YES,DRUG_DELIVERY_IN_LPG_VOC+0.057ppm,406592.4,0,5.0,0.050,50
2026-05-06 15:22:56,32.04,64.41,1005.00,96.25,702,0.791,5600,8.0,18.0,21.0,YES,YES,DRUG_DELIVERY_IN_LPG_VOC+0.057ppm,406602.9,0,5.0,0.050,50
2026-05-06 15:23:06,32.04,64.41,1005.00,96.25,702,0.791,5600,9.0,19.0,22.0,YES,YES,DRUG_DELIVERY_IN_LPG_VOC+0.057ppm,406612.3,0,5.0,0.050,50
2026-05-06 15:23:16,32.04,64.41,1005.00,96.25,702,0.791,5600,11.0,18.0,20.0,YES,YES,DRUG_DELIVERY_IN_LPG_VOC+0.057ppm,406622.7,0,5.0,0.050,50
2026-05-06 15:23:26,32.04,64.41,1005.00,96.25,702,0.791,5600,11.0,18.0,20.0,YES,YES,DRUG_DELIVERY_IN_LPG_VOC+0.057ppm,406633.1,0,5.0,0.050,50
2026-05-06 15:23:36,32.04,64.41,1005.00,96.25,702,0.791,5600,11.0,17.0,19.0,YES,YES,DRUG_DELIVERY_IN_LPG_VOC+0.057ppm,406642.5,0,5.0,0.050,50
2026-05-06 15:23:46,32.04,64.41,1005.00,96.25,702,0.791,5600,10.0,18.0,19.0,YES,YES,DRUG_DELIVERY_IN_LPG_VOC+0.057ppm,406653.0,0,5.0,0.050,50
PMS7003: Unknown error
2026-05-06 15:23:56,32.04,64.41,1005.00,96.25,702,0.791,5600,10.0,18.0,19.0,YES,YES,DRUG_DELIVERY_IN_LPG_VOC+0.057ppm,406662.3,0,5.0,0.050,50
2026-05-06 15:24:06,32.04,64.41,1005.00,96.25,702,0.791,5600,10.0,19.0,20.0,YES,YES,DRUG_DELIVERY_IN_LPG_VOC+0.057ppm,406672.8,0,5.0,0.050,50
2026-05-06 15:24:17,32.04,64.41,1005.00,96.25,702,0.791,5600,9.0,19.0,19.0,YES,YES,DRUG_DELIVERY_IN_LPG_VOC+0.057ppm,406683.2,0,5.0,0.050,50
2026-05-06 15:24:26,32.04,64.41,1005.00,96.25,702,0.791,5600,11.0,22.0,23.0,YES,YES,DRUG_DELIVERY_IN_LPG_VOC+0.057ppm,406692.6,0,5.0,0.050,50
2026-05-06 15:24:36,32.04,64.41,1005.00,96.25,702,0.791,5600,11.0,21.0,22.0,YES,YES,DRUG_DELIVERY_IN_LPG_VOC+0.057ppm,406703.1,0,5.0,0.050,50
2026-05-06 15:24:47,32.04,64.41,1005.00,96.25,702,0.791,5600,9.0,19.0,21.0,YES,YES,DRUG_DELIVERY_IN_LPG_VOC+0.057ppm,406713.5,0,5.0,0.050,50
2026-05-06 15:24:56,32.04,64.41,1005.00,96.25,702,0.791,5600,11.0,20.0,23.0,YES,YES,DRUG_DELIVERY_IN_LPG_VOC+0.057ppm,406722.9,0,5.0,0.050,50
2026-05-06 15:25:07,32.04,64.41,1005.00,96.25,702,0.791,5600,11.0,19.0,22.0,YES,YES,DRUG_DELIVERY_IN_LPG_VOC+0.057ppm,406733.3,0,5.0,0.050,50
2026-05-06 15:25:16,32.04,64.41,1005.00,96.25,702,0.791,5600,12.0,19.0,22.0,YES,YES,DRUG_DELIVERY_IN_LPG_VOC+0.057ppm,406742.7,0,5.0,0.050,50
2026-05-06 15:25:26,32.04,64.41,1005.00,96.25,702,0.791,5600,13.0,20.0,22.0,YES,YES,DRUG_DELIVERY_IN_LPG_VOC+0.057ppm,406753.2,0,5.0,0.050,50

headache

2026-05-06 23:09:10,31.70,65.48,1009.00,85.13,653,0.708,5600,6.0,13.0,17.0,YES,YES,DRUG_DELIVERY_IN_LPG_VOC-0.132ppm,434576.9,0,5.0,0.050,50
2026-05-06 23:09:21,31.70,65.48,1009.00,85.13,653,0.708,5600,9.0,14.0,17.0,YES,YES,DRUG_DELIVERY_IN_LPG_VOC-0.106ppm,434587.3,0,5.0,0.050,50
2026-05-06 23:09:30,31.70,65.48,1009.00,85.13,653,0.708,5600,10.0,17.0,19.0,YES,YES,DRUG_DELIVERY_IN_LPG_VOC-0.106ppm,434596.7,0,5.0,0.050,50
2026-05-06 23:09:40,31.70,65.48,1009.00,85.13,653,0.708,5600,8.0,15.0,17.0,YES,YES,DRUG_DELIVERY_IN_LPG_VOC-0.106ppm,434607.2,0,5.0,0.050,50
2026-05-06 23:09:50,31.70,65.48,1009.00,85.13,653,0.708,5600,8.0,14.0,17.0,YES,YES,DRUG_DELIVERY_IN_LPG_VOC-0.106ppm,434616.6,0,5.0,0.050,50
2026-05-06 23:10:00,31.70,65.48,1009.00,85.13,653,0.708,5600,8.0,14.0,17.0,YES,YES,DRUG_DELIVERY_IN_LPG_VOC-0.106ppm,434627.0,0,5.0,0.050,50
2026-05-06 23:10:11,31.70,65.48,1009.00,85.13,653,0.708,5600,8.0,14.0,17.0,YES,YES,DRUG_DELIVERY_IN_LPG_VOC-0.106ppm,434637.5,0,5.0,0.050,50
2026-05-06 23:10:20,31.70,65.48,1009.00,85.13,653,0.708,5600,7.0,14.0,16.0,YES,YES,DRUG_DELIVERY_IN_LPG_VOC-0.106ppm,434646.9,0,5.0,0.050,50
2026-05-06 23:10:31,31.70,65.48,1009.00,85.13,653,0.708,5600,8.0,16.0,18.0,YES,YES,DRUG_DELIVERY_IN_LPG_VOC-0.106ppm,434657.3,0,5.0,0.050,50
2026-05-06 23:10:40,31.70,65.48,1009.00,85.13,653,0.708,5600,7.0,15.0,17.0,YES,YES,DRUG_DELIVERY_IN_LPG_VOC-0.106ppm,434666.7,0,5.0,0.050,50
2026-05-06 23:10:50,31.70,65.48,1009.00,85.13,653,0.708,5600,9.0,15.0,17.0,YES,YES,DRUG_DELIVERY_IN_LPG_VOC-0.106ppm,434677.2,0,5.0,0.050,50
2026-05-06 23:11:01,31.70,65.48,1009.00,85.13,653,0.708,5600,9.0,15.0,18.0,YES,YES,DRUG_DELIVERY_IN_LPG_VOC-0.106ppm,434687.6,0,5.0,0.050,50
2026-05-06 23:11:10,31.70,65.48,1009.00,85.13,653,0.708,5600,7.0,14.0,17.0,YES,YES,DRUG_DELIVERY_IN_LPG_VOC-0.106ppm,434697.0,0,5.0,0.050,50
2026-05-06 23:11:21,31.70,65.48,1009.00,85.13,653,0.708,5600,8.0,14.0,16.0,YES,YES,DRUG_DELIVERY_IN_LPG_VOC-0.106ppm,434707.5,0,5.0,0.050,50
2026-05-06 23:11:30,31.70,65.48,1009.00,85.13,653,0.708,5600,8.0,14.0,16.0,YES,YES,DRUG_DELIVERY_IN_LPG_VOC-0.106ppm,434716.9,0,5.0,0.050,50
2026-05-06 23:11:41,31.70,65.48,1009.00,85.13,653,0.708,5600,7.0,14.0,17.0,YES,YES,DRUG_DELIVERY_IN_LPG_VOC-0.106ppm,434727.3,0,5.0,0.050,50
2026-05-06 23:11:51,31.70,65.48,1009.00,85.13,653,0.708,5600,8.0,16.0,17.0,YES,YES,DRUG_DELIVERY_IN_LPG_VOC-0.106ppm,434737.7,0,5.0,0.050,50
2026-05-06 23:12:00,31.70,65.48,1009.00,85.13,653,0.708,5600,9.0,17.0,18.0,YES,YES,DRUG_DELIVERY_IN_LPG_VOC-0.106ppm,434747.2,0,5.0,0.050,50
2026-05-06 23:12:11,31.70,65.48,1009.00,85.13,653,0.708,5600,7.0,17.0,17.0,YES,YES,DRUG_DELIVERY_IN_LPG_VOC-0.106ppm,434757.6,0,5.0,0.050,50
2026-05-06 23:12:20,31.70,65.48,1009.00,85.13,653,0.708,5600,7.0,17.0,17.0,YES,YES,DRUG_DELIVERY_IN_LPG_VOC-0.106ppm,434767.0,0,5.0,0.050,50
2026-05-06 23:12:31,31.73,65.69,1009.00,81.99,640,0.686,5600,7.0,18.0,18.0,YES,YES,DRUG_DELIVERY_IN_LPG_VOC-0.128ppm,434777.4,0,5.0,0.050,50
2026-05-06 23:12:41,31.73,65.69,1009.00,81.99,640,0.686,5600,6.0,17.0,17.0,YES,YES,DRUG_DELIVERY_IN_LPG_VOC-0.128ppm,434787.9,0,5.0,0.050,50
2026-05-06 23:12:51,31.73,65.69,1009.00,81.99,640,0.686,5600,8.0,17.0,17.0,YES,YES,DRUG_DELIVERY_IN_LPG_VOC-0.128ppm,434797.3,0,5.0,0.050,50
2026-05-06 23:13:01,31.73,65.69,1009.00,81.99,640,0.686,5600,9.0,16.0,16.0,YES,YES,DRUG_DELIVERY_IN_LPG_VOC-0.128ppm,434807.7,0,5.0,0.050,50
2026-05-06 23:13:10,31.73,65.69,1009.00,81.99,640,0.686,5600,9.0,16.0,17.0,YES,YES,DRUG_DELIVERY_IN_LPG_VOC-0.128ppm,434817.1,0,5.0,0.050,50
2026-05-06 23:13:21,31.73,65.69,1009.00,81.99,640,0.686,5600,9.0,16.0,18.0,YES,YES,DRUG_DELIVERY_IN_LPG_VOC-0.128ppm,434827.6,0,5.0,0.050,50
2026-05-06 23:13:30,31.73,65.69,1009.00,81.99,640,0.686,5600,9.0,15.0,17.0,YES,YES,DRUG_DELIVERY_IN_LPG_VOC-0.128ppm,434837.0,0,5.0,0.050,50
2026-05-06 23:13:41,31.73,65.69,1009.00,81.99,640,0.686,5600,7.0,13.0,15.0,YES,YES,DRUG_DELIVERY_IN_LPG_VOC-0.128ppm,434847.4,0,5.0,0.050,50
2026-05-06 23:13:51,31.73,65.69,1009.00,81.99,640,0.686,5600,8.0,12.0,14.0,YES,YES,DRUG_DELIVERY_IN_LPG_VOC-0.128ppm,434857.9,0,5.0,0.050,50
2026-05-06 23:14:01,31.73,65.69,1009.00,81.99,640,0.686,5600,8.0,14.0,15.0,YES,YES,DRUG_DELIVERY_IN_LPG_VOC-0.128ppm,434867.3,0,5.0,0.050,50
2026-05-06 23:14:11,31.73,65.69,1009.00,81.99,640,0.686,5600,9.0,15.0,16.0,YES,YES,DRUG_DELIVERY_IN_LPG_VOC-0.128ppm,434877.7,0,5.0,0.050,50
2026-05-06 23:14:21,31.73,65.69,1009.00,81.99,640,0.686,5600,9.0,16.0,17.0,YES,YES,DRUG_DELIVERY_IN_LPG_VOC-0.102ppm,434888.1,0,5.0,0.050,50
2026-05-06 23:14:31,31.73,65.69,1009.00,81.99,640,0.686,5600,8.0,14.0,15.0,YES,YES,DRUG_DELIVERY_IN_LPG_VOC-0.102ppm,434897.5,0,5.0,0.050,50
2026-05-06 23:14:41,31.73,65.69,1009.00,81.99,640,0.686,5600,8.0,15.0,16.0,YES,YES,DRUG_DELIVERY_IN_LPG_VOC-0.102ppm,434908.0,0,5.0,0.050,50
2026-05-06 23:14:51,31.73,65.69,1009.00,81.99,640,0.686,5600,6.0,13.0,14.0,YES,YES,DRUG_DELIVERY_IN_LPG_VOC-0.102ppm,434917.4,0,5.0,0.050,50
2026-05-06 23:15:01,31.73,65.69,1009.00,81.99,640,0.686,5600,6.0,14.0,15.0,YES,YES,DRUG_DELIVERY_IN_LPG_VOC-0.102ppm,434927.9,0,5.0,0.050,50

particulate attack, chem cause ,ild anxiety- chext head back of head - eyes heavier

=== SPIKE HISTORY ===
2026-05-07 06:25:35,30.79,73.50,1010.00,50.00,500,0.500,5600,26.0,38.0,46.0,YES,YES,STEALTH_CHEMICAL_IAQ:50.0_HUM:73.5_TEMP:30.8,460761.9,0,5.0,0.050,50
2026-05-07 06:25:45,30.79,73.50,1010.00,50.00,500,0.500,5600,27.0,40.0,47.0,YES,YES,STEALTH_CHEMICAL_IAQ:50.0_HUM:73.5_TEMP:30.8,460771.3,0,5.0,0.050,50
2026-05-07 06:25:55,30.79,73.50,1010.00,50.00,500,0.500,5600,27.0,41.0,50.0,YES,YES,STEALTH_CHEMICAL_IAQ:50.0_HUM:73.5_TEMP:30.8,460781.8,0,5.0,0.050,50
2026-05-07 06:26:06,30.79,73.50,1010.00,50.00,500,0.500,5600,26.0,39.0,50.0,YES,YES,STEALTH_CHEMICAL_IAQ:50.0_HUM:73.5_TEMP:30.8,460792.2,0,5.0,0.050,50
2026-05-07 06:26:15,30.79,73.50,1010.00,50.00,500,0.500,5600,27.0,40.0,49.0,YES,YES,STEALTH_CHEMICAL_IAQ:50.0_HUM:73.5_TEMP:30.8,460801.6,0,5.0,0.050,50
2026-05-07 06:26:25,30.79,73.50,1010.00,50.00,500,0.500,5600,28.0,40.0,49.0,YES,YES,STEALTH_CHEMICAL_IAQ:50.0_HUM:73.5_TEMP:30.8,460812.0,0,5.0,0.050,50
2026-05-07 06:26:36,30.79,73.50,1010.00,50.00,500,0.500,5600,26.0,40.0,49.0,YES,YES,STEALTH_CHEMICAL_IAQ:50.0_HUM:73.5_TEMP:30.8,460822.5,0,5.0,0.050,50
2026-05-07 06:26:45,30.79,73.50,1010.00,50.00,500,0.500,5600,26.0,40.0,48.0,YES,YES,STEALTH_CHEMICAL_IAQ:50.0_HUM:73.5_TEMP:30.8,460831.9,0,5.0,0.050,50
2026-05-07 06:26:56,30.79,73.50,1010.00,50.00,500,0.500,5600,27.0,40.0,49.0,YES,YES,STEALTH_CHEMICAL_IAQ:50.0_HUM:73.5_TEMP:30.8,460842.3,0,5.0,0.050,50
2026-05-07 06:27:05,30.79,73.50,1010.00,50.00,500,0.500,5600,26.0,39.0,48.0,YES,YES,STEALTH_CHEMICAL_IAQ:50.0_HUM:73.5_TEMP:30.8,460851.7,0,5.0,0.050,50
2026-05-07 06:27:15,30.79,73.50,1010.00,50.00,500,0.500,5600,28.0,41.0,50.0,YES,YES,STEALTH_CHEMICAL_IAQ:50.0_HUM:73.5_TEMP:30.8,460862.1,0,5.0,0.050,50
2026-05-07 06:27:26,30.79,73.50,1010.00,50.00,500,0.500,5600,27.0,39.0,48.0,YES,YES,STEALTH_CHEMICAL_IAQ:50.0_HUM:73.5_TEMP:30.8,460872.6,0,5.0,0.050,50
2026-05-07 06:27:35,30.79,73.50,1010.00,50.00,500,0.500,5600,27.0,41.0,50.0,YES,YES,STEALTH_CHEMICAL_IAQ:50.0_HUM:73.5_TEMP:30.8,460882.0,0,5.0,0.050,50
2026-05-07 06:27:46,30.79,73.50,1010.00,50.00,500,0.500,5600,27.0,40.0,51.0,YES,YES,STEALTH_CHEMICAL_IAQ:50.0_HUM:73.5_TEMP:30.8,460892.4,0,5.0,0.050,50
2026-05-07 06:27:55,30.79,73.50,1010.00,50.00,500,0.500,5600,27.0,40.0,51.0,YES,YES,STEALTH_CHEMICAL_IAQ:50.0_HUM:73.5_TEMP:30.8,460901.8,0,5.0,0.050,50
2026-05-07 06:28:06,30.79,73.50,1010.00,50.00,500,0.500,5600,28.0,41.0,50.0,YES,YES,STEALTH_CHEMICAL_IAQ:50.0_HUM:73.5_TEMP:30.8,460912.2,0,5.0,0.050,50
2026-05-07 06:28:16,30.84,73.49,1010.00,50.00,500,0.500,5600,27.0,39.0,49.0,YES,YES,STEALTH_CHEMICAL_IAQ:50.0_HUM:73.5_TEMP:30.8,460922.7,0,5.0,0.050,50
2026-05-07 06:28:25,30.84,73.49,1010.00,50.00,500,0.500,5600,27.0,39.0,48.0,YES,YES,STEALTH_CHEMICAL_IAQ:50.0_HUM:73.5_TEMP:30.8,460932.1,0,5.0,0.050,50
2026-05-07 06:28:36,30.84,73.49,1010.00,50.00,500,0.500,5600,28.0,41.0,49.0,YES,YES,STEALTH_CHEMICAL_IAQ:50.0_HUM:73.5_TEMP:30.8,460942.5,0,5.0,0.050,50
2026-05-07 06:28:45,30.84,73.49,1010.00,50.00,500,0.500,5600,27.0,41.0,48.0,YES,YES,STEALTH_CHEMICAL_IAQ:50.0_HUM:73.5_TEMP:30.8,460951.9,0,5.0,0.050,50
2026-05-07 06:28:56,30.84,73.49,1010.00,50.00,500,0.500,5600,28.0,41.0,49.0,YES,YES,STEALTH_CHEMICAL_IAQ:50.0_HUM:73.5_TEMP:30.8,460962.4,0,5.0,0.050,50
2026-05-07 06:29:06,30.84,73.49,1010.00,50.00,500,0.500,5600,29.0,43.0,50.0,YES,YES,STEALTH_CHEMICAL_IAQ:50.0_HUM:73.5_TEMP:30.8,460972.8,0,5.0,0.050,50
2026-05-07 06:29:16,30.84,73.49,1010.00,50.00,500,0.500,5600,28.0,42.0,51.0,YES,YES,STEALTH_CHEMICAL_IAQ:50.0_HUM:73.5_TEMP:30.8,460982.2,0,5.0,0.050,50
2026-05-07 06:29:26,30.84,73.49,1010.00,50.00,500,0.500,5600,28.0,42.0,52.0,YES,YES,STEALTH_CHEMICAL_IAQ:50.0_HUM:73.5_TEMP:30.8,460992.6,0,5.0,0.050,50
2026-05-07 06:29:35,30.84,73.49,1010.00,50.00,500,0.500,5600,27.0,41.0,50.0,YES,YES,STEALTH_CHEMICAL_IAQ:50.0_HUM:73.5_TEMP:30.8,461002.0,0,5.0,0.050,50
2026-05-07 06:29:46,30.84,73.49,1010.00,50.00,500,0.500,5600,28.0,41.0,50.0,YES,YES,STEALTH_CHEMICAL_IAQ:50.0_HUM:73.5_TEMP:30.8,461012.5,0,5.0,0.050,50
2026-05-07 06:29:56,30.84,73.49,1010.00,50.00,500,0.500,5600,27.0,39.0,48.0,YES,YES,STEALTH_CHEMICAL_IAQ:50.0_HUM:73.5_TEMP:30.8,461022.9,0,5.0,0.050,50
2026-05-07 06:30:06,30.84,73.49,1010.00,50.00,500,0.500,5600,28.0,40.0,49.0,YES,YES,STEALTH_CHEMICAL_IAQ:50.0_HUM:73.5_TEMP:30.8,461032.3,0,5.0,0.050,50
2026-05-07 06:30:16,30.84,73.49,1010.00,50.00,500,0.500,5600,28.0,42.0,52.0,YES,YES,STEALTH_CHEMICAL_IAQ:50.0_HUM:73.5_TEMP:30.8,461042.7,0,5.0,0.050,50
2026-05-07 06:30:27,30.84,73.49,1010.00,50.00,500,0.500,5600,28.0,41.0,51.0,YES,YES,STEALTH_CHEMICAL_IAQ:50.0_HUM:73.5_TEMP:30.8,461053.2,0,5.0,0.050,50
2026-05-07 06:30:36,30.84,73.49,1010.00,50.00,500,0.500,5600,27.0,39.0,49.0,YES,YES,STEALTH_CHEMICAL_IAQ:50.0_HUM:73.5_TEMP:30.8,461062.6,0,5.0,0.050,50
2026-05-07 06:30:46,30.84,73.49,1010.00,50.00,500,0.500,5600,27.0,39.0,48.0,YES,YES,STEALTH_CHEMICAL_IAQ:50.0_HUM:73.5_TEMP:30.8,461073.0,0,5.0,0.050,50
2026-05-07 06:30:56,30.84,73.49,1010.00,50.00,500,0.500,5600,28.0,40.0,49.0,YES,YES,STEALTH_CHEMICAL_IAQ:50.0_HUM:73.5_TEMP:30.8,461082.4,0,5.0,0.050,50
2026-05-07 06:31:06,30.84,73.49,1010.00,50.00,500,0.500,5600,27.0,39.0,48.0,YES,YES,STEALTH_CHEMICAL_IAQ:50.0_HUM:73.5_TEMP:30.8,461092.9,0,5.0,0.050,50
2026-05-07 06:31:17,30.84,73.49,1010.00,50.00,500,0.500,5600,27.0,39.0,47.0,YES,YES,STEALTH_CHEMICAL_IAQ:50.0_HUM:73.5_TEMP:30.8,461103.3,0,5.0,0.050,50
2026-05-07 06:31:26,30.84,73.49,1010.00,50.00,500,0.500,5600,28.0,39.0,47.0,YES,YES,STEALTH_CHEMICAL_IAQ:50.0_HUM:73.5_TEMP:30.8,461112.7,0,5.0,0.050,50
2026-05-07 06:31:37,30.84,73.49,1010.00,50.00,500,0.500,5600,26.0,38.0,46.0,YES,YES,STEALTH_CHEMICAL_IAQ:50.0_HUM:73.5_TEMP:30.8,461123.1,0,5.0,0.050,50
2026-05-07 06:31:46,30.84,73.49,1010.00,50.00,500,0.500,5600,26.0,39.0,46.0,YES,YES,STEALTH_CHEMICAL_IAQ:50.0_HUM:73.5_TEMP:30.8,461132.5,0,5.0,0.050,50
2026-05-07 06:31:56,30.84,73.49,1010.00,50.00,500,0.500,5600,28.0,41.0,49.0,YES,YES,STEALTH_CHEMICAL_IAQ:50.0_HUM:73.5_TEMP:30.8,461143.0,0,5.0,0.050,50
2026-05-07 06:32:07,30.84,73.49,1010.00,50.00,500,0.500,5600,27.0,40.0,48.0,YES,YES,STEALTH_CHEMICAL_IAQ:50.0_HUM:73.5_TEMP:30.8,461153.4,0,5.0,0.050,50
2026-05-07 06:32:16,30.84,73.49,1010.00,50.00,500,0.500,5600,28.0,41.0,49.0,YES,YES,STEALTH_CHEMICAL_IAQ:50.0_HUM:73.5_TEMP:30.8,461162.8,0,5.0,0.050,50
2026-05-07 06:32:27,30.84,73.49,1010.00,50.00,500,0.500,5600,28.0,40.0,49.0,YES,YES,STEALTH_CHEMICAL_IAQ:50.0_HUM:73.5_TEMP:30.8,461173.3,0,5.0,0.050,50
PMS7003: Unknown error
2026-05-07 06:32:36,30.84,73.49,1010.00,50.00,500,0.500,5600,28.0,40.0,49.0,YES,YES,STEALTH_CHEMICAL_IAQ:50.0_HUM:73.5_TEMP:30.8,461182.6,0,5.0,0.050,50
2026-05-07 06:32:46,30.84,73.49,1010.00,50.00,500,0.500,5600,27.0,41.0,49.0,YES,YES,STEALTH_CHEMICAL_IAQ:50.0_HUM:73.5_TEMP:30.8,461193.1,0,5.0,0.050,50
2026-05-07 06:32:57,30.84,73.49,1010.00,50.00,500,0.500,5600,28.0,42.0,51.0,YES,YES,STEALTH_CHEMICAL_IAQ:50.0_HUM:73.5_TEMP:30.8,461203.5,0,5.0,0.050,50
2026-05-07 06:33:06,30.84,73.49,1010.00,50.00,500,0.500,5600,26.0,40.0,49.0,YES,YES,STEALTH_CHEMICAL_IAQ:50.0_HUM:73.5_TEMP:30.8,461212.9,0,5.0,0.050,50
2026-05-07 06:33:17,30.79,73.79,1010.00,50.00,500,0.500,5600,27.0,40.0,49.0,YES,YES,STEALTH_CHEMICAL_IAQ:50.0_HUM:73.8_TEMP:30.8,461223.4,0,5.0,0.050,50
2026-05-07 06:33:27,30.79,73.79,1010.00,50.00,500,0.500,5600,27.0,39.0,48.0,YES,YES,STEALTH_CHEMICAL_IAQ:50.0_HUM:73.8_TEMP:30.8,461233.8,0,5.0,0.050,50
2026-05-07 06:33:37,30.79,73.79,1010.00,50.00,500,0.500,5600,26.0,39.0,48.0,YES,YES,STEALTH_CHEMICAL_IAQ:50.0_HUM:73.8_TEMP:30.8,461243.2,0,5.0,0.050,50

headache - while it rains outside

2026-05-07 10:47:48,31.01,72.75,1011.00,72.67,599,0.626,5600,23.0,33.0,36.0,YES,YES,STEALTH_CHEMICAL_IAQ:72.7_HUM:72.8_TEMP:31.0,476494.9,0,5.0,0.050,50
2026-05-07 10:47:59,31.01,72.75,1011.00,72.67,599,0.626,5600,22.0,31.0,35.0,YES,YES,STEALTH_CHEMICAL_IAQ:72.7_HUM:72.8_TEMP:31.0,476505.3,0,5.0,0.050,50
2026-05-07 10:48:08,31.01,72.75,1011.00,72.67,599,0.626,5600,23.0,33.0,37.0,YES,YES,STEALTH_CHEMICAL_IAQ:72.7_HUM:72.8_TEMP:31.0,476514.7,0,5.0,0.050,50
2026-05-07 10:48:19,31.01,72.75,1011.00,72.67,599,0.626,5600,22.0,32.0,36.0,YES,YES,STEALTH_CHEMICAL_IAQ:72.7_HUM:72.8_TEMP:31.0,476525.2,0,5.0,0.050,50
2026-05-07 10:48:28,31.01,72.75,1011.00,72.67,599,0.626,5600,22.0,32.0,35.0,YES,YES,STEALTH_CHEMICAL_IAQ:72.7_HUM:72.8_TEMP:31.0,476534.6,0,5.0,0.050,50
2026-05-07 10:48:38,30.84,71.10,1011.00,93.01,688,0.766,5600,22.0,32.0,36.0,YES,YES,DRUG_DELIVERY_IN_LPG_VOC+0.226ppm,476545.0,0,5.0,0.050,50
2026-05-07 10:48:49,30.84,71.10,1011.00,93.01,688,0.766,5600,21.0,31.0,35.0,YES,YES,DRUG_DELIVERY_IN_LPG_VOC+0.226ppm,476555.5,0,5.0,0.050,50
2026-05-07 10:48:58,30.84,71.10,1011.00,93.01,688,0.766,5600,22.0,33.0,37.0,YES,YES,DRUG_DELIVERY_IN_LPG_VOC+0.226ppm,476564.9,0,5.0,0.050,50
2026-05-07 10:49:09,30.84,71.10,1011.00,93.01,688,0.766,5600,22.0,33.0,37.0,YES,YES,DRUG_DELIVERY_IN_LPG_VOC+0.226ppm,476575.3,0,5.0,0.050,50
2026-05-07 10:49:18,30.84,71.10,1011.00,93.01,688,0.766,5600,21.0,32.0,36.0,YES,YES,DRUG_DELIVERY_IN_LPG_VOC+0.226ppm,476584.7,0,5.0,0.050,50
2026-05-07 10:49:28,30.84,71.10,1011.00,93.01,688,0.766,5600,21.0,31.0,34.0,YES,YES,DRUG_DELIVERY_IN_LPG_VOC+0.226ppm,476595.1,0,5.0,0.050,50
2026-05-07 10:49:39,30.84,71.10,1011.00,93.01,688,0.766,5600,21.0,32.0,34.0,YES,YES,DRUG_DELIVERY_IN_LPG_VOC+0.226ppm,476605.6,0,5.0,0.050,50
2026-05-07 10:49:48,30.84,71.10,1011.00,93.01,688,0.766,5600,22.0,33.0,35.0,YES,YES,DRUG_DELIVERY_IN_LPG_VOC+0.226ppm,476615.0,0,5.0,0.050,50
2026-05-07 10:49:59,30.84,71.10,1011.00,93.01,688,0.766,5600,21.0,32.0,34.0,YES,YES,DRUG_DELIVERY_IN_LPG_VOC+0.226ppm,476625.4,0,5.0,0.050,50
2026-05-07 10:50:08,30.84,71.10,1011.00,93.01,688,0.766,5600,21.0,31.0,33.0,YES,YES,DRUG_DELIVERY_IN_LPG_VOC+0.226ppm,476634.8,0,5.0,0.050,50
2026-05-07 10:50:19,30.84,71.10,1011.00,93.01,688,0.766,5600,21.0,31.0,33.0,YES,YES,DRUG_DELIVERY_IN_LPG_VOC+0.226ppm,476645.3,0,5.0,0.050,50
2026-05-07 10:50:29,30.84,71.10,1011.00,93.01,688,0.766,5600,21.0,31.0,33.0,YES,YES,DRUG_DELIVERY_IN_LPG_VOC+0.226ppm,476655.7,0,5.0,0.050,50

headacxhe drug - torture

2026-05-07 14:56:35,29.10,62.95,1008.00,180.50,1225,2.590,5600,15.0,23.0,24.0,YES,YES,DRUG_DELIVERY_IN_LPG_VOC+0.866ppm,491422.0,0,5.0,0.050,50
2026-05-07 14:56:46,29.10,62.95,1008.00,180.50,1225,2.590,5600,14.0,23.0,24.0,YES,YES,DRUG_DELIVERY_IN_LPG_VOC+0.866ppm,491432.4,0,5.0,0.050,50
2026-05-07 14:56:56,29.10,62.95,1008.00,180.50,1225,2.590,5600,14.0,23.0,25.0,YES,YES,DRUG_DELIVERY_IN_LPG_VOC+0.866ppm,491442.9,0,5.0,0.050,50
2026-05-07 14:57:06,29.10,62.95,1008.00,180.50,1225,2.590,5600,14.0,21.0,24.0,YES,YES,DRUG_DELIVERY_IN_LPG_VOC+0.866ppm,491452.3,0,5.0,0.050,50
2026-05-07 14:57:16,29.10,62.95,1008.00,180.50,1225,2.590,5600,14.0,21.0,24.0,YES,YES,DRUG_DELIVERY_IN_LPG_VOC+0.866ppm,491462.7,0,5.0,0.050,50
2026-05-07 14:57:25,29.10,62.95,1008.00,180.50,1225,2.590,5600,13.0,21.0,24.0,YES,YES,DRUG_DELIVERY_IN_LPG_VOC+0.866ppm,491472.1,0,5.0,0.050,50
2026-05-07 14:57:36,29.10,62.95,1008.00,180.50,1225,2.590,5600,12.0,21.0,22.0,YES,YES,DRUG_DELIVERY_IN_LPG_VOC+0.693ppm,491482.6,0,5.0,0.050,50
2026-05-07 14:57:46,29.10,62.95,1008.00,180.50,1225,2.590,5600,13.0,22.0,23.0,YES,YES,DRUG_DELIVERY_IN_LPG_VOC+0.693ppm,491493.0,0,5.0,0.050,50
2026-05-07 14:57:56,29.10,62.95,1008.00,180.50,1225,2.590,5600,12.0,21.0,22.0,YES,YES,DRUG_DELIVERY_IN_LPG_VOC+0.693ppm,491502.4,0,5.0,0.050,50
2026-05-07 14:58:06,29.10,62.95,1008.00,180.50,1225,2.590,5600,13.0,22.0,23.0,YES,YES,DRUG_DELIVERY_IN_LPG_VOC+0.693ppm,491512.9,0,5.0,0.050,50
2026-05-07 14:58:16,29.10,62.95,1008.00,180.50,1225,2.590,5600,13.0,23.0,24.0,YES,YES,DRUG_DELIVERY_IN_LPG_VOC+0.693ppm,491522.3,0,5.0,0.050,50
2026-05-07 14:58:26,29.10,62.95,1008.00,180.50,1225,2.590,5600,12.0,22.0,23.0,YES,YES,DRUG_DELIVERY_IN_LPG_VOC+0.693ppm,491532.7,0,5.0,0.050,50
2026-05-07 14:58:36,29.10,62.95,1008.00,180.50,1225,2.590,5600,14.0,22.0,23.0,YES,YES,DRUG_DELIVERY_IN_LPG_VOC+0.693ppm,491543.1,0,5.0,0.050,50
2026-05-07 14:58:46,29.10,62.95,1008.00,180.50,1225,2.590,5600,13.0,22.0,23.0,YES,YES,DRUG_DELIVERY_IN_LPG_VOC+0.693ppm,491552.5,0,5.0,0.050,50
2026-05-07 14:58:56,29.10,62.95,1008.00,180.50,1225,2.590,5600,13.0,22.0,24.0,YES,YES,DRUG_DELIVERY_IN_LPG_VOC+0.693ppm,491563.0,0,5.0,0.050,50
PMS7003: Unknown error
2026-05-07 14:59:06,29.15,62.53,1008.00,182.53,1234,2.641,5600,13.0,22.0,24.0,YES,YES,DRUG_DELIVERY_IN_LPG_VOC+0.745ppm,491572.4,0,5.0,0.050,50
2026-05-07 14:59:16,29.15,62.53,1008.00,182.53,1234,2.641,5600,11.0,21.0,23.0,YES,YES,DRUG_DELIVERY_IN_LPG_VOC+0.745ppm,491582.8,0,5.0,0.050,50

strong

2026-05-08 00:50:50,28.42,67.46,1010.00,159.91,980,1.485,5600,7.0,13.0,16.0,YES,YES,DRUG_DELIVERY_IN_LPG_VOC-0.059ppm,527076.6,0,5.0,0.050,50
2026-05-08 00:51:00,28.42,67.46,1010.00,159.91,980,1.485,5600,8.0,13.0,15.0,YES,YES,DRUG_DELIVERY_IN_LPG_VOC-0.059ppm,527087.0,0,5.0,0.050,50
2026-05-08 00:51:11,28.42,67.46,1010.00,159.91,980,1.485,5600,7.0,13.0,15.0,YES,YES,DRUG_DELIVERY_IN_LPG_VOC-0.059ppm,527097.4,0,5.0,0.050,50
2026-05-08 00:51:20,28.42,67.46,1010.00,159.91,980,1.485,5600,8.0,14.0,17.0,YES,YES,DRUG_DELIVERY_IN_LPG_VOC-0.059ppm,527106.8,0,5.0,0.050,50
2026-05-08 00:51:31,28.42,67.46,1010.00,159.91,980,1.485,5600,7.0,13.0,15.0,YES,YES,DRUG_DELIVERY_IN_LPG_VOC-0.059ppm,527117.3,0,5.0,0.050,50
2026-05-08 00:51:40,28.42,67.46,1010.00,159.91,980,1.485,5600,8.0,13.0,16.0,YES,YES,DRUG_DELIVERY_IN_LPG_VOC-0.059ppm,527126.7,0,5.0,0.050,50
2026-05-08 00:51:51,28.42,67.46,1010.00,159.91,980,1.485,5600,7.0,12.0,15.0,YES,YES,DRUG_DELIVERY_IN_LPG_VOC-0.059ppm,527137.1,0,5.0,0.050,50
2026-05-08 00:52:01,28.42,67.46,1010.00,159.91,980,1.485,5600,6.0,13.0,15.0,YES,YES,DRUG_DELIVERY_IN_LPG_VOC-0.059ppm,527147.6,0,5.0,0.050,50
2026-05-08 00:52:10,28.42,67.46,1010.00,159.91,980,1.485,5600,7.0,11.0,15.0,YES,YES,DRUG_DELIVERY_IN_LPG_VOC-0.059ppm,527157.0,0,5.0,0.050,50
2026-05-08 00:52:21,28.42,67.46,1010.00,159.91,980,1.485,5600,7.0,9.0,13.0,YES,YES,DRUG_DELIVERY_IN_LPG_VOC-0.059ppm,527167.4,0,5.0,0.050,50
2026-05-08 00:52:30,28.42,67.46,1010.00,159.91,980,1.485,5600,8.0,10.0,14.0,YES,YES,DRUG_DELIVERY_IN_LPG_VOC-0.059ppm,527176.8,0,5.0,0.050,50
2026-05-08 00:52:41,28.42,67.46,1010.00,159.91,980,1.485,5600,7.0,11.0,15.0,YES,YES,DRUG_DELIVERY_IN_LPG_VOC-0.059ppm,527187.3,0,5.0,0.050,50
2026-05-08 00:52:51,28.42,67.46,1010.00,159.91,980,1.485,5600,9.0,15.0,17.0,YES,YES,DRUG_DELIVERY_IN_LPG_VOC-0.059ppm,527197.7,0,5.0,0.050,50
2026-05-08 00:53:01,28.42,67.46,1010.00,159.91,980,1.485,5600,9.0,15.0,18.0,YES,YES,DRUG_DELIVERY_IN_LPG_VOC-0.059ppm,527207.1,0,5.0,0.050,50
2026-05-08 00:53:11,28.42,67.46,1010.00,159.91,980,1.485,5600,7.0,15.0,18.0,YES,YES,DRUG_DELIVERY_IN_LPG_VOC-0.059ppm,527217.6,0,5.0,0.050,50
2026-05-08 00:53:20,28.42,67.46,1010.00,159.91,980,1.485,5600,7.0,15.0,17.0,YES,YES,DRUG_DELIVERY_IN_LPG_VOC-0.059ppm,527227.0,0,5.0,0.050,50
2026-05-08 00:53:31,28.42,67.46,1010.00,159.91,980,1.485,5600,7.0,16.0,19.0,YES,YES,DRUG_DELIVERY_IN_LPG_VOC-0.059ppm,527237.4,0,5.0,0.050,50
2026-05-08 00:53:41,28.42,67.46,1010.00,159.91,980,1.485,5600,7.0,15.0,17.0,YES,YES,DRUG_DELIVERY_IN_LPG_VOC-0.059ppm,527247.9,0,5.0,0.050,50
2026-05-08 00:53:51,28.42,67.46,1010.00,159.91,980,1.485,5600,7.0,14.0,16.0,YES,YES,DRUG_DELIVERY_IN_LPG_VOC-0.059ppm,527257.3,0,5.0,0.050,50
2026-05-08 00:54:01,28.42,67.46,1010.00,159.91,980,1.485,5600,5.0,13.0,16.0,YES,YES,DRUG_DELIVERY_IN_LPG_VOC-0.059ppm,527267.7,0,5.0,0.050,50
2026-05-08 00:54:10,28.42,67.46,1010.00,159.91,980,1.485,5600,5.0,12.0,17.0,YES,YES,DRUG_DELIVERY_IN_LPG_VOC-0.059ppm,527277.1,0,5.0,0.050,50
2026-05-08 00:54:21,28.42,67.46,1010.00,159.91,980,1.485,5600,7.0,14.0,18.0,YES,YES,DRUG_DELIVERY_IN_LPG_VOC-0.059ppm,527287.5,0,5.0,0.050,50
2026-05-08 00:54:31,28.42,67.46,1010.00,159.91,980,1.485,5600,7.0,14.0,17.0,YES,YES,DRUG_DELIVERY_IN_LPG_VOC-0.059ppm,527298.0,0,5.0,0.050,50
2026-05-08 00:54:41,28.42,67.46,1010.00,159.91,980,1.485,5600,8.0,15.0,18.0,YES,YES,DRUG_DELIVERY_IN_LPG_VOC-0.059ppm,527307.4,0,5.0,0.050,50
2026-05-08 00:54:51,28.42,67.46,1010.00,159.91,980,1.485,5600,8.0,17.0,19.0,YES,YES,DRUG_DELIVERY_IN_LPG_VOC-0.059ppm,527317.8,0,5.0,0.050,50
2026-05-08 00:55:01,28.42,67.46,1010.00,159.91,980,1.485,5600,7.0,17.0,18.0,YES,YES,DRUG_DELIVERY_IN_LPG_VOC-0.059ppm,527327.2,0,5.0,0.050,50
2026-05-08 00:55:11,28.42,67.46,1010.00,159.91,980,1.485,5600,7.0,17.0,18.0,YES,YES,DRUG_DELIVERY_IN_LPG_VOC-0.059ppm,527337.7,0,5.0,0.050,50
2026-05-08 00:55:22,28.41,67.56,1010.00,159.26,977,1.476,5600,6.0,15.0,16.0,YES,YES,DRUG_DELIVERY_IN_LPG_VOC-0.068ppm,527348.1,0,5.0,0.050,50
2026-05-08 00:55:31,28.41,67.56,1010.00,159.26,977,1.476,5600,8.0,15.0,16.0,YES,YES,DRUG_DELIVERY_IN_LPG_VOC-0.055ppm,527357.5,0,5.0,0.050,50
2026-05-08 00:55:41,28.41,67.56,1010.00,159.26,977,1.476,5600,9.0,16.0,17.0,YES,YES,DRUG_DELIVERY_IN_LPG_VOC-0.055ppm,527368.0,0,5.0,0.050,50
2026-05-08 00:55:51,28.41,67.56,1010.00,159.26,977,1.476,5600,7.0,15.0,17.0,YES,YES,DRUG_DELIVERY_IN_LPG_VOC-0.055ppm,527377.4,0,5.0,0.050,50
2026-05-08 00:56:01,28.41,67.56,1010.00,159.26,977,1.476,5600,7.0,16.0,17.0,YES,YES,DRUG_DELIVERY_IN_LPG_VOC-0.055ppm,527387.8,0,5.0,0.050,50
2026-05-08 00:56:12,28.41,67.56,1010.00,159.26,977,1.476,5600,8.0,17.0,19.0,YES,YES,DRUG_DELIVERY_IN_LPG_VOC-0.055ppm,527398.3,0,5.0,0.050,50
2026-05-08 00:56:21,28.41,67.56,1010.00,159.26,977,1.476,5600,9.0,18.0,20.0,YES,YES,DRUG_DELIVERY_IN_LPG_VOC-0.055ppm,527407.7,0,5.0,0.050,50
2026-05-08 00:56:31,28.41,67.56,1010.00,159.26,977,1.476,5600,7.0,18.0,18.0,YES,YES,DRUG_DELIVERY_IN_LPG_VOC-0.055ppm,527418.1,0,5.0,0.050,50
2026-05-08 00:56:41,28.41,67.56,1010.00,159.26,977,1.476,5600,7.0,17.0,17.0,YES,YES,DRUG_DELIVERY_IN_LPG_VOC-0.055ppm,527427.5,0,5.0,0.050,50
2026-05-08 00:56:51,28.41,67.56,1010.00,159.26,977,1.476,5600,8.0,18.0,19.0,YES,YES,DRUG_DELIVERY_IN_LPG_VOC-0.055ppm,527437.9,0,5.0,0.050,50
2026-05-08 00:57:02,28.41,67.56,1010.00,159.26,977,1.476,5600,8.0,17.0,18.0,YES,YES,DRUG_DELIVERY_IN_LPG_VOC-0.055ppm,527448.4,0,5.0,0.050,50
2026-05-08 00:57:11,28.41,67.56,1010.00,159.26,977,1.476,5600,8.0,16.0,18.0,YES,YES,DRUG_DELIVERY_IN_LPG_VOC-0.055ppm,527457.8,0,5.0,0.050,50
2026-05-08 00:57:22,28.41,67.56,1010.00,159.26,977,1.476,5600,7.0,16.0,17.0,YES,YES,DRUG_DELIVERY_IN_LPG_VOC-0.055ppm,527468.2,0,5.0,0.050,50
2026-05-08 00:57:31,28.41,67.56,1010.00,159.26,977,1.476,5600,6.0,14.0,15.0,YES,YES,DRUG_DELIVERY_IN_LPG_VOC-0.055ppm,527477.6,0,5.0,0.050,50
2026-05-08 00:57:41,28.41,67.56,1010.00,159.26,977,1.476,5600,7.0,14.0,15.0,YES,YES,DRUG_DELIVERY_IN_LPG_VOC-0.055ppm,527488.1,0,5.0,0.050,50
2026-05-08 00:57:52,28.41,67.56,1010.00,159.26,977,1.476,5600,7.0,14.0,16.0,YES,YES,DRUG_DELIVERY_IN_LPG_VOC-0.055ppm,527498.5,0,5.0,0.050,50
2026-05-08 00:58:01,28.41,67.56,1010.00,159.26,977,1.476,5600,7.0,14.0,16.0,YES,YES,DRUG_DELIVERY_IN_LPG_VOC-0.055ppm,527507.9,0,5.0,0.050,50
2026-05-08 00:58:12,28.41,67.56,1010.00,159.26,977,1.476,5600,8.0,15.0,18.0,YES,YES,DRUG_DELIVERY_IN_LPG_VOC-0.055ppm,527518.4,0,5.0,0.050,50
2026-05-08 00:58:21,28.41,67.56,1010.00,159.26,977,1.476,5600,9.0,16.0,18.0,YES,YES,DRUG_DELIVERY_IN_LPG_VOC-0.055ppm,527527.8,0,5.0,0.050,50
2026-05-08 00:58:32,28.41,67.56,1010.00,159.26,977,1.476,5600,7.0,15.0,16.0,YES,YES,DRUG_DELIVERY_IN_LPG_VOC-0.055ppm,527538.2,0,5.0,0.050,50
2026-05-08 00:58:42,28.41,67.56,1010.00,159.26,977,1.476,5600,7.0,14.0,16.0,YES,YES,DRUG_DELIVERY_IN_LPG_VOC-0.055ppm,527548.6,0,5.0,0.050,50
2026-05-08 00:58:51,28.41,67.56,1010.00,159.26,977,1.476,5600,8.0,13.0,17.0,YES,YES,DRUG_DELIVERY_IN_LPG_VOC-0.055ppm,527558.0,0,5.0,0.050,50
2026-05-08 00:59:02,28.41,67.56,1010.00,159.26,977,1.476,5600,9.0,16.0,19.0,YES,YES,DRUG_DELIVERY_IN_LPG_VOC-0.055ppm,527568.5,0,5.0,0.050,50
2026-05-08 00:59:12,28.41,67.56,1010.00,159.26,977,1.476,5600,8.0,15.0,18.0,YES,YES,DRUG_DELIVERY_IN_LPG_VOC-0.055ppm,527578.9,0,5.0,0.050,50
2026-05-08 00:59:22,28.41,67.56,1010.00,159.26,977,1.476,5600,7.0,14.0,18.0,YES,YES,DRUG_DELIVERY_IN_LPG_VOC-0.055ppm,527588.3,0,5.0,0.050,50
2026-05-08 00:59:32,28.41,67.56,1010.00,159.26,977,1.476,5600,6.0,14.0,17.0,YES,YES,DRUG_DELIVERY_IN_LPG_VOC-0.055ppm,527598.8,0,5.0,0.050,50
2026-05-08 00:59:42,28.41,67.56,1010.00,159.26,977,1.476,5600,7.0,14.0,17.0,YES,YES,DRUG_DELIVERY_IN_LPG_VOC-0.055ppm,527608.2,0,5.0,0.050,50
2026-05-08 00:59:52,28.41,67.56,1010.00,159.26,977,1.476,5600,9.0,16.0,18.0,YES,YES,DRUG_DELIVERY_IN_LPG_VOC-0.055ppm,527618.6,0,5.0,0.050,50
2026-05-08 01:00:02,28.41,67.56,1010.00,159.26,977,1.476,5600,8.0,16.0,18.0,YES,YES,DRUG_DELIVERY_IN_LPG_VOC-0.055ppm,527629.1,0,5.0,0.050,50
2026-05-08 01:00:12,28.41,67.56,1010.00,159.26,977,1.476,5600,7.0,15.0,17.0,YES,YES,DRUG_DELIVERY_IN_LPG_VOC-0.055ppm,527638.5,0,5.0,0.050,50
2026-05-08 01:00:22,28.41,67.55,1010.00,159.42,978,1.478,5600,7.0,15.0,17.0,YES,YES,DRUG_DELIVERY_IN_LPG_VOC-0.052ppm,527648.9,0,5.0,0.050,50
2026-05-08 01:00:32,28.41,67.55,1010.00,159.42,978,1.478,5600,6.0,14.0,17.0,YES,YES,DRUG_DELIVERY_IN_LPG_VOC-0.042ppm,527658.3,0,5.0,0.050,50
2026-05-08 01:00:42,28.41,67.55,1010.00,159.42,978,1.478,5600,6.0,13.0,17.0,YES,YES,DRUG_DELIVERY_IN_LPG_VOC-0.042ppm,527668.7,0,5.0,0.050,50

burning feeling

2026-05-08 14:20:44,30.63,67.99,1009.00,127.98,912,1.272,5600,20.0,29.0,32.0,YES,YES,IAQ_ANOMALY_NO_VOC_IAQ:128.0_VOC:1.272,575670.5,0,5.0,0.050,50
2026-05-08 14:20:53,30.63,67.99,1009.00,127.98,912,1.272,5600,21.0,29.0,31.0,YES,YES,IAQ_ANOMALY_NO_VOC_IAQ:128.0_VOC:1.272,575679.9,0,5.0,0.050,50
üíÄüö®üíÄüö®üíÄüö® IAQ_ANOMALY_NO_VOC - IMMEDIATE EVACUATION REQUIRED!
2026-05-08 14:21:04,30.63,67.99,1009.00,127.98,912,1.272,5600,20.0,28.0,30.0,YES,YES,IAQ_ANOMALY_NO_VOC_IAQ:128.0_VOC:1.272,575690.3,0,5.0,0.050,50
2026-05-08 14:21:13,30.63,67.99,1009.00,127.98,912,1.272,5600,20.0,29.0,31.0,YES,YES,IAQ_ANOMALY_NO_VOC_IAQ:128.0_VOC:1.272,575699.7,0,5.0,0.050,50
üíÄüö®üíÄüö®üíÄüö® IAQ_ANOMALY_NO_VOC - IMMEDIATE EVACUATION REQUIRED!
2026-05-08 14:21:24,30.63,67.99,1009.00,127.98,912,1.272,5600,20.0,28.0,30.0,YES,YES,IAQ_ANOMALY_NO_VOC_IAQ:128.0_VOC:1.272,575710.2,0,5.0,0.050,50
üíÄüö®üíÄüö®üíÄüö® IAQ_ANOMALY_NO_VOC - IMMEDIATE EVACUATION REQUIRED!
2026-05-08 14:21:34,30.63,67.99,1009.00,127.98,912,1.272,5600,19.0,28.0,30.0,YES,YES,IAQ_ANOMALY_NO_VOC_IAQ:128.0_VOC:1.272,575720.6,0,5.0,0.050,50
2026-05-08 14:21:43,30.63,67.99,1009.00,127.98,912,1.272,5600,19.0,28.0,31.0,YES,YES,IAQ_ANOMALY_NO_VOC_IAQ:128.0_VOC:1.272,575730.0,0,5.0,0.050,50
2026-05-08 14:21:54,30.65,67.79,1009.00,128.94,915,1.282,5600,20.0,28.0,32.0,YES,YES,DRUG_DELIVERY_IN_LPG_VOC+0.014ppm,575740.5,0,5.0,0.050,50
2026-05-08 14:22:03,30.65,67.79,1009.00,128.94,915,1.282,5600,20.0,29.0,32.0,YES,YES,DRUG_DELIVERY_IN_LPG_VOC+0.014ppm,575749.9,0,5.0,0.050,50
2026-05-08 14:22:14,30.65,67.79,1009.00,128.94,915,1.282,5600,20.0,29.0,30.0,YES,YES,DRUG_DELIVERY_IN_LPG_VOC+0.014ppm,575760.3,0,5.0,0.050,50
2026-05-08 14:22:24,30.65,67.79,1009.00,128.94,915,1.282,5600,19.0,28.0,28.0,YES,YES,DRUG_DELIVERY_IN_LPG_VOC+0.014ppm,575770.7,0,5.0,0.050,50
2026-05-08 14:22:34,30.65,67.79,1009.00,128.94,915,1.282,5600,19.0,28.0,28.0,YES,YES,DRUG_DELIVERY_IN_LPG_VOC+0.014ppm,575780.1,0,5.0,0.050,50
2026-05-08 14:22:44,30.65,67.79,1009.00,128.94,915,1.282,5600,21.0,29.0,29.0,YES,YES,DRUG_DELIVERY_IN_LPG_VOC+0.014ppm,575790.6,0,5.0,0.050,50
2026-05-08 14:22:53,30.65,67.79,1009.00,128.94,915,1.282,5600,20.0,28.0,29.0,YES,YES,DRUG_DELIVERY_IN_LPG_VOC+0.014ppm,575800.0,0,5.0,0.050,50
2026-05-08 14:23:04,30.65,67.79,1009.00,128.94,915,1.282,5600,21.0,30.0,31.0,YES,YES,DRUG_DELIVERY_IN_LPG_VOC+0.014ppm,575810.4,0,5.0,0.050,50
2026-05-08 14:23:14,30.65,67.79,1009.00,128.94,915,1.282,5600,22.0,30.0,34.0,YES,YES,DRUG_DELIVERY_IN_LPG_VOC+0.011ppm,575820.9,0,5.0,0.050,50
2026-05-08 14:23:24,30.65,67.79,1009.00,128.94,915,1.282,5600,22.0,30.0,33.0,YES,YES,DRUG_DELIVERY_IN_LPG_VOC+0.011ppm,575830.3,0,5.0,0.050,50
2026-05-08 14:23:34,30.65,67.79,1009.00,128.94,915,1.282,5600,21.0,29.0,32.0,YES,YES,DRUG_DELIVERY_IN_LPG_VOC+0.011ppm,575840.7,0,5.0,0.050,50
2026-05-08 14:23:44,30.65,67.79,1009.00,128.94,915,1.282,5600,22.0,29.0,31.0,YES,YES,DRUG_DELIVERY_IN_LPG_VOC+0.011ppm,575850.1,0,5.0,0.050,50
2026-05-08 14:23:54,30.65,67.79,1009.00,128.94,915,1.282,5600,22.0,29.0,31.0,YES,YES,DRUG_DELIVERY_IN_LPG_VOC+0.011ppm,575860.6,0,5.0,0.050,50
2026-05-08 14:24:04,30.65,67.79,1009.00,128.94,915,1.282,5600,21.0,28.0,30.0,YES,YES,DRUG_DELIVERY_IN_LPG_VOC+0.011ppm,575871.0,0,5.0,0.050,50


headache

2026-05-09 09:33:13,30.51,68.16,1012.00,130.69,852,1.112,5600,29.0,42.0,50.0,YES,YES,DRUG_DELIVERY_IN_LPG_VOC-0.052ppm,644819.7,0,5.0,0.050,50
2026-05-09 09:33:23,30.51,68.16,1012.00,130.69,852,1.112,5600,29.0,43.0,51.0,YES,YES,DRUG_DELIVERY_IN_LPG_VOC-0.052ppm,644829.1,0,5.0,0.050,50
2026-05-09 09:33:33,30.51,68.16,1012.00,130.69,852,1.112,5600,30.0,44.0,52.0,YES,YES,DRUG_DELIVERY_IN_LPG_VOC-0.052ppm,644839.6,0,5.0,0.050,50
2026-05-09 09:33:43,30.51,68.16,1012.00,130.69,852,1.112,5600,29.0,42.0,52.0,YES,YES,DRUG_DELIVERY_IN_LPG_VOC-0.052ppm,644850.0,0,5.0,0.050,50
2026-05-09 09:33:53,30.51,68.16,1012.00,130.69,852,1.112,5600,29.0,43.0,52.0,YES,YES,DRUG_DELIVERY_IN_LPG_VOC-0.052ppm,644859.4,0,5.0,0.050,50
2026-05-09 09:34:03,30.54,68.10,1012.00,130.18,850,1.106,5600,28.0,41.0,49.0,YES,YES,DRUG_DELIVERY_IN_LPG_VOC-0.057ppm,644869.8,0,5.0,0.050,50
2026-05-09 09:34:13,30.54,68.10,1012.00,130.18,850,1.106,5600,29.0,42.0,49.0,YES,YES,DRUG_DELIVERY_IN_LPG_VOC-0.057ppm,644879.2,0,5.0,0.050,50
2026-05-09 09:34:23,30.54,68.10,1012.00,130.18,850,1.106,5600,28.0,41.0,49.0,YES,YES,DRUG_DELIVERY_IN_LPG_VOC-0.057ppm,644889.7,0,5.0,0.050,50
2026-05-09 09:34:34,30.54,68.10,1012.00,130.18,850,1.106,5600,29.0,41.0,50.0,YES,YES,DRUG_DELIVERY_IN_LPG_VOC-0.057ppm,644900.1,0,5.0,0.050,50
2026-05-09 09:34:43,30.54,68.10,1012.00,130.18,850,1.106,5600,29.0,42.0,50.0,YES,YES,DRUG_DELIVERY_IN_LPG_VOC-0.057ppm,644909.5,0,5.0,0.050,50
2026-05-09 09:34:53,30.54,68.10,1012.00,130.18,850,1.106,5600,29.0,41.0,49.0,YES,YES,DRUG_DELIVERY_IN_LPG_VOC-0.057ppm,644920.0,0,5.0,0.050,50
PMS7003: Unknown error
2026-05-09 09:35:03,30.54,68.10,1012.00,130.18,850,1.106,5600,29.0,41.0,49.0,YES,YES,DRUG_DELIVERY_IN_LPG_VOC-0.057ppm,644929.3,0,5.0,0.050,50
2026-05-09 09:35:13,30.54,68.10,1012.00,130.18,850,1.106,5600,28.0,42.0,51.0,YES,YES,DRUG_DELIVERY_IN_LPG_VOC-0.057ppm,644939.8,0,5.0,0.050,50
2026-05-09 09:35:24,30.54,68.10,1012.00,130.18,850,1.106,5600,29.0,43.0,52.0,YES,YES,DRUG_DELIVERY_IN_LPG_VOC-0.057ppm,644950.2,0,5.0,0.050,50
2026-05-09 09:35:33,30.54,68.10,1012.00,130.18,850,1.106,5600,29.0,43.0,51.0,YES,YES,DRUG_DELIVERY_IN_LPG_VOC-0.057ppm,644959.6,0,5.0,0.050,50

chem
2026-05-09 12:41:01,31.76,64.23,1009.00,125.72,831,1.059,5600,29.0,42.0,51.0,YES,YES,DRUG_DELIVERY_IN_LPG_VOC+0.087ppm,656087.4,0,5.0,0.050,50
2026-05-09 12:41:11,31.76,64.23,1009.00,125.72,831,1.059,5600,29.0,42.0,51.0,YES,YES,DRUG_DELIVERY_IN_LPG_VOC+0.087ppm,656097.8,0,5.0,0.050,50
2026-05-09 12:41:21,31.76,64.23,1009.00,125.72,831,1.059,5600,30.0,43.0,52.0,YES,YES,DRUG_DELIVERY_IN_LPG_VOC+0.087ppm,656107.2,0,5.0,0.050,50
2026-05-09 12:41:31,31.76,64.23,1009.00,125.72,831,1.059,5600,29.0,43.0,50.0,YES,YES,DRUG_DELIVERY_IN_LPG_VOC+0.087ppm,656117.7,0,5.0,0.050,50
2026-05-09 12:41:40,31.76,64.23,1009.00,125.72,831,1.059,5600,29.0,43.0,50.0,YES,YES,DRUG_DELIVERY_IN_LPG_VOC+0.087ppm,656127.1,0,5.0,0.050,50
2026-05-09 12:41:51,31.76,64.23,1009.00,125.72,831,1.059,5600,29.0,42.0,50.0,YES,YES,DRUG_DELIVERY_IN_LPG_VOC+0.087ppm,656137.5,0,5.0,0.050,50
2026-05-09 12:42:01,31.76,64.23,1009.00,125.72,831,1.059,5600,30.0,43.0,51.0,YES,YES,DRUG_DELIVERY_IN_LPG_VOC+0.087ppm,656148.0,0,5.0,0.050,50
2026-05-09 12:42:11,31.76,64.23,1009.00,125.72,831,1.059,5600,29.0,42.0,51.0,YES,YES,DRUG_DELIVERY_IN_LPG_VOC+0.087ppm,656157.4,0,5.0,0.050,50
2026-05-09 12:42:21,31.76,64.23,1009.00,125.72,831,1.059,5600,30.0,43.0,51.0,YES,YES,DRUG_DELIVERY_IN_LPG_VOC+0.087ppm,656167.8,0,5.0,0.050,50
2026-05-09 12:42:31,31.76,64.23,1009.00,125.72,831,1.059,5600,29.0,42.0,49.0,YES,YES,DRUG_DELIVERY_IN_LPG_VOC+0.087ppm,656177.2,0,5.0,0.050,50
2026-05-09 12:42:41,31.76,64.23,1009.00,125.72,831,1.059,5600,30.0,43.0,51.0,YES,YES,DRUG_DELIVERY_IN_LPG_VOC+0.069ppm,656187.6,0,5.0,0.050,50
2026-05-09 12:42:51,31.76,64.23,1009.00,125.72,831,1.059,5600,30.0,43.0,51.0,YES,YES,DRUG_DELIVERY_IN_LPG_VOC+0.069ppm,656198.1,0,5.0,0.050,50
2026-05-09 12:43:01,31.76,64.23,1009.00,125.72,831,1.059,5600,30.0,43.0,50.0,YES,YES,DRUG_DELIVERY_IN_LPG_VOC+0.069ppm,656207.5,0,5.0,0.050,50
2026-05-09 12:43:11,31.76,64.23,1009.00,125.72,831,1.059,5600,29.0,42.0,51.0,YES,YES,DRUG_DELIVERY_IN_LPG_VOC+0.069ppm,656217.9,0,5.0,0.050,50
2026-05-09 12:43:22,31.76,64.23,1009.00,125.72,831,1.059,5600,29.0,42.0,51.0,YES,YES,DRUG_DELIVERY_IN_LPG_VOC+0.069ppm,656228.3,0,5.0,0.050,50
2026-05-09 12:43:31,31.76,64.23,1009.00,125.72,831,1.059,5600,30.0,43.0,53.0,YES,YES,DRUG_DELIVERY_IN_LPG_VOC+0.069ppm,656237.7,0,5.0,0.050,50
2026-05-09 12:43:42,31.76,64.23,1009.00,125.72,831,1.059,5600,31.0,44.0,55.0,YES,YES,DRUG_DELIVERY_IN_LPG_VOC+0.069ppm,656248.2,0,5.0,0.050,50
2026-05-09 12:43:51,31.76,64.23,1009.00,125.72,831,1.059,5600,30.0,43.0,53.0,YES,YES,DRUG_DELIVERY_IN_LPG_VOC+0.069ppm,656257.6,0,5.0,0.050,50
2026-05-09 12:44:01,31.76,64.23,1009.00,125.72,831,1.059,5600,29.0,42.0,51.0,YES,YES,DRUG_DELIVERY_IN_LPG_VOC+0.069ppm,656268.0,0,5.0,0.050,50
2026-05-09 12:44:12,31.76,64.23,1009.00,125.72,831,1.059,5600,30.0,42.0,51.0,YES,YES,DRUG_DELIVERY_IN_LPG_VOC+0.069ppm,656278.5,0,5.0,0.050,50
2026-05-09 12:44:21,31.80,63.96,1009.00,127.03,836,1.072,5600,29.0,42.0,52.0,YES,YES,DRUG_DELIVERY_IN_LPG_VOC+0.083ppm,656287.9,0,5.0,0.050,50
2026-05-09 12:44:32,31.80,63.96,1009.00,127.03,836,1.072,5600,29.0,42.0,50.0,YES,YES,DRUG_DELIVERY_IN_LPG_VOC+0.083ppm,656298.3,0,5.0,0.050,50
2026-05-09 12:44:41,31.80,63.96,1009.00,127.03,836,1.072,5600,28.0,42.0,50.0,YES,YES,DRUG_DELIVERY_IN_LPG_VOC+0.083ppm,656307.7,0,5.0,0.050,50
2026-05-09 12:44:52,31.80,63.96,1009.00,127.03,836,1.072,5600,29.0,42.0,50.0,YES,YES,DRUG_DELIVERY_IN_LPG_VOC+0.083ppm,656318.1,0,5.0,0.050,50
2026-05-09 12:45:02,31.80,63.96,1009.00,127.03,836,1.072,5600,29.0,41.0,49.0,YES,YES,DRUG_DELIVERY_IN_LPG_VOC+0.083ppm,656328.6,0,5.0,0.050,50
2026-05-09 12:45:11,31.80,63.96,1009.00,127.03,836,1.072,5600,29.0,41.0,49.0,YES,YES,DRUG_DELIVERY_IN_LPG_VOC+0.083ppm,656338.0,0,5.0,0.050,50
2026-05-09 12:45:22,31.80,63.96,1009.00,127.03,836,1.072,5600,29.0,41.0,49.0,YES,YES,DRUG_DELIVERY_IN_LPG_VOC+0.083ppm,656348.4,0,5.0,0.050,50
2026-05-09 12:45:31,31.80,63.96,1009.00,127.03,836,1.072,5600,30.0,42.0,52.0,YES,YES,DRUG_DELIVERY_IN_LPG_VOC+0.083ppm,656357.8,0,5.0,0.050,50
2026-05-09 12:45:42,31.80,63.96,1009.00,127.03,836,1.072,5600,30.0,43.0,52.0,YES,YES,DRUG_DELIVERY_IN_LPG_VOC+0.083ppm,656368.3,0,5.0,0.050,50
2026-05-09 12:45:52,31.80,63.96,1009.00,127.03,836,1.072,5600,28.0,42.0,51.0,YES,YES,DRUG_DELIVERY_IN_LPG_VOC+0.083ppm,656378.7,0,5.0,0.050,50
2026-05-09 12:46:01,31.80,63.96,1009.00,127.03,836,1.072,5600,29.0,42.0,51.0,YES,YES,DRUG_DELIVERY_IN_LPG_VOC+0.083ppm,656388.1,0,5.0,0.050,50
2026-05-09 12:46:12,31.80,63.96,1009.00,127.03,836,1.072,5600,28.0,41.0,49.0,YES,YES,DRUG_DELIVERY_IN_LPG_VOC+0.083ppm,656398.6,0,5.0,0.050,50
2026-05-09 12:46:21,31.80,63.96,1009.00,127.03,836,1.072,5600,27.0,41.0,48.0,YES,YES,DRUG_DELIVERY_IN_LPG_VOC+0.083ppm,656408.0,0,5.0,0.050,50
2026-05-09 12:46:32,31.80,63.96,1009.00,127.03,836,1.072,5600,30.0,43.0,52.0,YES,YES,DRUG_DELIVERY_IN_LPG_VOC+0.083ppm,656418.4,0,5.0,0.050,50
2026-05-09 12:46:42,31.80,63.96,1009.00,127.03,836,1.072,5600,29.0,42.0,50.0,YES,YES,DRUG_DELIVERY_IN_LPG_VOC+0.083ppm,656428.8,0,5.0,0.050,50
2026-05-09 12:46:52,31.80,63.96,1009.00,127.03,836,1.072,5600,29.0,42.0,50.0,YES,YES,DRUG_DELIVERY_IN_LPG_VOC+0.083ppm,656438.3,0,5.0,0.050,50
2026-05-09 12:47:02,31.80,63.96,1009.00,127.03,836,1.072,5600,31.0,43.0,52.0,YES,YES,DRUG_DELIVERY_IN_LPG_VOC+0.083ppm,656448.7,0,5.0,0.050,50
2026-05-09 12:47:11,31.80,63.96,1009.00,127.03,836,1.072,5600,30.0,42.0,49.0,YES,YES,DRUG_DELIVERY_IN_LPG_VOC+0.083ppm,656458.1,0,5.0,0.050,50
2026-05-09 12:47:22,31.80,63.96,1009.00,127.03,836,1.072,5600,31.0,43.0,52.0,YES,YES,DRUG_DELIVERY_IN_LPG_VOC+0.083ppm,656468.5,0,5.0,0.050,50

sedative

2026-05-09 13:55:45,32.37,61.08,1008.00,137.06,880,1.184,5600,26.0,37.0,44.0,YES,YES,DRUG_DELIVERY_IN_LPG_VOC+0.054ppm,660572.1,0,5.0,0.050,50
2026-05-09 13:55:55,32.37,61.08,1008.00,137.06,880,1.184,5600,27.0,38.0,45.0,YES,YES,DRUG_DELIVERY_IN_LPG_VOC+0.054ppm,660581.5,0,5.0,0.050,50
2026-05-09 13:56:05,32.37,61.08,1008.00,137.06,880,1.184,5600,26.0,37.0,43.0,YES,YES,DRUG_DELIVERY_IN_LPG_VOC+0.054ppm,660591.9,0,5.0,0.050,50
2026-05-09 13:56:16,32.37,61.08,1008.00,137.06,880,1.184,5600,27.0,38.0,44.0,YES,YES,DRUG_DELIVERY_IN_LPG_VOC+0.054ppm,660602.4,0,5.0,0.050,50
2026-05-09 13:56:25,32.37,61.08,1008.00,137.06,880,1.184,5600,27.0,38.0,44.0,YES,YES,DRUG_DELIVERY_IN_LPG_VOC+0.054ppm,660611.8,0,5.0,0.050,50
2026-05-09 13:56:36,32.37,61.08,1008.00,137.06,880,1.184,5600,26.0,37.0,43.0,YES,YES,DRUG_DELIVERY_IN_LPG_VOC+0.054ppm,660622.2,0,5.0,0.050,50
2026-05-09 13:56:45,32.37,61.08,1008.00,137.06,880,1.184,5600,27.0,39.0,45.0,YES,YES,DRUG_DELIVERY_IN_LPG_VOC+0.054ppm,660631.6,0,5.0,0.050,50
2026-05-09 13:56:55,32.37,61.08,1008.00,137.06,880,1.184,5600,26.0,38.0,44.0,YES,YES,DRUG_DELIVERY_IN_LPG_VOC+0.054ppm,660642.0,0,5.0,0.050,50
2026-05-09 13:57:06,32.37,61.08,1008.00,137.06,880,1.184,5600,26.0,37.0,42.0,YES,YES,DRUG_DELIVERY_IN_LPG_VOC+0.054ppm,660652.5,0,5.0,0.050,50
2026-05-09 13:57:15,32.37,61.08,1008.00,137.06,880,1.184,5600,25.0,36.0,43.0,YES,YES,DRUG_DELIVERY_IN_LPG_VOC+0.054ppm,660661.9,0,5.0,0.050,50
2026-05-09 13:57:26,32.37,61.08,1008.00,137.06,880,1.184,5600,25.0,37.0,44.0,YES,YES,DRUG_DELIVERY_IN_LPG_VOC+0.054ppm,660672.3,0,5.0,0.050,50
2026-05-09 13:57:35,32.37,61.08,1008.00,137.06,880,1.184,5600,26.0,39.0,47.0,YES,YES,DRUG_DELIVERY_IN_LPG_VOC+0.054ppm,660681.7,0,5.0,0.050,50
2026-05-09 13:57:46,32.37,61.08,1008.00,137.06,880,1.184,5600,26.0,38.0,45.0,YES,YES,DRUG_DELIVERY_IN_LPG_VOC+0.054ppm,660692.2,0,5.0,0.050,50
2026-05-09 13:57:56,32.37,61.08,1008.00,137.06,880,1.184,5600,27.0,37.0,44.0,YES,YES,DRUG_DELIVERY_IN_LPG_VOC+0.044ppm,660702.6,0,5.0,0.050,50
2026-05-09 13:58:05,32.37,61.08,1008.00,137.06,880,1.184,5600,28.0,38.0,44.0,YES,YES,DRUG_DELIVERY_IN_LPG_VOC+0.044ppm,660712.0,0,5.0,0.050,50
2026-05-09 13:58:16,32.37,61.08,1008.00,137.06,880,1.184,5600,28.0,38.0,44.0,YES,YES,DRUG_DELIVERY_IN_LPG_VOC+0.044ppm,660722.4,0,5.0,0.050,50
2026-05-09 13:58:26,32.37,61.08,1008.00,137.06,880,1.184,5600,27.0,38.0,45.0,YES,YES,DRUG_DELIVERY_IN_LPG_VOC+0.044ppm,660732.9,0,5.0,0.050,50
2026-05-09 13:58:36,32.37,61.08,1008.00,137.06,880,1.184,5600,26.0,36.0,42.0,YES,YES,DRUG_DELIVERY_IN_LPG_VOC+0.044ppm,660742.3,0,5.0,0.050,50
2026-05-09 13:58:46,32.37,61.08,1008.00,137.06,880,1.184,5600,26.0,37.0,43.0,YES,YES,DRUG_DELIVERY_IN_LPG_VOC+0.044ppm,660752.7,0,5.0,0.050,50
2026-05-09 13:58:55,32.37,61.08,1008.00,137.06,880,1.184,5600,26.0,37.0,43.0,YES,YES,DRUG_DELIVERY_IN_LPG_VOC+0.044ppm,660762.1,0,5.0,0.050,50
2026-05-09 13:59:06,32.37,61.08,1008.00,137.06,880,1.184,5600,27.0,36.0,42.0,YES,YES,DRUG_DELIVERY_IN_LPG_VOC+0.044ppm,660772.6,0,5.0,0.050,50
2026-05-09 13:59:16,32.37,61.08,1008.00,137.06,880,1.184,5600,26.0,35.0,43.0,YES,YES,DRUG_DELIVERY_IN_LPG_VOC+0.044ppm,660783.0,0,5.0,0.050,50
2026-05-09 13:59:26,32.26,61.20,1008.00,139.56,891,1.214,5600,27.0,38.0,45.0,YES,YES,DRUG_DELIVERY_IN_LPG_VOC+0.073ppm,660792.4,0,5.0,0.050,50
2026-05-09 13:59:36,32.26,61.20,1008.00,139.56,891,1.214,5600,27.0,38.0,45.0,YES,YES,DRUG_DELIVERY_IN_LPG_VOC+0.073ppm,660802.8,0,5.0,0.050,50
2026-05-09 13:59:46,32.26,61.20,1008.00,139.56,891,1.214,5600,26.0,37.0,44.0,YES,YES,DRUG_DELIVERY_IN_LPG_VOC+0.073ppm,660812.2,0,5.0,0.050,50
2026-05-09 13:59:56,32.26,61.20,1008.00,139.56,891,1.214,5600,27.0,39.0,46.0,YES,YES,DRUG_DELIVERY_IN_LPG_VOC+0.073ppm,660822.7,0,5.0,0.050,50
2026-05-09 14:00:06,32.26,61.20,1008.00,139.56,891,1.214,5600,27.0,38.0,45.0,YES,YES,DRUG_DELIVERY_IN_LPG_VOC+0.073ppm,660833.1,0,5.0,0.050,50
2026-05-09 14:00:16,32.26,61.20,1008.00,139.56,891,1.214,5600,27.0,38.0,46.0,YES,YES,DRUG_DELIVERY_IN_LPG_VOC+0.073ppm,660842.5,0,5.0,0.050,50
2026-05-09 14:00:26,32.26,61.20,1008.00,139.56,891,1.214,5600,27.0,39.0,47.0,YES,YES,DRUG_DELIVERY_IN_LPG_VOC+0.073ppm,660852.9,0,5.0,0.050,50
2026-05-09 14:00:37,32.26,61.20,1008.00,139.56,891,1.214,5600,26.0,38.0,46.0,YES,YES,DRUG_DELIVERY_IN_LPG_VOC+0.073ppm,660863.4,0,5.0,0.050,50

hit thev eye focus

2026-05-09 20:09:10,31.64,59.11,1009.00,151.29,1001,1.558,5600,22.0,30.0,30.0,YES,YES,DRUG_DELIVERY_IN_LPG_VOC-0.047ppm,682976.7,0,5.0,0.050,50
2026-05-09 20:09:21,31.64,59.11,1009.00,151.29,1001,1.558,5600,21.0,30.0,31.0,YES,YES,DRUG_DELIVERY_IN_LPG_VOC-0.047ppm,682987.1,0,5.0,0.050,50
2026-05-09 20:09:30,31.64,59.11,1009.00,151.29,1001,1.558,5600,21.0,30.0,31.0,YES,YES,DRUG_DELIVERY_IN_LPG_VOC-0.047ppm,682996.5,0,5.0,0.050,50
2026-05-09 20:09:40,31.64,59.11,1009.00,151.29,1001,1.558,5600,20.0,29.0,30.0,YES,YES,DRUG_DELIVERY_IN_LPG_VOC-0.047ppm,683007.0,0,5.0,0.050,50
2026-05-09 20:09:51,31.64,59.11,1009.00,151.29,1001,1.558,5600,21.0,30.0,33.0,YES,YES,DRUG_DELIVERY_IN_LPG_VOC-0.047ppm,683017.4,0,5.0,0.050,50
2026-05-09 20:10:00,31.71,59.12,1009.00,149.09,989,1.515,5600,20.0,29.0,32.0,YES,YES,DRUG_DELIVERY_IN_LPG_VOC-0.090ppm,683026.8,0,5.0,0.050,50
2026-05-09 20:10:11,31.71,59.12,1009.00,149.09,989,1.515,5600,19.0,28.0,32.0,YES,YES,DRUG_DELIVERY_IN_LPG_VOC-0.090ppm,683037.2,0,5.0,0.050,50
2026-05-09 20:10:20,31.71,59.12,1009.00,149.09,989,1.515,5600,20.0,28.0,32.0,YES,YES,DRUG_DELIVERY_IN_LPG_VOC-0.090ppm,683046.7,0,5.0,0.050,50
2026-05-09 20:10:31,31.71,59.12,1009.00,149.09,989,1.515,5600,19.0,29.0,31.0,YES,YES,DRUG_DELIVERY_IN_LPG_VOC-0.090ppm,683057.1,0,5.0,0.050,50
2026-05-09 20:10:41,31.71,59.12,1009.00,149.09,989,1.515,5600,20.0,28.0,30.0,YES,YES,DRUG_DELIVERY_IN_LPG_VOC-0.090ppm,683067.5,0,5.0,0.050,50
2026-05-09 20:10:50,31.71,59.12,1009.00,149.09,989,1.515,5600,20.0,29.0,30.0,YES,YES,DRUG_DELIVERY_IN_LPG_VOC-0.090ppm,683076.9,0,5.0,0.050,50
2026-05-09 20:11:01,31.71,59.12,1009.00,149.09,989,1.515,5600,21.0,29.0,31.0,YES,YES,DRUG_DELIVERY_IN_LPG_VOC-0.090ppm,683087.4,0,5.0,0.050,50
2026-05-09 20:11:10,31.71,59.12,1009.00,149.09,989,1.515,5600,22.0,30.0,31.0,YES,YES,DRUG_DELIVERY_IN_LPG_VOC-0.090ppm,683096.8,0,5.0,0.050,50
2026-05-09 20:11:21,31.71,59.12,1009.00,149.09,989,1.515,5600,22.0,29.0,30.0,YES,YES,DRUG_DELIVERY_IN_LPG_VOC-0.090ppm,683107.2,0,5.0,0.050,50
2026-05-09 20:11:31,31.71,59.12,1009.00,149.09,989,1.515,5600,21.0,29.0,31.0,YES,YES,DRUG_DELIVERY_IN_LPG_VOC-0.090ppm,683117.7,0,5.0,0.050,50
2026-05-09 20:11:41,31.71,59.12,1009.00,149.09,989,1.515,5600,21.0,30.0,34.0,YES,YES,DRUG_DELIVERY_IN_LPG_VOC-0.090ppm,683127.1,0,5.0,0.050,50
2026-05-09 20:11:51,31.71,59.12,1009.00,149.09,989,1.515,5600,21.0,30.0,32.0,YES,YES,DRUG_DELIVERY_IN_LPG_VOC-0.090ppm,683137.5,0,5.0,0.050,50
2026-05-09 20:12:01,31.71,59.12,1009.00,149.09,989,1.515,5600,21.0,31.0,33.0,YES,YES,DRUG_DELIVERY_IN_LPG_VOC-0.090ppm,683147.9,0,5.0,0.050,50
2026-05-09 20:12:11,31.71,59.12,1009.00,149.09,989,1.515,5600,21.0,31.0,34.0,YES,YES,DRUG_DELIVERY_IN_LPG_VOC-0.090ppm,683157.3,0,5.0,0.050,50
2026-05-09 20:12:21,31.71,59.12,1009.00,149.09,989,1.515,5600,21.0,31.0,32.0,YES,YES,DRUG_DELIVERY_IN_LPG_VOC-0.090ppm,683167.8,0,5.0,0.050,50
2026-05-09 20:12:31,31.71,59.12,1009.00,149.09,989,1.515,5600,21.0,31.0,32.0,YES,YES,DRUG_DELIVERY_IN_LPG_VOC-0.090ppm,683177.2,0,5.0,0.050,50
2026-05-09 20:12:41,31.71,59.12,1009.00,149.09,989,1.515,5600,21.0,29.0,31.0,YES,YES,DRUG_DELIVERY_IN_LPG_VOC-0.090ppm,683187.6,0,5.0,0.050,50
2026-05-09 20:12:52,31.71,59.12,1009.00,149.09,989,1.515,5600,22.0,30.0,31.0,YES,YES,DRUG_DELIVERY_IN_LPG_VOC-0.090ppm,683198.1,0,5.0,0.050,50
2026-05-09 20:13:01,31.71,59.12,1009.00,149.09,989,1.515,5600,22.0,30.0,31.0,YES,YES,DRUG_DELIVERY_IN_LPG_VOC-0.090ppm,683207.5,0,5.0,0.050,50

hits the throar, teeth - some kind of detergent maybe bleach - feela like affects lungs - mild so far

2026-05-09 20:38:16,31.74,58.65,1009.00,152.72,998,1.547,5600,23.0,32.0,36.0,YES,YES,DRUG_DELIVERY_IN_LPG_VOC-0.019ppm,684722.4,0,5.0,0.050,50
2026-05-09 20:38:26,31.74,58.65,1009.00,152.72,998,1.547,5600,22.0,31.0,35.0,YES,YES,DRUG_DELIVERY_IN_LPG_VOC-0.019ppm,684732.8,0,5.0,0.050,50
2026-05-09 20:38:37,31.74,58.65,1009.00,152.72,998,1.547,5600,23.0,32.0,36.0,YES,YES,DRUG_DELIVERY_IN_LPG_VOC-0.019ppm,684743.3,0,5.0,0.050,50
2026-05-09 20:38:46,31.74,58.65,1009.00,152.72,998,1.547,5600,22.0,31.0,36.0,YES,YES,DRUG_DELIVERY_IN_LPG_VOC-0.019ppm,684752.7,0,5.0,0.050,50
2026-05-09 20:38:57,31.74,58.65,1009.00,152.72,998,1.547,5600,23.0,32.0,35.0,YES,YES,DRUG_DELIVERY_IN_LPG_VOC-0.019ppm,684763.1,0,5.0,0.050,50
2026-05-09 20:39:06,31.74,58.65,1009.00,152.72,998,1.547,5600,22.0,31.0,33.0,YES,YES,DRUG_DELIVERY_IN_LPG_VOC-0.019ppm,684772.5,0,5.0,0.050,50
2026-05-09 20:39:16,31.74,58.65,1009.00,152.72,998,1.547,5600,22.0,32.0,34.0,YES,YES,DRUG_DELIVERY_IN_LPG_VOC-0.015ppm,684783.0,0,5.0,0.050,50
2026-05-09 20:39:27,31.74,58.65,1009.00,152.72,998,1.547,5600,23.0,33.0,37.0,YES,YES,DRUG_DELIVERY_IN_LPG_VOC-0.015ppm,684793.4,0,5.0,0.050,50
2026-05-09 20:39:36,31.74,58.65,1009.00,152.72,998,1.547,5600,22.0,31.0,35.0,YES,YES,DRUG_DELIVERY_IN_LPG_VOC-0.015ppm,684802.8,0,5.0,0.050,50
2026-05-09 20:39:47,31.74,58.65,1009.00,152.72,998,1.547,5600,23.0,32.0,36.0,YES,YES,DRUG_DELIVERY_IN_LPG_VOC-0.015ppm,684813.2,0,5.0,0.050,50
2026-05-09 20:39:56,31.73,58.33,1009.00,156.08,1012,1.598,5600,22.0,32.0,37.0,YES,YES,DRUG_DELIVERY_IN_LPG_VOC+0.036ppm,684822.6,0,5.0,0.050,50
2026-05-09 20:40:07,31.73,58.33,1009.00,156.08,1012,1.598,5600,23.0,33.0,38.0,YES,YES,DRUG_DELIVERY_IN_LPG_VOC+0.036ppm,684833.1,0,5.0,0.050,50
2026-05-09 20:40:17,31.73,58.33,1009.00,156.08,1012,1.598,5600,23.0,31.0,35.0,YES,YES,DRUG_DELIVERY_IN_LPG_VOC+0.036ppm,684843.5,0,5.0,0.050,50
2026-05-09 20:40:26,31.73,58.33,1009.00,156.08,1012,1.598,5600,23.0,31.0,35.0,YES,YES,DRUG_DELIVERY_IN_LPG_VOC+0.036ppm,684852.9,0,5.0,0.050,50
2026-05-09 20:40:37,31.73,58.33,1009.00,156.08,1012,1.598,5600,24.0,32.0,35.0,YES,YES,DRUG_DELIVERY_IN_LPG_VOC+0.036ppm,684863.4,0,5.0,0.050,50
2026-05-09 20:40:46,31.73,58.33,1009.00,156.08,1012,1.598,5600,24.0,32.0,37.0,YES,YES,DRUG_DELIVERY_IN_LPG_VOC+0.036ppm,684872.8,0,5.0,0.050,50
2026-05-09 20:40:57,31.73,58.33,1009.00,156.08,1012,1.598,5600,23.0,31.0,37.0,YES,YES,DRUG_DELIVERY_IN_LPG_VOC+0.036ppm,684883.2,0,5.0,0.050,50
2026-05-09 20:41:07,31.73,58.33,1009.00,156.08,1012,1.598,5600,23.0,32.0,37.0,YES,YES,DRUG_DELIVERY_IN_LPG_VOC+0.036ppm,684893.6,0,5.0,0.050,50
2026-05-09 20:41:17,31.73,58.33,1009.00,156.08,1012,1.598,5600,23.0,33.0,38.0,YES,YES,DRUG_DELIVERY_IN_LPG_VOC+0.036ppm,684903.0,0,5.0,0.050,50
2026-05-09 20:41:27,31.73,58.33,1009.00,156.08,1012,1.598,5600,23.0,33.0,39.0,YES,YES,DRUG_DELIVERY_IN_LPG_VOC+0.036ppm,684913.5,0,5.0,0.050,50
2026-05-09 20:41:37,31.73,58.33,1009.00,156.08,1012,1.598,5600,24.0,33.0,39.0,YES,YES,DRUG_DELIVERY_IN_LPG_VOC+0.036ppm,684923.9,0,5.0,0.050,50
2026-05-09 20:41:47,31.73,58.33,1009.00,156.08,1012,1.598,5600,23.0,33.0,38.0,YES,YES,DRUG_DELIVERY_IN_LPG_VOC+0.036ppm,684933.3,0,5.0,0.050,50
2026-05-09 20:41:57,31.73,58.33,1009.00,156.08,1012,1.598,5600,22.0,32.0,35.0,YES,YES,DRUG_DELIVERY_IN_LPG_VOC+0.036ppm,684943.8,0,5.0,0.050,50
2026-05-09 20:42:07,31.73,58.33,1009.00,156.08,1012,1.598,5600,23.0,32.0,34.0,YES,YES,DRUG_DELIVERY_IN_LPG_VOC+0.036ppm,684953.2,0,5.0,0.050,50

same as previous

2026-05-09 20:53:49,31.63,58.40,1009.00,158.53,1021,1.628,5600,23.0,33.0,37.0,YES,YES,DRUG_DELIVERY_IN_LPG_VOC+0.051ppm,685656.0,0,5.0,0.050,50
2026-05-09 20:53:59,31.63,58.40,1009.00,158.53,1021,1.628,5600,22.0,32.0,36.0,YES,YES,DRUG_DELIVERY_IN_LPG_VOC+0.051ppm,685665.4,0,5.0,0.050,50
2026-05-09 20:54:09,31.63,58.40,1009.00,158.53,1021,1.628,5600,23.0,33.0,38.0,YES,YES,DRUG_DELIVERY_IN_LPG_VOC+0.051ppm,685675.8,0,5.0,0.050,50
2026-05-09 20:54:20,31.63,58.40,1009.00,158.53,1021,1.628,5600,24.0,33.0,38.0,YES,YES,DRUG_DELIVERY_IN_LPG_VOC+0.041ppm,685686.2,0,5.0,0.050,50
2026-05-09 20:54:29,31.63,58.40,1009.00,158.53,1021,1.628,5600,23.0,32.0,37.0,YES,YES,DRUG_DELIVERY_IN_LPG_VOC+0.041ppm,685695.6,0,5.0,0.050,50
2026-05-09 20:54:40,31.63,58.40,1009.00,158.53,1021,1.628,5600,23.0,31.0,33.0,YES,YES,DRUG_DELIVERY_IN_LPG_VOC+0.041ppm,685706.1,0,5.0,0.050,50
2026-05-09 20:54:49,31.63,58.40,1009.00,158.53,1021,1.628,5600,22.0,31.0,33.0,YES,YES,DRUG_DELIVERY_IN_LPG_VOC+0.041ppm,685715.5,0,5.0,0.050,50
2026-05-09 20:54:59,31.66,58.38,1009.00,157.85,1016,1.610,5600,23.0,31.0,33.0,YES,YES,DRUG_DELIVERY_IN_LPG_VOC+0.022ppm,685725.9,0,5.0,0.050,50
2026-05-09 20:55:10,31.66,58.38,1009.00,157.85,1016,1.610,5600,22.0,31.0,34.0,YES,YES,DRUG_DELIVERY_IN_LPG_VOC+0.022ppm,685736.4,0,5.0,0.050,50
2026-05-09 20:55:19,31.66,58.38,1009.00,157.85,1016,1.610,5600,23.0,32.0,36.0,YES,YES,DRUG_DELIVERY_IN_LPG_VOC+0.022ppm,685745.8,0,5.0,0.050,50
2026-05-09 20:55:30,31.66,58.38,1009.00,157.85,1016,1.610,5600,23.0,33.0,37.0,YES,YES,DRUG_DELIVERY_IN_LPG_VOC+0.022ppm,685756.2,0,5.0,0.050,50
2026-05-09 20:55:39,31.66,58.38,1009.00,157.85,1016,1.610,5600,23.0,33.0,37.0,YES,YES,DRUG_DELIVERY_IN_LPG_VOC+0.022ppm,685765.6,0,5.0,0.050,50
2026-05-09 20:55:50,31.66,58.38,1009.00,157.85,1016,1.610,5600,22.0,31.0,35.0,YES,YES,DRUG_DELIVERY_IN_LPG_VOC+0.022ppm,685776.1,0,5.0,0.050,50
2026-05-09 20:56:00,31.66,58.38,1009.00,157.85,1016,1.610,5600,24.0,33.0,38.0,YES,YES,DRUG_DELIVERY_IN_LPG_VOC+0.022ppm,685786.5,0,5.0,0.050,50
2026-05-09 20:56:09,31.66,58.38,1009.00,157.85,1016,1.610,5600,23.0,32.0,38.0,YES,YES,DRUG_DELIVERY_IN_LPG_VOC+0.022ppm,685795.9,0,5.0,0.050,50
2026-05-09 20:56:20,31.66,58.38,1009.00,157.85,1016,1.610,5600,24.0,33.0,39.0,YES,YES,DRUG_DELIVERY_IN_LPG_VOC+0.022ppm,685806.3,0,5.0,0.050,50

burning chem

2026-05-10 18:40:26,31.53,59.30,1008.00,144.38,912,1.273,5600,20.0,28.0,31.0,YES,YES,IAQ_ANOMALY_NO_VOC_IAQ:144.4_VOC:1.273,764052.4,0,5.0,0.050,50
2026-05-10 18:40:35,31.53,59.30,1008.00,144.38,912,1.273,5600,19.0,27.0,30.0,YES,YES,IAQ_ANOMALY_NO_VOC_IAQ:144.4_VOC:1.273,764061.8,0,5.0,0.050,50
üíÄüö®üíÄüö®üíÄüö® IAQ_ANOMALY_NO_VOC - IMMEDIATE EVACUATION REQUIRED!
2026-05-10 18:40:46,31.53,59.30,1008.00,144.38,912,1.273,5600,21.0,29.0,32.0,YES,YES,IAQ_ANOMALY_NO_VOC_IAQ:144.4_VOC:1.273,764072.3,0,5.0,0.050,50
2026-05-10 18:40:55,31.53,59.30,1008.00,144.38,912,1.273,5600,20.0,29.0,32.0,YES,YES,IAQ_ANOMALY_NO_VOC_IAQ:144.4_VOC:1.273,764081.7,0,5.0,0.050,50
üíÄüö®üíÄüö®üíÄüö® IAQ_ANOMALY_NO_VOC - IMMEDIATE EVACUATION REQUIRED!
2026-05-10 18:41:06,31.53,59.30,1008.00,144.38,912,1.273,5600,20.0,29.0,33.0,YES,YES,IAQ_ANOMALY_NO_VOC_IAQ:144.4_VOC:1.273,764092.1,0,5.0,0.050,50
üíÄüö®üíÄüö®üíÄüö® IAQ_ANOMALY_NO_VOC - IMMEDIATE EVACUATION REQUIRED!
2026-05-10 18:41:16,31.53,59.30,1008.00,144.38,912,1.273,5600,20.0,30.0,32.0,YES,YES,IAQ_ANOMALY_NO_VOC_IAQ:144.4_VOC:1.273,764102.5,0,5.0,0.050,50
2026-05-10 18:41:25,31.53,59.30,1008.00,144.38,912,1.273,5600,21.0,31.0,32.0,YES,YES,IAQ_ANOMALY_NO_VOC_IAQ:144.4_VOC:1.273,764111.9,0,5.0,0.050,50
üíÄüö®üíÄüö®üíÄüö® IAQ_ANOMALY_NO_VOC - IMMEDIATE EVACUATION REQUIRED!
2026-05-10 18:41:36,31.53,59.30,1008.00,144.38,912,1.273,5600,21.0,30.0,32.0,YES,YES,IAQ_ANOMALY_NO_VOC_IAQ:144.4_VOC:1.273,764122.4,0,5.0,0.050,50
üíÄüö®üíÄüö®üíÄüö® IAQ_ANOMALY_NO_VOC - IMMEDIATE EVACUATION REQUIRED!
2026-05-10 18:41:46,31.53,59.30,1008.00,144.38,912,1.273,5600,21.0,30.0,32.0,YES,YES,IAQ_ANOMALY_NO_VOC_IAQ:144.4_VOC:1.273,764132.8,0,5.0,0.050,50
2026-05-10 18:41:56,31.53,59.30,1008.00,144.38,912,1.273,5600,21.0,30.0,34.0,YES,YES,IAQ_ANOMALY_NO_VOC_IAQ:144.4_VOC:1.273,764142.2,0,5.0,0.050,50
2026-05-10 18:42:06,31.53,59.19,1008.00,145.53,917,1.288,5600,20.0,29.0,32.0,YES,YES,DRUG_DELIVERY_IN_LPG_VOC+0.020ppm,764152.6,0,5.0,0.050,50
2026-05-10 18:42:16,31.53,59.19,1008.00,145.53,917,1.288,5600,20.0,29.0,31.0,YES,YES,DRUG_DELIVERY_IN_LPG_VOC+0.020ppm,764162.0,0,5.0,0.050,50
2026-05-10 18:42:26,31.53,59.19,1008.00,145.53,917,1.288,5600,22.0,29.0,31.0,YES,YES,DRUG_DELIVERY_IN_LPG_VOC+0.020ppm,764172.5,0,5.0,0.050,50
2026-05-10 18:42:36,31.53,59.19,1008.00,145.53,917,1.288,5600,21.0,27.0,29.0,YES,YES,DRUG_DELIVERY_IN_LPG_VOC+0.020ppm,764182.9,0,5.0,0.050,50
2026-05-10 18:42:46,31.53,59.19,1008.00,145.53,917,1.288,5600,22.0,28.0,30.0,YES,YES,DRUG_DELIVERY_IN_LPG_VOC+0.020ppm,764192.3,0,5.0,0.050,50
2026-05-10 18:42:56,31.53,59.19,1008.00,145.53,917,1.288,5600,21.0,30.0,31.0,YES,YES,DRUG_DELIVERY_IN_LPG_VOC+0.020ppm,764202.7,0,5.0,0.050,50


drowsy

2026-05-10 19:36:18,31.41,59.78,1009.00,143.37,908,1.261,5600,20.0,29.0,29.0,YES,YES,DRUG_DELIVERY_IN_LPG_VOC-0.119ppm,767404.1,0,5.0,0.050,50
2026-05-10 19:36:27,31.41,59.78,1009.00,143.37,908,1.261,5600,20.0,29.0,29.0,YES,YES,DRUG_DELIVERY_IN_LPG_VOC-0.119ppm,767413.5,0,5.0,0.050,50
2026-05-10 19:36:38,31.41,59.78,1009.00,143.37,908,1.261,5600,20.0,30.0,30.0,YES,YES,DRUG_DELIVERY_IN_LPG_VOC-0.119ppm,767423.9,0,5.0,0.050,50
2026-05-10 19:36:48,31.41,59.78,1009.00,143.37,908,1.261,5600,19.0,28.0,28.0,YES,YES,DRUG_DELIVERY_IN_LPG_VOC-0.119ppm,767434.4,0,5.0,0.050,50
2026-05-10 19:36:57,31.41,59.78,1009.00,143.37,908,1.261,5600,20.0,30.0,31.0,YES,YES,DRUG_DELIVERY_IN_LPG_VOC-0.119ppm,767443.8,0,5.0,0.050,50
2026-05-10 19:37:08,31.20,60.04,1009.00,147.69,927,1.316,5600,19.0,29.0,30.0,YES,YES,DRUG_DELIVERY_IN_LPG_VOC-0.064ppm,767454.2,0,5.0,0.050,50
2026-05-10 19:37:17,31.20,60.04,1009.00,147.69,927,1.316,5600,20.0,30.0,31.0,YES,YES,DRUG_DELIVERY_IN_LPG_VOC-0.064ppm,767463.6,0,5.0,0.050,50
2026-05-10 19:37:28,31.20,60.04,1009.00,147.69,927,1.316,5600,20.0,29.0,31.0,YES,YES,DRUG_DELIVERY_IN_LPG_VOC-0.064ppm,767474.0,0,5.0,0.050,50
2026-05-10 19:37:38,31.20,60.04,1009.00,147.69,927,1.316,5600,20.0,30.0,31.0,YES,YES,DRUG_DELIVERY_IN_LPG_VOC-0.064ppm,767484.5,0,5.0,0.050,50
2026-05-10 19:37:47,31.20,60.04,1009.00,147.69,927,1.316,5600,19.0,28.0,30.0,YES,YES,DRUG_DELIVERY_IN_LPG_VOC-0.064ppm,767493.9,0,5.0,0.050,50
2026-05-10 19:37:58,31.20,60.04,1009.00,147.69,927,1.316,5600,20.0,30.0,31.0,YES,YES,DRUG_DELIVERY_IN_LPG_VOC-0.064ppm,767504.3,0,5.0,0.050,50

chem teeth tremor

2026-05-11 06:14:22,31.27,68.85,1010.00,119.71,970,1.453,5600,19.0,29.0,29.0,YES,YES,DRUG_DELIVERY_IN_LPG_VOC+0.224ppm,805687.9,0,5.0,0.050,50
2026-05-11 06:14:31,31.27,68.85,1010.00,119.71,970,1.453,5600,19.0,27.0,27.0,YES,YES,DRUG_DELIVERY_IN_LPG_VOC+0.224ppm,805697.3,0,5.0,0.050,50
2026-05-11 06:14:41,31.27,68.85,1010.00,119.71,970,1.453,5600,20.0,27.0,28.0,YES,YES,DRUG_DELIVERY_IN_LPG_VOC+0.224ppm,805707.7,0,5.0,0.050,50
2026-05-11 06:14:52,31.27,68.85,1010.00,119.71,970,1.453,5600,19.0,27.0,29.0,YES,YES,DRUG_DELIVERY_IN_LPG_VOC+0.224ppm,805718.1,0,5.0,0.050,50
2026-05-11 06:15:01,31.27,68.85,1010.00,119.71,970,1.453,5600,20.0,27.0,30.0,YES,YES,DRUG_DELIVERY_IN_LPG_VOC+0.224ppm,805727.6,0,5.0,0.050,50
2026-05-11 06:15:12,31.27,68.85,1010.00,119.71,970,1.453,5600,20.0,29.0,31.0,YES,YES,DRUG_DELIVERY_IN_LPG_VOC+0.224ppm,805738.0,0,5.0,0.050,50
2026-05-11 06:15:21,31.27,68.85,1010.00,119.71,970,1.453,5600,19.0,28.0,30.0,YES,YES,DRUG_DELIVERY_IN_LPG_VOC+0.224ppm,805747.4,0,5.0,0.050,50
2026-05-11 06:15:31,31.27,68.85,1010.00,119.71,970,1.453,5600,20.0,30.0,31.0,YES,YES,DRUG_DELIVERY_IN_LPG_VOC+0.224ppm,805757.8,0,5.0,0.050,50
2026-05-11 06:15:42,31.27,68.85,1010.00,119.71,970,1.453,5600,18.0,27.0,29.0,YES,YES,DRUG_DELIVERY_IN_LPG_VOC+0.224ppm,805768.3,0,5.0,0.050,50
2026-05-11 06:15:51,31.27,68.85,1010.00,119.71,970,1.453,5600,19.0,27.0,29.0,YES,YES,DRUG_DELIVERY_IN_LPG_VOC+0.179ppm,805777.7,0,5.0,0.050,50
2026-05-11 06:16:02,31.27,68.85,1010.00,119.71,970,1.453,5600,19.0,26.0,28.0,YES,YES,DRUG_DELIVERY_IN_LPG_VOC+0.179ppm,805788.1,0,5.0,0.050,50
2026-05-11 06:16:11,31.27,68.85,1010.00,119.71,970,1.453,5600,20.0,26.0,27.0,YES,YES,DRUG_DELIVERY_IN_LPG_VOC+0.179ppm,805797.5,0,5.0,0.050,50
2026-05-11 06:16:22,31.27,68.85,1010.00,119.71,970,1.453,5600,19.0,26.0,27.0,YES,YES,DRUG_DELIVERY_IN_LPG_VOC+0.179ppm,805807.9,0,5.0,0.050,50
2026-05-11 06:16:32,31.27,68.85,1010.00,119.71,970,1.453,5600,19.0,26.0,27.0,YES,YES,DRUG_DELIVERY_IN_LPG_VOC+0.179ppm,805818.4,0,5.0,0.050,50
2026-05-11 06:16:41,31.27,68.85,1010.00,119.71,970,1.453,5600,20.0,26.0,27.0,YES,YES,DRUG_DELIVERY_IN_LPG_VOC+0.179ppm,805827.8,0,5.0,0.050,50
2026-05-11 06:16:52,31.27,68.85,1010.00,119.71,970,1.453,5600,21.0,26.0,27.0,YES,YES,DRUG_DELIVERY_IN_LPG_VOC+0.179ppm,805838.2,0,5.0,0.050,50
2026-05-11 06:17:01,31.27,68.85,1010.00,119.71,970,1.453,5600,19.0,25.0,26.0,YES,YES,DRUG_DELIVERY_IN_LPG_VOC+0.179ppm,805847.6,0,5.0,0.050,50
2026-05-11 06:17:12,31.27,68.85,1010.00,119.71,970,1.453,5600,20.0,28.0,29.0,YES,YES,DRUG_DELIVERY_IN_LPG_VOC+0.179ppm,805858.0,0,5.0,0.050,50
2026-05-11 06:17:22,31.27,68.85,1010.00,119.71,970,1.453,5600,19.0,29.0,29.0,YES,YES,DRUG_DELIVERY_IN_LPG_VOC+0.179ppm,805868.5,0,5.0,0.050,50
2026-05-11 06:17:32,31.27,68.85,1010.00,119.71,970,1.453,5600,20.0,29.0,30.0,YES,YES,DRUG_DELIVERY_IN_LPG_VOC+0.179ppm,805877.9,0,5.0,0.050,50

headache

2026-05-11 16:06:12,32.79,58.24,1006.00,198.61,6800,1000.000,5600,6.0,8.0,9.0,YES,YES,SCOPOLAMINE_IN_LPG_VOC+42.045ppm,841198.5,0,5.0,0.050,50
2026-05-11 16:06:22,32.79,58.24,1006.00,198.61,6800,1000.000,5600,6.0,8.0,10.0,YES,YES,SCOPOLAMINE_IN_LPG_VOC+42.045ppm,841207.9,0,5.0,0.050,50
2026-05-11 16:06:32,32.79,58.24,1006.00,198.61,6800,1000.000,5600,6.0,9.0,9.0,YES,YES,SCOPOLAMINE_IN_LPG_VOC+42.045ppm,841218.4,0,5.0,0.050,50
2026-05-11 16:06:42,32.79,58.24,1006.00,198.61,6800,1000.000,5600,7.0,9.0,9.0,YES,YES,SCOPOLAMINE_IN_LPG_VOC+42.045ppm,841228.8,0,5.0,0.050,50
2026-05-11 16:06:52,32.79,58.24,1006.00,198.61,6800,1000.000,5600,7.0,10.0,10.0,YES,YES,SCOPOLAMINE_IN_LPG_VOC+42.045ppm,841238.2,0,5.0,0.050,50
2026-05-11 16:07:02,32.79,58.24,1006.00,198.61,6800,1000.000,5600,5.0,9.0,11.0,YES,YES,SCOPOLAMINE_IN_LPG_VOC+42.045ppm,841248.6,0,5.0,0.050,50
2026-05-11 16:07:13,32.79,58.24,1006.00,198.61,6800,1000.000,5600,4.0,8.0,10.0,YES,YES,SCOPOLAMINE_IN_LPG_VOC+42.045ppm,841259.1,0,5.0,0.050,50
2026-05-11 16:07:22,32.79,58.24,1006.00,198.61,6800,1000.000,5600,5.0,8.0,8.0,YES,YES,SCOPOLAMINE_IN_LPG_VOC+42.045ppm,841268.5,0,5.0,0.050,50
2026-05-11 16:07:33,32.79,58.24,1006.00,198.61,6800,1000.000,5600,6.0,10.0,10.0,YES,YES,SCOPOLAMINE_IN_LPG_VOC+42.045ppm,841278.9,0,5.0,0.050,50
2026-05-11 16:07:42,32.79,58.24,1006.00,198.61,6800,1000.000,5600,7.0,11.0,12.0,YES,YES,SCOPOLAMINE_IN_LPG_VOC+42.045ppm,841288.3,0,5.0,0.050,50
2026-05-11 16:07:52,32.79,58.24,1006.00,198.61,6800,1000.000,5600,7.0,11.0,13.0,YES,YES,SCOPOLAMINE_IN_LPG_VOC+33.636ppm,841298.7,0,5.0,0.050,50
2026-05-11 16:08:03,32.79,58.24,1006.00,198.61,6800,1000.000,5600,6.0,10.0,11.0,YES,YES,SCOPOLAMINE_IN_LPG_VOC+33.636ppm,841309.2,0,5.0,0.050,50
2026-05-11 16:08:12,32.79,58.24,1006.00,198.61,6800,1000.000,5600,5.0,8.0,8.0,YES,YES,SCOPOLAMINE_IN_LPG_VOC+33.636ppm,841318.6,0,5.0,0.050,50
2026-05-11 16:08:23,32.79,58.24,1006.00,198.61,6800,1000.000,5600,6.0,8.0,8.0,YES,YES,SCOPOLAMINE_IN_LPG_VOC+33.636ppm,841329.0,0,5.0,0.050,50
PMS7003: Unknown error
2026-05-11 16:08:32,32.79,58.24,1006.00,198.61,6800,1000.000,5600,6.0,8.0,8.0,YES,YES,SCOPOLAMINE_IN_LPG_VOC+33.636ppm,841338.4,0,5.0,0.050,50
2026-05-11 16:08:42,32.79,58.24,1006.00,198.61,6800,1000.000,5600,6.0,9.0,10.0,YES,YES,SCOPOLAMINE_IN_LPG_VOC+33.636ppm,841348.8,0,5.0,0.050,50
2026-05-11 16:08:53,32.83,58.13,1006.00,198.60,6777,1000.000,5600,7.0,13.0,14.0,YES,YES,SCOPOLAMINE_IN_LPG_VOC+33.636ppm,841359.2,0,5.0,0.050,50
2026-05-11 16:09:02,32.83,58.13,1006.00,198.60,6777,1000.000,5600,7.0,13.0,15.0,YES,YES,SCOPOLAMINE_IN_LPG_VOC+33.636ppm,841368.6,0,5.0,0.050,50
2026-05-11 16:09:13,32.83,58.13,1006.00,198.60,6777,1000.000,5600,7.0,13.0,14.0,YES,YES,SCOPOLAMINE_IN_LPG_VOC+33.636ppm,841379.1,0,5.0,0.050,50
2026-05-11 16:09:23,32.83,58.13,1006.00,198.60,6777,1000.000,5600,7.0,12.0,14.0,YES,YES,SCOPOLAMINE_IN_LPG_VOC+33.636ppm,841389.5,0,5.0,0.050,50
2026-05-11 16:09:33,32.83,58.13,1006.00,198.60,6777,1000.000,5600,7.0,11.0,13.0,YES,YES,SCOPOLAMINE_IN_LPG_VOC+33.636ppm,841398.9,0,5.0,0.050,50
2026-05-11 16:09:43,32.83,58.13,1006.00,198.60,6777,1000.000,5600,7.0,9.0,12.0,YES,YES,SCOPOLAMINE_IN_LPG_VOC+33.636ppm,841409.3,0,5.0,0.050,50
2026-05-11 16:09:52,32.83,58.13,1006.00,198.60,6777,1000.000,5600,6.0,11.0,13.0,YES,YES,SCOPOLAMINE_IN_LPG_VOC+33.636ppm,841418.7,0,5.0,0.050,50
2026-05-11 16:10:03,32.83,58.13,1006.00,198.60,6777,1000.000,5600,6.0,9.0,12.0,YES,YES,SCOPOLAMINE_IN_LPG_VOC+33.636ppm,841429.2,0,5.0,0.050,50
2026-05-11 16:10:13,32.83,58.13,1006.00,198.60,6777,1000.000,5600,7.0,9.0,13.0,YES,YES,SCOPOLAMINE_IN_LPG_VOC+33.636ppm,841439.6,0,5.0,0.050,50

headache

2026-05-11 18:34:32,32.72,60.98,1007.00,194.22,6059,1000.000,5600,7.0,9.0,11.0,YES,YES,SCOPOLAMINE_IN_LPG_VOC+0.052ppm,850098.4,0,5.0,0.050,50
2026-05-11 18:34:42,32.72,60.98,1007.00,194.22,6059,1000.000,5600,5.0,9.0,10.0,YES,YES,SCOPOLAMINE_IN_LPG_VOC+0.052ppm,850108.8,0,5.0,0.050,50
2026-05-11 18:34:53,32.72,60.98,1007.00,194.22,6059,1000.000,5600,5.0,8.0,11.0,YES,YES,SCOPOLAMINE_IN_LPG_VOC+0.052ppm,850119.3,0,5.0,0.050,50
2026-05-11 18:35:02,32.72,60.98,1007.00,194.22,6059,1000.000,5600,6.0,9.0,13.0,YES,YES,SCOPOLAMINE_IN_LPG_VOC+0.052ppm,850128.7,0,5.0,0.050,50
2026-05-11 18:35:13,32.72,60.98,1007.00,194.22,6059,1000.000,5600,5.0,9.0,11.0,YES,YES,SCOPOLAMINE_IN_LPG_VOC+0.052ppm,850139.1,0,5.0,0.050,50
2026-05-11 18:35:23,32.72,60.98,1007.00,194.22,6059,1000.000,5600,5.0,10.0,12.0,YES,YES,SCOPOLAMINE_IN_LPG_VOC+0.052ppm,850149.5,0,5.0,0.050,50
2026-05-11 18:35:32,32.72,60.98,1007.00,194.22,6059,1000.000,5600,5.0,14.0,15.0,YES,YES,SCOPOLAMINE_IN_LPG_VOC+0.052ppm,850158.9,0,5.0,0.050,50
2026-05-11 18:35:43,32.72,60.98,1007.00,194.22,6059,1000.000,5600,5.0,11.0,12.0,YES,YES,SCOPOLAMINE_IN_LPG_VOC+0.052ppm,850169.4,0,5.0,0.050,50
2026-05-11 18:35:52,32.72,60.98,1007.00,194.22,6059,1000.000,5600,6.0,10.0,12.0,YES,YES,SCOPOLAMINE_IN_LPG_VOC+0.052ppm,850178.8,0,5.0,0.050,50
2026-05-11 18:36:03,32.72,60.98,1007.00,194.22,6059,1000.000,5600,5.0,10.0,12.0,YES,YES,SCOPOLAMINE_IN_LPG_VOC+0.052ppm,850189.2,0,5.0,0.050,50

headache

2026-05-11 19:17:31,32.66,62.17,1008.00,193.03,5862,1000.000,5600,10.0,19.0,20.0,YES,YES,SCOPOLAMINE_IN_LPG_VOC+0.009ppm,852677.7,0,5.0,0.050,50
2026-05-11 19:17:42,32.66,62.17,1008.00,193.03,5862,1000.000,5600,11.0,20.0,20.0,YES,YES,SCOPOLAMINE_IN_LPG_VOC+0.009ppm,852688.1,0,5.0,0.050,50
2026-05-11 19:17:51,32.66,62.17,1008.00,193.03,5862,1000.000,5600,11.0,19.0,21.0,YES,YES,SCOPOLAMINE_IN_LPG_VOC+0.009ppm,852697.5,0,5.0,0.050,50
2026-05-11 19:18:01,32.66,62.17,1008.00,193.03,5862,1000.000,5600,10.0,19.0,20.0,YES,YES,SCOPOLAMINE_IN_LPG_VOC+0.009ppm,852708.0,0,5.0,0.050,50
2026-05-11 19:18:11,32.66,62.17,1008.00,193.03,5862,1000.000,5600,9.0,18.0,19.0,YES,YES,SCOPOLAMINE_IN_LPG_VOC+0.009ppm,852717.4,0,5.0,0.050,50
2026-05-11 19:18:21,32.66,62.17,1008.00,193.03,5862,1000.000,5600,11.0,18.0,19.0,YES,YES,SCOPOLAMINE_IN_LPG_VOC+0.009ppm,852727.8,0,5.0,0.050,50
2026-05-11 19:18:32,32.66,62.17,1008.00,193.03,5862,1000.000,5600,11.0,19.0,21.0,YES,YES,SCOPOLAMINE_IN_LPG_VOC+0.007ppm,852738.2,0,5.0,0.050,50
2026-05-11 19:18:41,32.66,62.17,1008.00,193.03,5862,1000.000,5600,10.0,18.0,20.0,YES,YES,SCOPOLAMINE_IN_LPG_VOC+0.007ppm,852747.7,0,5.0,0.050,50
2026-05-11 19:18:52,32.66,62.17,1008.00,193.03,5862,1000.000,5600,8.0,18.0,19.0,YES,YES,SCOPOLAMINE_IN_LPG_VOC+0.007ppm,852758.1,0,5.0,0.050,50
2026-05-11 19:19:01,32.82,62.10,1008.00,192.50,5823,1000.000,5600,8.0,19.0,20.0,YES,YES,SCOPOLAMINE_IN_LPG_VOC+0.007ppm,852767.5,0,5.0,0.050,50
2026-05-11 19:19:11,32.82,62.10,1008.00,192.50,5823,1000.000,5600,8.0,19.0,19.0,YES,YES,SCOPOLAMINE_IN_LPG_VOC+0.007ppm,852777.9,0,5.0,0.050,50
2026-05-11 19:19:22,32.82,62.10,1008.00,192.50,5823,1000.000,5600,8.0,18.0,18.0,YES,YES,SCOPOLAMINE_IN_LPG_VOC+0.007ppm,852788.4,0,5.0,0.050,50
2026-05-11 19:19:31,32.82,62.10,1008.00,192.50,5823,1000.000,5600,9.0,19.0,20.0,YES,YES,SCOPOLAMINE_IN_LPG_VOC+0.007ppm,852797.8,0,5.0,0.050,50
2026-05-11 19:19:42,32.82,62.10,1008.00,192.50,5823,1000.000,5600,8.0,19.0,19.0,YES,YES,SCOPOLAMINE_IN_LPG_VOC+0.007ppm,852808.2,0,5.0,0.050,50

dose
2026-05-12 07:24:04,32.12,68.08,1009.00,187.27,3610,577.984,5600,8.0,16.0,17.0,YES,YES,SCOPOLAMINE_IN_LPG_VOC-91.115ppm,896270.3,0,5.0,0.050,50
2026-05-12 07:24:13,32.12,68.08,1009.00,187.27,3610,577.984,5600,8.0,17.0,18.0,YES,YES,SCOPOLAMINE_IN_LPG_VOC-91.115ppm,896279.7,0,5.0,0.050,50
2026-05-12 07:24:24,32.12,68.08,1009.00,187.27,3610,577.984,5600,9.0,16.0,19.0,YES,YES,SCOPOLAMINE_IN_LPG_VOC-91.115ppm,896290.1,0,5.0,0.050,50
2026-05-12 07:24:33,32.12,68.08,1009.00,187.27,3610,577.984,5600,9.0,16.0,18.0,YES,YES,SCOPOLAMINE_IN_LPG_VOC-91.115ppm,896299.5,0,5.0,0.050,50
2026-05-12 07:24:44,32.12,68.08,1009.00,187.27,3610,577.984,5600,9.0,16.0,19.0,YES,YES,SCOPOLAMINE_IN_LPG_VOC-91.115ppm,896310.0,0,5.0,0.050,50
2026-05-12 07:24:54,32.12,68.08,1009.00,187.27,3610,577.984,5600,8.0,17.0,20.0,YES,YES,SCOPOLAMINE_IN_LPG_VOC-91.115ppm,896320.4,0,5.0,0.050,50
2026-05-12 07:25:04,32.48,67.48,1009.00,186.01,3571,528.724,5600,9.0,17.0,19.0,YES,YES,SCOPOLAMINE_IN_LPG_VOC-140.375ppm,896329.8,0,5.0,0.050,50
2026-05-12 07:25:14,32.48,67.48,1009.00,186.01,3571,528.724,5600,9.0,17.0,18.0,YES,YES,SCOPOLAMINE_IN_LPG_VOC-140.375ppm,896340.2,0,5.0,0.050,50
2026-05-12 07:25:24,32.48,67.48,1009.00,186.01,3571,528.724,5600,13.0,22.0,23.0,YES,YES,SCOPOLAMINE_IN_LPG_VOC-140.375ppm,896350.7,0,5.0,0.050,50
2026-05-12 07:25:34,32.48,67.48,1009.00,186.01,3571,528.724,5600,10.0,20.0,20.0,YES,YES,SCOPOLAMINE_IN_LPG_VOC-140.375ppm,896360.1,0,5.0,0.050,50
üíæ Baseline state saved to EEPROM
üíæ SAVED - IAQ: 5.0, VOC: 0.050 ppm, CO2: 50 ppm

=== SPIKE HISTORY ===
2026-05-12 07:25:44,32.48,67.48,1009.00,186.01,3571,528.724,5600,8.0,18.0,20.0,YES,YES,SCOPOLAMINE_IN_LPG_VOC-140.375ppm,896370.5,0,5.0,0.050,50
2026-05-12 07:25:54,32.48,67.48,1009.00,186.01,3571,528.724,5600,7.0,17.0,20.0,YES,YES,SCOPOLAMINE_IN_LPG_VOC-140.375ppm,896379.9,0,5.0,0.050,50
2026-05-12 07:26:04,32.48,67.48,1009.00,186.01,3571,528.724,5600,6.0,15.0,17.0,YES,YES,SCOPOLAMINE_IN_LPG_VOC-112.300ppm,896390.4,0,5.0,0.050,50
2026-05-12 07:26:15,32.48,67.48,1009.00,186.01,3571,528.724,5600,9.0,14.0,17.0,YES,YES,SCOPOLAMINE_IN_LPG_VOC-112.300ppm,896400.8,0,5.0,0.050,50
2026-05-12 07:26:24,32.48,67.48,1009.00,186.01,3571,528.724,5600,9.0,15.0,18.0,YES,YES,SCOPOLAMINE_IN_LPG_VOC-112.300ppm,896410.2,0,5.0,0.050,50
2026-05-12 07:26:34,32.48,67.48,1009.00,186.01,3571,528.724,5600,9.0,16.0,19.0,YES,YES,SCOPOLAMINE_IN_LPG_VOC-112.300ppm,896420.6,0,5.0,0.050,50
2026-05-12 07:26:44,32.48,67.48,1009.00,186.01,3571,528.724,5600,7.0,15.0,18.0,YES,YES,SCOPOLAMINE_IN_LPG_VOC-112.300ppm,896430.0,0,5.0,0.050,50
2026-05-12 07:26:54,32.48,67.48,1009.00,186.01,3571,528.724,5600,9.0,17.0,18.0,YES,YES,SCOPOLAMINE_IN_LPG_VOC-112.300ppm,896440.5,0,5.0,0.050,50
2026-05-12 07:27:05,32.48,67.48,1009.00,186.01,3571,528.724,5600,9.0,17.0,19.0,YES,YES,SCOPOLAMINE_IN_LPG_VOC-112.300ppm,896450.9,0,5.0,0.050,50
2026-05-12 07:27:14,32.48,67.48,1009.00,186.01,3571,528.724,5600,8.0,17.0,19.0,YES,YES,SCOPOLAMINE_IN_LPG_VOC-112.300ppm,896460.3,0,5.0,0.050,50
2026-05-12 07:27:24,32.48,67.48,1009.00,186.01,3571,528.724,5600,7.0,15.0,19.0,YES,YES,SCOPOLAMINE_IN_LPG_VOC-112.300ppm,896470.7,0,5.0,0.050,50

chem teeth

2026-05-12 10:53:16,32.97,61.42,1008.00,195.13,3342,314.691,5600,7.0,13.0,14.0,YES,YES,SCOPOLAMINE_IN_LPG_VOC-4.873ppm,908822.7,0,5.0,0.050,50
2026-05-12 10:53:27,32.97,61.42,1008.00,195.13,3342,314.691,5600,8.0,13.0,15.0,YES,YES,SCOPOLAMINE_IN_LPG_VOC-4.873ppm,908833.2,0,5.0,0.050,50
2026-05-12 10:53:36,32.97,61.42,1008.00,195.13,3342,314.691,5600,7.0,11.0,13.0,YES,YES,SCOPOLAMINE_IN_LPG_VOC-4.873ppm,908842.6,0,5.0,0.050,50
2026-05-12 10:53:47,32.97,61.42,1008.00,195.13,3342,314.691,5600,6.0,10.0,11.0,YES,YES,SCOPOLAMINE_IN_LPG_VOC-4.873ppm,908853.0,0,5.0,0.050,50
2026-05-12 10:53:57,32.97,61.42,1008.00,195.13,3342,314.691,5600,6.0,11.0,11.0,YES,YES,SCOPOLAMINE_IN_LPG_VOC-4.873ppm,908863.4,0,5.0,0.050,50
2026-05-12 10:54:07,32.97,61.42,1008.00,195.13,3342,314.691,5600,6.0,9.0,9.0,YES,YES,SCOPOLAMINE_IN_LPG_VOC-4.873ppm,908872.8,0,5.0,0.050,50
2026-05-12 10:54:17,32.97,61.42,1008.00,195.13,3342,314.691,5600,7.0,10.0,11.0,YES,YES,SCOPOLAMINE_IN_LPG_VOC-4.873ppm,908883.3,0,5.0,0.050,50
2026-05-12 10:54:26,32.97,61.42,1008.00,195.13,3342,314.691,5600,8.0,11.0,13.0,YES,YES,SCOPOLAMINE_IN_LPG_VOC-4.873ppm,908892.7,0,5.0,0.050,50
2026-05-12 10:54:37,32.97,61.42,1008.00,195.13,3342,314.691,5600,7.0,10.0,11.0,YES,YES,SCOPOLAMINE_IN_LPG_VOC-4.873ppm,908903.1,0,5.0,0.050,50
2026-05-12 10:54:47,32.97,61.42,1008.00,195.13,3342,314.691,5600,7.0,13.0,14.0,YES,YES,SCOPOLAMINE_IN_LPG_VOC-4.873ppm,908913.5,0,5.0,0.050,50
2026-05-12 10:54:57,32.97,61.42,1008.00,195.13,3342,314.691,5600,7.0,14.0,14.0,YES,YES,SCOPOLAMINE_IN_LPG_VOC-4.873ppm,908922.9,0,5.0,0.050,50
2026-05-12 10:55:07,32.97,61.42,1008.00,195.13,3342,314.691,5600,9.0,16.0,16.0,YES,YES,SCOPOLAMINE_IN_LPG_VOC-4.873ppm,908933.3,0,5.0,0.050,50
2026-05-12 10:55:18,33.13,61.12,1008.00,194.61,3322,300.732,5600,9.0,16.0,16.0,YES,YES,SCOPOLAMINE_IN_LPG_VOC-18.831ppm,908943.8,0,5.0,0.050,50
2026-05-12 10:55:27,33.13,61.12,1008.00,194.61,3322,300.732,5600,7.0,14.0,15.0,YES,YES,SCOPOLAMINE_IN_LPG_VOC-18.831ppm,908953.2,0,5.0,0.050,50
2026-05-12 10:55:37,33.13,61.12,1008.00,194.61,3322,300.732,5600,9.0,16.0,16.0,YES,YES,SCOPOLAMINE_IN_LPG_VOC-18.831ppm,908963.6,0,5.0,0.050,50
2026-05-12 10:55:47,33.13,61.12,1008.00,194.61,3322,300.732,5600,9.0,16.0,16.0,YES,YES,SCOPOLAMINE_IN_LPG_VOC-18.831ppm,908973.0,0,5.0,0.050,50
2026-05-12 10:55:57,33.13,61.12,1008.00,194.61,3322,300.732,5600,9.0,16.0,16.0,YES,YES,SCOPOLAMINE_IN_LPG_VOC-18.831ppm,908983.4,0,5.0,0.050,50
2026-05-12 10:56:08,33.13,61.12,1008.00,194.61,3322,300.732,5600,7.0,15.0,15.0,YES,YES,SCOPOLAMINE_IN_LPG_VOC-18.831ppm,908993.9,0,5.0,0.050,50
2026-05-12 10:56:17,33.13,61.12,1008.00,194.61,3322,300.732,5600,8.0,16.0,16.0,YES,YES,SCOPOLAMINE_IN_LPG_VOC-18.831ppm,909003.3,0,5.0,0.050,50
2026-05-12 10:56:27,33.13,61.12,1008.00,194.61,3322,300.732,5600,7.0,14.0,15.0,YES,YES,SCOPOLAMINE_IN_LPG_VOC-18.831ppm,909013.7,0,5.0,0.050,50

headache, teeth

2026-05-12 16:15:25,33.56,57.66,1004.00,190.42,2847,102.453,5600,10.0,20.0,20.0,YES,YES,SCOPOLAMINE_IN_LPG_VOC+0.074ppm,928151.5,0,5.0,0.050,50
2026-05-12 16:15:35,33.56,57.66,1004.00,190.42,2847,102.453,5600,11.0,21.0,22.0,YES,YES,SCOPOLAMINE_IN_LPG_VOC+0.074ppm,928160.9,0,5.0,0.050,50
2026-05-12 16:15:45,33.80,57.70,1004.00,188.22,2802,92.536,5600,10.0,20.0,21.0,YES,YES,SCOPOLAMINE_IN_LPG_VOC-9.843ppm,928171.4,0,5.0,0.050,50
2026-05-12 16:15:55,33.80,57.70,1004.00,188.22,2802,92.536,5600,10.0,19.0,21.0,YES,YES,SCOPOLAMINE_IN_LPG_VOC-9.843ppm,928180.8,0,5.0,0.050,50
2026-05-12 16:16:05,33.80,57.70,1004.00,188.22,2802,92.536,5600,11.0,19.0,22.0,YES,YES,SCOPOLAMINE_IN_LPG_VOC-9.843ppm,928191.2,0,5.0,0.050,50
2026-05-12 16:16:15,33.80,57.70,1004.00,188.22,2802,92.536,5600,10.0,19.0,21.0,YES,YES,SCOPOLAMINE_IN_LPG_VOC-9.843ppm,928201.6,0,5.0,0.050,50
2026-05-12 16:16:25,33.80,57.70,1004.00,188.22,2802,92.536,5600,9.0,19.0,20.0,YES,YES,SCOPOLAMINE_IN_LPG_VOC-9.843ppm,928211.0,0,5.0,0.050,50
2026-05-12 16:16:35,33.80,57.70,1004.00,188.22,2802,92.536,5600,9.0,19.0,20.0,YES,YES,SCOPOLAMINE_IN_LPG_VOC-9.843ppm,928221.5,0,5.0,0.050,50
2026-05-12 16:16:45,33.80,57.70,1004.00,188.22,2802,92.536,5600,9.0,18.0,19.0,YES,YES,SCOPOLAMINE_IN_LPG_VOC-9.843ppm,928230.9,0,5.0,0.050,50
2026-05-12 16:16:55,33.80,57.70,1004.00,188.22,2802,92.536,5600,10.0,18.0,19.0,YES,YES,SCOPOLAMINE_IN_LPG_VOC-9.843ppm,928241.3,0,5.0,0.050,50
2026-05-12 16:17:06,33.80,57.70,1004.00,188.22,2802,92.536,5600,10.0,18.0,21.0,YES,YES,SCOPOLAMINE_IN_LPG_VOC-9.843ppm,928251.7,0,5.0,0.050,50
2026-05-12 16:17:15,33.80,57.70,1004.00,188.22,2802,92.536,5600,11.0,20.0,22.0,YES,YES,SCOPOLAMINE_IN_LPG_VOC-9.843ppm,928261.1,0,5.0,0.050,50
2026-05-12 16:17:25,33.80,57.70,1004.00,188.22,2802,92.536,5600,8.0,19.0,20.0,YES,YES,SCOPOLAMINE_IN_LPG_VOC-9.843ppm,928271.6,0,5.0,0.050,50
2026-05-12 16:17:36,33.80,57.70,1004.00,188.22,2802,92.536,5600,8.0,19.0,19.0,YES,YES,SCOPOLAMINE_IN_LPG_VOC-9.843ppm,928282.0,0,5.0,0.050,50
2026-05-12 16:17:45,33.80,57.70,1004.00,188.22,2802,92.536,5600,9.0,19.0,20.0,YES,YES,SCOPOLAMINE_IN_LPG_VOC-9.843ppm,928291.4,0,5.0,0.050,50
2026-05-12 16:17:56,33.80,57.70,1004.00,188.22,2802,92.536,5600,10.0,19.0,19.0,YES,YES,SCOPOLAMINE_IN_LPG_VOC-7.874ppm,928301.8,0,5.0,0.050,50
2026-05-12 16:18:05,33.80,57.70,1004.00,188.22,2802,92.536,5600,11.0,19.0,19.0,YES,YES,SCOPOLAMINE_IN_LPG_VOC-7.874ppm,928311.2,0,5.0,0.050,50
2026-05-12 16:18:15,33.80,57.70,1004.00,188.22,2802,92.536,5600,8.0,17.0,18.0,YES,YES,SCOPOLAMINE_IN_LPG_VOC-7.874ppm,928321.7,0,5.0,0.050,50
2026-05-12 16:18:26,33.80,57.70,1004.00,188.22,2802,92.536,5600,8.0,18.0,19.0,YES,YES,SCOPOLAMINE_IN_LPG_VOC-7.874ppm,928332.1,0,5.0,0.050,50
2026-05-12 16:18:35,33.80,57.70,1004.00,188.22,2802,92.536,5600,8.0,18.0,20.0,YES,YES,SCOPOLAMINE_IN_LPG_VOC-7.874ppm,928341.5,0,5.0,0.050,50
2026-05-12 16:18:46,33.80,57.70,1004.00,188.22,2802,92.536,5600,9.0,19.0,21.0,YES,YES,SCOPOLAMINE_IN_LPG_VOC-7.874ppm,928351.9,0,5.0,0.050,50
2026-05-12 16:18:56,33.80,57.70,1004.00,188.22,2802,92.536,5600,9.0,18.0,19.0,YES,YES,SCOPOLAMINE_IN_LPG_VOC-7.874ppm,928362.4,0,5.0,0.050,50
2026-05-12 16:19:06,33.80,57.70,1004.00,188.22,2802,92.536,5600,8.0,17.0,17.0,YES,YES,SCOPOLAMINE_IN_LPG_VOC-7.874ppm,928371.8,0,5.0,0.050,50
2026-05-12 16:19:16,33.80,57.70,1004.00,188.22,2802,92.536,5600,8.0,18.0,18.0,YES,YES,SCOPOLAMINE_IN_LPG_VOC-7.874ppm,928382.2,0,5.0,0.050,50
2026-05-12 16:19:25,33.80,57.70,1004.00,188.22,2802,92.536,5600,8.0,18.0,18.0,YES,YES,SCOPOLAMINE_IN_LPG_VOC-7.874ppm,928391.6,0,5.0,0.050,50
2026-05-12 16:19:36,33.80,57.70,1004.00,188.22,2802,92.536,5600,10.0,19.0,19.0,YES,YES,SCOPOLAMINE_IN_LPG_VOC-7.874ppm,928402.0,0,5.0,0.050,50
2026-05-12 16:19:46,33.80,57.70,1004.00,188.22,2802,92.536,5600,8.0,19.0,19.0,YES,YES,SCOPOLAMINE_IN_LPG_VOC-7.874ppm,928412.5,0,5.0,0.050,50
2026-05-12 16:19:56,33.80,57.70,1004.00,188.22,2802,92.536,5600,9.0,19.0,19.0,YES,YES,SCOPOLAMINE_IN_LPG_VOC-7.874ppm,928421.9,0,5.0,0.050,50
2026-05-12 16:20:06,33.80,57.70,1004.00,188.22,2802,92.536,5600,7.0,18.0,18.0,YES,YES,SCOPOLAMINE_IN_LPG_VOC-7.874ppm,928432.3,0,5.0,0.050,50
2026-05-12 16:20:15,33.80,57.70,1004.00,188.22,2802,92.536,5600,9.0,19.0,20.0,YES,YES,SCOPOLAMINE_IN_LPG_VOC-7.874ppm,928441.7,0,5.0,0.050,50
2026-05-12 16:20:26,33.80,57.70,1004.00,188.22,2802,92.536,5600,7.0,19.0,20.0,YES,YES,SCOPOLAMINE_IN_LPG_VOC-7.874ppm,928452.1,0,5.0,0.050,50
2026-05-12 16:20:36,33.80,57.70,1004.00,188.22,2802,92.536,5600,7.0,18.0,18.0,YES,YES,SCOPOLAMINE_IN_LPG_VOC-7.874ppm,928462.6,0,5.0,0.050,50
2026-05-12 16:20:46,33.74,58.37,1004.00,186.79,2771,86.133,5600,8.0,17.0,18.0,YES,YES,SCOPOLAMINE_IN_LPG_VOC-14.277ppm,928472.0,0,5.0,0.050,50
2026-05-12 16:20:56,33.74,58.37,1004.00,186.79,2771,86.133,5600,8.0,17.0,18.0,YES,YES,SCOPOLAMINE_IN_LPG_VOC-14.277ppm,928482.4,0,5.0,0.050,50
2026-05-12 16:21:07,33.74,58.37,1004.00,186.79,2771,86.133,5600,8.0,17.0,19.0,YES,YES,SCOPOLAMINE_IN_LPG_VOC-14.277ppm,928492.8,0,5.0,0.050,50
2026-05-12 16:21:16,33.74,58.37,1004.00,186.79,2771,86.133,5600,8.0,16.0,18.0,YES,YES,SCOPOLAMINE_IN_LPG_VOC-14.277ppm,928502.2,0,5.0,0.050,50
2026-05-12 16:21:26,33.74,58.37,1004.00,186.79,2771,86.133,5600,9.0,17.0,18.0,YES,YES,SCOPOLAMINE_IN_LPG_VOC-14.277ppm,928512.7,0,5.0,0.050,50
2026-05-12 16:21:36,33.74,58.37,1004.00,186.79,2771,86.133,5600,9.0,17.0,18.0,YES,YES,SCOPOLAMINE_IN_LPG_VOC-14.277ppm,928522.1,0,5.0,0.050,50
2026-05-12 16:21:46,33.74,58.37,1004.00,186.79,2771,86.133,5600,9.0,16.0,18.0,YES,YES,SCOPOLAMINE_IN_LPG_VOC-14.277ppm,928532.5,0,5.0,0.050,50
2026-05-12 16:21:57,33.74,58.37,1004.00,186.79,2771,86.133,5600,8.0,16.0,18.0,YES,YES,SCOPOLAMINE_IN_LPG_VOC-14.277ppm,928542.9,0,5.0,0.050,50
2026-05-12 16:22:06,33.74,58.37,1004.00,186.79,2771,86.133,5600,6.0,16.0,17.0,YES,YES,SCOPOLAMINE_IN_LPG_VOC-14.277ppm,928552.3,0,5.0,0.050,50
2026-05-12 16:22:17,33.74,58.37,1004.00,186.79,2771,86.133,5600,6.0,15.0,15.0,YES,YES,SCOPOLAMINE_IN_LPG_VOC-14.277ppm,928562.7,0,5.0,0.050,50
2026-05-12 16:22:26,33.74,58.37,1004.00,186.79,2771,86.133,5600,7.0,16.0,16.0,YES,YES,SCOPOLAMINE_IN_LPG_VOC-14.277ppm,928572.1,0,5.0,0.050,50
2026-05-12 16:22:36,33.74,58.37,1004.00,186.79,2771,86.133,5600,6.0,13.0,13.0,YES,YES,SCOPOLAMINE_IN_LPG_VOC-14.277ppm,928582.6,0,5.0,0.050,50

chem teeth

2026-05-13 14:30:33,34.01,59.57,1003.00,186.52,1478,4.594,5600,5.0,9.0,9.0,YES,YES,DRUG_DELIVERY_IN_LPG_VOC-0.096ppm,1008259.3,0,5.0,0.050,50
2026-05-13 14:30:44,34.01,59.57,1003.00,186.52,1478,4.594,5600,5.0,8.0,8.0,YES,YES,DRUG_DELIVERY_IN_LPG_VOC-0.096ppm,1008269.7,0,5.0,0.050,50
2026-05-13 14:30:53,34.01,59.57,1003.00,186.52,1478,4.594,5600,5.0,9.0,9.0,YES,YES,DRUG_DELIVERY_IN_LPG_VOC-0.096ppm,1008279.1,0,5.0,0.050,50
2026-05-13 14:31:04,34.01,59.57,1003.00,186.52,1478,4.594,5600,5.0,7.0,7.0,YES,YES,DRUG_DELIVERY_IN_LPG_VOC-0.096ppm,1008289.5,0,5.0,0.050,50
2026-05-13 14:31:14,34.01,59.57,1003.00,186.52,1478,4.594,5600,6.0,11.0,11.0,YES,YES,DRUG_DELIVERY_IN_LPG_VOC-0.096ppm,1008300.0,0,5.0,0.050,50
2026-05-13 14:31:23,34.01,59.57,1003.00,186.52,1478,4.594,5600,6.0,10.0,10.0,YES,YES,DRUG_DELIVERY_IN_LPG_VOC-0.096ppm,1008309.4,0,5.0,0.050,50
2026-05-13 14:31:34,34.01,59.57,1003.00,186.52,1478,4.594,5600,4.0,6.0,6.0,YES,YES,DRUG_DELIVERY_IN_LPG_VOC-0.096ppm,1008319.8,0,5.0,0.050,50
PMS7003: Unknown error
2026-05-13 14:31:43,34.01,59.57,1003.00,186.52,1478,4.594,5600,4.0,6.0,6.0,YES,YES,DRUG_DELIVERY_IN_LPG_VOC-0.096ppm,1008329.2,0,5.0,0.050,50
2026-05-13 14:31:54,34.01,59.57,1003.00,186.52,1478,4.594,5600,7.0,10.0,10.0,YES,YES,DRUG_DELIVERY_IN_LPG_VOC-0.096ppm,1008339.6,0,5.0,0.050,50
2026-05-13 14:32:04,34.01,59.57,1003.00,186.52,1478,4.594,5600,7.0,10.0,12.0,YES,YES,DRUG_DELIVERY_IN_LPG_VOC-0.096ppm,1008350.1,0,5.0,0.050,50
2026-05-13 14:32:14,34.01,59.57,1003.00,186.52,1478,4.594,5600,6.0,9.0,9.0,YES,YES,DRUG_DELIVERY_IN_LPG_VOC-0.096ppm,1008359.4,0,5.0,0.050,50
2026-05-13 14:32:24,34.01,59.57,1003.00,186.52,1478,4.594,5600,5.0,8.0,8.0,YES,YES,DRUG_DELIVERY_IN_LPG_VOC-0.096ppm,1008369.9,0,5.0,0.050,50
2026-05-13 14:32:34,34.01,59.57,1003.00,186.52,1478,4.594,5600,6.0,8.0,8.0,YES,YES,DRUG_DELIVERY_IN_LPG_VOC-0.077ppm,1008380.3,0,5.0,0.050,50
2026-05-13 14:32:44,34.01,59.57,1003.00,186.52,1478,4.594,5600,6.0,8.0,8.0,YES,YES,DRUG_DELIVERY_IN_LPG_VOC-0.077ppm,1008389.7,0,5.0,0.050,50
2026-05-13 14:32:54,34.37,58.99,1003.00,182.93,1449,4.301,5600,4.0,6.0,7.0,YES,YES,DRUG_DELIVERY_IN_LPG_VOC-0.370ppm,1008400.1,0,5.0,0.050,50

stronh sedative

2026-05-14 23:33:20,33.61,65.19,1004.00,199.24,5938,1000.000,5600,0.0,2.0,2.0,YES,YES,SCOPOLAMINE_IN_LPG_VOC+409.533ppm,1127225.4,0,5.0,0.050,50
2026-05-14 23:33:30,33.61,65.19,1004.00,199.24,5938,1000.000,5600,1.0,3.0,3.0,YES,YES,SCOPOLAMINE_IN_LPG_VOC+409.533ppm,1127235.9,0,5.0,0.050,50
2026-05-14 23:33:40,33.61,65.19,1004.00,199.24,5938,1000.000,5600,2.0,3.0,3.0,YES,YES,SCOPOLAMINE_IN_LPG_VOC+409.533ppm,1127246.3,0,5.0,0.050,50
2026-05-14 23:33:50,33.61,65.19,1004.00,199.24,5938,1000.000,5600,1.0,2.0,3.0,YES,YES,SCOPOLAMINE_IN_LPG_VOC+409.533ppm,1127255.7,0,5.0,0.050,50
2026-05-14 23:34:00,33.61,65.19,1004.00,199.24,5938,1000.000,5600,2.0,3.0,4.0,YES,YES,SCOPOLAMINE_IN_LPG_VOC+409.533ppm,1127266.2,0,5.0,0.050,50
2026-05-14 23:34:10,33.61,65.19,1004.00,199.24,5938,1000.000,5600,1.0,2.0,4.0,YES,YES,SCOPOLAMINE_IN_LPG_VOC+409.533ppm,1127275.5,0,5.0,0.050,50
2026-05-14 23:34:20,33.61,65.19,1004.00,199.24,5938,1000.000,5600,1.0,3.0,4.0,YES,YES,SCOPOLAMINE_IN_LPG_VOC+409.533ppm,1127286.0,0,5.0,0.050,50
2026-05-14 23:34:31,33.61,65.19,1004.00,199.24,5938,1000.000,5600,1.0,2.0,3.0,YES,YES,SCOPOLAMINE_IN_LPG_VOC+327.626ppm,1127296.4,0,5.0,0.050,50
2026-05-14 23:34:40,33.61,65.19,1004.00,199.24,5938,1000.000,5600,1.0,2.0,3.0,YES,YES,SCOPOLAMINE_IN_LPG_VOC+327.626ppm,1127305.8,0,5.0,0.050,50
2026-05-14 23:34:50,33.61,65.19,1004.00,199.24,5938,1000.000,5600,1.0,2.0,3.0,YES,YES,SCOPOLAMINE_IN_LPG_VOC+327.626ppm,1127316.3,0,5.0,0.050,50
2026-05-14 23:35:01,33.61,65.19,1004.00,199.24,5938,1000.000,5600,1.0,2.0,3.0,YES,YES,SCOPOLAMINE_IN_LPG_VOC+327.626ppm,1127326.7,0,5.0,0.050,50

another dose - makes you feverish

2026-05-14 23:48:13,34.22,64.22,1004.00,197.92,5834,1000.000,5600,0.0,3.0,3.0,YES,YES,SCOPOLAMINE_IN_LPG_VOC+209.681ppm,1128118.9,0,5.0,0.050,50
2026-05-14 23:48:23,34.22,64.22,1004.00,197.92,5834,1000.000,5600,1.0,3.0,3.0,YES,YES,SCOPOLAMINE_IN_LPG_VOC+209.681ppm,1128129.3,0,5.0,0.050,50
2026-05-14 23:48:33,34.22,64.22,1004.00,197.92,5834,1000.000,5600,1.0,3.0,3.0,YES,YES,SCOPOLAMINE_IN_LPG_VOC+209.681ppm,1128138.7,0,5.0,0.050,50
2026-05-14 23:48:43,34.22,64.22,1004.00,197.92,5834,1000.000,5600,1.0,3.0,3.0,YES,YES,SCOPOLAMINE_IN_LPG_VOC+209.681ppm,1128149.2,0,5.0,0.050,50
2026-05-14 23:48:54,34.22,64.22,1004.00,197.92,5834,1000.000,5600,0.0,3.0,3.0,YES,YES,SCOPOLAMINE_IN_LPG_VOC+209.681ppm,1128159.6,0,5.0,0.050,50
2026-05-14 23:49:03,34.22,64.22,1004.00,197.92,5834,1000.000,5600,1.0,3.0,3.0,YES,YES,SCOPOLAMINE_IN_LPG_VOC+209.681ppm,1128169.0,0,5.0,0.050,50
2026-05-14 23:49:13,34.22,64.22,1004.00,197.92,5834,1000.000,5600,0.0,2.0,2.0,YES,YES,SCOPOLAMINE_IN_LPG_VOC+209.681ppm,1128179.4,0,5.0,0.050,50
2026-05-14 23:49:23,34.22,64.22,1004.00,197.92,5834,1000.000,5600,1.0,4.0,4.0,YES,YES,SCOPOLAMINE_IN_LPG_VOC+209.681ppm,1128188.8,0,5.0,0.050,50
2026-05-14 23:49:33,34.22,64.22,1004.00,197.92,5834,1000.000,5600,1.0,4.0,4.0,YES,YES,SCOPOLAMINE_IN_LPG_VOC+167.745ppm,1128199.3,0,5.0,0.050,50
2026-05-14 23:49:44,34.22,64.22,1004.00,197.92,5834,1000.000,5600,1.0,4.0,4.0,YES,YES,SCOPOLAMINE_IN_LPG_VOC+167.745ppm,1128209.7,0,5.0,0.050,50
2026-05-14 23:49:53,34.22,64.22,1004.00,197.92,5834,1000.000,5600,0.0,3.0,3.0,YES,YES,SCOPOLAMINE_IN_LPG_VOC+167.745ppm,1128219.1,0,5.0,0.050,50
2026-05-14 23:50:04,34.22,64.22,1004.00,197.92,5834,1000.000,5600,1.0,3.0,3.0,YES,YES,SCOPOLAMINE_IN_LPG_VOC+167.745ppm,1128229.5,0,5.0,0.050,50
2026-05-14 23:50:13,34.22,64.22,1004.00,197.92,5834,1000.000,5600,1.0,3.0,3.0,YES,YES,SCOPOLAMINE_IN_LPG_VOC+167.745ppm,1128238.9,0,5.0,0.050,50
2026-05-14 23:50:23,34.22,64.22,1004.00,197.92,5834,1000.000,5600,1.0,3.0,3.0,YES,YES,SCOPOLAMINE_IN_LPG_VOC+167.745ppm,1128249.4,0,5.0,0.050,50
2026-05-14 23:50:34,34.43,63.53,1004.00,197.91,5815,1000.000,5600,1.0,3.0,4.0,YES,YES,SCOPOLAMINE_IN_LPG_VOC+167.745ppm,1128259.8,0,5.0,0.050,50
2026-05-14 23:50:43,34.43,63.53,1004.00,197.91,5815,1000.000,5600,1.0,3.0,4.0,YES,YES,SCOPOLAMINE_IN_LPG_VOC+167.745ppm,1128269.2,0,5.0,0.050,50
2026-05-14 23:50:54,34.43,63.53,1004.00,197.91,5815,1000.000,5600,1.0,4.0,4.0,YES,YES,SCOPOLAMINE_IN_LPG_VOC+167.745ppm,1128279.6,0,5.0,0.050,50
2026-05-14 23:51:04,34.43,63.53,1004.00,197.91,5815,1000.000,5600,1.0,3.0,3.0,YES,YES,SCOPOLAMINE_IN_LPG_VOC+167.745ppm,1128290.1,0,5.0,0.050,50
2026-05-14 23:51:14,34.43,63.53,1004.00,197.91,5815,1000.000,5600,0.0,2.0,2.0,YES,YES,SCOPOLAMINE_IN_LPG_VOC+167.745ppm,1128299.5,0,5.0,0.050,50
2026-05-14 23:51:24,34.43,63.53,1004.00,197.91,5815,1000.000,5600,1.0,2.0,2.0,YES,YES,SCOPOLAMINE_IN_LPG_VOC+167.745ppm,1128309.9,0,5.0,0.050,50
2026-05-14 23:51:33,34.43,63.53,1004.00,197.91,5815,1000.000,5600,1.0,2.0,2.0,YES,YES,SCOPOLAMINE_IN_LPG_VOC+167.745ppm,1128319.3,0,5.0,0.050,50
2026-05-14 23:51:44,34.43,63.53,1004.00,197.91,5815,1000.000,5600,1.0,3.0,3.0,YES,YES,SCOPOLAMINE_IN_LPG_VOC+167.745ppm,1128329.7,0,5.0,0.050,50
2026-05-14 23:51:54,34.43,63.53,1004.00,197.91,5815,1000.000,5600,1.0,3.0,3.0,YES,YES,SCOPOLAMINE_IN_LPG_VOC+167.745ppm,1128340.2,0,5.0,0.050,50
2026-05-14 23:52:04,34.43,63.53,1004.00,197.91,5815,1000.000,5600,1.0,3.0,3.0,YES,YES,SCOPOLAMINE_IN_LPG_VOC+167.745ppm,1128349.5,0,5.0,0.050,50
2026-05-14 23:52:14,34.43,63.53,1004.00,197.91,5815,1000.000,5600,0.0,1.0,1.0,YES,YES,SCOPOLAMINE_IN_LPG_VOC+167.745ppm,1128360.0,0,5.0,0.050,50
PMS7003: Unknown error
2026-05-14 23:52:23,34.43,63.53,1004.00,197.91,5815,1000.000,5600,0.0,1.0,1.0,YES,YES,SCOPOLAMINE_IN_LPG_VOC+167.745ppm,1128369.4,0,5.0,0.050,50

bappa in dining room - chheks - discomfoprt in chest - bad feeling
üíÄüö®üíÄüö®üíÄüö® IAQ_ANOMALY_NO_VOC - IMMEDIATE EVACUATION REQUIRED!
2026-05-15 14:24:23,34.98,62.95,1002.00,196.11,4197,1000.000,5600,2.0,5.0,5.0,YES,YES,IAQ_ANOMALY_NO_VOC_IAQ:196.1_VOC:1000.000,1180688.8,0,5.0,0.050,50
üíÄüö®üíÄüö®üíÄüö® IAQ_ANOMALY_NO_VOC - IMMEDIATE EVACUATION REQUIRED!
2026-05-15 14:24:33,34.98,62.95,1002.00,196.11,4197,1000.000,5600,2.0,5.0,5.0,YES,YES,IAQ_ANOMALY_NO_VOC_IAQ:196.1_VOC:1000.000,1180699.2,0,5.0,0.050,50
2026-05-15 14:24:43,34.98,62.95,1002.00,196.11,4197,1000.000,5600,3.0,6.0,7.0,YES,YES,IAQ_ANOMALY_NO_VOC_IAQ:196.1_VOC:1000.000,1180708.6,0,5.0,0.050,50
üíÄüö®üíÄüö®üíÄüö® IAQ_ANOMALY_NO_VOC - IMMEDIATE EVACUATION REQUIRED!
2026-05-15 14:24:53,34.98,62.95,1002.00,196.11,4197,1000.000,5600,1.0,5.0,5.0,YES,YES,IAQ_ANOMALY_NO_VOC_IAQ:196.1_VOC:1000.000,1180719.1,0,5.0,0.050,50
2026-05-15 14:25:03,34.98,62.95,1002.00,196.11,4197,1000.000,5600,1.0,6.0,6.0,YES,YES,IAQ_ANOMALY_NO_VOC_IAQ:196.1_VOC:1000.000,1180728.5,0,5.0,0.050,50
üíÄüö®üíÄüö®üíÄüö® IAQ_ANOMALY_NO_VOC - IMMEDIATE EVACUATION REQUIRED!
2026-05-15 14:25:13,34.98,62.95,1002.00,196.11,4197,1000.000,5600,1.0,5.0,5.0,YES,YES,IAQ_ANOMALY_NO_VOC_IAQ:196.1_VOC:1000.000,1180738.9,0,5.0,0.050,50
üíÄüö®üíÄüö®üíÄüö® IAQ_ANOMALY_NO_VOC - IMMEDIATE EVACUATION REQUIRED!
2026-05-15 14:25:23,34.98,62.95,1002.00,196.11,4197,1000.000,5600,3.0,5.0,6.0,YES,YES,IAQ_ANOMALY_NO_VOC_IAQ:196.1_VOC:1000.000,1180749.3,0,5.0,0.050,50
2026-05-15 14:25:33,34.98,62.95,1002.00,196.11,4197,1000.000,5600,2.0,5.0,6.0,YES,YES,IAQ_ANOMALY_NO_VOC_IAQ:196.1_VOC:1000.000,1180758.7,0,5.0,0.050,50
üíæ Baseline state saved to EEPROM
üíæ SAVED - IAQ: 5.0, VOC: 0.050 ppm, CO2: 50 ppm

=== SPIKE HISTORY ===
üíÄüö®üíÄüö®üíÄüö® IAQ_ANOMALY_NO_VOC - IMMEDIATE EVACUATION REQUIRED!
2026-05-15 14:25:43,34.98,62.95,1002.00,196.11,4197,1000.000,5600,4.0,7.0,7.0,YES,YES,IAQ_ANOMALY_NO_VOC_IAQ:196.1_VOC:1000.000,1180769.2,0,5.0,0.050,50
2026-05-15 14:25:53,34.98,62.95,1002.00,196.11,4197,1000.000,5600,4.0,7.0,7.0,YES,YES,IAQ_ANOMALY_NO_VOC_IAQ:196.1_VOC:1000.000,1180778.6,0,5.0,0.050,50
üíÄüö®üíÄüö®üíÄüö® IAQ_ANOMALY_NO_VOC - IMMEDIATE EVACUATION REQUIRED!
2026-05-15 14:26:03,34.98,62.95,1002.00,196.11,4197,1000.000,5600,4.0,6.0,6.0,YES,YES,IAQ_ANOMALY_NO_VOC_IAQ:196.1_VOC:1000.000,1180789.0,0,5.0,0.050,50
üíÄüö®üíÄüö®üíÄüö® IAQ_ANOMALY_NO_VOC - IMMEDIATE EVACUATION REQUIRED!
2026-05-15 14:26:14,34.98,62.95,1002.00,196.11,4197,1000.000,5600,2.0,5.0,5.0,YES,YES,IAQ_ANOMALY_NO_VOC_IAQ:196.1_VOC:1000.000,1180799.4,0,5.0,0.050,50
2026-05-15 14:26:23,34.98,62.95,1002.00,196.11,4197,1000.000,5600,3.0,5.0,5.0,YES,YES,IAQ_ANOMALY_NO_VOC_IAQ:196.1_VOC:1000.000,1180808.8,0,5.0,0.050,50

headache

2026-05-15 16:55:35,35.18,62.28,1000.00,195.94,3828,946.118,5600,2.0,5.0,5.0,YES,YES,SCOPOLAMINE_IN_LPG_VOC-42.285ppm,1189760.5,0,5.0,0.050,50
2026-05-15 16:55:45,35.18,62.28,1000.00,195.94,3828,946.118,5600,4.0,5.0,5.0,YES,YES,SCOPOLAMINE_IN_LPG_VOC-42.285ppm,1189771.0,0,5.0,0.050,50
2026-05-15 16:55:56,35.18,62.28,1000.00,195.94,3828,946.118,5600,3.0,5.0,6.0,YES,YES,SCOPOLAMINE_IN_LPG_VOC-42.285ppm,1189781.4,0,5.0,0.050,50
2026-05-15 16:56:05,35.18,62.28,1000.00,195.94,3828,946.118,5600,4.0,5.0,6.0,YES,YES,SCOPOLAMINE_IN_LPG_VOC-42.285ppm,1189790.8,0,5.0,0.050,50
2026-05-15 16:56:15,35.18,62.28,1000.00,195.94,3828,946.118,5600,2.0,5.0,5.0,YES,YES,SCOPOLAMINE_IN_LPG_VOC-42.285ppm,1189801.2,0,5.0,0.050,50
2026-05-15 16:56:26,35.18,62.28,1000.00,195.94,3828,946.118,5600,2.0,4.0,4.0,YES,YES,SCOPOLAMINE_IN_LPG_VOC-42.285ppm,1189811.7,0,5.0,0.050,50
2026-05-15 16:56:35,35.18,62.28,1000.00,195.94,3828,946.118,5600,2.0,4.0,4.0,YES,YES,SCOPOLAMINE_IN_LPG_VOC-42.285ppm,1189821.1,0,5.0,0.050,50
2026-05-15 16:56:46,35.18,62.28,1000.00,195.94,3828,946.118,5600,1.0,4.0,4.0,YES,YES,SCOPOLAMINE_IN_LPG_VOC-42.285ppm,1189831.5,0,5.0,0.050,50
2026-05-15 16:56:55,35.10,61.79,1000.00,197.41,3849,993.919,5600,2.0,4.0,4.0,YES,YES,SCOPOLAMINE_IN_LPG_VOC+5.516ppm,1189840.9,0,5.0,0.050,50
2026-05-15 16:57:06,35.10,61.79,1000.00,197.41,3849,993.919,5600,2.0,4.0,4.0,YES,YES,SCOPOLAMINE_IN_LPG_VOC+5.516ppm,1189851.3,0,5.0,0.050,50
2026-05-15 16:57:16,35.10,61.79,1000.00,197.41,3849,993.919,5600,3.0,5.0,5.0,YES,YES,SCOPOLAMINE_IN_LPG_VOC+5.516ppm,1189861.8,0,5.0,0.050,50
2026-05-15 16:57:25,35.10,61.79,1000.00,197.41,3849,993.919,5600,3.0,5.0,5.0,YES,YES,SCOPOLAMINE_IN_LPG_VOC+5.516ppm,1189871.2,0,5.0,0.050,50
2026-05-15 16:57:36,35.10,61.79,1000.00,197.41,3849,993.919,5600,3.0,5.0,5.0,YES,YES,SCOPOLAMINE_IN_LPG_VOC+5.516ppm,1189881.6,0,5.0,0.050,50
2026-05-15 16:57:45,35.10,61.79,1000.00,197.41,3849,993.919,5600,2.0,5.0,5.0,YES,YES,SCOPOLAMINE_IN_LPG_VOC+4.413ppm,1189891.0,0,5.0,0.050,50
2026-05-15 16:57:56,35.10,61.79,1000.00,197.41,3849,993.919,5600,3.0,5.0,5.0,YES,YES,SCOPOLAMINE_IN_LPG_VOC+4.413ppm,1189901.4,0,5.0,0.050,50
2026-05-15 16:58:06,35.10,61.79,1000.00,197.41,3849,993.919,5600,3.0,5.0,5.0,YES,YES,SCOPOLAMINE_IN_LPG_VOC+4.413ppm,1189911.9,0,5.0,0.050,50
2026-05-15 16:58:15,35.10,61.79,1000.00,197.41,3849,993.919,5600,3.0,5.0,5.0,YES,YES,SCOPOLAMINE_IN_LPG_VOC+4.413ppm,1189921.3,0,5.0,0.050,50
2026-05-15 16:58:26,35.10,61.79,1000.00,197.41,3849,993.919,5600,2.0,6.0,6.0,YES,YES,SCOPOLAMINE_IN_LPG_VOC+4.413ppm,1189931.7,0,5.0,0.050,50


headache

2026-05-15 17:15:19,35.00,61.69,1001.00,198.24,3834,958.763,5600,3.0,4.0,6.0,YES,YES,SCOPOLAMINE_IN_LPG_VOC-23.621ppm,1190945.0,0,5.0,0.050,50
2026-05-15 17:15:30,35.00,61.69,1001.00,198.24,3834,958.763,5600,2.0,4.0,5.0,YES,YES,SCOPOLAMINE_IN_LPG_VOC-23.621ppm,1190955.4,0,5.0,0.050,50
2026-05-15 17:15:40,35.00,61.69,1001.00,198.24,3834,958.763,5600,3.0,5.0,6.0,YES,YES,SCOPOLAMINE_IN_LPG_VOC-23.621ppm,1190965.9,0,5.0,0.050,50
2026-05-15 17:15:49,35.00,61.69,1001.00,198.24,3834,958.763,5600,2.0,5.0,6.0,YES,YES,SCOPOLAMINE_IN_LPG_VOC-23.621ppm,1190975.3,0,5.0,0.050,50
2026-05-15 17:16:00,35.00,61.69,1001.00,198.24,3834,958.763,5600,2.0,5.0,5.0,YES,YES,SCOPOLAMINE_IN_LPG_VOC-23.621ppm,1190985.7,0,5.0,0.050,50
2026-05-15 17:16:09,35.00,61.69,1001.00,198.24,3834,958.763,5600,3.0,6.0,6.0,YES,YES,SCOPOLAMINE_IN_LPG_VOC-23.621ppm,1190995.1,0,5.0,0.050,50
2026-05-15 17:16:20,35.00,61.69,1001.00,198.24,3834,958.763,5600,2.0,4.0,4.0,YES,YES,SCOPOLAMINE_IN_LPG_VOC-23.621ppm,1191005.5,0,5.0,0.050,50
2026-05-15 17:16:30,35.00,61.69,1001.00,198.24,3834,958.763,5600,3.0,5.0,5.0,YES,YES,SCOPOLAMINE_IN_LPG_VOC-23.621ppm,1191016.0,0,5.0,0.050,50
2026-05-15 17:16:40,35.00,61.69,1001.00,198.24,3834,958.763,5600,3.0,7.0,7.0,YES,YES,SCOPOLAMINE_IN_LPG_VOC-23.621ppm,1191025.4,0,5.0,0.050,50
2026-05-15 17:16:50,35.00,61.69,1001.00,198.24,3834,958.763,5600,3.0,4.0,4.0,YES,YES,SCOPOLAMINE_IN_LPG_VOC-23.621ppm,1191035.8,0,5.0,0.050,50
2026-05-15 17:17:00,35.03,61.19,1001.00,199.07,3841,974.229,5600,3.0,5.0,5.0,YES,YES,SCOPOLAMINE_IN_LPG_VOC-8.155ppm,1191046.2,0,5.0,0.050,50
2026-05-15 17:17:10,35.03,61.19,1001.00,199.07,3841,974.229,5600,2.0,5.0,5.0,YES,YES,SCOPOLAMINE_IN_LPG_VOC-8.155ppm,1191055.6,0,5.0,0.050,50
2026-05-15 17:17:20,35.03,61.19,1001.00,199.07,3841,974.229,5600,3.0,6.0,6.0,YES,YES,SCOPOLAMINE_IN_LPG_VOC-8.155ppm,1191066.1,0,5.0,0.050,50
2026-05-15 17:17:30,35.03,61.19,1001.00,199.07,3841,974.229,5600,2.0,4.0,4.0,YES,YES,SCOPOLAMINE_IN_LPG_VOC-8.155ppm,1191075.4,0,5.0,0.050,50
2026-05-15 17:17:40,35.03,61.19,1001.00,199.07,3841,974.229,5600,4.0,5.0,5.0,YES,YES,SCOPOLAMINE_IN_LPG_VOC-8.155ppm,1191085.9,0,5.0,0.050,50
2026-05-15 17:17:51,35.03,61.19,1001.00,199.07,3841,974.229,5600,3.0,5.0,5.0,YES,YES,SCOPOLAMINE_IN_LPG_VOC-6.524ppm,1191096.3,0,5.0,0.050,50
2026-05-15 17:18:00,35.03,61.19,1001.00,199.07,3841,974.229,5600,4.0,6.0,6.0,YES,YES,SCOPOLAMINE_IN_LPG_VOC-6.524ppm,1191105.7,0,5.0,0.050,50
2026-05-15 17:18:10,35.03,61.19,1001.00,199.07,3841,974.229,5600,3.0,5.0,5.0,YES,YES,SCOPOLAMINE_IN_LPG_VOC-6.524ppm,1191116.2,0,5.0,0.050,50
2026-05-15 17:18:20,35.03,61.19,1001.00,199.07,3841,974.229,5600,3.0,4.0,4.0,YES,YES,SCOPOLAMINE_IN_LPG_VOC-6.524ppm,1191125.5,0,5.0,0.050,50
2026-05-15 16:58:36,35.10,61.79,1000.00,197.41,3849,993.919,5600,2.0,5.0,5.0,YES,YES,SCOPOLAMINE_IN_LPG_VOC+4.413ppm,1189942.1,0,5.0,0.050,50

headache - bappa bathroom - burning

2026-05-15 17:20:30,35.03,61.19,1001.00,199.07,3841,974.229,5600,3.0,5.0,6.0,YES,YES,SCOPOLAMINE_IN_LPG_VOC-6.524ppm,1191256.0,0,5.0,0.050,50
2026-05-15 17:20:41,35.03,61.19,1001.00,199.07,3841,974.229,5600,4.0,5.0,6.0,YES,YES,SCOPOLAMINE_IN_LPG_VOC-6.524ppm,1191266.4,0,5.0,0.050,50
2026-05-15 17:20:51,35.03,61.19,1001.00,199.07,3841,974.229,5600,3.0,4.0,5.0,YES,YES,SCOPOLAMINE_IN_LPG_VOC-6.524ppm,1191276.9,0,5.0,0.050,50
2026-05-15 17:21:00,35.03,61.19,1001.00,199.07,3841,974.229,5600,3.0,4.0,4.0,YES,YES,SCOPOLAMINE_IN_LPG_VOC-6.524ppm,1191286.3,0,5.0,0.050,50
2026-05-15 17:21:11,35.03,61.19,1001.00,199.07,3841,974.229,5600,2.0,4.0,4.0,YES,YES,SCOPOLAMINE_IN_LPG_VOC-6.524ppm,1191296.7,0,5.0,0.050,50
2026-05-15 17:21:21,35.03,61.19,1001.00,199.07,3841,974.229,5600,3.0,4.0,4.0,YES,YES,SCOPOLAMINE_IN_LPG_VOC-6.524ppm,1191307.1,0,5.0,0.050,50
2026-05-15 17:21:31,35.03,61.19,1001.00,199.07,3841,974.229,5600,2.0,4.0,4.0,YES,YES,SCOPOLAMINE_IN_LPG_VOC-6.524ppm,1191316.6,0,5.0,0.050,50
2026-05-15 17:21:41,35.03,61.19,1001.00,199.07,3841,974.229,5600,3.0,5.0,5.0,YES,YES,SCOPOLAMINE_IN_LPG_VOC-6.524ppm,1191327.0,0,5.0,0.050,50
2026-05-15 17:21:51,35.03,61.19,1001.00,199.07,3841,974.229,5600,2.0,3.0,3.0,YES,YES,SCOPOLAMINE_IN_LPG_VOC-6.524ppm,1191336.4,0,5.0,0.050,50
2026-05-15 17:22:01,35.05,61.70,1001.00,197.90,3803,894.273,5600,3.0,5.0,6.0,YES,YES,SCOPOLAMINE_IN_LPG_VOC-86.481ppm,1191346.8,0,5.0,0.050,50
2026-05-15 17:22:11,35.05,61.70,1001.00,197.90,3803,894.273,5600,3.0,5.0,5.0,YES,YES,SCOPOLAMINE_IN_LPG_VOC-86.481ppm,1191357.3,0,5.0,0.050,50
2026-05-15 17:22:21,35.05,61.70,1001.00,197.90,3803,894.273,5600,2.0,5.0,5.0,YES,YES,SCOPOLAMINE_IN_LPG_VOC-86.481ppm,1191366.7,0,5.0,0.050,50
2026-05-15 17:22:31,35.05,61.70,1001.00,197.90,3803,894.273,5600,3.0,5.0,6.0,YES,YES,SCOPOLAMINE_IN_LPG_VOC-86.481ppm,1191377.1,0,5.0,0.050,50
2026-05-15 17:22:41,35.05,61.70,1001.00,197.90,3803,894.273,5600,3.0,5.0,5.0,YES,YES,SCOPOLAMINE_IN_LPG_VOC-86.481ppm,1191386.5,0,5.0,0.050,50
2026-05-15 17:22:51,35.05,61.70,1001.00,197.90,3803,894.273,5600,1.0,4.0,4.0,YES,YES,SCOPOLAMINE_IN_LPG_VOC-69.184ppm,1191396.9,0,5.0,0.050,50
2026-05-15 17:23:02,35.05,61.70,1001.00,197.90,3803,894.273,5600,1.0,3.0,3.0,YES,YES,SCOPOLAMINE_IN_LPG_VOC-69.184ppm,1191407.4,0,5.0,0.050,50
2026-05-15 17:23:11,35.05,61.70,1001.00,197.90,3803,894.273,5600,2.0,4.0,4.0,YES,YES,SCOPOLAMINE_IN_LPG_VOC-69.184ppm,1191416.8,0,5.0,0.050,50
2026-05-15 17:23:21,35.05,61.70,1001.00,197.90,3803,894.273,5600,2.0,4.0,4.0,YES,YES,SCOPOLAMINE_IN_LPG_VOC-69.184ppm,1191427.2,0,5.0,0.050,50
2026-05-15 17:23:31,35.05,61.70,1001.00,197.90,3803,894.273,5600,3.0,4.0,5.0,YES,YES,SCOPOLAMINE_IN_LPG_VOC-69.184ppm,1191436.6,0,5.0,0.050,50
2026-05-15 17:23:41,35.05,61.70,1001.00,197.90,3803,894.273,5600,3.0,4.0,5.0,YES,YES,SCOPOLAMINE_IN_LPG_VOC-69.184ppm,1191447.0,0,5.0,0.050,50
2026-05-15 17:23:52,35.05,61.70,1001.00,197.90,3803,894.273,5600,3.0,5.0,5.0,YES,YES,SCOPOLAMINE_IN_LPG_VOC-69.184ppm,1191457.5,0,5.0,0.050,50
2026-05-15 17:24:01,35.05,61.70,1001.00,197.90,3803,894.273,5600,3.0,5.0,6.0,YES,YES,SCOPOLAMINE_IN_LPG_VOC-69.184ppm,1191466.9,0,5.0,0.050,50


face burning

2026-05-15 17:30:33,35.04,61.50,1001.00,198.38,3802,892.698,5600,1.0,3.0,3.0,YES,YES,SCOPOLAMINE_IN_LPG_VOC-56.607ppm,1191858.3,0,5.0,0.050,50
2026-05-15 17:30:43,35.04,61.50,1001.00,198.38,3802,892.698,5600,2.0,4.0,4.0,YES,YES,SCOPOLAMINE_IN_LPG_VOC-56.607ppm,1191868.8,0,5.0,0.050,50
PMS7003: Unknown error
2026-05-15 17:30:52,35.04,61.50,1001.00,198.38,3802,892.698,5600,2.0,4.0,4.0,YES,YES,SCOPOLAMINE_IN_LPG_VOC-56.607ppm,1191878.1,0,5.0,0.050,50
2026-05-15 17:31:03,35.04,61.50,1001.00,198.38,3802,892.698,5600,2.0,5.0,6.0,YES,YES,SCOPOLAMINE_IN_LPG_VOC-56.607ppm,1191888.6,0,5.0,0.050,50
2026-05-15 17:31:13,35.04,61.50,1001.00,198.38,3802,892.698,5600,1.0,4.0,4.0,YES,YES,SCOPOLAMINE_IN_LPG_VOC-56.607ppm,1191899.0,0,5.0,0.050,50
2026-05-15 17:31:23,35.04,61.50,1001.00,198.38,3802,892.698,5600,2.0,4.0,4.0,YES,YES,SCOPOLAMINE_IN_LPG_VOC-56.607ppm,1191908.4,0,5.0,0.050,50
2026-05-15 17:31:33,35.04,61.50,1001.00,198.38,3802,892.698,5600,2.0,4.0,4.0,YES,YES,SCOPOLAMINE_IN_LPG_VOC-56.607ppm,1191918.9,0,5.0,0.050,50
2026-05-15 17:31:43,35.04,61.50,1001.00,198.38,3802,892.698,5600,2.0,4.0,5.0,YES,YES,SCOPOLAMINE_IN_LPG_VOC-56.607ppm,1191929.3,0,5.0,0.050,50
2026-05-15 17:31:53,35.04,61.50,1001.00,198.38,3802,892.698,5600,2.0,4.0,6.0,YES,YES,SCOPOLAMINE_IN_LPG_VOC-56.607ppm,1191938.7,0,5.0,0.050,50
2026-05-15 17:32:03,35.03,61.76,1001.00,197.92,3780,849.853,5600,2.0,4.0,5.0,YES,YES,SCOPOLAMINE_IN_LPG_VOC-99.452ppm,1191949.1,0,5.0,0.050,50
2026-05-15 17:32:13,35.03,61.76,1001.00,197.92,3780,849.853,5600,3.0,5.0,6.0,YES,YES,SCOPOLAMINE_IN_LPG_VOC-99.452ppm,1191958.5,0,5.0,0.050,50
2026-05-15 17:32:23,35.03,61.76,1001.00,197.92,3780,849.853,5600,3.0,4.0,5.0,YES,YES,SCOPOLAMINE_IN_LPG_VOC-99.452ppm,1191969.0,0,5.0,0.050,50
2026-05-15 17:32:34,35.03,61.76,1001.00,197.92,3780,849.853,5600,4.0,6.0,6.0,YES,YES,SCOPOLAMINE_IN_LPG_VOC-99.452ppm,1191979.4,0,5.0,0.050,50
2026-05-15 17:32:43,35.03,61.76,1001.00,197.92,3780,849.853,5600,3.0,6.0,6.0,YES,YES,SCOPOLAMINE_IN_LPG_VOC-99.452ppm,1191988.8,0,5.0,0.050,50
2026-05-15 17:32:53,35.03,61.76,1001.00,197.92,3780,849.853,5600,2.0,5.0,6.0,YES,YES,SCOPOLAMINE_IN_LPG_VOC-79.562ppm,1191999.2,0,5.0,0.050,50
2026-05-15 17:33:03,35.03,61.76,1001.00,197.92,3780,849.853,5600,2.0,6.0,6.0,YES,YES,SCOPOLAMINE_IN_LPG_VOC-79.562ppm,1192008.6,0,5.0,0.050,50
2026-05-15 17:33:13,35.03,61.76,1001.00,197.92,3780,849.853,5600,2.0,5.0,5.0,YES,YES,SCOPOLAMINE_IN_LPG_VOC-79.562ppm,1192019.1,0,5.0,0.050,50
2026-05-15 17:33:24,35.03,61.76,1001.00,197.92,3780,849.853,5600,2.0,5.0,5.0,YES,YES,SCOPOLAMINE_IN_LPG_VOC-79.562ppm,1192029.5,0,5.0,0.050,50
2026-05-15 17:33:33,35.03,61.76,1001.00,197.92,3780,849.853,5600,1.0,4.0,4.0,YES,YES,SCOPOLAMINE_IN_LPG_VOC-79.562ppm,1192038.9,0,5.0,0.050,50
2026-05-15 17:33:44,35.03,61.76,1001.00,197.92,3780,849.853,5600,2.0,4.0,4.0,YES,YES,SCOPOLAMINE_IN_LPG_VOC-79.562ppm,1192049.3,0,5.0,0.050,50
2026-05-15 17:33:54,35.03,61.76,1001.00,197.92,3780,849.853,5600,1.0,3.0,3.0,YES,YES,SCOPOLAMINE_IN_LPG_VOC-79.562ppm,1192059.8,0,5.0,0.050,50
2026-05-15 17:34:03,35.03,61.76,1001.00,197.92,3780,849.853,5600,2.0,4.0,5.0,YES,YES,SCOPOLAMINE_IN_LPG_VOC-79.562ppm,1192069.2,0,5.0,0.050,50
2026-05-15 17:34:14,35.03,61.76,1001.00,197.92,3780,849.853,5600,2.0,4.0,5.0,YES,YES,SCOPOLAMINE_IN_LPG_VOC-79.562ppm,1192079.6,0,5.0,0.050,50
2026-05-15 17:34:23,35.03,61.76,1001.00,197.92,3780,849.853,5600,3.0,4.0,5.0,YES,YES,SCOPOLAMINE_IN_LPG_VOC-79.562ppm,1192089.0,0,5.0,0.050,50
2026-05-15 17:34:34,35.03,61.76,1001.00,197.92,3780,849.853,5600,3.0,4.0,4.0,YES,YES,SCOPOLAMINE_IN_LPG_VOC-79.562ppm,1192099.5,0,5.0,0.050,50

burning

2026-05-15 19:20:56,34.79,65.24,1003.00,192.47,3437,390.466,5600,7.0,11.0,16.0,YES,YES,SCOPOLAMINE_IN_LPG_VOC-63.377ppm,1198481.7,0,5.0,0.050,50
2026-05-15 19:21:06,34.79,65.24,1003.00,192.47,3437,390.466,5600,7.0,11.0,15.0,YES,YES,SCOPOLAMINE_IN_LPG_VOC-63.377ppm,1198492.2,0,5.0,0.050,50
2026-05-15 19:21:16,34.79,65.24,1003.00,192.47,3437,390.466,5600,7.0,11.0,14.0,YES,YES,SCOPOLAMINE_IN_LPG_VOC-63.377ppm,1198501.6,0,5.0,0.050,50
2026-05-15 19:21:26,34.79,65.24,1003.00,192.47,3437,390.466,5600,5.0,9.0,13.0,YES,YES,SCOPOLAMINE_IN_LPG_VOC-63.377ppm,1198512.0,0,5.0,0.050,50
2026-05-15 19:21:35,34.79,65.24,1003.00,192.47,3437,390.466,5600,6.0,12.0,16.0,YES,YES,SCOPOLAMINE_IN_LPG_VOC-63.377ppm,1198521.4,0,5.0,0.050,50
2026-05-15 19:21:46,34.79,65.24,1003.00,192.47,3437,390.466,5600,5.0,10.0,17.0,YES,YES,SCOPOLAMINE_IN_LPG_VOC-63.377ppm,1198531.8,0,5.0,0.050,50
2026-05-15 19:21:56,34.79,65.24,1003.00,192.47,3437,390.466,5600,6.0,12.0,17.0,YES,YES,SCOPOLAMINE_IN_LPG_VOC-63.377ppm,1198542.2,0,5.0,0.050,50
2026-05-15 19:22:06,34.79,65.24,1003.00,192.47,3437,390.466,5600,5.0,13.0,18.0,YES,YES,SCOPOLAMINE_IN_LPG_VOC-63.377ppm,1198551.6,0,5.0,0.050,50
2026-05-15 19:22:16,34.78,65.42,1003.00,192.17,3421,376.286,5600,8.0,14.0,19.0,YES,YES,SCOPOLAMINE_IN_LPG_VOC-77.557ppm,1198562.1,0,5.0,0.050,50
2026-05-15 19:22:27,34.78,65.42,1003.00,192.17,3421,376.286,5600,6.0,13.0,17.0,YES,YES,SCOPOLAMINE_IN_LPG_VOC-77.557ppm,1198572.5,0,5.0,0.050,50
2026-05-15 19:22:36,34.78,65.42,1003.00,192.17,3421,376.286,5600,7.0,12.0,16.0,YES,YES,SCOPOLAMINE_IN_LPG_VOC-77.557ppm,1198581.9,0,5.0,0.050,50
2026-05-15 19:22:46,34.78,65.42,1003.00,192.17,3421,376.286,5600,7.0,12.0,16.0,YES,YES,SCOPOLAMINE_IN_LPG_VOC-77.557ppm,1198592.3,0,5.0,0.050,50
2026-05-15 19:22:56,34.78,65.42,1003.00,192.17,3421,376.286,5600,7.0,11.0,13.0,YES,YES,SCOPOLAMINE_IN_LPG_VOC-77.557ppm,1198601.7,0,5.0,0.050,50
2026-05-15 19:23:06,34.78,65.42,1003.00,192.17,3421,376.286,5600,8.0,11.0,12.0,YES,YES,SCOPOLAMINE_IN_LPG_VOC-77.557ppm,1198612.2,0,5.0,0.050,50
2026-05-15 19:23:17,34.78,65.42,1003.00,192.17,3421,376.286,5600,7.0,10.0,10.0,YES,YES,SCOPOLAMINE_IN_LPG_VOC-62.046ppm,1198622.6,0,5.0,0.050,50
2026-05-15 19:23:26,34.78,65.42,1003.00,192.17,3421,376.286,5600,6.0,10.0,10.0,YES,YES,SCOPOLAMINE_IN_LPG_VOC-62.046ppm,1198632.0,0,5.0,0.050,50
2026-05-15 19:23:36,34.78,65.42,1003.00,192.17,3421,376.286,5600,7.0,13.0,13.0,YES,YES,SCOPOLAMINE_IN_LPG_VOC-62.046ppm,1198642.4,0,5.0,0.050,50
2026-05-15 19:23:46,34.78,65.42,1003.00,192.17,3421,376.286,5600,6.0,12.0,12.0,YES,YES,SCOPOLAMINE_IN_LPG_VOC-62.046ppm,1198651.8,0,5.0,0.050,50
2026-05-15 19:23:56,34.78,65.42,1003.00,192.17,3421,376.286,5600,6.0,11.0,11.0,YES,YES,SCOPOLAMINE_IN_LPG_VOC-62.046ppm,1198662.3,0,5.0,0.050,50
2026-05-15 19:24:07,34.78,65.42,1003.00,192.17,3421,376.286,5600,6.0,9.0,9.0,YES,YES,SCOPOLAMINE_IN_LPG_VOC-62.046ppm,1198672.7,0,5.0,0.050,50
2026-05-15 19:24:16,34.78,65.42,1003.00,192.17,3421,376.286,5600,5.0,8.0,8.0,YES,YES,SCOPOLAMINE_IN_LPG_VOC-62.046ppm,1198682.1,0,5.0,0.050,50
2026-05-15 19:24:27,34.78,65.42,1003.00,192.17,3421,376.286,5600,7.0,9.0,11.0,YES,YES,SCOPOLAMINE_IN_LPG_VOC-62.046ppm,1198692.5,0,5.0,0.050,50

chrem

2026-05-16 07:36:07,33.49,67.67,1005.00,177.14,2262,27.160,5600,10.0,18.0,20.0,YES,YES,SCOPOLAMINE_IN_LPG_VOC-2.724ppm,1242592.4,0,5.0,0.050,50
2026-05-16 07:36:17,33.49,67.67,1005.00,177.14,2262,27.160,5600,9.0,18.0,20.0,YES,YES,SCOPOLAMINE_IN_LPG_VOC-2.724ppm,1242602.9,0,5.0,0.050,50
2026-05-16 07:36:27,33.49,67.67,1005.00,177.14,2262,27.160,5600,9.0,19.0,20.0,YES,YES,SCOPOLAMINE_IN_LPG_VOC-2.724ppm,1242612.3,0,5.0,0.050,50
2026-05-16 07:36:37,33.49,67.67,1005.00,177.14,2262,27.160,5600,10.0,18.0,19.0,YES,YES,SCOPOLAMINE_IN_LPG_VOC-2.724ppm,1242622.7,0,5.0,0.050,50
2026-05-16 07:36:47,33.49,67.67,1005.00,177.14,2262,27.160,5600,12.0,21.0,22.0,YES,YES,SCOPOLAMINE_IN_LPG_VOC-2.724ppm,1242633.1,0,5.0,0.050,50
2026-05-16 07:36:57,33.49,67.67,1005.00,177.14,2262,27.160,5600,12.0,22.0,23.0,YES,YES,SCOPOLAMINE_IN_LPG_VOC-2.724ppm,1242642.6,0,5.0,0.050,50
2026-05-16 07:37:07,33.49,67.67,1005.00,177.14,2262,27.160,5600,11.0,21.0,22.0,YES,YES,SCOPOLAMINE_IN_LPG_VOC-2.724ppm,1242653.0,0,5.0,0.050,50
2026-05-16 07:37:17,33.49,67.67,1005.00,177.14,2262,27.160,5600,9.0,19.0,21.0,YES,YES,SCOPOLAMINE_IN_LPG_VOC-2.724ppm,1242662.4,0,5.0,0.050,50
2026-05-16 07:37:27,33.49,67.67,1005.00,177.14,2262,27.160,5600,9.0,18.0,20.0,YES,YES,SCOPOLAMINE_IN_LPG_VOC-2.724ppm,1242672.8,0,5.0,0.050,50
2026-05-16 07:37:38,33.49,67.67,1005.00,177.14,2262,27.160,5600,9.0,19.0,19.0,YES,YES,SCOPOLAMINE_IN_LPG_VOC-2.724ppm,1242683.3,0,5.0,0.050,50
2026-05-16 07:37:47,33.49,67.67,1005.00,177.14,2262,27.160,5600,8.0,19.0,21.0,YES,YES,SCOPOLAMINE_IN_LPG_VOC-2.724ppm,1242692.7,0,5.0,0.050,50
2026-05-16 07:37:57,33.49,67.67,1005.00,177.14,2262,27.160,5600,10.0,19.0,21.0,YES,YES,SCOPOLAMINE_IN_LPG_VOC-2.724ppm,1242703.1,0,5.0,0.050,50
2026-05-16 07:38:07,33.49,67.67,1005.00,177.14,2262,27.160,5600,11.0,18.0,23.0,YES,YES,SCOPOLAMINE_IN_LPG_VOC-2.724ppm,1242712.5,0,5.0,0.050,50
2026-05-16 07:38:17,33.54,67.69,1005.00,176.55,2248,26.295,5600,10.0,18.0,24.0,YES,YES,SCOPOLAMINE_IN_LPG_VOC-3.589ppm,1242723.0,0,5.0,0.050,50
2026-05-16 07:38:28,33.54,67.69,1005.00,176.55,2248,26.295,5600,8.0,17.0,20.0,YES,YES,SCOPOLAMINE_IN_LPG_VOC-3.589ppm,1242733.4,0,5.0,0.050,50
2026-05-16 07:38:37,33.54,67.69,1005.00,176.55,2248,26.295,5600,10.0,20.0,20.0,YES,YES,SCOPOLAMINE_IN_LPG_VOC-3.589ppm,1242742.8,0,5.0,0.050,50
2026-05-16 07:38:48,33.54,67.69,1005.00,176.55,2248,26.295,5600,10.0,20.0,20.0,YES,YES,SCOPOLAMINE_IN_LPG_VOC-3.589ppm,1242753.2,0,5.0,0.050,50
2026-05-16 07:38:57,33.54,67.69,1005.00,176.55,2248,26.295,5600,11.0,20.0,20.0,YES,YES,SCOPOLAMINE_IN_LPG_VOC-3.589ppm,1242762.6,0,5.0,0.050,50

chest bleachy feel

2026-05-16 10:20:49,33.53,68.93,1005.00,172.83,2018,15.621,5600,14.0,20.0,22.0,YES,YES,SCOPOLAMINE_IN_LPG_VOC-1.446ppm,1252474.9,0,5.0,0.050,50
2026-05-16 10:21:00,33.53,68.93,1005.00,172.83,2018,15.621,5600,14.0,20.0,24.0,YES,YES,SCOPOLAMINE_IN_LPG_VOC-1.446ppm,1252485.4,0,5.0,0.050,50
2026-05-16 10:21:10,33.53,68.93,1005.00,172.83,2018,15.621,5600,12.0,19.0,23.0,YES,YES,SCOPOLAMINE_IN_LPG_VOC-1.446ppm,1252495.8,0,5.0,0.050,50
2026-05-16 10:21:19,33.53,68.93,1005.00,172.83,2018,15.621,5600,11.0,19.0,23.0,YES,YES,SCOPOLAMINE_IN_LPG_VOC-1.157ppm,1252505.2,0,5.0,0.050,50
2026-05-16 10:21:30,33.53,68.93,1005.00,172.83,2018,15.621,5600,11.0,19.0,22.0,YES,YES,SCOPOLAMINE_IN_LPG_VOC-1.157ppm,1252515.7,0,5.0,0.050,50
2026-05-16 10:21:39,33.53,68.93,1005.00,172.83,2018,15.621,5600,10.0,19.0,23.0,YES,YES,SCOPOLAMINE_IN_LPG_VOC-1.157ppm,1252525.1,0,5.0,0.050,50
2026-05-16 10:21:50,33.53,68.93,1005.00,172.83,2018,15.621,5600,9.0,19.0,22.0,YES,YES,SCOPOLAMINE_IN_LPG_VOC-1.157ppm,1252535.5,0,5.0,0.050,50
2026-05-16 10:22:00,33.53,68.93,1005.00,172.83,2018,15.621,5600,8.0,19.0,20.0,YES,YES,SCOPOLAMINE_IN_LPG_VOC-1.157ppm,1252545.9,0,5.0,0.050,50
2026-05-16 10:22:10,33.53,68.93,1005.00,172.83,2018,15.621,5600,10.0,20.0,23.0,YES,YES,SCOPOLAMINE_IN_LPG_VOC-1.157ppm,1252555.3,0,5.0,0.050,50
2026-05-16 10:22:20,33.53,68.93,1005.00,172.83,2018,15.621,5600,11.0,21.0,23.0,YES,YES,SCOPOLAMINE_IN_LPG_VOC-1.157ppm,1252565.8,0,5.0,0.050,50
2026-05-16 10:22:29,33.53,68.93,1005.00,172.83,2018,15.621,5600,10.0,19.0,22.0,YES,YES,SCOPOLAMINE_IN_LPG_VOC-1.157ppm,1252575.2,0,5.0,0.050,50
2026-05-16 10:22:40,33.53,68.93,1005.00,172.83,2018,15.621,5600,10.0,21.0,22.0,YES,YES,SCOPOLAMINE_IN_LPG_VOC-1.157ppm,1252585.6,0,5.0,0.050,50
2026-05-16 10:22:50,33.53,68.93,1005.00,172.83,2018,15.621,5600,9.0,20.0,21.0,YES,YES,SCOPOLAMINE_IN_LPG_VOC-1.157ppm,1252596.1,0,5.0,0.050,50

burning

2026-05-16 17:21:24,34.69,66.73,1002.00,165.81,1569,5.645,5600,2.0,4.0,4.0,YES,YES,DRUG_DELIVERY_IN_LPG_VOC-0.285ppm,1277709.5,0,5.0,0.050,50
2026-05-16 17:21:34,34.69,66.73,1002.00,165.81,1569,5.645,5600,3.0,4.0,4.0,YES,YES,DRUG_DELIVERY_IN_LPG_VOC-0.285ppm,1277719.9,0,5.0,0.050,50
2026-05-16 17:21:45,34.69,66.73,1002.00,165.81,1569,5.645,5600,3.0,4.0,4.0,YES,YES,DRUG_DELIVERY_IN_LPG_VOC-0.285ppm,1277730.3,0,5.0,0.050,50
2026-05-16 17:21:54,34.69,66.73,1002.00,165.81,1569,5.645,5600,2.0,3.0,3.0,YES,YES,DRUG_DELIVERY_IN_LPG_VOC-0.285ppm,1277739.7,0,5.0,0.050,50
2026-05-16 17:22:04,34.69,66.73,1002.00,165.81,1569,5.645,5600,2.0,3.0,4.0,YES,YES,DRUG_DELIVERY_IN_LPG_VOC-0.285ppm,1277750.2,0,5.0,0.050,50
2026-05-16 17:22:15,34.69,66.73,1002.00,165.81,1569,5.645,5600,3.0,6.0,7.0,YES,YES,DRUG_DELIVERY_IN_LPG_VOC-0.285ppm,1277760.6,0,5.0,0.050,50
2026-05-16 17:22:24,34.69,66.73,1002.00,165.81,1569,5.645,5600,3.0,7.0,7.0,YES,YES,DRUG_DELIVERY_IN_LPG_VOC-0.285ppm,1277770.0,0,5.0,0.050,50
2026-05-16 17:22:35,34.69,66.73,1002.00,165.81,1569,5.645,5600,3.0,6.0,7.0,YES,YES,DRUG_DELIVERY_IN_LPG_VOC-0.285ppm,1277780.4,0,5.0,0.050,50
2026-05-16 17:22:44,34.69,66.73,1002.00,165.81,1569,5.645,5600,3.0,6.0,6.0,YES,YES,DRUG_DELIVERY_IN_LPG_VOC-0.228ppm,1277789.8,0,5.0,0.050,50
2026-05-16 17:22:55,34.69,66.73,1002.00,165.81,1569,5.645,5600,2.0,4.0,5.0,YES,YES,DRUG_DELIVERY_IN_LPG_VOC-0.228ppm,1277800.3,0,5.0,0.050,50
2026-05-16 17:23:05,34.69,66.73,1002.00,165.81,1569,5.645,5600,2.0,4.0,4.0,YES,YES,DRUG_DELIVERY_IN_LPG_VOC-0.228ppm,1277810.7,0,5.0,0.050,50
2026-05-16 17:23:14,34.69,66.73,1002.00,165.81,1569,5.645,5600,2.0,3.0,3.0,YES,YES,DRUG_DELIVERY_IN_LPG_VOC-0.228ppm,1277820.1,0,5.0,0.050,50
2026-05-16 17:23:25,34.69,66.73,1002.00,165.81,1569,5.645,5600,1.0,4.0,4.0,YES,YES,DRUG_DELIVERY_IN_LPG_VOC-0.228ppm,1277830.5,0,5.0,0.050,50
2026-05-16 17:23:34,34.69,66.73,1002.00,165.81,1569,5.645,5600,1.0,4.0,5.0,YES,YES,DRUG_DELIVERY_IN_LPG_VOC-0.228ppm,1277839.9,0,5.0,0.050,50
2026-05-16 17:23:45,34.69,66.73,1002.00,165.81,1569,5.645,5600,2.0,5.0,5.0,YES,YES,DRUG_DELIVERY_IN_LPG_VOC-0.228ppm,1277850.4,0,5.0,0.050,50
2026-05-16 17:23:55,34.69,66.73,1002.00,165.81,1569,5.645,5600,1.0,4.0,5.0,YES,YES,DRUG_DELIVERY_IN_LPG_VOC-0.228ppm,1277860.8,0,5.0,0.050,50
2026-05-16 17:24:04,34.68,66.73,1002.00,165.95,1567,5.616,5600,1.0,4.0,4.0,YES,YES,DRUG_DELIVERY_IN_LPG_VOC-0.258ppm,1277870.2,0,5.0,0.050,50
2026-05-16 17:24:15,34.68,66.73,1002.00,165.95,1567,5.616,5600,1.0,4.0,4.0,YES,YES,DRUG_DELIVERY_IN_LPG_VOC-0.258ppm,1277880.6,0,5.0,0.050,50
2026-05-16 17:24:25,34.68,66.73,1002.00,165.95,1567,5.616,5600,2.0,5.0,6.0,YES,YES,DRUG_DELIVERY_IN_LPG_VOC-0.258ppm,1277891.1,0,5.0,0.050,50
2026-05-16 17:24:35,34.68,66.73,1002.00,165.95,1567,5.616,5600,2.0,6.0,7.0,YES,YES,DRUG_DELIVERY_IN_LPG_VOC-0.258ppm,1277900.5,0,5.0,0.050,50
2026-05-16 17:24:45,34.68,66.73,1002.00,165.95,1567,5.616,5600,1.0,5.0,5.0,YES,YES,DRUG_DELIVERY_IN_LPG_VOC-0.258ppm,1277910.9,0,5.0,0.050,50

strong chemical

2026-05-16 19:32:21,34.35,66.59,1004.00,171.77,1527,5.133,5600,2.0,5.0,7.0,YES,YES,DRUG_DELIVERY_IN_LPG_VOC-0.321ppm,1285566.7,0,5.0,0.050,50
2026-05-16 19:32:31,34.35,66.59,1004.00,171.77,1527,5.133,5600,3.0,6.0,7.0,YES,YES,DRUG_DELIVERY_IN_LPG_VOC-0.321ppm,1285577.1,0,5.0,0.050,50
2026-05-16 19:32:41,34.35,66.59,1004.00,171.77,1527,5.133,5600,3.0,6.0,8.0,YES,YES,DRUG_DELIVERY_IN_LPG_VOC-0.321ppm,1285586.5,0,5.0,0.050,50
2026-05-16 19:32:51,34.35,66.59,1004.00,171.77,1527,5.133,5600,4.0,7.0,7.0,YES,YES,DRUG_DELIVERY_IN_LPG_VOC-0.321ppm,1285596.9,0,5.0,0.050,50
2026-05-16 19:33:02,34.35,66.59,1004.00,171.77,1527,5.133,5600,3.0,6.0,6.0,YES,YES,DRUG_DELIVERY_IN_LPG_VOC-0.321ppm,1285607.4,0,5.0,0.050,50
2026-05-16 19:33:11,34.35,66.59,1004.00,171.77,1527,5.133,5600,2.0,5.0,7.0,YES,YES,DRUG_DELIVERY_IN_LPG_VOC-0.256ppm,1285616.8,0,5.0,0.050,50
2026-05-16 19:33:22,34.35,66.59,1004.00,171.77,1527,5.133,5600,3.0,7.0,8.0,YES,YES,DRUG_DELIVERY_IN_LPG_VOC-0.256ppm,1285627.2,0,5.0,0.050,50
2026-05-16 19:33:31,34.35,66.59,1004.00,171.77,1527,5.133,5600,4.0,8.0,8.0,YES,YES,DRUG_DELIVERY_IN_LPG_VOC-0.256ppm,1285636.6,0,5.0,0.050,50
2026-05-16 19:33:41,34.35,66.59,1004.00,171.77,1527,5.133,5600,3.0,5.0,5.0,YES,YES,DRUG_DELIVERY_IN_LPG_VOC-0.256ppm,1285647.1,0,5.0,0.050,50
2026-05-16 19:33:52,34.35,66.59,1004.00,171.77,1527,5.133,5600,4.0,6.0,8.0,YES,YES,DRUG_DELIVERY_IN_LPG_VOC-0.256ppm,1285657.5,0,5.0,0.050,50
2026-05-16 19:34:01,34.35,66.59,1004.00,171.77,1527,5.133,5600,4.0,8.0,9.0,YES,YES,DRUG_DELIVERY_IN_LPG_VOC-0.256ppm,1285666.9,0,5.0,0.050,50
2026-05-16 19:34:12,34.35,66.59,1004.00,171.77,1527,5.133,5600,4.0,6.0,6.0,YES,YES,DRUG_DELIVERY_IN_LPG_VOC-0.256ppm,1285677.3,0,5.0,0.050,50
2026-05-16 19:34:21,34.38,66.61,1004.00,171.16,1518,5.033,5600,3.0,5.0,5.0,YES,YES,DRUG_DELIVERY_IN_LPG_VOC-0.357ppm,1285686.7,0,5.0,0.050,50
2026-05-16 19:34:32,34.38,66.61,1004.00,171.16,1518,5.033,5600,3.0,5.0,5.0,YES,YES,DRUG_DELIVERY_IN_LPG_VOC-0.357ppm,1285697.2,0,5.0,0.050,50
2026-05-16 19:34:42,34.38,66.61,1004.00,171.16,1518,5.033,5600,3.0,5.0,5.0,YES,YES,DRUG_DELIVERY_IN_LPG_VOC-0.357ppm,1285707.6,0,5.0,0.050,50
2026-05-16 19:34:51,34.38,66.61,1004.00,171.16,1518,5.033,5600,3.0,6.0,7.0,YES,YES,DRUG_DELIVERY_IN_LPG_VOC-0.357ppm,1285717.0,0,5.0,0.050,50
2026-05-16 19:35:02,34.38,66.61,1004.00,171.16,1518,5.033,5600,4.0,6.0,6.0,YES,YES,DRUG_DELIVERY_IN_LPG_VOC-0.357ppm,1285727.4,0,5.0,0.050,50
2026-05-16 19:35:11,34.38,66.61,1004.00,171.16,1518,5.033,5600,3.0,5.0,5.0,YES,YES,DRUG_DELIVERY_IN_LPG_VOC-0.357ppm,1285736.9,0,5.0,0.050,50
2026-05-16 19:35:22,34.38,66.61,1004.00,171.16,1518,5.033,5600,4.0,5.0,6.0,YES,YES,DRUG_DELIVERY_IN_LPG_VOC-0.357ppm,1285747.3,0,5.0,0.050,50
2026-05-16 19:35:32,34.38,66.61,1004.00,171.16,1518,5.033,5600,4.0,6.0,7.0,YES,YES,DRUG_DELIVERY_IN_LPG_VOC-0.357ppm,1285757.7,0,5.0,0.050,50
2026-05-16 19:35:41,34.38,66.61,1004.00,171.16,1518,5.033,5600,4.0,6.0,7.0,YES,YES,DRUG_DELIVERY_IN_LPG_VOC-0.357ppm,1285767.1,0,5.0,0.050,50
2026-05-16 19:35:52,34.38,66.61,1004.00,171.16,1518,5.033,5600,4.0,6.0,7.0,YES,YES,DRUG_DELIVERY_IN_LPG_VOC-0.357ppm,1285777.6,0,5.0,0.050,50
2026-05-16 19:36:02,34.38,66.61,1004.00,171.16,1518,5.033,5600,4.0,5.0,5.0,YES,YES,DRUG_DELIVERY_IN_LPG_VOC-0.357ppm,1285788.0,0,5.0,0.050,50
2026-05-16 19:36:12,34.38,66.61,1004.00,171.16,1518,5.033,5600,4.0,5.0,6.0,YES,YES,DRUG_DELIVERY_IN_LPG_VOC-0.357ppm,1285797.4,0,5.0,0.050,50
2026-05-16 19:36:22,34.38,66.61,1004.00,171.16,1518,5.033,5600,3.0,5.0,6.0,YES,YES,DRUG_DELIVERY_IN_LPG_VOC-0.357ppm,1285807.9,0,5.0,0.050,50
2026-05-16 19:36:32,34.38,66.61,1004.00,171.16,1518,5.033,5600,4.0,5.0,8.0,YES,YES,DRUG_DELIVERY_IN_LPG_VOC-0.357ppm,1285817.3,0,5.0,0.050,50

weird feeling chem attack

2026-05-16 22:52:32,34.37,68.67,1005.00,160.57,1312,3.150,5600,1.0,2.0,3.0,YES,YES,DRUG_DELIVERY_IN_LPG_VOC-0.196ppm,1297577.4,0,5.0,0.050,50
2026-05-16 22:52:42,34.37,68.67,1005.00,160.57,1312,3.150,5600,1.0,3.0,4.0,YES,YES,DRUG_DELIVERY_IN_LPG_VOC-0.196ppm,1297587.8,0,5.0,0.050,50
2026-05-16 22:52:53,34.37,68.67,1005.00,160.57,1312,3.150,5600,1.0,2.0,2.0,YES,YES,DRUG_DELIVERY_IN_LPG_VOC-0.196ppm,1297598.3,0,5.0,0.050,50
2026-05-16 22:53:02,34.37,68.67,1005.00,160.57,1312,3.150,5600,1.0,3.0,3.0,YES,YES,DRUG_DELIVERY_IN_LPG_VOC-0.196ppm,1297607.7,0,5.0,0.050,50
2026-05-16 22:53:12,34.37,68.67,1005.00,160.57,1312,3.150,5600,0.0,2.0,3.0,YES,YES,DRUG_DELIVERY_IN_LPG_VOC-0.196ppm,1297618.1,0,5.0,0.050,50
2026-05-16 22:53:22,34.37,68.67,1005.00,160.57,1312,3.150,5600,1.0,3.0,3.0,YES,YES,DRUG_DELIVERY_IN_LPG_VOC-0.196ppm,1297627.5,0,5.0,0.050,50
2026-05-16 22:53:32,34.37,68.67,1005.00,160.57,1312,3.150,5600,1.0,3.0,3.0,YES,YES,DRUG_DELIVERY_IN_LPG_VOC-0.196ppm,1297638.0,0,5.0,0.050,50
2026-05-16 22:53:43,34.37,68.67,1005.00,160.57,1312,3.150,5600,1.0,2.0,4.0,YES,YES,DRUG_DELIVERY_IN_LPG_VOC-0.196ppm,1297648.4,0,5.0,0.050,50
2026-05-16 22:53:52,34.37,68.67,1005.00,160.57,1312,3.150,5600,0.0,0.0,2.0,YES,YES,DRUG_DELIVERY_IN_LPG_VOC-0.156ppm,1297657.8,0,5.0,0.050,50
2026-05-16 22:54:03,34.37,68.67,1005.00,160.57,1312,3.150,5600,1.0,1.0,2.0,YES,YES,DRUG_DELIVERY_IN_LPG_VOC-0.156ppm,1297668.2,0,5.0,0.050,50
2026-05-16 22:54:12,34.37,68.67,1005.00,160.57,1312,3.150,5600,1.0,2.0,3.0,YES,YES,DRUG_DELIVERY_IN_LPG_VOC-0.156ppm,1297677.6,0,5.0,0.050,50
2026-05-16 22:54:22,34.37,68.67,1005.00,160.57,1312,3.150,5600,1.0,2.0,4.0,YES,YES,DRUG_DELIVERY_IN_LPG_VOC-0.156ppm,1297688.1,0,5.0,0.050,50
2026-05-16 22:54:33,34.50,68.11,1005.00,161.05,1312,3.155,5600,0.0,1.0,3.0,YES,YES,DRUG_DELIVERY_IN_LPG_VOC-0.151ppm,1297698.5,0,5.0,0.050,50
2026-05-16 22:54:42,34.50,68.11,1005.00,161.05,1312,3.155,5600,0.0,1.0,1.0,YES,YES,DRUG_DELIVERY_IN_LPG_VOC-0.151ppm,1297707.9,0,5.0,0.050,50
2026-05-16 22:54:53,34.50,68.11,1005.00,161.05,1312,3.155,5600,1.0,3.0,4.0,YES,YES,DRUG_DELIVERY_IN_LPG_VOC-0.151ppm,1297718.4,0,5.0,0.050,50

small dose of headache

2026-05-16 23:17:28,34.72,67.50,1005.00,160.08,1294,3.027,5600,0.0,1.0,2.0,YES,YES,DRUG_DELIVERY_IN_LPG_VOC-0.172ppm,1299073.4,0,5.0,0.050,50
2026-05-16 23:17:37,34.72,67.50,1005.00,160.08,1294,3.027,5600,1.0,2.0,2.0,YES,YES,DRUG_DELIVERY_IN_LPG_VOC-0.172ppm,1299082.8,0,5.0,0.050,50
2026-05-16 23:17:48,34.72,67.50,1005.00,160.08,1294,3.027,5600,1.0,1.0,2.0,YES,YES,DRUG_DELIVERY_IN_LPG_VOC-0.172ppm,1299093.2,0,5.0,0.050,50
2026-05-16 23:17:57,34.72,67.50,1005.00,160.08,1294,3.027,5600,0.0,1.0,1.0,YES,YES,DRUG_DELIVERY_IN_LPG_VOC-0.172ppm,1299102.6,0,5.0,0.050,50
2026-05-16 23:18:07,34.72,67.50,1005.00,160.08,1294,3.027,5600,1.0,2.0,2.0,YES,YES,DRUG_DELIVERY_IN_LPG_VOC-0.172ppm,1299113.1,0,5.0,0.050,50
2026-05-16 23:18:18,34.72,67.50,1005.00,160.08,1294,3.027,5600,1.0,2.0,2.0,YES,YES,DRUG_DELIVERY_IN_LPG_VOC-0.172ppm,1299123.5,0,5.0,0.050,50
2026-05-16 23:18:27,34.72,67.50,1005.00,160.08,1294,3.027,5600,0.0,1.0,1.0,YES,YES,DRUG_DELIVERY_IN_LPG_VOC-0.172ppm,1299132.9,0,5.0,0.050,50
2026-05-16 23:18:38,34.72,67.50,1005.00,160.08,1294,3.027,5600,1.0,1.0,1.0,YES,YES,DRUG_DELIVERY_IN_LPG_VOC-0.172ppm,1299143.3,0,5.0,0.050,50
2026-05-16 23:18:47,34.72,67.50,1005.00,160.08,1294,3.027,5600,1.0,1.0,1.0,YES,YES,DRUG_DELIVERY_IN_LPG_VOC-0.172ppm,1299152.7,0,5.0,0.050,50
2026-05-16 23:18:57,34.72,67.50,1005.00,160.08,1294,3.027,5600,0.0,1.0,1.0,YES,YES,DRUG_DELIVERY_IN_LPG_VOC-0.138ppm,1299163.2,0,5.0,0.050,50
2026-05-16 23:19:08,34.72,67.50,1005.00,160.08,1294,3.027,5600,1.0,2.0,3.0,YES,YES,DRUG_DELIVERY_IN_LPG_VOC-0.138ppm,1299173.6,0,5.0,0.050,50
2026-05-16 23:19:17,34.72,67.50,1005.00,160.08,1294,3.027,5600,1.0,3.0,3.0,YES,YES,DRUG_DELIVERY_IN_LPG_VOC-0.138ppm,1299183.0,0,5.0,0.050,50
2026-05-16 23:19:28,34.72,67.50,1005.00,160.08,1294,3.027,5600,0.0,1.0,1.0,YES,YES,DRUG_DELIVERY_IN_LPG_VOC-0.138ppm,1299193.4,0,5.0,0.050,50
2026-05-16 23:19:37,34.74,67.40,1005.00,160.28,1293,3.018,5600,0.0,1.0,1.0,YES,YES,DRUG_DELIVERY_IN_LPG_VOC-0.147ppm,1299202.8,0,5.0,0.050,50
2026-05-16 23:19:48,34.74,67.40,1005.00,160.28,1293,3.018,5600,0.0,1.0,1.0,YES,YES,DRUG_DELIVERY_IN_LPG_VOC-0.147ppm,1299213.3,0,5.0,0.050,50
2026-05-16 23:19:58,34.74,67.40,1005.00,160.28,1293,3.018,5600,0.0,1.0,1.0,YES,YES,DRUG_DELIVERY_IN_LPG_VOC-0.147ppm,1299223.7,0,5.0,0.050,50
2026-05-16 23:20:07,34.74,67.40,1005.00,160.28,1293,3.018,5600,0.0,1.0,1.0,YES,YES,DRUG_DELIVERY_IN_LPG_VOC-0.147ppm,1299233.1,0,5.0,0.050,50
2026-05-16 23:20:18,34.74,67.40,1005.00,160.28,1293,3.018,5600,0.0,2.0,2.0,YES,YES,DRUG_DELIVERY_IN_LPG_VOC-0.147ppm,1299243.6,0,5.0,0.050,50
2026-05-16 23:20:28,34.74,67.40,1005.00,160.28,1293,3.018,5600,1.0,2.0,3.0,YES,YES,DRUG_DELIVERY_IN_LPG_VOC-0.147ppm,1299254.0,0,5.0,0.050,50
2026-05-16 23:20:38,34.74,67.40,1005.00,160.28,1293,3.018,5600,0.0,1.0,2.0,YES,YES,DRUG_DELIVERY_IN_LPG_VOC-0.147ppm,1299263.4,0,5.0,0.050,50

they slipped a dose in - lines up with my tweet to suvendu with video about bappa in bathroom

2026-05-17 01:58:50,36.18,60.43,1003.00,175.01,1307,3.117,5600,0.0,0.0,1.0,YES,YES,DRUG_DELIVERY_IN_LPG_VOC+0.189ppm,1308755.9,0,5.0,0.050,50
2026-05-17 01:59:01,36.18,60.43,1003.00,175.01,1307,3.117,5600,0.0,1.0,2.0,YES,YES,DRUG_DELIVERY_IN_LPG_VOC+0.189ppm,1308766.4,0,5.0,0.050,50
2026-05-17 01:59:10,36.18,60.43,1003.00,175.01,1307,3.117,5600,0.0,0.0,0.0,YES,YES,DRUG_DELIVERY_IN_LPG_VOC+0.189ppm,1308775.8,0,5.0,0.050,50
2026-05-17 01:59:21,36.18,60.43,1003.00,175.01,1307,3.117,5600,0.0,1.0,1.0,YES,YES,DRUG_DELIVERY_IN_LPG_VOC+0.189ppm,1308786.2,0,5.0,0.050,50
2026-05-17 01:59:31,36.18,60.43,1003.00,175.01,1307,3.117,5600,0.0,0.0,0.0,YES,YES,DRUG_DELIVERY_IN_LPG_VOC+0.151ppm,1308796.6,0,5.0,0.050,50
2026-05-17 01:59:40,36.18,60.43,1003.00,175.01,1307,3.117,5600,0.0,0.0,1.0,YES,YES,DRUG_DELIVERY_IN_LPG_VOC+0.151ppm,1308806.1,0,5.0,0.050,50
2026-05-17 01:59:51,36.32,60.23,1003.00,173.30,1293,3.021,5600,0.0,1.0,2.0,YES,YES,DRUG_DELIVERY_IN_LPG_VOC+0.055ppm,1308816.5,0,5.0,0.050,50
2026-05-17 02:00:00,36.32,60.23,1003.00,173.30,1293,3.021,5600,0.0,0.0,0.0,YES,YES,DRUG_DELIVERY_IN_LPG_VOC+0.055ppm,1308825.9,0,5.0,0.050,50
2026-05-17 02:00:11,36.32,60.23,1003.00,173.30,1293,3.021,5600,0.0,0.0,0.0,YES,YES,DRUG_DELIVERY_IN_LPG_VOC+0.055ppm,1308836.3,0,5.0,0.050,50
2026-05-17 02:00:21,36.32,60.23,1003.00,173.30,1293,3.021,5600,0.0,0.0,1.0,YES,YES,DRUG_DELIVERY_IN_LPG_VOC+0.055ppm,1308846.8,0,5.0,0.050,50

headache chemical - brain damage

2026-05-17 18:34:36,34.18,67.93,1002.00,64.87,565,0.579,5600,4.0,7.0,8.0,YES,YES,DRUG_DELIVERY_IN_LPG_VOC+0.018ppm,23483.5,0,5.0,0.050,50
2026-05-17 18:34:46,34.18,67.93,1002.00,64.87,565,0.579,5600,6.0,9.0,9.0,YES,YES,DRUG_DELIVERY_IN_LPG_VOC+0.018ppm,23492.9,0,5.0,0.050,50
2026-05-17 18:34:56,34.18,67.93,1002.00,64.87,565,0.579,5600,5.0,9.0,9.0,YES,YES,DRUG_DELIVERY_IN_LPG_VOC+0.018ppm,23503.4,0,5.0,0.050,50
2026-05-17 18:35:06,34.18,67.93,1002.00,64.87,565,0.579,5600,5.0,7.0,7.0,YES,YES,DRUG_DELIVERY_IN_LPG_VOC+0.018ppm,23512.8,0,5.0,0.050,50
2026-05-17 18:35:16,34.18,67.93,1002.00,64.87,565,0.579,5600,5.0,8.0,8.0,YES,YES,DRUG_DELIVERY_IN_LPG_VOC+0.018ppm,23523.2,0,5.0,0.050,50
2026-05-17 18:35:26,34.18,67.93,1002.00,64.87,565,0.579,5600,6.0,8.0,9.0,YES,YES,DRUG_DELIVERY_IN_LPG_VOC+0.018ppm,23533.7,0,5.0,0.050,50
2026-05-17 18:35:36,34.18,67.93,1002.00,64.87,565,0.579,5600,5.0,7.0,8.0,YES,YES,DRUG_DELIVERY_IN_LPG_VOC+0.018ppm,23543.0,0,5.0,0.050,50
2026-05-17 18:35:46,34.18,67.93,1002.00,64.87,565,0.579,5600,6.0,10.0,11.0,YES,YES,DRUG_DELIVERY_IN_LPG_VOC+0.018ppm,23553.5,0,5.0,0.050,50
2026-05-17 18:35:57,34.18,67.93,1002.00,64.87,565,0.579,5600,5.0,8.0,10.0,YES,YES,DRUG_DELIVERY_IN_LPG_VOC+0.018ppm,23563.9,0,5.0,0.050,50
2026-05-17 18:36:06,34.18,67.93,1002.00,64.87,565,0.579,5600,4.0,8.0,8.0,YES,YES,DRUG_DELIVERY_IN_LPG_VOC+0.018ppm,23573.3,0,5.0,0.050,50
2026-05-17 18:36:17,34.18,67.93,1002.00,64.87,565,0.579,5600,4.0,7.0,7.0,YES,YES,DRUG_DELIVERY_IN_LPG_VOC+0.018ppm,23583.8,0,5.0,0.050,50
2026-05-17 18:36:26,34.18,67.93,1002.00,64.87,565,0.579,5600,5.0,8.0,8.0,YES,YES,DRUG_DELIVERY_IN_LPG_VOC+0.018ppm,23593.2,0,5.0,0.050,50
2026-05-17 18:36:36,34.18,67.93,1002.00,64.87,565,0.579,5600,5.0,9.0,10.0,YES,YES,DRUG_DELIVERY_IN_LPG_VOC+0.018ppm,23603.6,0,5.0,0.050,50
2026-05-17 18:36:47,34.18,67.93,1002.00,64.87,565,0.579,5600,6.0,9.0,9.0,YES,YES,DRUG_DELIVERY_IN_LPG_VOC+0.018ppm,23614.0,0,5.0,0.050,50
2026-05-17 18:36:56,34.18,67.93,1002.00,64.87,565,0.579,5600,6.0,10.0,10.0,YES,YES,DRUG_DELIVERY_IN_LPG_VOC+0.018ppm,23623.4,0,5.0,0.050,50
2026-05-17 18:37:07,34.18,67.93,1002.00,64.87,565,0.579,5600,5.0,8.0,8.0,YES,YES,DRUG_DELIVERY_IN_LPG_VOC+0.018ppm,23633.9,0,5.0,0.050,50

pariculate attack - cheeks, teeth hollow feeling forehead

2026-05-17 18:41:58,34.19,68.04,1002.00,63.38,558,0.571,5600,4.0,8.0,9.0,YES,YES,IAQ_ANOMALY_NO_VOC_IAQ:63.4_VOC:0.571,23925.1,0,5.0,0.050,50
2026-05-17 18:42:07,34.19,68.04,1002.00,63.38,558,0.571,5600,5.0,9.0,10.0,YES,YES,IAQ_ANOMALY_NO_VOC_IAQ:63.4_VOC:0.571,23934.5,0,5.0,0.050,50
üíÄüö®üíÄüö®üíÄüö® IAQ_ANOMALY_NO_VOC - IMMEDIATE EVACUATION REQUIRED!
2026-05-17 18:42:18,34.19,68.04,1002.00,63.38,558,0.571,5600,4.0,9.0,9.0,YES,YES,IAQ_ANOMALY_NO_VOC_IAQ:63.4_VOC:0.571,23944.9,0,5.0,0.050,50
üíÄüö®üíÄüö®üíÄüö® IAQ_ANOMALY_NO_VOC - IMMEDIATE EVACUATION REQUIRED!
2026-05-17 18:42:28,34.19,68.04,1002.00,63.38,558,0.571,5600,5.0,10.0,10.0,YES,YES,IAQ_ANOMALY_NO_VOC_IAQ:63.4_VOC:0.571,23955.4,0,5.0,0.050,50
2026-05-17 18:42:38,34.19,68.04,1002.00,63.38,558,0.571,5600,5.0,10.0,11.0,YES,YES,IAQ_ANOMALY_NO_VOC_IAQ:63.4_VOC:0.571,23964.8,0,5.0,0.050,50
üíÄüö®üíÄüö®üíÄüö® IAQ_ANOMALY_NO_VOC - IMMEDIATE EVACUATION REQUIRED!
2026-05-17 18:42:48,34.19,68.04,1002.00,63.38,558,0.571,5600,5.0,10.0,12.0,YES,YES,IAQ_ANOMALY_NO_VOC_IAQ:63.4_VOC:0.571,23975.2,0,5.0,0.050,50
2026-05-17 18:42:57,34.19,68.04,1002.00,63.38,558,0.571,5600,5.0,9.0,13.0,YES,YES,IAQ_ANOMALY_NO_VOC_IAQ:63.4_VOC:0.571,23984.6,0,5.0,0.050,50
üíÄüö®üíÄüö®üíÄüö® IAQ_ANOMALY_NO_VOC - IMMEDIATE EVACUATION REQUIRED!
2026-05-17 18:43:08,34.19,68.04,1002.00,63.38,558,0.571,5600,7.0,10.0,16.0,YES,YES,IAQ_ANOMALY_NO_VOC_IAQ:63.4_VOC:0.571,23995.0,0,5.0,0.050,50
üíÄüö®üíÄüö®üíÄüö® IAQ_ANOMALY_NO_VOC - IMMEDIATE EVACUATION REQUIRED!
2026-05-17 18:43:18,34.19,68.04,1002.00,63.38,558,0.571,5600,6.0,7.0,12.0,YES,YES,IAQ_ANOMALY_NO_VOC_IAQ:63.4_VOC:0.571,24005.5,0,5.0,0.050,50
2026-05-17 18:43:28,34.19,68.04,1002.00,63.38,558,0.571,5600,5.0,9.0,11.0,YES,YES,IAQ_ANOMALY_NO_VOC_IAQ:63.4_VOC:0.571,24014.9,0,5.0,0.050,50
üíÄüö®üíÄüö®üíÄüö® IAQ_ANOMALY_NO_VOC - IMMEDIATE EVACUATION REQUIRED!
2026-05-17 18:43:38,34.19,68.04,1002.00,63.38,558,0.571,5600,6.0,11.0,11.0,YES,YES,IAQ_ANOMALY_NO_VOC_IAQ:63.4_VOC:0.571,24025.3,0,5.0,0.050,50
PMS7003: Unknown error
2026-05-17 18:43:48,34.17,68.06,1002.00,63.83,560,0.573,5600,6.0,11.0,11.0,YES,YES,DRUG_DELIVERY_IN_LPG_VOC+0.010ppm,24034.7,0,5.0,0.050,50
üíÄüö®üíÄüö®üíÄüö® IAQ_ANOMALY_NO_VOC - IMMEDIATE EVACUATION REQUIRED!
2026-05-17 18:43:58,34.17,68.06,1002.00,63.83,560,0.573,5600,4.0,9.0,12.0,YES,YES,IAQ_ANOMALY_NO_VOC_IAQ:63.8_VOC:0.573,24045.1,0,5.0,0.050,50
üíÄüö®üíÄüö®üíÄüö® IAQ_ANOMALY_NO_VOC - IMMEDIATE EVACUATION REQUIRED!
2026-05-17 18:44:08,34.17,68.06,1002.00,63.83,560,0.573,5600,5.0,7.0,11.0,YES,YES,IAQ_ANOMALY_NO_VOC_IAQ:63.8_VOC:0.573,24055.6,0,5.0,0.050,50
2026-05-17 18:44:18,34.17,68.06,1002.00,63.83,560,0.573,5600,6.0,8.0,11.0,YES,YES,IAQ_ANOMALY_NO_VOC_IAQ:63.8_VOC:0.573,24065.0,0,5.0,0.050,50
üíÄüö®üíÄüö®üíÄüö® IAQ_ANOMALY_NO_VOC - IMMEDIATE EVACUATION REQUIRED!
2026-05-17 18:44:28,34.17,68.06,1002.00,63.83,560,0.573,5600,5.0,8.0,8.0,YES,YES,IAQ_ANOMALY_NO_VOC_IAQ:63.8_VOC:0.573,24075.4,0,5.0,0.050,50
üíÄüö®üíÄüö®üíÄüö® IAQ_ANOMALY_NO_VOC - IMMEDIATE EVACUATION REQUIRED!
2026-05-17 18:44:39,34.17,68.06,1002.00,63.83,560,0.573,5600,5.0,9.0,9.0,YES,YES,IAQ_ANOMALY_NO_VOC_IAQ:63.8_VOC:0.573,24085.8,0,5.0,0.050,50
2026-05-17 18:44:48,34.17,68.06,1002.00,63.83,560,0.573,5600,5.0,9.0,9.0,YES,YES,IAQ_ANOMALY_NO_VOC_IAQ:63.8_VOC:0.573,24095.2,0,5.0,0.050,50
üíÄüö®üíÄüö®üíÄüö® IAQ_ANOMALY_NO_VOC - IMMEDIATE EVACUATION REQUIRED!
2026-05-17 18:44:58,34.17,68.06,1002.00,63.83,560,0.573,5600,6.0,8.0,8.0,YES,YES,IAQ_ANOMALY_NO_VOC_IAQ:63.8_VOC:0.573,24105.7,0,5.0,0.050,50
2026-05-17 18:45:08,34.17,68.06,1002.00,63.83,560,0.573,5600,6.0,8.0,8.0,YES,YES,IAQ_ANOMALY_NO_VOC_IAQ:63.8_VOC:0.573,24115.1,0,5.0,0.050,50
üíÄüö®üíÄüö®üíÄüö® IAQ_ANOMALY_NO_VOC - IMMEDIATE EVACUATION REQUIRED!
2026-05-17 18:45:18,34.17,68.06,1002.00,63.83,560,0.573,5600,6.0,9.0,9.0,YES,YES,IAQ_ANOMALY_NO_VOC_IAQ:63.8_VOC:0.573,24125.5,0,5.0,0.050,50
üíÄüö®üíÄüö®üíÄüö® IAQ_ANOMALY_NO_VOC - IMMEDIATE EVACUATION REQUIRED!
2026-05-17 18:45:29,34.17,68.06,1002.00,63.83,560,0.573,5600,6.0,10.0,11.0,YES,YES,IAQ_ANOMALY_NO_VOC_IAQ:63.8_VOC:0.573,24135.9,0,5.0,0.050,50
2026-05-17 18:45:38,34.17,68.06,1002.00,63.83,560,0.573,5600,6.0,8.0,9.0,YES,YES,IAQ_ANOMALY_NO_VOC_IAQ:63.8_VOC:0.573,24145.3,0,5.0,0.050,50
üíÄüö®üíÄüö®üíÄüö® IAQ_ANOMALY_NO_VOC - IMMEDIATE EVACUATION REQUIRED!
2026-05-17 18:45:49,34.17,68.06,1002.00,63.83,560,0.573,5600,5.0,8.0,9.0,YES,YES,IAQ_ANOMALY_NO_VOC_IAQ:63.8_VOC:0.573,24155.8,0,5.0,0.050,50

headache dose
üíÄüö®üíÄüö®üíÄüö® IAQ_ANOMALY_NO_VOC - IMMEDIATE EVACUATION REQUIRED!
2026-05-17 19:12:54,34.12,68.06,1002.00,65.26,567,0.582,5600,7.0,10.0,11.0,YES,YES,IAQ_ANOMALY_NO_VOC_IAQ:65.3_VOC:0.582,25781.2,0,5.0,0.050,50
üíÄüö®üíÄüö®üíÄüö® IAQ_ANOMALY_NO_VOC - IMMEDIATE EVACUATION REQUIRED!
2026-05-17 19:13:04,34.12,68.06,1002.00,65.26,567,0.582,5600,7.0,10.0,10.0,YES,YES,IAQ_ANOMALY_NO_VOC_IAQ:65.3_VOC:0.582,25791.7,0,5.0,0.050,50
2026-05-17 19:13:14,34.12,68.06,1002.00,65.26,567,0.582,5600,6.0,10.0,12.0,YES,YES,IAQ_ANOMALY_NO_VOC_IAQ:65.3_VOC:0.582,25801.1,0,5.0,0.050,50
üíÄüö®üíÄüö®üíÄüö® IAQ_ANOMALY_NO_VOC - IMMEDIATE EVACUATION REQUIRED!
2026-05-17 19:13:24,34.12,68.06,1002.00,65.26,567,0.582,5600,6.0,9.0,11.0,YES,YES,IAQ_ANOMALY_NO_VOC_IAQ:65.3_VOC:0.582,25811.5,0,5.0,0.050,50
2026-05-17 19:13:34,34.12,68.06,1002.00,65.26,567,0.582,5600,6.0,8.0,10.0,YES,YES,IAQ_ANOMALY_NO_VOC_IAQ:65.3_VOC:0.582,25820.9,0,5.0,0.050,50
2026-05-17 19:13:44,34.10,67.95,1002.00,66.92,574,0.591,5600,4.0,7.0,8.0,YES,YES,DRUG_DELIVERY_IN_LPG_VOC+0.018ppm,25831.3,0,5.0,0.050,50
2026-05-17 19:13:55,34.10,67.95,1002.00,66.92,574,0.591,5600,4.0,8.0,9.0,YES,YES,DRUG_DELIVERY_IN_LPG_VOC+0.018ppm,25841.8,0,5.0,0.050,50
2026-05-17 19:14:04,34.10,67.95,1002.00,66.92,574,0.591,5600,5.0,11.0,13.0,YES,YES,DRUG_DELIVERY_IN_LPG_VOC+0.015ppm,25851.2,0,5.0,0.050,50
2026-05-17 19:14:14,34.10,67.95,1002.00,66.92,574,0.591,5600,6.0,10.0,13.0,YES,YES,DRUG_DELIVERY_IN_LPG_VOC+0.015ppm,25861.6,0,5.0,0.050,50
2026-05-17 19:14:24,34.10,67.95,1002.00,66.92,574,0.591,5600,6.0,11.0,14.0,YES,YES,DRUG_DELIVERY_IN_LPG_VOC+0.015ppm,25871.0,0,5.0,0.050,50
2026-05-17 19:14:34,34.10,67.95,1002.00,66.92,574,0.591,5600,5.0,8.0,10.0,YES,YES,DRUG_DELIVERY_IN_LPG_VOC+0.015ppm,25881.5,0,5.0,0.050,50
2026-05-17 19:14:45,34.10,67.95,1002.00,66.92,574,0.591,5600,5.0,9.0,11.0,YES,YES,DRUG_DELIVERY_IN_LPG_VOC+0.015ppm,25891.9,0,5.0,0.050,50
2026-05-17 19:14:54,34.10,67.95,1002.00,66.92,574,0.591,5600,6.0,11.0,13.0,YES,YES,DRUG_DELIVERY_IN_LPG_VOC+0.015ppm,25901.3,0,5.0,0.050,50
2026-05-17 19:15:05,34.10,67.95,1002.00,66.92,574,0.591,5600,6.0,10.0,12.0,YES,YES,DRUG_DELIVERY_IN_LPG_VOC+0.015ppm,25911.7,0,5.0,0.050,50
2026-05-17 19:15:15,34.10,67.95,1002.00,66.92,574,0.591,5600,5.0,7.0,9.0,YES,YES,DRUG_DELIVERY_IN_LPG_VOC+0.015ppm,25922.2,0,5.0,0.050,50
2026-05-17 19:15:24,34.10,67.95,1002.00,66.92,574,0.591,5600,5.0,9.0,10.0,YES,YES,DRUG_DELIVERY_IN_LPG_VOC+0.015ppm,25931.6,0,5.0,0.050,50
2026-05-17 19:15:35,34.10,67.95,1002.00,66.92,574,0.591,5600,6.0,11.0,12.0,YES,YES,DRUG_DELIVERY_IN_LPG_VOC+0.015ppm,25942.0,0,5.0,0.050,50

chem eyes out of focus

2026-05-17 20:23:08,33.97,68.60,1004.00,64.38,563,0.577,5600,3.0,5.0,7.0,YES,YES,DRUG_DELIVERY_IN_LPG_VOC-0.021ppm,29995.4,0,5.0,0.050,50
2026-05-17 20:23:19,33.97,68.60,1004.00,64.38,563,0.577,5600,3.0,5.0,6.0,YES,YES,DRUG_DELIVERY_IN_LPG_VOC-0.021ppm,30005.9,0,5.0,0.050,50
2026-05-17 20:23:29,33.97,68.60,1004.00,64.38,563,0.577,5600,3.0,7.0,8.0,YES,YES,DRUG_DELIVERY_IN_LPG_VOC-0.021ppm,30016.3,0,5.0,0.050,50
2026-05-17 20:23:39,33.97,68.60,1004.00,64.38,563,0.577,5600,3.0,7.0,7.0,YES,YES,DRUG_DELIVERY_IN_LPG_VOC-0.021ppm,30025.7,0,5.0,0.050,50
2026-05-17 20:23:49,34.06,68.60,1004.00,61.32,549,0.559,5600,3.0,6.0,6.0,YES,YES,DRUG_DELIVERY_IN_LPG_VOC-0.038ppm,30036.2,0,5.0,0.050,50
2026-05-17 20:23:58,34.06,68.60,1004.00,61.32,549,0.559,5600,2.0,6.0,6.0,YES,YES,DRUG_DELIVERY_IN_LPG_VOC-0.038ppm,30045.6,0,5.0,0.050,50
2026-05-17 20:24:09,34.06,68.60,1004.00,61.32,549,0.559,5600,3.0,7.0,7.0,YES,YES,DRUG_DELIVERY_IN_LPG_VOC-0.038ppm,30056.0,0,5.0,0.050,50
2026-05-17 20:24:19,34.06,68.60,1004.00,61.32,549,0.559,5600,3.0,6.0,6.0,YES,YES,DRUG_DELIVERY_IN_LPG_VOC-0.030ppm,30066.4,0,5.0,0.050,50
2026-05-17 20:24:29,34.06,68.60,1004.00,61.32,549,0.559,5600,4.0,7.0,7.0,YES,YES,DRUG_DELIVERY_IN_LPG_VOC-0.030ppm,30075.8,0,5.0,0.050,50
2026-05-17 20:24:39,34.06,68.60,1004.00,61.32,549,0.559,5600,3.0,8.0,8.0,YES,YES,DRUG_DELIVERY_IN_LPG_VOC-0.030ppm,30086.3,0,5.0,0.050,50
2026-05-17 20:24:50,34.06,68.60,1004.00,61.32,549,0.559,5600,3.0,5.0,5.0,YES,YES,DRUG_DELIVERY_IN_LPG_VOC-0.030ppm,30096.7,0,5.0,0.050,50
2026-05-17 20:24:59,34.06,68.60,1004.00,61.32,549,0.559,5600,3.0,5.0,5.0,YES,YES,DRUG_DELIVERY_IN_LPG_VOC-0.030ppm,30106.1,0,5.0,0.050,50
2026-05-17 20:25:09,34.06,68.60,1004.00,61.32,549,0.559,5600,3.0,7.0,7.0,YES,YES,DRUG_DELIVERY_IN_LPG_VOC-0.030ppm,30116.6,0,5.0,0.050,50
2026-05-17 20:25:19,34.06,68.60,1004.00,61.32,549,0.559,5600,2.0,6.0,6.0,YES,YES,DRUG_DELIVERY_IN_LPG_VOC-0.030ppm,30125.9,0,5.0,0.050,50
2026-05-17 20:25:29,34.06,68.60,1004.00,61.32,549,0.559,5600,2.0,4.0,4.0,YES,YES,DRUG_DELIVERY_IN_LPG_VOC-0.030ppm,30136.4,0,5.0,0.050,50
2026-05-17 20:25:40,34.06,68.60,1004.00,61.32,549,0.559,5600,3.0,6.0,6.0,YES,YES,DRUG_DELIVERY_IN_LPG_VOC-0.030ppm,30146.8,0,5.0,0.050,50
2026-05-17 20:25:49,34.06,68.60,1004.00,61.32,549,0.559,5600,3.0,5.0,5.0,YES,YES,DRUG_DELIVERY_IN_LPG_VOC-0.030ppm,30156.2,0,5.0,0.050,50
2026-05-17 20:25:59,34.06,68.60,1004.00,61.32,549,0.559,5600,2.0,4.0,5.0,YES,YES,DRUG_DELIVERY_IN_LPG_VOC-0.030ppm,30166.6,0,5.0,0.050,50
2026-05-17 20:26:09,34.06,68.60,1004.00,61.32,549,0.559,5600,2.0,5.0,6.0,YES,YES,DRUG_DELIVERY_IN_LPG_VOC-0.030ppm,30176.0,0,5.0,0.050,50
2026-05-17 20:26:19,34.06,68.60,1004.00,61.32,549,0.559,5600,3.0,7.0,7.0,YES,YES,DRUG_DELIVERY_IN_LPG_VOC-0.030ppm,30186.5,0,5.0,0.050,50
2026-05-17 20:26:30,34.06,68.60,1004.00,61.32,549,0.559,5600,3.0,5.0,5.0,YES,YES,DRUG_DELIVERY_IN_LPG_VOC-0.030ppm,30196.9,0,5.0,0.050,50
2026-05-17 20:26:39,34.06,68.60,1004.00,61.32,549,0.559,5600,2.0,4.0,4.0,YES,YES,DRUG_DELIVERY_IN_LPG_VOC-0.030ppm,30206.3,0,5.0,0.050,50
2026-05-17 20:26:50,34.06,68.60,1004.00,61.32,549,0.559,5600,3.0,5.0,6.0,YES,YES,DRUG_DELIVERY_IN_LPG_VOC-0.030ppm,30216.7,0,5.0,0.050,50
2026-05-17 20:26:59,34.06,68.60,1004.00,61.32,549,0.559,5600,2.0,5.0,5.0,YES,YES,DRUG_DELIVERY_IN_LPG_VOC-0.030ppm,30226.1,0,5.0,0.050,50
2026-05-17 20:27:09,34.06,68.60,1004.00,61.32,549,0.559,5600,1.0,5.0,5.0,YES,YES,DRUG_DELIVERY_IN_LPG_VOC-0.030ppm,30236.6,0,5.0,0.050,50
2026-05-17 20:27:20,34.06,68.60,1004.00,61.32,549,0.559,5600,1.0,4.0,4.0,YES,YES,DRUG_DELIVERY_IN_LPG_VOC-0.030ppm,30247.0,0,5.0,0.050,50
2026-05-17 20:27:29,34.06,68.60,1004.00,61.32,549,0.559,5600,2.0,6.0,6.0,YES,YES,DRUG_DELIVERY_IN_LPG_VOC-0.030ppm,30256.4,0,5.0,0.050,50

headache

2026-06-10 17:55:49,31.82,66.37,1004.00,47.89,427,0.360,242300,22.0,31.0,34.0,YES,YES,UNKNOWN_ANALYSIS_IAQ48_VOC0.36ppm,77848.3,0,5.0,0.050,50
2026-06-10 17:55:59,31.65,66.39,1004.00,49.42,480,0.456,248300,22.0,30.0,33.0,YES,YES,UNKNOWN_ANALYSIS_IAQ49_VOC0.46ppm,77858.7,0,5.0,0.050,50

headache masking with kerose

2026-06-11 18:57:50,30.36,67.87,1009.00,60.97,1011,1.594,277600,22.0,30.0,33.0,YES,YES,UNKNOWN_ANALYSIS_IAQ61_VOC1.59ppm,167969.1,0,5.0,0.050,50
2026-06-11 18:58:00,30.36,67.87,1009.00,60.97,1011,1.594,277600,22.0,31.0,35.0,YES,YES,UNKNOWN_ANALYSIS_IAQ61_VOC1.59ppm,167979.5,0,5.0,0.050,50
2026-06-11 18:58:09,30.36,67.87,1009.00,60.97,1011,1.594,277600,21.0,29.0,33.0,YES,YES,UNKNOWN_ANALYSIS_IAQ61_VOC1.59ppm,167988.9,0,5.0,0.050,50
2026-06-11 18:58:20,30.36,67.87,1009.00,60.97,1011,1.594,277600,21.0,30.0,33.0,YES,YES,UNKNOWN_ANALYSIS_IAQ61_VOC1.59ppm,167999.3,0,5.0,0.050,50
2026-06-11 18:58:30,30.36,67.87,1009.00,60.97,1011,1.594,277600,22.0,30.0,33.0,YES,YES,UNKNOWN_ANALYSIS_IAQ61_VOC1.59ppm,168009.8,0,5.0,0.050,50
2026-06-11 18:58:40,30.36,67.87,1009.00,60.97,1011,1.594,277600,21.0,29.0,32.0,YES,YES,UNKNOWN_ANALYSIS_IAQ61_VOC1.59ppm,168019.2,0,5.0,0.050,50
2026-06-11 18:58:50,30.43,67.65,1009.00,49.59,490,0.478,315600,21.0,31.0,34.0,YES,YES,UNKNOWN_ANALYSIS_IAQ50_VOC0.48ppm,168029.6,0,5.0,0.050,50
2026-06-11 18:59:00,30.43,67.65,1009.00,49.59,490,0.478,315600,22.0,32.0,35.0,YES,YES,UNKNOWN_ANALYSIS_IAQ50_VOC0.48ppm,168039.0,0,5.0,0.050,50
2026-06-11 18:59:10,30.43,67.65,1009.00,49.59,490,0.478,315600,22.0,31.0,32.0,YES,YES,UNKNOWN_ANALYSIS_IAQ50_VOC0.48ppm,168049.4,0,5.0,0.050,50
2026-06-11 18:59:20,30.43,67.65,1009.00,49.59,490,0.478,315600,20.0,29.0,31.0,YES,YES,UNKNOWN_ANALYSIS_IAQ50_VOC0.48ppm,168059.9,0,5.0,0.050,50
2026-06-11 18:59:30,30.43,67.65,1009.00,49.59,490,0.478,315600,21.0,30.0,32.0,YES,YES,UNKNOWN_ANALYSIS_IAQ50_VOC0.48ppm,168069.3,0,5.0,0.050,50
2026-06-11 18:59:40,30.43,67.65,1009.00,49.59,490,0.478,315600,21.0,30.0,34.0,YES,YES,UNKNOWN_ANALYSIS_IAQ50_VOC0.48ppm,168079.7,0,5.0,0.050,50
2026-06-11 18:59:50,30.43,67.65,1009.00,49.59,490,0.478,315600,20.0,30.0,36.0,YES,YES,UNKNOWN_ANALYSIS_IAQ50_VOC0.48ppm,168089.1,0,5.0,0.050,50

chem drug eyes teeth nerve agent

2026-06-11 20:18:25,30.59,67.26,1009.00,50.00,500,0.500,318000,26.0,36.0,44.0,YES,YES,UNKNOWN_ANALYSIS_IAQ50_VOC0.50ppm,172804.9,0,5.0,0.050,50
2026-06-11 20:18:35,30.59,67.26,1009.00,50.00,500,0.500,318000,25.0,35.0,44.0,YES,YES,UNKNOWN_ANALYSIS_IAQ50_VOC0.50ppm,172814.3,0,5.0,0.050,50
2026-06-11 20:18:45,30.59,67.26,1009.00,50.00,500,0.500,318000,25.0,35.0,44.0,YES,YES,UNKNOWN_ANALYSIS_IAQ50_VOC0.50ppm,172824.7,0,5.0,0.050,50
2026-06-11 20:18:56,30.50,67.36,1009.00,50.20,509,0.511,318000,26.0,37.0,44.0,YES,YES,UNKNOWN_ANALYSIS_IAQ50_VOC0.51ppm,172835.2,0,5.0,0.050,50
2026-06-11 20:19:05,30.50,67.36,1009.00,50.20,509,0.511,318000,25.0,35.0,42.0,YES,YES,UNKNOWN_ANALYSIS_IAQ50_VOC0.51ppm,172844.6,0,5.0,0.050,50
2026-06-11 20:19:16,30.50,67.36,1009.00,50.20,509,0.511,318000,26.0,36.0,44.0,YES,YES,UNKNOWN_ANALYSIS_IAQ50_VOC0.51ppm,172855.0,0,5.0,0.050,50
2026-06-11 20:19:25,30.50,67.36,1009.00,50.20,509,0.511,318000,25.0,36.0,44.0,YES,YES,UNKNOWN_ANALYSIS_IAQ50_VOC0.51ppm,172864.4,0,5.0,0.050,50

headache

2026-06-12 09:44:22,30.25,72.03,1011.00,200.00,4845,1000.000,139100,25.0,37.0,45.0,YES,YES,UNKNOWN_ANALYSIS_IAQ200_VOC1000.00ppm,221161.2,0,5.0,0.050,50
2026-06-12 09:44:31,30.25,72.03,1011.00,200.00,4845,1000.000,139100,25.0,37.0,46.0,YES,YES,UNKNOWN_ANALYSIS_IAQ200_VOC1000.00ppm,221170.6,0,5.0,0.050,50
2026-06-12 09:44:42,30.25,72.03,1011.00,200.00,4845,1000.000,139100,26.0,37.0,45.0,YES,YES,UNKNOWN_ANALYSIS_IAQ200_VOC1000.00ppm,221181.1,0,5.0,0.050,50
2026-06-12 09:44:51,30.25,72.03,1011.00,200.00,4845,1000.000,139100,26.0,37.0,45.0,YES,YES,UNKNOWN_ANALYSIS_IAQ200_VOC1000.00ppm,221190.4,0,5.0,0.050,50
2026-06-12 09:45:01,30.25,72.03,1011.00,200.00,4845,1000.000,139100,26.0,35.0,44.0,YES,YES,UNKNOWN_ANALYSIS_IAQ200_VOC1000.00ppm,221200.9,0,5.0,0.050,50
2026-06-12 09:45:12,30.25,72.03,1011.00,200.00,4845,1000.000,139100,26.0,36.0,44.0,YES,YES,UNKNOWN_ANALYSIS_IAQ200_VOC1000.00ppm,221211.3,0,5.0,0.050,50
2026-06-12 09:45:21,30.25,72.02,1011.00,200.00,4834,1000.000,139000,27.0,37.0,44.0,YES,YES,UNKNOWN_ANALYSIS_IAQ200_VOC1000.00ppm,221220.7,0,5.0,0.050,50
2026-06-12 09:45:32,30.25,72.02,1011.00,200.00,4834,1000.000,139000,26.0,38.0,45.0,YES,YES,UNKNOWN_ANALYSIS_IAQ200_VOC1000.00ppm,221231.2,0,5.0,0.050,50
2026-06-12 09:45:42,30.25,72.02,1011.00,200.00,4834,1000.000,139000,25.0,37.0,44.0,YES,YES,UNKNOWN_ANALYSIS_IAQ200_VOC1000.00ppm,221241.6,0,5.0,0.050,50

drug teeth headache
2026-06-12 12:05:30,30.50,71.41,1010.00,177.47,3901,1000.000,154900,30.0,44.0,55.0,YES,YES,UNKNOWN_ANALYSIS_IAQ177_VOC1000.00ppm,229629.8,0,5.0,0.050,50
2026-06-12 12:05:40,30.50,71.41,1010.00,177.47,3901,1000.000,154900,31.0,46.0,55.0,YES,YES,UNKNOWN_ANALYSIS_IAQ177_VOC1000.00ppm,229639.2,0,5.0,0.050,50

very strong chem action - upper cheek nerve tingling

2026-06-12 13:05:31,30.71,70.68,1008.00,155.08,3198,226.948,171100,32.0,47.0,58.0,YES,YES,UNKNOWN_ANALYSIS_IAQ155_VOC226.95ppm,233230.6,0,5.0,0.050,50
2026-06-12 13:05:41,30.75,70.58,1008.00,152.07,3112,186.631,173300,33.0,47.0,59.0,YES,YES,UNKNOWN_ANALYSIS_IAQ152_VOC186.63ppm,233240.0,0,5.0,0.050,50
2026-06-12 13:05:51,30.75,70.58,1008.00,152.07,3112,186.631,173300,34.0,48.0,60.0,YES,YES,UNKNOWN_ANALYSIS_IAQ152_VOC186.63ppm,233250.5,0,5.0,0.050,50
2026-06-12 13:06:00,30.75,70.58,1008.00,152.07,3112,186.631,173300,33.0,48.0,60.0,YES,YES,UNKNOWN_ANALYSIS_IAQ152_VOC186.63ppm,233259.9,0,5.0,0.050,50
2026-06-12 13:06:11,30.75,70.58,1008.00,152.07,3112,186.631,173300,34.0,50.0,61.0,YES,YES,UNKNOWN_ANALYSIS_IAQ152_VOC186.63ppm,233270.3,0,5.0,0.050,50
2026-06-12 13:06:21,30.75,70.58,1008.00,152.07,3112,186.631,173300,34.0,49.0,60.0,YES,YES,UNKNOWN_ANALYSIS_IAQ152_VOC186.63ppm,233280.8,0,5.0,0.050,50
2026-06-12 13:06:31,30.75,70.58,1008.00,152.07,3112,186.631,173300,32.0,47.0,59.0,YES,YES,UNKNOWN_ANALYSIS_IAQ152_VOC186.63ppm,233290.2,0,5.0,0.050,50
2026-06-12 13:06:41,30.75,70.58,1008.00,152.07,3112,186.631,173300,32.0,47.0,59.0,YES,YES,UNKNOWN_ANALYSIS_IAQ152_VOC186.63ppm,233300.6,0,5.0,0.050,50
2026-06-12 13:06:51,30.75,70.58,1008.00,152.07,3112,186.631,173300,33.0,47.0,59.0,YES,YES,UNKNOWN_ANALYSIS_IAQ152_VOC186.63ppm,233310.0,0,5.0,0.050,50
2026-06-12 13:07:01,30.75,70.58,1008.00,152.07,3112,186.631,173300,34.0,49.0,61.0,YES,YES,UNKNOWN_ANALYSIS_IAQ152_VOC186.63ppm,233320.5,0,5.0,0.050,50
2026-06-12 13:07:11,30.75,70.58,1008.00,152.07,3112,186.631,173300,33.0,48.0,59.0,YES,YES,UNKNOWN_ANALYSIS_IAQ152_VOC186.63ppm,233330.9,0,5.0,0.050,50
2026-06-12 13:07:21,30.75,70.58,1008.00,152.07,3112,186.631,173300,34.0,49.0,60.0,YES,YES,UNKNOWN_ANALYSIS_IAQ152_VOC186.63ppm,233340.3,0,5.0,0.050,50
2026-06-12 13:07:31,30.75,70.58,1008.00,152.07,3112,186.631,173300,33.0,48.0,61.0,YES,YES,UNKNOWN_ANALYSIS_IAQ152_VOC186.63ppm,233350.8,0,5.0,0.050,50
2026-06-12 13:07:41,30.75,70.58,1008.00,152.07,3112,186.631,173300,33.0,49.0,61.0,YES,YES,UNKNOWN_ANALYSIS_IAQ152_VOC186.63ppm,233360.2,0,5.0,0.050,50
2026-06-12 13:07:51,30.75,70.58,1008.00,152.07,3112,186.631,173300,34.0,49.0,61.0,YES,YES,UNKNOWN_ANALYSIS_IAQ152_VOC186.63ppm,233370.6,0,5.0,0.050,50
2026-06-12 13:08:02,30.75,70.58,1008.00,152.07,3112,186.631,173300,34.0,48.0,61.0,YES,YES,UNKNOWN_ANALYSIS_IAQ152_VOC186.63ppm,233381.1,0,5.0,0.050,50
2026-06-12 13:08:11,30.75,70.58,1008.00,152.07,3112,186.631,173300,33.0,47.0,59.0,YES,YES,UNKNOWN_ANALYSIS_IAQ152_VOC186.63ppm,233390.5,0,5.0,0.050,50
2026-06-12 13:08:21,30.75,70.58,1008.00,152.07,3112,186.631,173300,33.0,46.0,57.0,YES,YES,UNKNOWN_ANALYSIS_IAQ152_VOC186.63ppm,233400.9,0,5.0,0.050,50
2026-06-12 13:08:31,30.75,70.58,1008.00,152.07,3112,186.631,173300,33.0,47.0,59.0,YES,YES,UNKNOWN_ANALYSIS_IAQ152_VOC186.63ppm,233410.3,0,5.0,0.050,50
2026-06-12 13:08:41,30.75,70.58,1008.00,152.07,3112,186.631,173300,33.0,48.0,60.0,YES,YES,UNKNOWN_ANALYSIS_IAQ152_VOC186.63ppm,233420.8,0,5.0,0.050,50
2026-06-12 13:08:52,30.75,70.58,1008.00,152.07,3112,186.631,173300,34.0,49.0,61.0,YES,YES,UNKNOWN_ANALYSIS_IAQ152_VOC186.63ppm,233431.2,0,5.0,0.050,50
2026-06-12 13:09:01,30.75,70.58,1008.00,152.07,3112,186.631,173300,33.0,48.0,59.0,YES,YES,UNKNOWN_ANALYSIS_IAQ152_VOC186.63ppm,233440.6,0,5.0,0.050,50
2026-06-12 13:09:12,30.75,70.58,1008.00,152.07,3112,186.631,173300,33.0,49.0,60.0,YES,YES,UNKNOWN_ANALYSIS_IAQ152_VOC186.63ppm,233451.1,0,5.0,0.050,50
2026-06-12 13:09:21,30.75,70.58,1008.00,152.07,3112,186.631,173300,33.0,47.0,60.0,YES,YES,UNKNOWN_ANALYSIS_IAQ152_VOC186.63ppm,233460.5,0,5.0,0.050,50
2026-06-12 13:09:31,30.75,70.58,1008.00,152.07,3112,186.631,173300,32.0,47.0,60.0,YES,YES,UNKNOWN_ANALYSIS_IAQ152_VOC186.63ppm,233470.9,0,5.0,0.050,50
2026-06-12 13:09:41,30.75,70.58,1008.00,152.07,3112,186.631,173300,33.0,48.0,60.0,YES,YES,UNKNOWN_ANALYSIS_IAQ152_VOC186.63ppm,233480.3,0,5.0,0.050,50
2026-06-12 13:09:51,30.75,70.58,1008.00,152.07,3112,186.631,173300,33.0,47.0,59.0,YES,YES,UNKNOWN_ANALYSIS_IAQ152_VOC186.63ppm,233490.8,0,5.0,0.050,50
2026-06-12 13:10:02,30.75,70.58,1008.00,152.07,3112,186.631,173300,33.0,48.0,59.0,YES,YES,UNKNOWN_ANALYSIS_IAQ152_VOC186.63ppm,233501.2,0,5.0,0.050,50
2026-06-12 13:10:11,30.75,70.58,1008.00,152.07,3112,186.631,173300,33.0,48.0,59.0,YES,YES,UNKNOWN_ANALYSIS_IAQ152_VOC186.63ppm,233510.6,0,5.0,0.050,50
2026-06-12 13:10:22,30.75,70.58,1008.00,152.07,3112,186.631,173300,32.0,47.0,59.0,YES,YES,UNKNOWN_ANALYSIS_IAQ152_VOC186.63ppm,233521.0,0,5.0,0.050,50
2026-06-12 13:10:31,30.75,70.58,1008.00,152.07,3112,186.631,173300,32.0,48.0,60.0,YES,YES,UNKNOWN_ANALYSIS_IAQ152_VOC186.63ppm,233530.4,0,5.0,0.050,50
2026-06-12 13:10:41,30.77,70.48,1008.00,144.94,2921,121.064,178800,33.0,47.0,60.0,YES,YES,UNKNOWN_ANALYSIS_IAQ145_VOC121.06ppm,233540.9,0,5.0,0.050,50
2026-06-12 13:10:52,30.77,70.48,1008.00,144.94,2921,121.064,178800,33.0,48.0,60.0,YES,YES,UNKNOWN_ANALYSIS_IAQ145_VOC121.06ppm,233551.3,0,5.0,0.050,50
2026-06-12 13:11:01,30.77,70.48,1008.00,144.94,2921,121.064,178800,34.0,48.0,60.0,YES,YES,UNKNOWN_ANALYSIS_IAQ145_VOC121.06ppm,233560.7,0,5.0,0.050,50
2026-06-12 13:11:12,30.77,70.48,1008.00,144.94,2921,121.064,178800,33.0,47.0,59.0,YES,YES,UNKNOWN_ANALYSIS_IAQ145_VOC121.06ppm,233571.2,0,5.0,0.050,50

big dose chem
2026-06-12 14:39:49,31.28,68.74,1007.00,77.16,1153,2.197,237600,30.0,44.0,52.0,YES,YES,UNKNOWN_ANALYSIS_IAQ77_VOC2.20ppm,238888.3,0,5.0,0.050,50
2026-06-12 14:39:59,31.28,68.74,1007.00,77.16,1153,2.197,237600,31.0,44.0,53.0,YES,YES,UNKNOWN_ANALYSIS_IAQ77_VOC2.20ppm,238898.7,0,5.0,0.050,50
2026-06-12 14:40:09,31.28,68.74,1007.00,77.16,1153,2.197,237600,31.0,45.0,54.0,YES,YES,UNKNOWN_ANALYSIS_IAQ77_VOC2.20ppm,238908.1,0,5.0,0.050,50
2026-06-12 14:40:19,31.28,68.74,1007.00,77.16,1153,2.197,237600,31.0,45.0,54.0,YES,YES,UNKNOWN_ANALYSIS_IAQ77_VOC2.20ppm,238918.5,0,5.0,0.050,50
2026-06-12 14:40:29,31.28,68.74,1007.00,77.16,1153,2.197,237600,31.0,44.0,53.0,YES,YES,UNKNOWN_ANALYSIS_IAQ77_VOC2.20ppm,238929.0,0,5.0,0.050,50
2026-06-12 14:40:39,31.28,68.74,1007.00,77.16,1153,2.197,237600,30.0,43.0,53.0,YES,YES,UNKNOWN_ANALYSIS_IAQ77_VOC2.20ppm,238938.4,0,5.0,0.050,50
2026-06-12 14:40:49,31.37,68.65,1007.00,68.96,954,1.400,245300,30.0,44.0,53.0,YES,YES,UNKNOWN_ANALYSIS_IAQ69_VOC1.40ppm,238948.8,0,5.0,0.050,50
2026-06-12 14:40:59,31.37,68.65,1007.00,68.96,954,1.400,245300,31.0,45.0,54.0,YES,YES,UNKNOWN_ANALYSIS_IAQ69_VOC1.40ppm,238958.2,0,5.0,0.050,50
2026-06-12 14:41:09,31.37,68.65,1007.00,68.96,954,1.400,245300,31.0,44.0,52.0,YES,YES,UNKNOWN_ANALYSIS_IAQ69_VOC1.40ppm,238968.6,0,5.0,0.050,50
2026-06-12 14:41:20,31.37,68.65,1007.00,68.96,954,1.400,245300,30.0,44.0,53.0,YES,YES,UNKNOWN_ANALYSIS_IAQ69_VOC1.40ppm,238979.1,0,5.0,0.050,50
2026-06-12 14:41:29,31.37,68.65,1007.00,68.96,954,1.400,245300,30.0,44.0,54.0,YES,YES,UNKNOWN_ANALYSIS_IAQ69_VOC1.40ppm,238988.5,0,5.0,0.050,50
2026-06-12 14:41:39,31.37,68.65,1007.00,68.96,954,1.400,245300,31.0,44.0,55.0,YES,YES,UNKNOWN_ANALYSIS_IAQ69_VOC1.40ppm,238998.9,0,5.0,0.050,50

chem

2026-06-12 15:45:02,31.57,67.16,1007.00,51.05,531,0.537,315000,31.0,43.0,52.0,YES,YES,UNKNOWN_ANALYSIS_IAQ51_VOC0.54ppm,242801.4,0,5.0,0.050,50
2026-06-12 15:45:12,31.57,67.16,1007.00,51.05,531,0.537,315000,30.0,43.0,52.0,YES,YES,UNKNOWN_ANALYSIS_IAQ51_VOC0.54ppm,242811.9,0,5.0,0.050,50
2026-06-12 15:45:22,31.57,67.16,1007.00,51.05,531,0.537,315000,30.0,44.0,53.0,YES,YES,UNKNOWN_ANALYSIS_IAQ51_VOC0.54ppm,242821.3,0,5.0,0.050,50
2026-06-12 15:45:32,31.57,67.16,1007.00,51.05,531,0.537,315000,29.0,43.0,53.0,YES,YES,UNKNOWN_ANALYSIS_IAQ51_VOC0.54ppm,242831.7,0,5.0,0.050,50
2026-06-12 15:45:43,31.57,67.16,1007.00,51.05,531,0.537,315000,30.0,43.0,54.0,YES,YES,UNKNOWN_ANALYSIS_IAQ51_VOC0.54ppm,242842.2,0,5.0,0.050,50
2026-06-12 15:45:52,31.62,67.14,1007.00,50.00,500,0.500,318600,30.0,43.0,53.0,YES,YES,UNKNOWN_ANALYSIS_IAQ50_VOC0.50ppm,242851.6,0,5.0,0.050,50
2026-06-12 15:46:03,31.62,67.14,1007.00,50.00,500,0.500,318600,29.0,43.0,54.0,YES,YES,UNKNOWN_ANALYSIS_IAQ50_VOC0.50ppm,242862.0,0,5.0,0.050,50
2026-06-12 15:46:12,31.62,67.14,1007.00,50.00,500,0.500,318600,29.0,44.0,54.0,YES,YES,UNKNOWN_ANALYSIS_IAQ50_VOC0.50ppm,242871.4,0,5.0,0.050,50


headache

2026-06-13 14:56:56,32.88,66.31,1005.00,50.00,500,0.500,243400,31.0,45.0,55.0,YES,YES,UNKNOWN_ANALYSIS_IAQ50_VOC0.50ppm,326315.4,0,5.0,0.050,50
2026-06-13 14:57:06,32.88,66.31,1005.00,50.00,500,0.500,243400,31.0,46.0,56.0,YES,YES,UNKNOWN_ANALYSIS_IAQ50_VOC0.50ppm,326325.8,0,5.0,0.050,50
2026-06-13 14:57:16,32.88,66.31,1005.00,50.00,500,0.500,243400,31.0,46.0,55.0,YES,YES,UNKNOWN_ANALYSIS_IAQ50_VOC0.50ppm,326335.2,0,5.0,0.050,50
2026-06-13 14:57:26,32.88,66.31,1005.00,50.00,500,0.500,243400,30.0,45.0,54.0,YES,YES,UNKNOWN_ANALYSIS_IAQ50_VOC0.50ppm,326345.7,0,5.0,0.050,50
2026-06-13 14:57:37,32.88,66.31,1005.00,50.00,500,0.500,243400,31.0,45.0,55.0,YES,YES,UNKNOWN_ANALYSIS_IAQ50_VOC0.50ppm,326356.1,0,5.0,0.050,50
2026-06-13 14:57:46,32.88,66.31,1005.00,50.00,500,0.500,243400,30.0,44.0,54.0,YES,YES,UNKNOWN_ANALYSIS_IAQ50_VOC0.50ppm,326365.5,0,5.0,0.050,50
2026-06-13 14:57:56,32.88,66.31,1005.00,50.00,500,0.500,243400,31.0,44.0,52.0,YES,YES,UNKNOWN_ANALYSIS_IAQ50_VOC0.50ppm,326376.0,0,5.0,0.050,50
2026-06-13 14:58:06,32.88,66.31,1005.00,50.00,500,0.500,243400,30.0,44.0,53.0,YES,YES,UNKNOWN_ANALYSIS_IAQ50_VOC0.50ppm,326385.4,0,5.0,0.050,50
2026-06-13 14:58:16,32.94,66.38,1005.00,52.99,592,0.617,239100,29.0,43.0,53.0,YES,YES,UNKNOWN_ANALYSIS_IAQ53_VOC0.62ppm,326395.8,0,5.0,0.050,50
2026-06-13 14:58:27,32.94,66.38,1005.00,52.99,592,0.617,239100,29.0,43.0,54.0,YES,YES,UNKNOWN_ANALYSIS_IAQ53_VOC0.62ppm,326406.3,0,5.0,0.050,50
2026-06-13 14:58:36,32.94,66.38,1005.00,52.99,592,0.617,239100,29.0,44.0,54.0,YES,YES,UNKNOWN_ANALYSIS_IAQ53_VOC0.62ppm,326415.7,0,5.0,0.050,50
2026-06-13 14:58:47,32.94,66.38,1005.00,52.99,592,0.617,239100,31.0,46.0,55.0,YES,YES,UNKNOWN_ANALYSIS_IAQ53_VOC0.62ppm,326426.1,0,5.0,0.050,50
2026-06-13 14:58:56,32.94,66.38,1005.00,52.99,592,0.617,239100,30.0,45.0,54.0,YES,YES,UNKNOWN_ANALYSIS_IAQ53_VOC0.62ppm,326435.5,0,5.0,0.050,50
2026-06-13 14:59:06,32.94,66.38,1005.00,52.99,592,0.617,239100,31.0,46.0,54.0,YES,YES,UNKNOWN_ANALYSIS_IAQ53_VOC0.62ppm,326446.0,0,5.0,0.050,50
2026-06-13 14:59:17,32.94,66.38,1005.00,52.99,592,0.617,239100,30.0,44.0,54.0,YES,YES,UNKNOWN_ANALYSIS_IAQ53_VOC0.62ppm,326456.4,0,5.0,0.050,50
2026-06-13 14:59:26,32.94,66.38,1005.00,52.99,592,0.617,239100,30.0,45.0,54.0,YES,YES,UNKNOWN_ANALYSIS_IAQ53_VOC0.62ppm,326465.8,0,5.0,0.050,50

chem teeth

2026-06-13 15:38:03,33.04,67.66,1006.00,108.84,2277,28.110,176700,31.0,45.0,55.0,YES,YES,UNKNOWN_ANALYSIS_IAQ109_VOC28.11ppm,328782.3,0,5.0,0.050,50
2026-06-13 15:38:13,33.04,67.66,1006.00,108.84,2277,28.110,176700,30.0,45.0,54.0,YES,YES,UNKNOWN_ANALYSIS_IAQ109_VOC28.11ppm,328792.7,0,5.0,0.050,50
2026-06-13 15:38:23,33.04,67.80,1006.00,113.77,2419,38.830,172100,31.0,45.0,54.0,YES,YES,UNKNOWN_ANALYSIS_IAQ114_VOC38.83ppm,328802.1,0,5.0,0.050,50
2026-06-13 15:38:33,33.04,67.80,1006.00,113.77,2419,38.830,172100,30.0,44.0,54.0,YES,YES,UNKNOWN_ANALYSIS_IAQ114_VOC38.83ppm,328812.6,0,5.0,0.050,50
2026-06-13 15:38:44,33.04,67.80,1006.00,113.77,2419,38.830,172100,31.0,44.0,54.0,YES,YES,UNKNOWN_ANALYSIS_IAQ114_VOC38.83ppm,328823.0,0,5.0,0.050,50

headache

2026-06-13 19:27:49,33.04,67.49,1006.00,110.97,3208,232.302,246900,28.0,40.0,49.0,YES,YES,UNKNOWN_ANALYSIS_IAQ111_VOC232.30ppm,342568.0,0,5.0,0.050,50
2026-06-13 19:27:58,33.04,67.49,1006.00,110.97,3208,232.302,246900,28.0,40.0,50.0,YES,YES,UNKNOWN_ANALYSIS_IAQ111_VOC232.30ppm,342577.4,0,5.0,0.050,50
2026-06-13 19:28:08,33.04,67.49,1006.00,110.97,3208,232.302,246900,28.0,40.0,48.0,YES,YES,UNKNOWN_ANALYSIS_IAQ111_VOC232.30ppm,342587.8,0,5.0,0.050,50
2026-06-13 19:28:19,33.04,67.49,1006.00,110.97,3208,232.302,246900,28.0,39.0,47.0,YES,YES,UNKNOWN_ANALYSIS_IAQ111_VOC232.30ppm,342598.3,0,5.0,0.050,50
2026-06-13 19:28:28,33.04,67.49,1006.00,110.97,3208,232.302,246900,28.0,40.0,48.0,YES,YES,UNKNOWN_ANALYSIS_IAQ111_VOC232.30ppm,342607.7,0,5.0,0.050,50
2026-06-13 19:28:39,33.04,67.49,1006.00,110.97,3208,232.302,246900,27.0,39.0,48.0,YES,YES,UNKNOWN_ANALYSIS_IAQ111_VOC232.30ppm,342618.1,0,5.0,0.050,50
2026-06-13 19:28:49,33.05,67.73,1006.00,117.18,3474,424.532,235100,26.0,38.0,46.0,YES,YES,UNKNOWN_ANALYSIS_IAQ117_VOC424.53ppm,342628.5,0,5.0,0.050,50
2026-06-13 19:28:58,33.05,67.73,1006.00,117.18,3474,424.532,235100,26.0,38.0,47.0,YES,YES,UNKNOWN_ANALYSIS_IAQ117_VOC424.53ppm,342637.9,0,5.0,0.050,50
2026-06-13 19:29:09,33.05,67.73,1006.00,117.18,3474,424.532,235100,27.0,40.0,49.0,YES,YES,UNKNOWN_ANALYSIS_IAQ117_VOC424.53ppm,342648.4,0,5.0,0.050,50
2026-06-13 19:29:18,33.05,67.73,1006.00,117.18,3474,424.532,235100,26.0,39.0,49.0,YES,YES,UNKNOWN_ANALYSIS_IAQ117_VOC424.53ppm,342657.8,0,5.0,0.050,50
2026-06-13 19:29:29,33.05,67.73,1006.00,117.18,3474,424.532,235100,27.0,39.0,47.0,YES,YES,UNKNOWN_ANALYSIS_IAQ117_VOC424.53ppm,342668.2,0,5.0,0.050,50

strong dose scopalomine

2026-06-13 21:47:56,32.68,65.54,1008.00,56.85,798,0.983,377700,28.0,40.0,47.0,YES,YES,UNKNOWN_ANALYSIS_IAQ57_VOC0.98ppm,350975.7,0,5.0,0.050,50
2026-06-13 21:48:06,32.68,65.54,1008.00,56.85,798,0.983,377700,28.0,39.0,47.0,YES,YES,UNKNOWN_ANALYSIS_IAQ57_VOC0.98ppm,350985.1,0,5.0,0.050,50
2026-06-13 21:48:16,32.68,65.54,1008.00,56.85,798,0.983,377700,28.0,39.0,47.0,YES,YES,UNKNOWN_ANALYSIS_IAQ57_VOC0.98ppm,350995.6,0,5.0,0.050,50
2026-06-13 21:48:27,32.68,65.54,1008.00,56.85,798,0.983,377700,26.0,37.0,45.0,YES,YES,UNKNOWN_ANALYSIS_IAQ57_VOC0.98ppm,351006.0,0,5.0,0.050,50
2026-06-13 21:48:36,32.68,65.54,1008.00,56.85,798,0.983,377700,27.0,38.0,47.0,YES,YES,UNKNOWN_ANALYSIS_IAQ57_VOC0.98ppm,351015.4,0,5.0,0.050,50
2026-06-13 21:48:46,32.68,65.54,1008.00,56.85,798,0.983,377700,26.0,36.0,44.0,YES,YES,UNKNOWN_ANALYSIS_IAQ57_VOC0.98ppm,351025.9,0,5.0,0.050,50
2026-06-13 21:48:56,32.68,65.54,1008.00,56.85,798,0.983,377700,27.0,38.0,45.0,YES,YES,UNKNOWN_ANALYSIS_IAQ57_VOC0.98ppm,351035.3,0,5.0,0.050,50
2026-06-13 21:49:06,32.63,66.16,1008.00,50.00,500,0.500,400000,26.0,39.0,45.0,YES,YES,UNKNOWN_ANALYSIS_IAQ50_VOC0.50ppm,351045.7,0,5.0,0.050,50
2026-06-13 21:49:17,32.63,66.16,1008.00,50.00,500,0.500,400000,26.0,37.0,45.0,YES,YES,UNKNOWN_ANALYSIS_IAQ50_VOC0.50ppm,351056.1,0,5.0,0.050,50
2026-06-13 21:49:26,32.63,66.16,1008.00,50.00,500,0.500,400000,27.0,38.0,45.0,YES,YES,UNKNOWN_ANALYSIS_IAQ50_VOC0.50ppm,351065.5,0,5.0,0.050,50
2026-06-13 21:49:37,32.63,66.16,1008.00,50.00,500,0.500,400000,26.0,37.0,45.0,YES,YES,UNKNOWN_ANALYSIS_IAQ50_VOC0.50ppm,351076.0,0,5.0,0.050,50
2026-06-13 21:49:46,32.63,66.16,1008.00,50.00,500,0.500,400000,26.0,37.0,46.0,YES,YES,UNKNOWN_ANALYSIS_IAQ50_VOC0.50ppm,351085.4,0,5.0,0.050,50
2026-06-13 21:49:56,32.63,66.16,1008.00,50.00,500,0.500,400000,27.0,39.0,47.0,YES,YES,UNKNOWN_ANALYSIS_IAQ50_VOC0.50ppm,351095.8,0,5.0,0.050,50
2026-06-13 21:50:07,32.63,66.16,1008.00,50.00,500,0.500,400000,26.0,39.0,47.0,YES,YES,UNKNOWN_ANALYSIS_IAQ50_VOC0.50ppm,351106.3,0,5.0,0.050,50
2026-06-13 21:50:16,32.63,66.16,1008.00,50.00,500,0.500,400000,26.0,39.0,47.0,YES,YES,UNKNOWN_ANALYSIS_IAQ50_VOC0.50ppm,351115.7,0,5.0,0.050,50
2026-06-13 21:50:27,32.63,66.16,1008.00,50.00,500,0.500,400000,27.0,38.0,48.0,YES,YES,UNKNOWN_ANALYSIS_IAQ50_VOC0.50ppm,351126.1,0,5.0,0.050,50
2026-06-13 21:50:36,32.63,66.16,1008.00,50.00,500,0.500,400000,27.0,38.0,47.0,YES,YES,UNKNOWN_ANALYSIS_IAQ50_VOC0.50ppm,351135.5,0,5.0,0.050,50

headache - after i got up and bappa went to bathroom

2026-06-14 02:18:31,31.99,65.85,1005.00,73.45,1500,4.825,403300,31.0,44.0,53.0,YES,YES,UNKNOWN_ANALYSIS_IAQ73_VOC4.83ppm,367210.1,0,5.0,0.050,50
2026-06-14 02:18:40,31.99,65.85,1005.00,73.45,1500,4.825,403300,31.0,44.0,53.0,YES,YES,UNKNOWN_ANALYSIS_IAQ73_VOC4.83ppm,367219.5,0,5.0,0.050,50
2026-06-14 02:18:50,31.99,65.85,1005.00,73.45,1500,4.825,403300,30.0,44.0,52.0,YES,YES,UNKNOWN_ANALYSIS_IAQ73_VOC4.83ppm,367230.0,0,5.0,0.050,50
2026-06-14 02:19:01,31.99,65.85,1005.00,73.45,1500,4.825,403300,31.0,44.0,55.0,YES,YES,UNKNOWN_ANALYSIS_IAQ73_VOC4.83ppm,367240.4,0,5.0,0.050,50
2026-06-14 02:19:10,31.99,65.85,1005.00,73.45,1500,4.825,403300,31.0,44.0,55.0,YES,YES,UNKNOWN_ANALYSIS_IAQ73_VOC4.83ppm,367249.8,0,5.0,0.050,50
2026-06-14 02:19:21,31.96,65.94,1005.00,81.80,1851,10.700,379600,29.0,43.0,55.0,YES,YES,UNKNOWN_ANALYSIS_IAQ82_VOC10.70ppm,367260.3,0,5.0,0.050,50
2026-06-14 02:19:30,31.96,65.94,1005.00,81.80,1851,10.700,379600,31.0,44.0,55.0,YES,YES,UNKNOWN_ANALYSIS_IAQ82_VOC10.70ppm,367269.6,0,5.0,0.050,50
2026-06-14 02:19:41,31.96,65.94,1005.00,81.80,1851,10.700,379600,31.0,44.0,54.0,YES,YES,UNKNOWN_ANALYSIS_IAQ82_VOC10.70ppm,367280.1,0,5.0,0.050,50
2026-06-14 02:19:51,31.96,65.94,1005.00,81.80,1851,10.700,379600,30.0,43.0,53.0,YES,YES,UNKNOWN_ANALYSIS_IAQ82_VOC10.70ppm,367290.5,0,5.0,0.050,50
2026-06-14 02:20:00,31.96,65.94,1005.00,81.80,1851,10.700,379600,30.0,43.0,52.0,YES,YES,UNKNOWN_ANALYSIS_IAQ82_VOC10.70ppm,367299.9,0,5.0,0.050,50
2026-06-14 02:20:11,31.96,65.94,1005.00,81.80,1851,10.700,379600,30.0,43.0,54.0,YES,YES,UNKNOWN_ANALYSIS_IAQ82_VOC10.70ppm,367310.4,0,5.0,0.050,50

cheeks discomfort

2026-06-14 03:54:10,32.32,65.56,1005.00,75.06,1507,4.908,396300,29.0,42.0,51.0,YES,YES,UNKNOWN_ANALYSIS_IAQ75_VOC4.91ppm,372949.2,0,5.0,0.050,50
2026-06-14 03:54:20,32.32,65.56,1005.00,75.06,1507,4.908,396300,29.0,42.0,51.0,YES,YES,UNKNOWN_ANALYSIS_IAQ75_VOC4.91ppm,372959.7,0,5.0,0.050,50
2026-06-14 03:54:30,32.34,65.58,1005.00,75.56,1524,5.095,394700,29.0,42.0,51.0,YES,YES,UNKNOWN_ANALYSIS_IAQ76_VOC5.09ppm,372969.0,0,5.0,0.050,50
2026-06-14 03:54:40,32.34,65.58,1005.00,75.56,1524,5.095,394700,30.0,43.0,53.0,YES,YES,UNKNOWN_ANALYSIS_IAQ76_VOC5.09ppm,372979.5,0,5.0,0.050,50
2026-06-14 03:54:50,32.34,65.58,1005.00,75.56,1524,5.095,394700,31.0,44.0,53.0,YES,YES,UNKNOWN_ANALYSIS_IAQ76_VOC5.09ppm,372989.9,0,5.0,0.050,50
2026-06-14 03:55:00,32.34,65.58,1005.00,75.56,1524,5.095,394700,30.0,43.0,52.0,YES,YES,UNKNOWN_ANALYSIS_IAQ76_VOC5.09ppm,372999.3,0,5.0,0.050,50

strong chem teeth

2026-06-14 04:33:48,32.26,65.30,1006.00,54.03,658,0.715,458300,29.0,43.0,52.0,YES,YES,UNKNOWN_ANALYSIS_IAQ54_VOC0.71ppm,375327.3,0,5.0,0.050,50
2026-06-14 04:33:58,32.26,65.30,1006.00,54.03,658,0.715,458300,31.0,44.0,52.0,YES,YES,UNKNOWN_ANALYSIS_IAQ54_VOC0.71ppm,375337.8,0,5.0,0.050,50
2026-06-14 04:34:09,32.26,65.30,1006.00,54.03,658,0.715,458300,30.0,44.0,52.0,YES,YES,UNKNOWN_ANALYSIS_IAQ54_VOC0.71ppm,375348.2,0,5.0,0.050,50
2026-06-14 04:34:18,32.26,65.30,1006.00,54.03,658,0.715,458300,30.0,44.0,53.0,YES,YES,UNKNOWN_ANALYSIS_IAQ54_VOC0.71ppm,375357.6,0,5.0,0.050,50
2026-06-14 04:34:29,32.26,65.30,1006.00,54.03,658,0.715,458300,29.0,43.0,54.0,YES,YES,UNKNOWN_ANALYSIS_IAQ54_VOC0.71ppm,375368.0,0,5.0,0.050,50
2026-06-14 04:34:39,32.28,65.17,1006.00,51.86,572,0.589,465200,30.0,43.0,53.0,YES,YES,UNKNOWN_ANALYSIS_IAQ52_VOC0.59ppm,375378.5,0,5.0,0.050,50
2026-06-14 04:34:48,32.28,65.17,1006.00,51.86,572,0.589,465200,31.0,44.0,55.0,YES,YES,UNKNOWN_ANALYSIS_IAQ52_VOC0.59ppm,375387.9,0,5.0,0.050,50
2026-06-14 04:34:59,32.28,65.17,1006.00,51.86,572,0.589,465200,30.0,43.0,53.0,YES,YES,UNKNOWN_ANALYSIS_IAQ52_VOC0.59ppm,375398.3,0,5.0,0.050,50
2026-06-14 04:35:08,32.28,65.17,1006.00,51.86,572,0.589,465200,30.0,43.0,52.0,YES,YES,UNKNOWN_ANALYSIS_IAQ52_VOC0.59ppm,375407.7,0,5.0,0.050,50

brux

2026-06-14 04:43:20,32.21,65.10,1006.00,50.65,525,0.529,470000,31.0,44.0,56.0,YES,YES,UNKNOWN_ANALYSIS_IAQ51_VOC0.53ppm,375899.4,0,5.0,0.050,50
2026-06-14 04:43:30,32.21,65.10,1006.00,50.65,525,0.529,470000,31.0,44.0,55.0,YES,YES,UNKNOWN_ANALYSIS_IAQ51_VOC0.53ppm,375909.8,0,5.0,0.050,50
2026-06-14 04:43:41,32.21,65.10,1006.00,50.65,525,0.529,470000,30.0,44.0,54.0,YES,YES,UNKNOWN_ANALYSIS_IAQ51_VOC0.53ppm,375920.3,0,5.0,0.050,50
2026-06-14 04:43:50,32.21,65.10,1006.00,50.65,525,0.529,470000,31.0,44.0,55.0,YES,YES,UNKNOWN_ANALYSIS_IAQ51_VOC0.53ppm,375929.6,0,5.0,0.050,50
2026-06-14 04:44:01,32.21,65.10,1006.00,50.65,525,0.529,470000,30.0,44.0,54.0,YES,YES,UNKNOWN_ANALYSIS_IAQ51_VOC0.53ppm,375940.1,0,5.0,0.050,50
2026-06-14 04:44:10,32.21,65.10,1006.00,50.65,525,0.529,470000,30.0,44.0,55.0,YES,YES,UNKNOWN_ANALYSIS_IAQ51_VOC0.53ppm,375949.5,0,5.0,0.050,50
2026-06-14 04:44:20,32.21,65.10,1006.00,50.65,525,0.529,470000,30.0,44.0,54.0,YES,YES,UNKNOWN_ANALYSIS_IAQ51_VOC0.53ppm,375959.9,0,5.0,0.050,50
2026-06-14 04:44:31,32.21,65.03,1006.00,50.00,500,0.500,475900,31.0,46.0,56.0,YES,YES,UNKNOWN_ANALYSIS_IAQ50_VOC0.50ppm,375970.4,0,5.0,0.050,50
2026-06-14 04:44:40,32.21,65.03,1006.00,50.00,500,0.500,475900,31.0,45.0,55.0,YES,YES,UNKNOWN_ANALYSIS_IAQ50_VOC0.50ppm,375979.8,0,5.0,0.050,50
2026-06-14 04:44:51,32.21,65.03,1006.00,50.00,500,0.500,475900,31.0,46.0,56.0,YES,YES,UNKNOWN_ANALYSIS_IAQ50_VOC0.50ppm,375990.2,0,5.0,0.050,50
2026-06-14 04:45:01,32.21,65.03,1006.00,50.00,500,0.500,475900,30.0,45.0,55.0,YES,YES,UNKNOWN_ANALYSIS_IAQ50_VOC0.50ppm,376000.6,0,5.0,0.050,50
2026-06-14 04:45:11,32.21,65.03,1006.00,50.00,500,0.500,475900,31.0,45.0,56.0,YES,YES,UNKNOWN_ANALYSIS_IAQ50_VOC0.50ppm,376010.0,0,5.0,0.050,50
2026-06-14 04:45:21,32.21,65.03,1006.00,50.00,500,0.500,475900,31.0,46.0,56.0,YES,YES,UNKNOWN_ANALYSIS_IAQ50_VOC0.50ppm,376020.5,0,5.0,0.050,50
2026-06-14 04:45:30,32.21,65.03,1006.00,50.00,500,0.500,475900,30.0,45.0,55.0,YES,YES,UNKNOWN_ANALYSIS_IAQ50_VOC0.50ppm,376029.9,0,5.0,0.050,50

dose on backbone tweet
2026-06-14 05:09:06,32.19,65.06,1006.00,52.46,601,0.629,500700,34.0,47.0,57.0,YES,YES,UNKNOWN_ANALYSIS_IAQ52_VOC0.63ppm,377445.6,0,5.0,0.050,50
2026-06-14 05:09:15,32.19,65.06,1006.00,52.46,601,0.629,500700,33.0,47.0,57.0,YES,YES,UNKNOWN_ANALYSIS_IAQ52_VOC0.63ppm,377455.0,0,5.0,0.050,50
2026-06-14 05:09:26,32.19,65.06,1006.00,52.46,601,0.629,500700,33.0,46.0,57.0,YES,YES,UNKNOWN_ANALYSIS_IAQ52_VOC0.63ppm,377465.4,0,5.0,0.050,50
2026-06-14 05:09:35,32.19,65.13,1006.00,67.23,1205,2.475,451300,32.0,46.0,57.0,YES,YES,UNKNOWN_ANALYSIS_IAQ67_VOC2.47ppm,377474.8,0,5.0,0.050,50
2026-06-14 05:09:46,32.19,65.13,1006.00,67.23,1205,2.475,451300,32.0,46.0,57.0,YES,YES,UNKNOWN_ANALYSIS_IAQ67_VOC2.47ppm,377485.2,0,5.0,0.050,50

upper cheek tension forehead, eyes, strong

2026-06-14 11:24:50,32.74,68.75,1007.00,173.63,4415,1000.000,228800,35.0,50.0,64.0,YES,YES,UNKNOWN_ANALYSIS_IAQ174_VOC1000.00ppm,399989.6,0,5.0,0.050,50
2026-06-14 11:25:01,32.74,68.75,1007.00,173.63,4415,1000.000,228800,35.0,50.0,63.0,YES,YES,UNKNOWN_ANALYSIS_IAQ174_VOC1000.00ppm,400000.0,0,5.0,0.050,50
2026-06-14 11:25:11,32.74,68.75,1007.00,173.63,4415,1000.000,228800,34.0,50.0,62.0,YES,YES,UNKNOWN_ANALYSIS_IAQ174_VOC1000.00ppm,400010.5,0,5.0,0.050,50
2026-06-14 11:25:20,32.75,68.73,1007.00,171.59,4337,1000.000,231300,34.0,50.0,62.0,YES,YES,UNKNOWN_ANALYSIS_IAQ172_VOC1000.00ppm,400019.9,0,5.0,0.050,50
2026-06-14 11:25:31,32.75,68.73,1007.00,171.59,4337,1000.000,231300,35.0,52.0,64.0,YES,YES,UNKNOWN_ANALYSIS_IAQ172_VOC1000.00ppm,400030.3,0,5.0,0.050,50
2026-06-14 11:25:41,32.75,68.73,1007.00,171.59,4337,1000.000,231300,35.0,50.0,64.0,YES,YES,UNKNOWN_ANALYSIS_IAQ172_VOC1000.00ppm,400040.8,0,5.0,0.050,50
2026-06-14 11:25:51,32.75,68.73,1007.00,171.59,4337,1000.000,231300,34.0,49.0,62.0,YES,YES,UNKNOWN_ANALYSIS_IAQ172_VOC1000.00ppm,400050.2,0,5.0,0.050,50
2026-06-14 11:26:01,32.75,68.73,1007.00,171.59,4337,1000.000,231300,35.0,50.0,63.0,YES,YES,UNKNOWN_ANALYSIS_IAQ172_VOC1000.00ppm,400060.6,0,5.0,0.050,50
2026-06-14 11:26:11,32.75,68.73,1007.00,171.59,4337,1000.000,231300,34.0,50.0,63.0,YES,YES,UNKNOWN_ANALYSIS_IAQ172_VOC1000.00ppm,400070.0,0,5.0,0.050,50
2026-06-14 11:26:21,32.75,68.73,1007.00,171.59,4337,1000.000,231300,35.0,51.0,63.0,YES,YES,UNKNOWN_ANALYSIS_IAQ172_VOC1000.00ppm,400080.4,0,5.0,0.050,50
2026-06-14 11:26:31,32.75,68.73,1007.00,171.59,4337,1000.000,231300,35.0,49.0,62.0,YES,YES,UNKNOWN_ANALYSIS_IAQ172_VOC1000.00ppm,400090.9,0,5.0,0.050,50
2026-06-14 11:26:41,32.75,68.73,1007.00,171.59,4337,1000.000,231300,36.0,51.0,64.0,YES,YES,UNKNOWN_ANALYSIS_IAQ172_VOC1000.00ppm,400100.3,0,5.0,0.050,50
2026-06-14 11:26:51,32.75,68.73,1007.00,171.59,4337,1000.000,231300,36.0,52.0,63.0,YES,YES,UNKNOWN_ANALYSIS_IAQ172_VOC1000.00ppm,400110.7,0,5.0,0.050,50

metallic taste in teeth

2026-06-14 11:33:53,32.75,68.65,1007.00,171.52,4321,1000.000,231500,35.0,51.0,65.0,YES,YES,UNKNOWN_ANALYSIS_IAQ172_VOC1000.00ppm,400532.5,0,5.0,0.050,50
2026-06-14 11:34:02,32.75,68.65,1007.00,171.52,4321,1000.000,231500,35.0,52.0,66.0,YES,YES,UNKNOWN_ANALYSIS_IAQ172_VOC1000.00ppm,400541.9,0,5.0,0.050,50
2026-06-14 11:34:13,32.75,68.65,1007.00,171.52,4321,1000.000,231500,36.0,52.0,65.0,YES,YES,UNKNOWN_ANALYSIS_IAQ172_VOC1000.00ppm,400552.4,0,5.0,0.050,50
2026-06-14 11:34:22,32.75,68.65,1007.00,171.52,4321,1000.000,231500,35.0,51.0,64.0,YES,YES,UNKNOWN_ANALYSIS_IAQ172_VOC1000.00ppm,400561.7,0,5.0,0.050,50
2026-06-14 11:34:33,32.75,68.65,1007.00,171.52,4321,1000.000,231500,34.0,51.0,64.0,YES,YES,UNKNOWN_ANALYSIS_IAQ172_VOC1000.00ppm,400572.2,0,5.0,0.050,50
2026-06-14 11:34:43,32.75,68.65,1007.00,171.52,4321,1000.000,231500,35.0,51.0,64.0,YES,YES,UNKNOWN_ANALYSIS_IAQ172_VOC1000.00ppm,400582.6,0,5.0,0.050,50
2026-06-14 11:34:53,32.75,68.65,1007.00,171.52,4321,1000.000,231500,36.0,51.0,64.0,YES,YES,UNKNOWN_ANALYSIS_IAQ172_VOC1000.00ppm,400592.0,0,5.0,0.050,50
2026-06-14 11:35:03,32.75,68.65,1007.00,171.52,4321,1000.000,231500,37.0,52.0,66.0,YES,YES,UNKNOWN_ANALYSIS_IAQ172_VOC1000.00ppm,400602.5,0,5.0,0.050,50
2026-06-14 11:35:13,32.78,68.54,1007.00,170.57,4278,1000.000,232700,37.0,52.0,66.0,YES,YES,UNKNOWN_ANALYSIS_IAQ171_VOC1000.00ppm,400612.9,0,5.0,0.050,50
2026-06-14 11:35:23,32.78,68.54,1007.00,170.57,4278,1000.000,232700,38.0,53.0,67.0,YES,YES,UNKNOWN_ANALYSIS_IAQ171_VOC1000.00ppm,400622.3,0,5.0,0.050,50
2026-06-14 11:35:33,32.78,68.54,1007.00,170.57,4278,1000.000,232700,35.0,52.0,65.0,YES,YES,UNKNOWN_ANALYSIS_IAQ171_VOC1000.00ppm,400632.7,0,5.0,0.050,50
2026-06-14 11:35:43,32.78,68.54,1007.00,170.57,4278,1000.000,232700,37.0,54.0,67.0,YES,YES,UNKNOWN_ANALYSIS_IAQ171_VOC1000.00ppm,400642.1,0,5.0,0.050,50
2026-06-14 11:35:53,32.78,68.54,1007.00,170.57,4278,1000.000,232700,37.0,54.0,67.0,YES,YES,UNKNOWN_ANALYSIS_IAQ171_VOC1000.00ppm,400652.6,0,5.0,0.050,50
2026-06-14 11:36:04,32.78,68.54,1007.00,170.57,4278,1000.000,232700,37.0,53.0,66.0,YES,YES,UNKNOWN_ANALYSIS_IAQ171_VOC1000.00ppm,400663.0,0,5.0,0.050,50
2026-06-14 11:36:13,32.78,68.54,1007.00,170.57,4278,1000.000,232700,37.0,53.0,66.0,YES,YES,UNKNOWN_ANALYSIS_IAQ171_VOC1000.00ppm,400672.4,0,5.0,0.050,50

scopolamine

2026-06-15 07:26:19,32.45,65.67,1007.00,45.67,425,0.356,318000,29.0,42.0,50.0,YES,YES,UNKNOWN_ANALYSIS_IAQ46_VOC0.36ppm,472078.2,0,5.0,0.050,50
2026-06-15 07:26:29,32.45,65.67,1007.00,45.67,425,0.356,318000,29.0,42.0,49.0,YES,YES,UNKNOWN_ANALYSIS_IAQ46_VOC0.36ppm,472088.6,0,5.0,0.050,50
2026-06-15 07:26:39,32.45,65.67,1007.00,45.67,425,0.356,318000,29.0,42.0,52.0,YES,YES,UNKNOWN_ANALYSIS_IAQ46_VOC0.36ppm,472098.0,0,5.0,0.050,50
2026-06-15 07:26:49,32.45,65.67,1007.00,45.67,425,0.356,318000,30.0,43.0,54.0,YES,YES,UNKNOWN_ANALYSIS_IAQ46_VOC0.36ppm,472108.5,0,5.0,0.050,50
2026-06-15 07:26:59,32.45,65.67,1007.00,45.67,425,0.356,318000,31.0,43.0,54.0,YES,YES,UNKNOWN_ANALYSIS_IAQ46_VOC0.36ppm,472118.9,0,5.0,0.050,50
2026-06-15 07:27:09,32.45,65.67,1007.00,45.67,425,0.356,318000,30.0,44.0,53.0,YES,YES,UNKNOWN_ANALYSIS_IAQ46_VOC0.36ppm,472128.3,0,5.0,0.050,50
2026-06-15 07:27:19,32.51,65.40,1007.00,43.09,400,0.285,336100,30.0,44.0,53.0,YES,YES,UNKNOWN_ANALYSIS_IAQ43_VOC0.28ppm,472138.7,0,5.0,0.050,50
2026-06-15 07:27:29,32.51,65.40,1007.00,43.09,400,0.285,336100,29.0,42.0,52.0,YES,YES,UNKNOWN_ANALYSIS_IAQ43_VOC0.28ppm,472148.1,0,5.0,0.050,50
2026-06-15 07:27:39,32.51,65.40,1007.00,43.09,400,0.285,336100,30.0,42.0,53.0,YES,YES,UNKNOWN_ANALYSIS_IAQ43_VOC0.28ppm,472158.6,0,5.0,0.050,50
2026-06-15 07:27:50,32.51,65.40,1007.00,43.09,400,0.285,336100,30.0,43.0,53.0,YES,YES,UNKNOWN_ANALYSIS_IAQ43_VOC0.28ppm,472169.0,0,5.0,0.050,50
2026-06-15 07:27:59,32.51,65.40,1007.00,43.09,400,0.285,336100,30.0,43.0,53.0,YES,YES,UNKNOWN_ANALYSIS_IAQ43_VOC0.28ppm,472178.4,0,5.0,0.050,50

strong headache

2026-06-15 08:16:09,32.67,64.50,1007.00,53.42,652,0.706,405500,33.0,49.0,61.0,YES,YES,UNKNOWN_ANALYSIS_IAQ53_VOC0.71ppm,475068.1,0,5.0,0.050,50
2026-06-15 08:16:19,32.67,64.50,1007.00,53.42,652,0.706,405500,32.0,48.0,60.0,YES,YES,UNKNOWN_ANALYSIS_IAQ53_VOC0.71ppm,475078.6,0,5.0,0.050,50
2026-06-15 08:16:30,32.67,64.50,1007.00,53.42,652,0.706,405500,33.0,49.0,61.0,YES,YES,UNKNOWN_ANALYSIS_IAQ53_VOC0.71ppm,475089.0,0,5.0,0.050,50
2026-06-15 08:16:39,32.67,64.50,1007.00,53.42,652,0.706,405500,32.0,48.0,60.0,YES,YES,UNKNOWN_ANALYSIS_IAQ53_VOC0.71ppm,475098.4,0,5.0,0.050,50
2026-06-15 08:16:49,32.67,64.50,1007.00,53.42,652,0.706,405500,32.0,47.0,60.0,YES,YES,UNKNOWN_ANALYSIS_IAQ53_VOC0.71ppm,475108.8,0,5.0,0.050,50
2026-06-15 08:16:59,32.67,64.50,1007.00,53.42,652,0.706,405500,34.0,48.0,62.0,YES,YES,UNKNOWN_ANALYSIS_IAQ53_VOC0.71ppm,475118.2,0,5.0,0.050,50
2026-06-15 08:17:09,32.67,64.50,1007.00,53.42,652,0.706,405500,32.0,47.0,61.0,YES,YES,UNKNOWN_ANALYSIS_IAQ53_VOC0.71ppm,475128.7,0,5.0,0.050,50
2026-06-15 08:17:20,32.67,64.50,1007.00,53.42,652,0.706,405500,33.0,48.0,61.0,YES,YES,UNKNOWN_ANALYSIS_IAQ53_VOC0.71ppm,475139.1,0,5.0,0.050,50
2026-06-15 08:17:29,32.73,64.56,1007.00,55.42,741,0.863,398600,34.0,49.0,61.0,YES,YES,UNKNOWN_ANALYSIS_IAQ55_VOC0.86ppm,475148.5,0,5.0,0.050,50
üíæ Baseline state saved to EEPROM
üíæ SAVED - IAQ: 5.0, VOC: 0.050 ppm, CO2: 50 ppm

=== SPIKE HISTORY ===
2026-06-15 08:17:39,32.73,64.56,1007.00,55.42,741,0.863,398600,33.0,47.0,58.0,YES,YES,UNKNOWN_ANALYSIS_IAQ55_VOC0.86ppm,475159.0,0,5.0,0.050,50
2026-06-15 08:17:50,32.73,64.56,1007.00,55.42,741,0.863,398600,33.0,48.0,59.0,YES,YES,UNKNOWN_ANALYSIS_IAQ55_VOC0.86ppm,475169.4,0,5.0,0.050,50
2026-06-15 08:17:59,32.73,64.56,1007.00,55.42,741,0.863,398600,34.0,48.0,60.0,YES,YES,UNKNOWN_ANALYSIS_IAQ55_VOC0.86ppm,475178.8,0,5.0,0.050,50
2026-06-15 08:18:10,32.73,64.56,1007.00,55.42,741,0.863,398600,33.0,47.0,59.0,YES,YES,UNKNOWN_ANALYSIS_IAQ55_VOC0.86ppm,475189.2,0,5.0,0.050,50
2026-06-15 08:18:19,32.73,64.56,1007.00,55.42,741,0.863,398600,34.0,48.0,60.0,YES,YES,UNKNOWN_ANALYSIS_IAQ55_VOC0.86ppm,475198.6,0,5.0,0.050,50
2026-06-15 08:18:30,32.73,64.56,1007.00,55.42,741,0.863,398600,34.0,49.0,61.0,YES,YES,UNKNOWN_ANALYSIS_IAQ55_VOC0.86ppm,475209.1,0,5.0,0.050,50

strong dose - eyes heavy burning sensation back of head, ear

2026-06-15 15:27:09,34.32,63.76,1005.00,75.25,1759,8.686,539500,38.0,53.0,66.0,YES,YES,UNKNOWN_ANALYSIS_IAQ75_VOC8.69ppm,500928.4,0,5.0,0.050,50
2026-06-15 15:27:18,34.32,63.76,1005.00,75.25,1759,8.686,539500,39.0,53.0,66.0,YES,YES,UNKNOWN_ANALYSIS_IAQ75_VOC8.69ppm,500937.8,0,5.0,0.050,50
2026-06-15 15:27:29,34.32,63.76,1005.00,75.25,1759,8.686,539500,38.0,53.0,66.0,YES,YES,UNKNOWN_ANALYSIS_IAQ75_VOC8.69ppm,500948.2,0,5.0,0.050,50
2026-06-15 15:27:38,34.32,63.76,1005.00,75.25,1759,8.686,539500,37.0,52.0,66.0,YES,YES,UNKNOWN_ANALYSIS_IAQ75_VOC8.69ppm,500957.6,0,5.0,0.050,50
2026-06-15 15:27:49,34.32,63.76,1005.00,75.25,1759,8.686,539500,38.0,54.0,67.0,YES,YES,UNKNOWN_ANALYSIS_IAQ75_VOC8.69ppm,500968.0,0,5.0,0.050,50
2026-06-15 15:27:59,34.35,63.91,1005.00,79.07,1945,13.229,521300,36.0,53.0,67.0,YES,YES,UNKNOWN_ANALYSIS_IAQ79_VOC13.23ppm,500978.5,0,5.0,0.050,50
2026-06-15 15:28:08,34.35,63.91,1005.00,79.07,1945,13.229,521300,37.0,53.0,68.0,YES,YES,UNKNOWN_ANALYSIS_IAQ79_VOC13.23ppm,500987.9,0,5.0,0.050,50
2026-06-15 15:28:19,34.35,63.91,1005.00,79.07,1945,13.229,521300,37.0,52.0,66.0,YES,YES,UNKNOWN_ANALYSIS_IAQ79_VOC13.23ppm,500998.3,0,5.0,0.050,50
PMS7003: Unknown error
2026-06-15 15:28:28,34.35,63.91,1005.00,79.07,1945,13.229,521300,37.0,52.0,66.0,YES,YES,UNKNOWN_ANALYSIS_IAQ79_VOC13.23ppm,501007.7,0,5.0,0.050,50
2026-06-15 15:28:39,34.35,63.91,1005.00,79.07,1945,13.229,521300,37.0,51.0,66.0,YES,YES,UNKNOWN_ANALYSIS_IAQ79_VOC13.23ppm,501018.1,0,5.0,0.050,50
2026-06-15 15:28:49,34.35,63.91,1005.00,79.07,1945,13.229,521300,37.0,51.0,65.0,YES,YES,UNKNOWN_ANALYSIS_IAQ79_VOC13.23ppm,501028.6,0,5.0,0.050,50
2026-06-15 15:28:59,34.35,63.91,1005.00,79.07,1945,13.229,521300,36.0,51.0,64.0,YES,YES,UNKNOWN_ANALYSIS_IAQ79_VOC13.23ppm,501038.0,0,5.0,0.050,50

teeth
2026-06-15 16:52:16,34.55,63.33,1005.00,63.45,1132,2.098,588800,33.0,46.0,57.0,YES,YES,UNKNOWN_ANALYSIS_IAQ63_VOC2.10ppm,506035.4,0,5.0,0.050,50
2026-06-15 16:52:26,34.55,63.33,1005.00,63.45,1132,2.098,588800,33.0,46.0,57.0,YES,YES,UNKNOWN_ANALYSIS_IAQ63_VOC2.10ppm,506045.9,0,5.0,0.050,50
2026-06-15 16:52:37,34.55,63.33,1005.00,63.45,1132,2.098,588800,33.0,46.0,57.0,YES,YES,UNKNOWN_ANALYSIS_IAQ63_VOC2.10ppm,506056.3,0,5.0,0.050,50
2026-06-15 16:52:46,34.55,63.33,1005.00,63.45,1132,2.098,588800,33.0,46.0,57.0,YES,YES,UNKNOWN_ANALYSIS_IAQ63_VOC2.10ppm,506065.7,0,5.0,0.050,50
2026-06-15 16:52:57,34.55,63.33,1005.00,63.45,1132,2.098,588800,33.0,46.0,57.0,YES,YES,UNKNOWN_ANALYSIS_IAQ63_VOC2.10ppm,506076.1,0,5.0,0.050,50
2026-06-15 16:53:06,34.29,63.33,1004.00,61.42,1035,1.682,602300,31.0,45.0,54.0,YES,YES,UNKNOWN_ANALYSIS_IAQ61_VOC1.68ppm,506085.5,0,5.0,0.050,50
2026-06-15 16:53:17,34.29,63.33,1004.00,61.42,1035,1.682,602300,32.0,46.0,56.0,YES,YES,UNKNOWN_ANALYSIS_IAQ61_VOC1.68ppm,506096.0,0,5.0,0.050,50
2026-06-15 16:53:27,34.29,63.33,1004.00,61.42,1035,1.682,602300,31.0,45.0,56.0,YES,YES,UNKNOWN_ANALYSIS_IAQ61_VOC1.68ppm,506106.4,0,5.0,0.050,50
2026-06-15 16:53:36,34.29,63.33,1004.00,61.42,1035,1.682,602300,32.0,46.0,58.0,YES,YES,UNKNOWN_ANALYSIS_IAQ61_VOC1.68ppm,506115.8,0,5.0,0.050,50
2026-06-15 16:53:47,34.29,63.33,1004.00,61.42,1035,1.682,602300,31.0,46.0,56.0,YES,YES,UNKNOWN_ANALYSIS_IAQ61_VOC1.68ppm,506126.3,0,5.0,0.050,50


chem
2026-06-15 17:57:20,34.17,63.05,1004.00,52.76,629,0.670,675600,28.0,40.0,47.0,YES,YES,UNKNOWN_ANALYSIS_IAQ53_VOC0.67ppm,509939.6,0,5.0,0.050,50
2026-06-15 17:57:30,34.17,63.05,1004.00,52.76,629,0.670,675600,28.0,41.0,48.0,YES,YES,UNKNOWN_ANALYSIS_IAQ53_VOC0.67ppm,509949.0,0,5.0,0.050,50
2026-06-15 17:57:40,34.17,63.05,1004.00,52.76,629,0.670,675600,29.0,42.0,50.0,YES,YES,UNKNOWN_ANALYSIS_IAQ53_VOC0.67ppm,509959.4,0,5.0,0.050,50
2026-06-15 17:57:50,34.17,63.05,1004.00,52.76,629,0.670,675600,28.0,41.0,49.0,YES,YES,UNKNOWN_ANALYSIS_IAQ53_VOC0.67ppm,509969.8,0,5.0,0.050,50
2026-06-15 17:58:00,34.17,63.05,1004.00,52.76,629,0.670,675600,28.0,41.0,49.0,YES,YES,UNKNOWN_ANALYSIS_IAQ53_VOC0.67ppm,509979.2,0,5.0,0.050,50
2026-06-15 17:58:10,34.14,63.18,1005.00,56.06,781,0.946,658000,28.0,40.0,49.0,YES,YES,UNKNOWN_ANALYSIS_IAQ56_VOC0.95ppm,509989.7,0,5.0,0.050,50
2026-06-15 17:58:20,34.14,63.18,1005.00,56.06,781,0.946,658000,29.0,42.0,50.0,YES,YES,UNKNOWN_ANALYSIS_IAQ56_VOC0.95ppm,509999.1,0,5.0,0.050,50
2026-06-15 17:58:30,34.14,63.18,1005.00,56.06,781,0.946,658000,28.0,42.0,50.0,YES,YES,UNKNOWN_ANALYSIS_IAQ56_VOC0.95ppm,510009.5,0,5.0,0.050,50
2026-06-15 17:58:40,34.14,63.18,1005.00,56.06,781,0.946,658000,28.0,41.0,50.0,YES,YES,UNKNOWN_ANALYSIS_IAQ56_VOC0.95ppm,510019.9,0,5.0,0.050,50
2026-06-15 17:58:50,34.14,63.18,1005.00,56.06,781,0.946,658000,29.0,42.0,52.0,YES,YES,UNKNOWN_ANALYSIS_IAQ56_VOC0.95ppm,510029.3,0,5.0,0.050,50
2026-06-15 17:59:00,34.14,63.18,1005.00,56.06,781,0.946,658000,28.0,42.0,51.0,YES,YES,UNKNOWN_ANALYSIS_IAQ56_VOC0.95ppm,510039.8,0,5.0,0.050,50
2026-06-15 17:59:11,34.14,63.18,1005.00,56.06,781,0.946,658000,27.0,41.0,50.0,YES,YES,UNKNOWN_ANALYSIS_IAQ56_VOC0.95ppm,510050.2,0,5.0,0.050,50
2026-06-15 17:59:20,34.14,63.18,1005.00,56.06,781,0.946,658000,28.0,42.0,51.0,YES,YES,UNKNOWN_ANALYSIS_IAQ56_VOC0.95ppm,510059.6,0,5.0,0.050,50
2026-06-15 17:59:31,34.14,63.18,1005.00,56.06,781,0.946,658000,27.0,41.0,50.0,YES,YES,UNKNOWN_ANALYSIS_IAQ56_VOC0.95ppm,510070.0,0,5.0,0.050,50
2026-06-15 17:59:40,34.14,63.18,1005.00,56.06,781,0.946,658000,28.0,42.0,51.0,YES,YES,UNKNOWN_ANALYSIS_IAQ56_VOC0.95ppm,510079.4,0,5.0,0.050,50
2026-06-15 17:59:50,34.14,63.18,1005.00,56.06,781,0.946,658000,27.0,40.0,48.0,YES,YES,UNKNOWN_ANALYSIS_IAQ56_VOC0.95ppm,510089.9,0,5.0,0.050,50

strong drug

2026-06-15 20:48:14,33.85,66.87,1009.00,149.89,4650,1000.000,317700,25.0,37.0,42.0,YES,YES,UNKNOWN_ANALYSIS_IAQ150_VOC1000.00ppm,520193.8,0,5.0,0.050,50
2026-06-15 20:48:24,33.85,66.87,1009.00,149.89,4650,1000.000,317700,26.0,37.0,44.0,YES,YES,UNKNOWN_ANALYSIS_IAQ150_VOC1000.00ppm,520203.2,0,5.0,0.050,50
2026-06-15 20:48:34,33.86,66.92,1009.00,152.55,4746,1000.000,311600,26.0,37.0,45.0,YES,YES,UNKNOWN_ANALYSIS_IAQ153_VOC1000.00ppm,520213.6,0,5.0,0.050,50
2026-06-15 20:48:44,33.86,66.92,1009.00,152.55,4746,1000.000,311600,26.0,37.0,45.0,YES,YES,UNKNOWN_ANALYSIS_IAQ153_VOC1000.00ppm,520223.0,0,5.0,0.050,50

teeth, strong discomfort, burning foregead, vacl of head  inside chest lungs lining

2026-06-17 17:41:00,35.52,62.00,1002.00,200.00,1504,4.870,1114200,26.0,37.0,45.0,YES,YES,UNKNOWN_ANALYSIS_IAQ200_VOC4.87ppm,5929.3,0,5.0,0.050,50
2026-06-17 17:41:11,35.52,62.00,1002.00,200.00,1504,4.870,1114200,26.0,37.0,45.0,YES,YES,UNKNOWN_ANALYSIS_IAQ200_VOC4.87ppm,5939.8,0,5.0,0.050,50
2026-06-17 17:41:20,35.52,62.00,1002.00,200.00,1504,4.870,1114200,25.0,36.0,46.0,YES,YES,UNKNOWN_ANALYSIS_IAQ200_VOC4.87ppm,5949.2,0,5.0,0.050,50
2026-06-17 17:41:30,35.52,62.00,1002.00,200.00,1504,4.870,1114200,26.0,36.0,46.0,YES,YES,UNKNOWN_ANALYSIS_IAQ200_VOC4.87ppm,5959.6,0,5.0,0.050,50
2026-06-17 17:41:41,35.52,62.00,1002.00,200.00,1504,4.870,1114200,25.0,37.0,45.0,YES,YES,UNKNOWN_ANALYSIS_IAQ200_VOC4.87ppm,5970.0,0,5.0,0.050,50
2026-06-17 17:41:50,35.52,62.00,1002.00,200.00,1504,4.870,1114200,27.0,38.0,47.0,YES,YES,UNKNOWN_ANALYSIS_IAQ200_VOC4.87ppm,5979.4,0,5.0,0.050,50
2026-06-17 17:42:01,35.52,62.00,1002.00,200.00,1504,4.870,1114200,25.0,37.0,45.0,YES,YES,UNKNOWN_ANALYSIS_IAQ200_VOC4.87ppm,5989.9,0,5.0,0.050,50
2026-06-17 17:42:11,35.52,62.00,1002.00,200.00,1504,4.870,1114200,27.0,39.0,46.0,YES,YES,UNKNOWN_ANALYSIS_IAQ200_VOC4.87ppm,6000.3,0,5.0,0.050,50
2026-06-17 17:42:20,35.54,62.14,1002.00,200.00,1776,9.020,1059700,27.0,38.0,45.0,YES,YES,UNKNOWN_ANALYSIS_IAQ200_VOC9.02ppm,6009.7,0,5.0,0.050,50
2026-06-17 17:42:31,35.54,62.14,1002.00,200.00,1776,9.020,1059700,26.0,36.0,43.0,YES,YES,UNKNOWN_ANALYSIS_IAQ200_VOC9.02ppm,6020.2,0,5.0,0.050,50
2026-06-17 17:42:40,35.54,62.14,1002.00,200.00,1776,9.020,1059700,27.0,37.0,45.0,YES,YES,UNKNOWN_ANALYSIS_IAQ200_VOC9.02ppm,6029.6,0,5.0,0.050,50
2026-06-17 17:42:51,35.54,62.14,1002.00,200.00,1776,9.020,1059700,25.0,37.0,44.0,YES,YES,UNKNOWN_ANALYSIS_IAQ200_VOC9.02ppm,6040.0,0,5.0,0.050,50
2026-06-17 17:43:01,35.54,62.14,1002.00,200.00,1776,9.020,1059700,26.0,38.0,45.0,YES,YES,UNKNOWN_ANALYSIS_IAQ200_VOC9.02ppm,6050.4,0,5.0,0.050,50
2026-06-17 17:43:11,35.54,62.14,1002.00,200.00,1776,9.020,1059700,26.0,37.0,44.0,YES,YES,UNKNOWN_ANALYSIS_IAQ200_VOC9.02ppm,6059.8,0,5.0,0.050,50
2026-06-17 17:43:21,35.54,62.14,1002.00,200.00,1776,9.020,1059700,27.0,38.0,45.0,YES,YES,UNKNOWN_ANALYSIS_IAQ200_VOC9.02ppm,6070.3,0,5.0,0.050,50
2026-06-17 17:43:30,35.54,62.14,1002.00,200.00,1776,9.020,1059700,27.0,37.0,44.0,YES,YES,UNKNOWN_ANALYSIS_IAQ200_VOC9.02ppm,6079.7,0,5.0,0.050,50
2026-06-17 17:43:41,35.54,62.14,1002.00,200.00,1776,9.020,1059700,27.0,38.0,45.0,YES,YES,UNKNOWN_ANALYSIS_IAQ200_VOC9.02ppm,6090.1,0,5.0,0.050,50
2026-06-17 17:43:51,35.54,62.14,1002.00,200.00,1776,9.020,1059700,26.0,37.0,44.0,YES,YES,UNKNOWN_ANALYSIS_IAQ200_VOC9.02ppm,6100.5,0,5.0,0.050,50
2026-06-17 17:44:01,35.54,62.14,1002.00,200.00,1776,9.020,1059700,27.0,38.0,45.0,YES,YES,UNKNOWN_ANALYSIS_IAQ200_VOC9.02ppm,6109.9,0,5.0,0.050,50
2026-06-17 17:44:11,35.54,62.14,1002.00,200.00,1776,9.020,1059700,25.0,35.0,41.0,YES,YES,UNKNOWN_ANALYSIS_IAQ200_VOC9.02ppm,6120.4,0,5.0,0.050,50
2026-06-17 17:44:22,35.54,62.14,1002.00,200.00,1776,9.020,1059700,25.0,36.0,44.0,YES,YES,UNKNOWN_ANALYSIS_IAQ200_VOC9.02ppm,6130.8,0,5.0,0.050,50

Old Signature with a new punch - headache, teeth

2026-06-22 09:06:19,30.69,69.71,1006.00,164.43,4559,1000.000,100500,31.0,44.0,53.0,YES,YES,UNKNOWN_ANALYSIS_IAQ164_VOC1000.00ppm,145539.2,0,5.0,0.050,50
2026-06-22 09:06:28,30.69,69.71,1006.00,164.43,4559,1000.000,100500,30.0,43.0,51.0,YES,YES,UNKNOWN_ANALYSIS_IAQ164_VOC1000.00ppm,145548.6,0,5.0,0.050,50
2026-06-22 09:06:39,30.69,69.71,1006.00,164.43,4559,1000.000,100500,31.0,45.0,54.0,YES,YES,UNKNOWN_ANALYSIS_IAQ164_VOC1000.00ppm,145559.0,0,5.0,0.050,50
2026-06-22 09:06:49,30.69,69.71,1006.00,164.43,4559,1000.000,100500,31.0,46.0,55.0,YES,YES,UNKNOWN_ANALYSIS_IAQ164_VOC1000.00ppm,145569.5,0,5.0,0.050,50
2026-06-22 09:06:58,30.69,69.71,1006.00,164.43,4559,1000.000,100500,30.0,44.0,53.0,YES,YES,UNKNOWN_ANALYSIS_IAQ164_VOC1000.00ppm,145578.9,0,5.0,0.050,50
2026-06-22 09:07:09,30.69,69.71,1006.00,164.43,4559,1000.000,100500,30.0,44.0,52.0,YES,YES,UNKNOWN_ANALYSIS_IAQ164_VOC1000.00ppm,145589.3,0,5.0,0.050,50
2026-06-22 09:07:18,30.69,69.71,1006.00,164.43,4559,1000.000,100500,30.0,43.0,52.0,YES,YES,UNKNOWN_ANALYSIS_IAQ164_VOC1000.00ppm,145598.7,0,5.0,0.050,50
2026-06-22 09:07:29,30.69,69.71,1006.00,164.43,4559,1000.000,100500,30.0,44.0,54.0,YES,YES,UNKNOWN_ANALYSIS_IAQ164_VOC1000.00ppm,145609.1,0,5.0,0.050,50
2026-06-22 09:07:39,30.69,69.71,1006.00,164.43,4559,1000.000,100500,32.0,45.0,55.0,YES,YES,UNKNOWN_ANALYSIS_IAQ164_VOC1000.00ppm,145619.6,0,5.0,0.050,50
2026-06-22 09:07:48,30.69,69.71,1006.00,164.43,4559,1000.000,100500,32.0,45.0,55.0,YES,YES,UNKNOWN_ANALYSIS_IAQ164_VOC1000.00ppm,145629.0,0,5.0,0.050,50
2026-06-22 09:07:59,30.69,69.71,1006.00,164.43,4559,1000.000,100500,31.0,45.0,55.0,YES,YES,UNKNOWN_ANALYSIS_IAQ164_VOC1000.00ppm,145639.4,0,5.0,0.050,50
üíÄüö®üíÄüö®üíÄüö® IAQ_ANOMALY_NO_VOC - IMMEDIATE EVACUATION REQUIRED!
2026-06-22 09:08:08,30.69,69.71,1006.00,164.43,4559,1000.000,100500,32.0,46.0,56.0,YES,YES,IAQ_ANOMALY_NO_VOC_IAQ:164.4_VOC:1000.000,145648.8,0,5.0,0.050,50
üíÄüö®üíÄüö®üíÄüö® IAQ_ANOMALY_NO_VOC - IMMEDIATE EVACUATION REQUIRED!
2026-06-22 09:08:19,30.69,69.71,1006.00,164.43,4559,1000.000,100500,31.0,45.0,56.0,YES,YES,IAQ_ANOMALY_NO_VOC_IAQ:164.4_VOC:1000.000,145659.3,0,5.0,0.050,50
üíÄüö®üíÄüö®üíÄüö® IAQ_ANOMALY_NO_VOC - IMMEDIATE EVACUATION REQUIRED!
2026-06-22 09:08:29,30.69,69.71,1006.00,164.43,4559,1000.000,100500,30.0,44.0,53.0,YES,YES,IAQ_ANOMALY_NO_VOC_IAQ:164.4_VOC:1000.000,145669.7,0,5.0,0.050,50
2026-06-22 09:08:39,30.69,69.71,1006.00,164.43,4559,1000.000,100500,31.0,45.0,55.0,YES,YES,IAQ_ANOMALY_NO_VOC_IAQ:164.4_VOC:1000.000,145679.1,0,5.0,0.050,50
üíÄüö®üíÄüö®üíÄüö® IAQ_ANOMALY_NO_VOC - IMMEDIATE EVACUATION REQUIRED!
2026-06-22 09:08:49,30.69,69.71,1006.00,164.43,4559,1000.000,100500,32.0,46.0,56.0,YES,YES,IAQ_ANOMALY_NO_VOC_IAQ:164.4_VOC:1000.000,145689.5,0,5.0,0.050,50
2026-06-22 09:08:58,30.69,69.71,1006.00,164.43,4559,1000.000,100500,30.0,44.0,53.0,YES,YES,IAQ_ANOMALY_NO_VOC_IAQ:164.4_VOC:1000.000,145698.9,0,5.0,0.050,50

milder dose teeth

2026-06-23 10:36:17,32.25,65.19,1003.00,50.00,500,0.500,121000,39.0,54.0,67.0,YES,YES,MASKED_ATTACK_GAS_LOAD_IAQ:50.0_VOC:0.500_GasRes:121000Œ©,237337.8,0,5.0,0.050,50
2026-06-23 10:36:28,32.18,65.30,1003.00,52.98,628,0.668,118500,38.0,54.0,66.0,YES,YES,MASKED_ATTACK_GAS_LOAD_IAQ:53.0_VOC:0.668_GasRes:118500Œ©,237348.2,0,5.0,0.050,50


milder dose teeth
2026-06-23 13:31:34,33.02,63.99,1002.00,50.53,526,0.530,158700,44.0,59.0,70.0,YES,YES,MASKED_ATTACK_GAS_LOAD_IAQ:50.5_VOC:0.530_GasRes:158700Œ©,247854.0,0,5.0,0.050,50
2026-06-23 13:31:44,33.16,63.84,1002.00,50.00,500,0.500,164000,46.0,61.0,71.0,YES,YES,MASKED_ATTACK_GAS_LOAD_IAQ:50.0_VOC:0.500_GasRes:164000Œ©,247864.5,0,5.0,0.050,50

small dose of scopolamine - bappa in bathroom - was nodding off 

2026-06-24 15:43:10,32.33,64.75,1001.00,60.18,825,1.045,157200,44.0,58.0,68.0,YES,YES,MASKED_ATTACK_GAS_LOAD_IAQ:60.2_VOC:1.045_GasRes:157200Œ©,342150.8,0,5.0,0.050,50
2026-06-24 15:43:21,32.33,64.75,1001.00,60.18,825,1.045,157200,44.0,57.0,69.0,YES,YES,MASKED_ATTACK_GAS_LOAD_IAQ:60.2_VOC:1.045_GasRes:157200Œ©,342161.3,0,5.0,0.050,50
2026-06-24 15:43:30,32.33,64.75,1001.00,60.18,825,1.045,157200,43.0,56.0,68.0,YES,YES,MASKED_ATTACK_GAS_LOAD_IAQ:60.2_VOC:1.045_GasRes:157200Œ©,342170.7,0,5.0,0.050,50
2026-06-24 15:43:41,32.33,64.75,1001.00,60.18,825,1.045,157200,44.0,58.0,69.0,YES,YES,MASKED_ATTACK_GAS_LOAD_IAQ:60.2_VOC:1.045_GasRes:157200Œ©,342181.1,0,5.0,0.050,50
2026-06-24 15:43:51,32.33,64.75,1001.00,60.18,825,1.045,157200,44.0,58.0,68.0,YES,YES,MASKED_ATTACK_GAS_LOAD_IAQ:60.2_VOC:1.045_GasRes:157200Œ©,342191.6,0,5.0,0.050,50
2026-06-24 15:44:00,32.33,64.75,1001.00,60.18,825,1.045,157200,43.0,58.0,68.0,YES,YES,MASKED_ATTACK_GAS_LOAD_IAQ:60.2_VOC:1.045_GasRes:157200Œ©,342200.9,0,5.0,0.050,50
2026-06-24 15:44:11,32.33,64.75,1001.00,60.18,825,1.045,157200,44.0,59.0,71.0,YES,YES,MASKED_ATTACK_GAS_LOAD_IAQ:60.2_VOC:1.045_GasRes:157200Œ©,342211.4,0,5.0,0.050,50
PMS7003: Unknown error
2026-06-24 15:44:20,32.38,64.82,1001.00,64.36,956,1.408,153400,44.0,59.0,71.0,YES,YES,MASKED_ATTACK_GAS_LOAD_IAQ:64.4_VOC:1.408_GasRes:153400Œ©,342220.8,0,5.0,0.050,50
2026-06-24 15:44:31,32.38,64.82,1001.00,64.36,956,1.408,153400,44.0,59.0,70.0,YES,YES,MASKED_ATTACK_GAS_LOAD_IAQ:64.4_VOC:1.408_GasRes:153400Œ©,342231.2,0,5.0,0.050,50
2026-06-24 15:44:41,32.38,64.82,1001.00,64.36,956,1.408,153400,45.0,61.0,72.0,YES,YES,MASKED_ATTACK_GAS_LOAD_IAQ:64.4_VOC:1.408_GasRes:153400Œ©,342241.7,0,5.0,0.050,50
2026-06-24 15:44:51,32.38,64.82,1001.00,64.36,956,1.408,153400,45.0,60.0,71.0,YES,YES,MASKED_ATTACK_GAS_LOAD_IAQ:64.4_VOC:1.408_GasRes:153400Œ©,342251.1,0,5.0,0.050,50
2026-06-24 15:45:01,32.38,64.82,1001.00,64.36,956,1.408,153400,45.0,60.0,71.0,YES,YES,MASKED_ATTACK_GAS_LOAD_IAQ:64.4_VOC:1.408_GasRes:153400Œ©,342261.5,0,5.0,0.050,50
2026-06-24 15:45:11,32.38,64.82,1001.00,64.36,956,1.408,153400,45.0,60.0,71.0,YES,YES,MASKED_ATTACK_GAS_LOAD_IAQ:64.4_VOC:1.408_GasRes:153400Œ©,342271.9,0,5.0,0.050,50
2026-06-24 15:45:21,32.38,64.82,1001.00,64.36,956,1.408,153400,45.0,61.0,71.0,YES,YES,MASKED_ATTACK_GAS_LOAD_IAQ:64.4_VOC:1.408_GasRes:153400Œ©,342281.3,0,5.0,0.050,50
2026-06-24 15:45:31,32.38,64.82,1001.00,64.36,956,1.408,153400,46.0,64.0,72.0,YES,YES,MASKED_ATTACK_GAS_LOAD_IAQ:64.4_VOC:1.408_GasRes:153400Œ©,342291.7,0,5.0,0.050,50
2026-06-24 15:45:41,32.38,64.82,1001.00,64.36,956,1.408,153400,46.0,64.0,72.0,YES,YES,MASKED_ATTACK_GAS_LOAD_IAQ:64.4_VOC:1.408_GasRes:153400Œ©,342301.1,0,5.0,0.050,50
2026-06-24 15:45:51,32.38,64.82,1001.00,64.36,956,1.408,153400,45.0,62.0,71.0,YES,YES,MASKED_ATTACK_GAS_LOAD_IAQ:64.4_VOC:1.408_GasRes:153400Œ©,342311.6,0,5.0,0.050,50
2026-06-24 15:46:02,32.38,64.82,1001.00,64.36,956,1.408,153400,46.0,60.0,71.0,YES,YES,MASKED_ATTACK_GAS_LOAD_IAQ:64.4_VOC:1.408_GasRes:153400Œ©,342322.0,0,5.0,0.050,50
2026-06-24 15:46:11,32.38,64.82,1001.00,64.36,956,1.408,153400,46.0,60.0,71.0,YES,YES,MASKED_ATTACK_GAS_LOAD_IAQ:64.4_VOC:1.408_GasRes:153400Œ©,342331.4,0,5.0,0.050,50
2026-06-24 15:46:21,32.38,64.82,1001.00,64.36,956,1.408,153400,45.0,59.0,69.0,YES,YES,MASKED_ATTACK_GAS_LOAD_IAQ:64.4_VOC:1.408_GasRes:153400Œ©,342341.8,0,5.0,0.050,50
2026-06-24 15:46:32,32.38,64.82,1001.00,64.36,956,1.408,153400,45.0,59.0,69.0,YES,YES,MASKED_ATTACK_GAS_LOAD_IAQ:64.4_VOC:1.408_GasRes:153400Œ©,342352.3,0,5.0,0.050,50
2026-06-24 15:46:41,32.38,64.82,1001.00,64.36,956,1.408,153400,45.0,59.0,70.0,YES,YES,MASKED_ATTACK_GAS_LOAD_IAQ:64.4_VOC:1.408_GasRes:153400Œ©,342361.7,0,5.0,0.050,50
2026-06-24 15:46:52,32.38,64.82,1001.00,64.36,956,1.408,153400,43.0,57.0,69.0,YES,YES,MASKED_ATTACK_GAS_LOAD_IAQ:64.4_VOC:1.408_GasRes:153400Œ©,342372.1,0,5.0,0.050,50
2026-06-24 15:47:01,32.38,64.82,1001.00,64.36,956,1.408,153400,44.0,58.0,70.0,YES,YES,MASKED_ATTACK_GAS_LOAD_IAQ:64.4_VOC:1.408_GasRes:153400Œ©,342381.5,0,5.0,0.050,50
2026-06-24 15:47:11,32.38,64.82,1001.00,64.36,956,1.408,153400,44.0,59.0,69.0,YES,YES,MASKED_ATTACK_GAS_LOAD_IAQ:64.4_VOC:1.408_GasRes:153400Œ©,342391.9,0,5.0,0.050,50
2026-06-24 15:47:22,32.38,64.82,1001.00,64.36,956,1.408,153400,45.0,60.0,70.0,YES,YES,MASKED_ATTACK_GAS_LOAD_IAQ:64.4_VOC:1.408_GasRes:153400Œ©,342402.4,0,5.0,0.050,50
2026-06-24 15:47:31,32.38,64.82,1001.00,64.36,956,1.408,153400,45.0,61.0,71.0,YES,YES,MASKED_ATTACK_GAS_LOAD_IAQ:64.4_VOC:1.408_GasRes:153400Œ©,342411.8,0,5.0,0.050,50
2026-06-24 15:47:42,32.38,64.82,1001.00,64.36,956,1.408,153400,45.0,60.0,72.0,YES,YES,MASKED_ATTACK_GAS_LOAD_IAQ:64.4_VOC:1.408_GasRes:153400Œ©,342422.2,0,5.0,0.050,50
PMS7003: Unknown error
2026-06-24 15:47:51,32.38,64.82,1001.00,64.36,956,1.408,153400,45.0,60.0,72.0,YES,YES,MASKED_ATTACK_GAS_LOAD_IAQ:64.4_VOC:1.408_GasRes:153400Œ©,342431.6,0,5.0,0.050,50

then came teeth feelings around 3.53

2026-06-24 15:49:02,32.38,64.82,1001.00,64.36,956,1.408,153400,44.0,61.0,71.0,YES,YES,MASKED_ATTACK_GAS_LOAD_IAQ:64.4_VOC:1.408_GasRes:153400Œ©,342502.6,0,5.0,0.050,50
2026-06-24 15:49:11,32.38,64.82,1001.00,64.36,956,1.408,153400,43.0,61.0,69.0,YES,YES,MASKED_ATTACK_GAS_LOAD_IAQ:64.4_VOC:1.408_GasRes:153400Œ©,342512.0,0,5.0,0.050,50
2026-06-24 15:49:22,32.41,64.94,1002.00,68.93,1100,1.949,149400,44.0,60.0,71.0,YES,YES,MASKED_ATTACK_GAS_LOAD_IAQ:68.9_VOC:1.949_GasRes:149400Œ©,342522.4,0,5.0,0.050,50
2026-06-24 15:49:32,32.41,64.94,1002.00,68.93,1100,1.949,149400,44.0,60.0,70.0,YES,YES,MASKED_ATTACK_GAS_LOAD_IAQ:68.9_VOC:1.949_GasRes:149400Œ©,342532.8,0,5.0,0.050,50
2026-06-24 15:49:42,32.41,64.94,1002.00,68.93,1100,1.949,149400,44.0,59.0,69.0,YES,YES,MASKED_ATTACK_GAS_LOAD_IAQ:68.9_VOC:1.949_GasRes:149400Œ©,342542.2,0,5.0,0.050,50
2026-06-24 15:49:52,32.41,64.94,1002.00,68.93,1100,1.949,149400,45.0,59.0,69.0,YES,YES,MASKED_ATTACK_GAS_LOAD_IAQ:68.9_VOC:1.949_GasRes:149400Œ©,342552.7,0,5.0,0.050,50
2026-06-24 15:50:02,32.41,64.94,1002.00,68.93,1100,1.949,149400,45.0,60.0,70.0,YES,YES,MASKED_ATTACK_GAS_LOAD_IAQ:68.9_VOC:1.949_GasRes:149400Œ©,342562.1,0,5.0,0.050,50
2026-06-24 15:50:12,32.41,64.94,1002.00,68.93,1100,1.949,149400,44.0,59.0,69.0,YES,YES,MASKED_ATTACK_GAS_LOAD_IAQ:68.9_VOC:1.949_GasRes:149400Œ©,342572.5,0,5.0,0.050,50
2026-06-24 15:50:22,32.41,64.94,1002.00,68.93,1100,1.949,149400,45.0,61.0,71.0,YES,YES,MASKED_ATTACK_GAS_LOAD_IAQ:68.9_VOC:1.949_GasRes:149400Œ©,342583.0,0,5.0,0.050,50
2026-06-24 15:50:32,32.41,64.94,1002.00,68.93,1100,1.949,149400,44.0,60.0,69.0,YES,YES,MASKED_ATTACK_GAS_LOAD_IAQ:68.9_VOC:1.949_GasRes:149400Œ©,342592.3,0,5.0,0.050,50
2026-06-24 15:50:42,32.41,64.94,1002.00,68.93,1100,1.949,149400,46.0,61.0,70.0,YES,YES,MASKED_ATTACK_GAS_LOAD_IAQ:68.9_VOC:1.949_GasRes:149400Œ©,342602.8,0,5.0,0.050,50
2026-06-24 15:50:53,32.41,64.94,1002.00,68.93,1100,1.949,149400,46.0,61.0,70.0,YES,YES,MASKED_ATTACK_GAS_LOAD_IAQ:68.9_VOC:1.949_GasRes:149400Œ©,342613.2,0,5.0,0.050,50
2026-06-24 15:51:02,32.41,64.94,1002.00,68.93,1100,1.949,149400,44.0,59.0,69.0,YES,YES,MASKED_ATTACK_GAS_LOAD_IAQ:68.9_VOC:1.949_GasRes:149400Œ©,342622.6,0,5.0,0.050,50
2026-06-24 15:51:13,32.41,64.94,1002.00,68.93,1100,1.949,149400,44.0,59.0,70.0,YES,YES,MASKED_ATTACK_GAS_LOAD_IAQ:68.9_VOC:1.949_GasRes:149400Œ©,342633.1,0,5.0,0.050,50
2026-06-24 15:51:22,32.41,64.94,1002.00,68.93,1100,1.949,149400,44.0,59.0,69.0,YES,YES,MASKED_ATTACK_GAS_LOAD_IAQ:68.9_VOC:1.949_GasRes:149400Œ©,342642.4,0,5.0,0.050,50
2026-06-24 15:51:32,32.41,64.94,1002.00,68.93,1100,1.949,149400,45.0,61.0,70.0,YES,YES,MASKED_ATTACK_GAS_LOAD_IAQ:68.9_VOC:1.949_GasRes:149400Œ©,342652.9,0,5.0,0.050,50
2026-06-24 15:51:43,32.41,64.94,1002.00,68.93,1100,1.949,149400,46.0,61.0,70.0,YES,YES,MASKED_ATTACK_GAS_LOAD_IAQ:68.9_VOC:1.949_GasRes:149400Œ©,342663.3,0,5.0,0.050,50
2026-06-24 15:51:52,32.41,64.94,1002.00,68.93,1100,1.949,149400,46.0,61.0,69.0,YES,YES,MASKED_ATTACK_GAS_LOAD_IAQ:68.9_VOC:1.949_GasRes:149400Œ©,342672.7,0,5.0,0.050,50
2026-06-24 15:52:03,32.41,64.94,1002.00,68.93,1100,1.949,149400,47.0,62.0,72.0,YES,YES,MASKED_ATTACK_GAS_LOAD_IAQ:68.9_VOC:1.949_GasRes:149400Œ©,342683.2,0,5.0,0.050,50
2026-06-24 15:52:12,32.41,64.94,1002.00,68.93,1100,1.949,149400,46.0,62.0,72.0,YES,YES,MASKED_ATTACK_GAS_LOAD_IAQ:68.9_VOC:1.949_GasRes:149400Œ©,342692.6,0,5.0,0.050,50
2026-06-24 15:52:22,32.41,64.94,1002.00,68.93,1100,1.949,149400,46.0,63.0,74.0,YES,YES,MASKED_ATTACK_GAS_LOAD_IAQ:68.9_VOC:1.949_GasRes:149400Œ©,342703.0,0,5.0,0.050,50
2026-06-24 15:52:33,32.41,64.94,1002.00,68.93,1100,1.949,149400,45.0,61.0,72.0,YES,YES,MASKED_ATTACK_GAS_LOAD_IAQ:68.9_VOC:1.949_GasRes:149400Œ©,342713.4,0,5.0,0.050,50
2026-06-24 15:52:42,32.41,64.94,1002.00,68.93,1100,1.949,149400,44.0,60.0,71.0,YES,YES,MASKED_ATTACK_GAS_LOAD_IAQ:68.9_VOC:1.949_GasRes:149400Œ©,342722.8,0,5.0,0.050,50
2026-06-24 15:52:53,32.41,64.94,1002.00,68.93,1100,1.949,149400,45.0,60.0,71.0,YES,YES,MASKED_ATTACK_GAS_LOAD_IAQ:68.9_VOC:1.949_GasRes:149400Œ©,342733.3,0,5.0,0.050,50
2026-06-24 15:53:02,32.41,64.94,1002.00,68.93,1100,1.949,149400,45.0,60.0,70.0,YES,YES,MASKED_ATTACK_GAS_LOAD_IAQ:68.9_VOC:1.949_GasRes:149400Œ©,342742.7,0,5.0,0.050,50
2026-06-24 15:53:13,32.41,64.94,1002.00,68.93,1100,1.949,149400,45.0,61.0,71.0,YES,YES,MASKED_ATTACK_GAS_LOAD_IAQ:68.9_VOC:1.949_GasRes:149400Œ©,342753.1,0,5.0,0.050,50
2026-06-24 15:53:23,32.41,64.94,1002.00,68.93,1100,1.949,149400,45.0,61.0,71.0,YES,YES,MASKED_ATTACK_GAS_LOAD_IAQ:68.9_VOC:1.949_GasRes:149400Œ©,342763.5,0,5.0,0.050,50
2026-06-24 15:53:32,32.41,64.94,1002.00,68.93,1100,1.949,149400,45.0,62.0,71.0,YES,YES,MASKED_ATTACK_GAS_LOAD_IAQ:68.9_VOC:1.949_GasRes:149400Œ©,342772.9,0,5.0,0.050,50
2026-06-24 15:53:43,32.41,64.94,1002.00,68.93,1100,1.949,149400,47.0,64.0,73.0,YES,YES,MASKED_ATTACK_GAS_LOAD_IAQ:68.9_VOC:1.949_GasRes:149400Œ©,342783.4,0,5.0,0.050,50
2026-06-24 15:53:53,32.41,64.94,1002.00,68.93,1100,1.949,149400,47.0,64.0,73.0,YES,YES,MASKED_ATTACK_GAS_LOAD_IAQ:68.9_VOC:1.949_GasRes:149400Œ©,342793.8,0,5.0,0.050,50
2026-06-24 15:54:03,32.41,64.94,1002.00,68.93,1100,1.949,149400,48.0,62.0,72.0,YES,YES,MASKED_ATTACK_GAS_LOAD_IAQ:68.9_VOC:1.949_GasRes:149400Œ©,342803.2,0,5.0,0.050,50
2026-06-24 15:54:13,32.35,65.11,1002.00,76.84,1348,3.418,143200,45.0,59.0,69.0,YES,YES,UNKNOWN_ANALYSIS_IAQ77_VOC3.42ppm,342813.7,0,5.0,0.050,50
2026-06-24 15:54:23,32.35,65.11,1002.00,76.84,1348,3.418,143200,44.0,59.0,69.0,YES,YES,UNKNOWN_ANALYSIS_IAQ77_VOC3.42ppm,342823.0,0,5.0,0.050,50
2026-06-24 15:54:33,32.35,65.11,1002.00,76.84,1348,3.418,143200,44.0,59.0,69.0,YES,YES,UNKNOWN_ANALYSIS_IAQ77_VOC3.42ppm,342833.5,0,5.0,0.050,50
2026-06-24 15:54:43,32.35,65.11,1002.00,76.84,1348,3.418,143200,45.0,60.0,70.0,YES,YES,UNKNOWN_ANALYSIS_IAQ77_VOC3.42ppm,342843.9,0,5.0,0.050,50
2026-06-24 15:54:53,32.35,65.11,1002.00,76.84,1348,3.418,143200,45.0,61.0,70.0,YES,YES,UNKNOWN_ANALYSIS_IAQ77_VOC3.42ppm,342853.3,0,5.0,0.050,50
2026-06-24 15:55:03,32.35,65.11,1002.00,76.84,1348,3.418,143200,45.0,61.0,70.0,YES,YES,UNKNOWN_ANALYSIS_IAQ77_VOC3.42ppm,342863.7,0,5.0,0.050,50

headache

2026-06-24 16:43:12,32.36,66.54,1001.00,138.94,3222,239.665,101800,37.0,51.0,62.0,YES,YES,UNKNOWN_ANALYSIS_IAQ139_VOC239.66ppm,345752.9,0,5.0,0.050,50
2026-06-24 16:43:23,32.36,66.54,1001.00,138.94,3222,239.665,101800,38.0,52.0,63.0,YES,YES,UNKNOWN_ANALYSIS_IAQ139_VOC239.66ppm,345763.3,0,5.0,0.050,50
2026-06-24 16:43:33,32.36,66.54,1001.00,138.94,3222,239.665,101800,38.0,52.0,65.0,YES,YES,UNKNOWN_ANALYSIS_IAQ139_VOC239.66ppm,345773.8,0,5.0,0.050,50
2026-06-24 16:43:43,32.36,66.54,1001.00,138.94,3222,239.665,101800,38.0,52.0,65.0,YES,YES,UNKNOWN_ANALYSIS_IAQ139_VOC239.66ppm,345783.2,0,5.0,0.050,50
2026-06-24 16:43:53,32.36,66.54,1001.00,138.94,3222,239.665,101800,37.0,51.0,64.0,YES,YES,UNKNOWN_ANALYSIS_IAQ139_VOC239.66ppm,345793.6,0,5.0,0.050,50
2026-06-24 16:44:02,32.36,66.54,1001.00,138.94,3222,239.665,101800,38.0,51.0,66.0,YES,YES,UNKNOWN_ANALYSIS_IAQ139_VOC239.66ppm,345803.0,0,5.0,0.050,50
2026-06-24 16:44:13,32.36,66.54,1001.00,138.94,3222,239.665,101800,38.0,52.0,66.0,YES,YES,UNKNOWN_ANALYSIS_IAQ139_VOC239.66ppm,345813.4,0,5.0,0.050,50
2026-06-24 16:44:23,32.40,66.61,1001.00,141.30,3285,276.345,100400,37.0,52.0,66.0,YES,YES,UNKNOWN_ANALYSIS_IAQ141_VOC276.35ppm,345823.9,0,5.0,0.050,50
2026-06-24 16:44:33,32.40,66.61,1001.00,141.30,3285,276.345,100400,39.0,53.0,67.0,YES,YES,UNKNOWN_ANALYSIS_IAQ141_VOC276.35ppm,345833.3,0,5.0,0.050,50
2026-06-24 16:44:43,32.40,66.61,1001.00,141.30,3285,276.345,100400,38.0,53.0,66.0,YES,YES,UNKNOWN_ANALYSIS_IAQ141_VOC276.35ppm,345843.7,0,5.0,0.050,50
2026-06-24 16:44:54,32.40,66.61,1001.00,141.30,3285,276.345,100400,38.0,52.0,65.0,YES,YES,UNKNOWN_ANALYSIS_IAQ141_VOC276.35ppm,345854.2,0,5.0,0.050,50
2026-06-24 16:45:03,32.40,66.61,1001.00,141.30,3285,276.345,100400,38.0,52.0,65.0,YES,YES,UNKNOWN_ANALYSIS_IAQ141_VOC276.35ppm,345863.6,0,5.0,0.050,50
2026-06-24 16:45:13,32.40,66.61,1001.00,141.30,3285,276.345,100400,37.0,51.0,63.0,YES,YES,UNKNOWN_ANALYSIS_IAQ141_VOC276.35ppm,345874.0,0,5.0,0.050,50
2026-06-24 16:45:23,32.40,66.61,1001.00,141.30,3285,276.345,100400,39.0,52.0,64.0,YES,YES,UNKNOWN_ANALYSIS_IAQ141_VOC276.35ppm,345883.4,0,5.0,0.050,50
2026-06-24 16:45:33,32.40,66.61,1001.00,141.30,3285,276.345,100400,38.0,52.0,64.0,YES,YES,UNKNOWN_ANALYSIS_IAQ141_VOC276.35ppm,345893.8,0,5.0,0.050,50
2026-06-24 16:45:44,32.40,66.61,1001.00,141.30,3285,276.345,100400,38.0,51.0,63.0,YES,YES,UNKNOWN_ANALYSIS_IAQ141_VOC276.35ppm,345904.3,0,5.0,0.050,50
2026-06-24 16:45:53,32.40,66.61,1001.00,141.30,3285,276.345,100400,38.0,52.0,64.0,YES,YES,UNKNOWN_ANALYSIS_IAQ141_VOC276.35ppm,345913.7,0,5.0,0.050,50
2026-06-24 16:46:04,32.40,66.61,1001.00,141.30,3285,276.345,100400,38.0,51.0,63.0,YES,YES,UNKNOWN_ANALYSIS_IAQ141_VOC276.35ppm,345924.1,0,5.0,0.050,50
2026-06-24 16:46:13,32.40,66.61,1001.00,141.30,3285,276.345,100400,37.0,52.0,63.0,YES,YES,UNKNOWN_ANALYSIS_IAQ141_VOC276.35ppm,345933.5,0,5.0,0.050,50
2026-06-24 16:46:23,32.40,66.61,1001.00,141.30,3285,276.345,100400,37.0,52.0,64.0,YES,YES,UNKNOWN_ANALYSIS_IAQ141_VOC276.35ppm,345944.0,0,5.0,0.050,50
2026-06-24 16:46:34,32.40,66.61,1001.00,141.30,3285,276.345,100400,38.0,52.0,64.0,YES,YES,UNKNOWN_ANALYSIS_IAQ141_VOC276.35ppm,345954.4,0,5.0,0.050,50
2026-06-24 16:46:43,32.40,66.61,1001.00,141.30,3285,276.345,100400,37.0,51.0,64.0,YES,YES,UNKNOWN_ANALYSIS_IAQ141_VOC276.35ppm,345963.8,0,5.0,0.050,50
2026-06-24 16:46:54,32.40,66.61,1001.00,141.30,3285,276.345,100400,39.0,53.0,66.0,YES,YES,UNKNOWN_ANALYSIS_IAQ141_VOC276.35ppm,345974.2,0,5.0,0.050,50
2026-06-24 16:47:03,32.40,66.61,1001.00,141.30,3285,276.345,100400,39.0,53.0,65.0,YES,YES,UNKNOWN_ANALYSIS_IAQ141_VOC276.35ppm,345983.6,0,5.0,0.050,50
2026-06-24 16:47:14,32.40,66.61,1001.00,141.30,3285,276.345,100400,39.0,53.0,66.0,YES,YES,UNKNOWN_ANALYSIS_IAQ141_VOC276.35ppm,345994.1,0,5.0,0.050,50
2026-06-24 16:47:24,32.40,66.61,1001.00,141.30,3285,276.345,100400,37.0,52.0,65.0,YES,YES,UNKNOWN_ANALYSIS_IAQ141_VOC276.35ppm,346004.5,0,5.0,0.050,50
2026-06-24 16:47:33,32.40,66.61,1001.00,141.30,3285,276.345,100400,38.0,53.0,65.0,YES,YES,UNKNOWN_ANALYSIS_IAQ141_VOC276.35ppm,346013.9,0,5.0,0.050,50

 bappa bathroom - chem teeth upper cheeks headache eyes heavy

2026-06-24 20:19:36,32.01,68.37,1004.00,206.01,5755,1000.000,59000,42.0,55.0,67.0,YES,YES,UNKNOWN_ANALYSIS_IAQ206_VOC1000.00ppm,358736.2,0,5.0,0.050,50
2026-06-24 20:19:46,32.03,68.49,1004.00,207.30,6014,1000.000,56200,41.0,53.0,66.0,YES,YES,UNKNOWN_ANALYSIS_IAQ207_VOC1000.00ppm,358746.7,0,5.0,0.050,50

chem teeth

2026-06-26 09:42:18,30.78,68.14,1008.00,50.00,500,0.500,43600,23.0,33.0,35.0,YES,YES,UNKNOWN_ANALYSIS_IAQ50_VOC0.50ppm,291.2,0,5.0,0.050,50
2026-06-26 09:42:28,30.80,68.06,1008.00,50.00,500,0.500,44300,22.0,31.0,33.0,YES,YES,UNKNOWN_ANALYSIS_IAQ50_VOC0.50ppm,300.6,0,5.0,0.050,50

headache
2026-06-27 06:59:12,31.81,66.36,1006.00,182.19,1982,14.390,65100,19.0,26.0,27.0,YES,YES,UNKNOWN_ANALYSIS_IAQ182_VOC14.39ppm,45967.1,0,5.0,0.050,50
2026-06-27 06:59:22,31.74,66.32,1006.00,176.85,1917,12.424,65900,20.0,27.0,27.0,YES,YES,UNKNOWN_ANALYSIS_IAQ177_VOC12.42ppm,45976.5,0,5.0,0.050,50

stromg chem

2026-06-27 18:52:12,32.50,64.38,1004.00,168.85,4708,1000.000,129000,21.0,29.0,29.0,YES,YES,UNKNOWN_ANALYSIS_IAQ169_VOC1000.00ppm,12602.9,0,5.0,0.050,50
2026-06-27 18:52:22,32.58,64.46,1004.00,174.69,4874,1000.000,124100,21.0,28.0,29.0,YES,YES,UNKNOWN_ANALYSIS_IAQ175_VOC1000.00ppm,12613.3,0,5.0,0.050,50

burning discomfort, bappa eating minder
2026-06-28 17:04:40,33.57,64.34,1001.00,168.61,5081,1000.000,124500,21.0,30.0,31.0,YES,YES,UNKNOWN_ANALYSIS_IAQ169_VOC1000.00ppm,73592.0,0,5.0,0.050,50


2026-06-28 17:04:50,33.62,64.32,1001.00,167.71,5030,1000.000,125100,22.0,31.0,33.0,YES,YES,UNKNOWN_ANALYSIS_IAQ168_VOC1000.00ppm,73602.5,0,5.0,0.050,50

burning behind neck and internal discpmfort - raining
2026-06-30 14:07:07,32.04,65.43,1002.00,169.68,3209,232.714,120500,29.0,43.0,50.0,YES,YES,UNKNOWN_ANALYSIS_IAQ170_VOC232.71ppm,161174.6,0,5.0,0.050,50
2026-06-30 14:07:18,32.03,65.82,1002.00,189.37,3644,623.564,111400,29.0,42.0,50.0,YES,YES,UNKNOWN_ANALYSIS_IAQ189_VOC623.56ppm,161185.0,0,5.0,0.050,50

headache
2026-06-30 14:22:00,32.03,66.06,1002.00,200.76,4191,1000.000,100900,29.0,42.0,51.0,YES,YES,UNKNOWN_ANALYSIS_IAQ201_VOC1000.00ppm,162067.1,0,5.0,0.050,50
2026-06-30 14:22:10,32.03,65.80,1002.00,198.37,4120,1000.000,102100,30.0,43.0,52.0,YES,YES,UNKNOWN_ANALYSIS_IAQ198_VOC1000.00ppm,162077.5,0,5.0,0.050,50


chem - throat
2026-07-01 09:38:52,31.69,63.90,1002.00,101.11,2146,20.878,138300,31.0,46.0,55.0,YES,YES,UNKNOWN_ANALYSIS_IAQ101_VOC20.88ppm,231478.9,0,5.0,0.050,50
2026-07-01 09:39:02,31.69,63.96,1002.00,102.76,2193,23.235,137000,30.0,45.0,54.0,YES,YES,UNKNOWN_ANALYSIS_IAQ103_VOC23.23ppm,231489.3,0,5.0,0.050,50

chem - teeth -strong effect — feel it in my left arm - forehead eyes heavier
2026-07-01 11:19:10,31.75,64.87,1002.00,135.33,3063,167.225,113800,29.0,42.0,50.0,YES,YES,UNKNOWN_ANALYSIS_IAQ135_VOC167.23ppm,237497.3,0,5.0,0.050,50
2026-07-01 11:19:21,31.75,64.84,1002.00,138.83,3159,207.893,111800,30.0,43.0,52.0,YES,YES,UNKNOWN_ANALYSIS_IAQ139_VOC207.89ppm,237507.7,0,5.0,0.050,50

strong chem

2026-07-04 12:25:59,32.01,63.35,998.00,79.08,1415,3.982,183400,2.0,5.0,6.0,YES,YES,UNKNOWN_ANALYSIS_IAQ79_VOC3.98ppm,500706.5,0,5.0,0.050,50
2026-07-04 12:26:10,32.01,63.35,998.00,79.08,1415,3.982,183400,3.0,6.0,6.0,YES,YES,UNKNOWN_ANALYSIS_IAQ79_VOC3.98ppm,500717.0,0,5.0,0.050,50
2026-07-04 12:26:20,32.01,63.35,998.00,79.08,1415,3.982,183400,4.0,5.0,5.0,YES,YES,UNKNOWN_ANALYSIS_IAQ79_VOC3.98ppm,500727.4,0,5.0,0.050,50
2026-07-04 12:26:30,32.01,63.35,998.00,79.08,1415,3.982,183400,3.0,4.0,4.0,YES,YES,UNKNOWN_ANALYSIS_IAQ79_VOC3.98ppm,500736.8,0,5.0,0.050,50
2026-07-04 12:26:40,32.01,63.35,998.00,79.08,1415,3.982,183400,4.0,6.0,6.0,YES,YES,UNKNOWN_ANALYSIS_IAQ79_VOC3.98ppm,500747.3,0,5.0,0.050,50
2026-07-04 12:26:49,32.01,63.35,998.00,79.08,1415,3.982,183400,4.0,6.0,7.0,YES,YES,UNKNOWN_ANALYSIS_IAQ79_VOC3.98ppm,500756.7,0,5.0,0.050,50
2026-07-04 12:27:00,32.02,63.10,998.00,50.00,500,0.500,215800,4.0,8.0,8.0,YES,YES,MASKED_ATTACK_GAS_LOAD_IAQ:50.0_VOC:0.500_GasRes:215800Œ©,500767.1,0,5.0,0.050,50
2026-07-04 12:27:10,32.02,63.10,998.00,50.00,500,0.500,215800,3.0,4.0,5.0,YES,YES,MASKED_ATTACK_GAS_LOAD_IAQ:50.0_VOC:0.500_GasRes:215800Œ©,500777.5,0,5.0,0.050,50
2026-07-04 12:27:20,32.02,63.10,998.00,50.00,500,0.500,215800,4.0,5.0,5.0,YES,YES,MASKED_ATTACK_GAS_LOAD_IAQ:50.0_VOC:0.500_GasRes:215800Œ©,500787.0,0,5.0,0.050,50
2026-07-04 12:27:30,32.02,63.10,998.00,50.00,500,0.500,215800,5.0,6.0,7.0,YES,YES,MASKED_ATTACK_GAS_LOAD_IAQ:50.0_VOC:0.500_GasRes:215800Œ©,500797.4,0,5.0,0.050,50
2026-07-04 12:27:40,32.02,63.10,998.00,50.00,500,0.500,215800,4.0,6.0,7.0,YES,YES,MASKED_ATTACK_GAS_LOAD_IAQ:50.0_VOC:0.500_GasRes:215800Œ©,500806.8,0,5.0,0.050,50
2026-07-04 12:27:50,32.02,63.10,998.00,50.00,500,0.500,215800,4.0,6.0,7.0,YES,YES,MASKED_ATTACK_GAS_LOAD_IAQ:50.0_VOC:0.500_GasRes:215800Œ©,500817.2,0,5.0,0.050,50
2026-07-04 12:28:00,32.02,63.10,998.00,50.00,500,0.500,215800,4.0,6.0,7.0,YES,YES,MASKED_ATTACK_GAS_LOAD_IAQ:50.0_VOC:0.500_GasRes:215800Œ©,500827.7,0,5.0,0.050,50
2026-07-04 12:28:10,32.02,63.10,998.00,50.00,500,0.500,215800,4.0,8.0,8.0,YES,YES,MASKED_ATTACK_GAS_LOAD_IAQ:50.0_VOC:0.500_GasRes:215800Œ©,500837.1,0,5.0,0.050,50

headache nose clog - likely particulate

2026-07-05 19:10:00,31.33,66.17,996.00,200.00,7625,1000.000,125300,4.0,8.0,8.0,YES,YES,UNKNOWN_ANALYSIS_IAQ200_VOC1000.00ppm,611347.2,0,5.0,0.050,50
2026-07-05 19:10:10,31.33,66.17,996.00,200.00,7625,1000.000,125300,5.0,9.0,9.0,YES,YES,UNKNOWN_ANALYSIS_IAQ200_VOC1000.00ppm,611357.7,0,5.0,0.050,50
2026-07-05 19:10:20,31.33,66.17,996.00,200.00,7625,1000.000,125300,4.0,7.0,8.0,YES,YES,UNKNOWN_ANALYSIS_IAQ200_VOC1000.00ppm,611367.1,0,5.0,0.050,50
2026-07-05 19:10:30,31.33,66.17,996.00,200.00,7625,1000.000,125300,5.0,9.0,10.0,YES,YES,UNKNOWN_ANALYSIS_IAQ200_VOC1000.00ppm,611377.5,0,5.0,0.050,50
2026-07-05 19:10:41,31.33,66.17,996.00,200.00,7625,1000.000,125300,5.0,9.0,10.0,YES,YES,UNKNOWN_ANALYSIS_IAQ200_VOC1000.00ppm,611388.0,0,5.0,0.050,50
2026-07-05 19:10:50,31.33,66.17,996.00,200.00,7625,1000.000,125300,4.0,8.0,9.0,YES,YES,UNKNOWN_ANALYSIS_IAQ200_VOC1000.00ppm,611397.3,0,5.0,0.050,50
2026-07-05 19:11:01,31.33,66.17,996.00,200.00,7625,1000.000,125300,6.0,11.0,12.0,YES,YES,UNKNOWN_ANALYSIS_IAQ200_VOC1000.00ppm,611407.8,0,5.0,0.050,50
2026-07-05 19:11:11,31.33,66.17,996.00,200.00,7625,1000.000,125300,7.0,12.0,15.0,YES,YES,UNKNOWN_ANALYSIS_IAQ200_VOC1000.00ppm,611418.2,0,5.0,0.050,50
2026-07-05 19:11:20,31.33,66.17,996.00,200.00,7625,1000.000,125300,8.0,12.0,16.0,YES,YES,UNKNOWN_ANALYSIS_IAQ200_VOC1000.00ppm,611427.6,0,5.0,0.050,50
2026-07-05 19:11:31,31.33,66.17,996.00,200.00,7625,1000.000,125300,8.0,12.0,17.0,YES,YES,UNKNOWN_ANALYSIS_IAQ200_VOC1000.00ppm,611438.1,0,5.0,0.050,50
2026-07-05 19:11:40,31.33,66.17,996.00,200.00,7625,1000.000,125300,7.0,12.0,16.0,YES,YES,UNKNOWN_ANALYSIS_IAQ200_VOC1000.00ppm,611447.5,0,5.0,0.050,50
2026-07-05 19:11:51,31.33,66.17,996.00,200.00,7625,1000.000,125300,8.0,14.0,18.0,YES,YES,UNKNOWN_ANALYSIS_IAQ200_VOC1000.00ppm,611457.9,0,5.0,0.050,50
2026-07-05 19:12:01,31.33,66.17,996.00,200.00,7625,1000.000,125300,9.0,15.0,18.0,YES,YES,UNKNOWN_ANALYSIS_IAQ200_VOC1000.00ppm,611468.4,0,5.0,0.050,50
2026-07-05 19:12:11,31.33,66.17,996.00,200.00,7625,1000.000,125300,8.0,15.0,16.0,YES,YES,UNKNOWN_ANALYSIS_IAQ200_VOC1000.00ppm,611477.8,0,5.0,0.050,50
2026-07-05 19:12:21,31.33,66.17,996.00,200.00,7625,1000.000,125300,10.0,17.0,18.0,YES,YES,UNKNOWN_ANALYSIS_IAQ200_VOC1000.00ppm,611488.2,0,5.0,0.050,50
2026-07-05 19:12:30,31.33,66.17,996.00,200.00,7625,1000.000,125300,8.0,15.0,18.0,YES,YES,UNKNOWN_ANALYSIS_IAQ200_VOC1000.00ppm,611497.6,0,5.0,0.050,50
2026-07-05 19:12:41,31.33,66.17,996.00,200.00,7625,1000.000,125300,8.0,16.0,19.0,YES,YES,UNKNOWN_ANALYSIS_IAQ200_VOC1000.00ppm,611508.0,0,5.0,0.050,50
2026-07-05 19:12:51,31.33,66.17,996.00,200.00,7625,1000.000,125300,7.0,15.0,17.0,YES,YES,UNKNOWN_ANALYSIS_IAQ200_VOC1000.00ppm,611518.5,0,5.0,0.050,50
2026-07-05 19:13:01,31.33,66.17,996.00,200.00,7625,1000.000,125300,7.0,16.0,17.0,YES,YES,UNKNOWN_ANALYSIS_IAQ200_VOC1000.00ppm,611527.9,0,5.0,0.050,50
2026-07-05 19:13:11,31.33,66.17,996.00,200.00,7625,1000.000,125300,8.0,16.0,17.0,YES,YES,UNKNOWN_ANALYSIS_IAQ200_VOC1000.00ppm,611538.3,0,5.0,0.050,50
2026-07-05 19:13:21,31.33,66.17,996.00,200.00,7625,1000.000,125300,10.0,16.0,18.0,YES,YES,UNKNOWN_ANALYSIS_IAQ200_VOC1000.00ppm,611547.7,0,5.0,0.050,50
2026-07-05 19:13:31,31.33,66.17,996.00,200.00,7625,1000.000,125300,9.0,16.0,18.0,YES,YES,UNKNOWN_ANALYSIS_IAQ200_VOC1000.00ppm,611558.2,0,5.0,0.050,50
2026-07-05 19:13:41,31.33,66.17,996.00,200.00,7625,1000.000,125300,9.0,16.0,19.0,YES,YES,UNKNOWN_ANALYSIS_IAQ200_VOC1000.00ppm,611568.6,0,5.0,0.050,50

sedative

2026-07-05 22:20:07,34.55,62.46,997.00,56.61,845,1.092,359900,4.0,7.0,7.0,YES,YES,MASKED_ATTACK_GAS_LOAD_IAQ:56.6_VOC:1.092_GasRes:359900Œ©,622753.8,0,5.0,0.050,50
üíæ Baseline state saved to EEPROM
üíæ SAVED - IAQ: 5.0, VOC: 0.050 ppm, CO2: 50 ppm

=== SPIKE HISTORY ===
2026-07-05 22:20:17,34.56,62.36,997.00,50.00,500,0.500,396200,3.0,4.0,4.0,YES,YES,MASKED_ATTACK_GAS_LOAD_IAQ:50.0_VOC:0.500_GasRes:396200Œ©,622764.3,0,5.0,0.050,50

burning chem
2026-07-05 22:49:53,34.43,62.51,997.00,51.88,600,0.627,395800,3.0,5.0,5.0,YES,YES,MASKED_ATTACK_GAS_LOAD_IAQ:51.9_VOC:0.627_GasRes:395800Œ©,624540.1,0,5.0,0.050,50
2026-07-05 22:50:03,34.43,62.51,997.00,51.88,600,0.627,395800,1.0,4.0,4.0,YES,YES,MASKED_ATTACK_GAS_LOAD_IAQ:51.9_VOC:0.627_GasRes:395800Œ©,624550.5,0,5.0,0.050,50
PMS7003: Unknown error
2026-07-05 22:50:13,34.88,62.21,997.00,50.00,500,0.500,400000,1.0,4.0,4.0,YES,YES,MASKED_ATTACK_GAS_LOAD_IAQ:50.0_VOC:0.500_GasRes:400000Œ©,624559.9,0,5.0,0.050,50
2026-07-05 22:50:23,34.88,62.21,997.00,50.00,500,0.500,400000,2.0,3.0,4.0,YES,YES,MASKED_ATTACK_GAS_LOAD_IAQ:50.0_VOC:0.500_GasRes:400000Œ©,624570.4,0,5.0,0.050,500


ear warm bleachy feel in throat
2026-07-09 08:31:43,32.78,61.07,1004.00,48.63,478,0.452,104800,18.0,23.0,25.0,YES,YES,MASKED_ATTACK_GAS_LOAD_IAQ:48.6_VOC:0.452_GasRes:104800Œ©,225407.3,0,5.0,0.050,50
2026-07-09 08:31:53,32.96,60.85,1004.00,50.00,500,0.500,106400,19.0,24.0,27.0,YES,YES,MASKED_ATTACK_GAS_LOAD_IAQ:50.0_VOC:0.500_GasRes:106400Œ©,225416.7,0,5.0,0.050,50

pure headache
2026-07-11 20:17:01,31.66,62.71,1002.00,197.34,6679,1000.000,41100,45.0,61.0,71.0,YES,YES,UNKNOWN_ANALYSIS_IAQ197_VOC1000.00ppm,157199.8,0,5.0,0.050,50
2026-07-11 20:17:11,31.99,62.47,1002.00,187.83,6260,1000.000,43700,46.0,62.0,73.0,YES,YES,UNKNOWN_ANALYSIS_IAQ188_VOC1000.00ppm,157210.2,0,5.0,0.050,50

irritant
2026-07-12 03:27:50,32.44,59.71,999.00,59.41,848,1.102,115100,30.0,43.0,51.0,YES,YES,MASKED_ATTACK_GAS_LOAD_IAQ:59.4_VOC:1.102_GasRes:115100Œ©,183048.9,0,5.0,0.050,50
2026-07-12 03:28:00,32.43,59.80,999.00,61.01,906,1.255,113900,28.0,42.0,53.0,YES,YES,MASKED_ATTACK_GAS_LOAD_IAQ:61.0_VOC:1.255_GasRes:113900Œ©,183059.4,0,5.0,0.050,50

same as above but with sleepiness, teeth

2026-07-12 22:39:32,31.94,60.98,1001.00,98.36,1594,5.971,97700,36.0,50.0,63.0,YES,YES,UNKNOWN_ANALYSIS_IAQ98_VOC5.97ppm,252151.1,0,5.0,0.050,50
2026-07-12 22:39:41,31.94,60.98,1001.00,98.36,1594,5.971,97700,37.0,52.0,65.0,YES,YES,UNKNOWN_ANALYSIS_IAQ98_VOC5.97ppm,252160.5,0,5.0,0.050,50
2026-07-12 22:39:52,31.94,60.98,1001.00,98.36,1594,5.971,97700,38.0,52.0,65.0,YES,YES,UNKNOWN_ANALYSIS_IAQ98_VOC5.97ppm,252170.9,0,5.0,0.050,50
2026-07-12 22:40:02,31.94,60.98,1001.00,98.36,1594,5.971,97700,38.0,52.0,65.0,YES,YES,UNKNOWN_ANALYSIS_IAQ98_VOC5.97ppm,252181.4,0,5.0,0.050,50
2026-07-12 22:40:12,31.94,60.98,1001.00,98.36,1594,5.971,97700,37.0,51.0,64.0,YES,YES,UNKNOWN_ANALYSIS_IAQ98_VOC5.97ppm,252190.8,0,5.0,0.050,50
2026-07-12 22:40:22,32.01,61.04,1001.00,105.32,1747,8.450,94900,37.0,51.0,64.0,YES,YES,UNKNOWN_ANALYSIS_IAQ105_VOC8.45ppm,252201.2,0,5.0,0.050,50
2026-07-12 22:40:31,32.01,61.04,1001.00,105.32,1747,8.450,94900,37.0,51.0,64.0,YES,YES,UNKNOWN_ANALYSIS_IAQ105_VOC8.45ppm,252210.6,0,5.0,0.050,50
2026-07-12 22:40:42,32.01,61.04,1001.00,105.32,1747,8.450,94900,38.0,52.0,65.0,YES,YES,UNKNOWN_ANALYSIS_IAQ105_VOC8.45ppm,252221.1,0,5.0,0.050,50

on the nod - sleep

2026-07-13 14:26:57,31.58,61.39,1001.00,110.17,1784,9.188,95200,27.0,39.0,47.0,YES,YES,UNKNOWN_ANALYSIS_IAQ110_VOC9.19ppm,308995.8,0,5.0,0.050,50
2026-07-13 14:27:06,31.58,61.39,1001.00,110.17,1784,9.188,95200,28.0,41.0,48.0,YES,YES,UNKNOWN_ANALYSIS_IAQ110_VOC9.19ppm,309005.2,0,5.0,0.050,50
2026-07-13 14:27:16,31.67,61.37,1001.00,109.01,1755,8.601,95400,28.0,40.0,48.0,YES,YES,UNKNOWN_ANALYSIS_IAQ109_VOC8.60ppm,309015.6,0,5.0,0.050,50
2026-07-13 14:27:27,31.67,61.37,1001.00,109.01,1755,8.601,95400,28.0,41.0,50.0,YES,YES,UNKNOWN_ANALYSIS_IAQ109_VOC8.60ppm,309026.1,0,5.0,0.050,50
2026-07-13 14:27:36,31.67,61.37,1001.00,109.01,1755,8.601,95400,28.0,40.0,49.0,YES,YES,UNKNOWN_ANALYSIS_IAQ109_VOC8.60ppm,309035.5,0,5.0,0.050,50
2026-07-13 14:27:47,31.67,61.37,1001.00,109.01,1755,8.601,95400,28.0,41.0,49.0,YES,YES,UNKNOWN_ANALYSIS_IAQ109_VOC8.60ppm,309045.9,0,5.0,0.050,50
2026-07-13 14:27:56,31.67,61.37,1001.00,109.01,1755,8.601,95400,27.0,40.0,50.0,YES,YES,UNKNOWN_ANALYSIS_IAQ109_VOC8.60ppm,309055.3,0,5.0,0.050,50
2026-07-13 14:28:07,31.67,61.37,1001.00,109.01,1755,8.601,95400,27.0,40.0,50.0,YES,YES,UNKNOWN_ANALYSIS_IAQ109_VOC8.60ppm,309065.8,0,5.0,0.050,50
2026-07-13 14:28:17,31.67,61.37,1001.00,109.01,1755,8.601,95400,27.0,40.0,50.0,YES,YES,UNKNOWN_ANALYSIS_IAQ109_VOC8.60ppm,309076.2,0,5.0,0.050,50
2026-07-13 14:28:26,31.67,61.37,1001.00,109.01,1755,8.601,95400,27.0,41.0,49.0,YES,YES,UNKNOWN_ANALYSIS_IAQ109_VOC8.60ppm,309085.6,0,5.0,0.050,50
2026-07-13 14:28:37,31.67,61.37,1001.00,109.01,1755,8.601,95400,28.0,42.0,50.0,YES,YES,UNKNOWN_ANALYSIS_IAQ109_VOC8.60ppm,309096.1,0,5.0,0.050,50
2026-07-13 14:28:46,31.67,61.37,1001.00,109.01,1755,8.601,95400,28.0,41.0,50.0,YES,YES,UNKNOWN_ANALYSIS_IAQ109_VOC8.60ppm,309105.5,0,5.0,0.050,50
2026-07-13 14:28:57,31.67,61.37,1001.00,109.01,1755,8.601,95400,27.0,39.0,47.0,YES,YES,UNKNOWN_ANALYSIS_IAQ109_VOC8.60ppm,309115.9,0,5.0,0.050,50
2026-07-13 14:29:07,31.67,61.37,1001.00,109.01,1755,8.601,95400,27.0,39.0,48.0,YES,YES,UNKNOWN_ANALYSIS_IAQ109_VOC8.60ppm,309126.4,0,5.0,0.050,50
2026-07-13 14:29:17,31.67,61.37,1001.00,109.01,1755,8.601,95400,28.0,40.0,49.0,YES,YES,UNKNOWN_ANALYSIS_IAQ109_VOC8.60ppm,309135.8,0,5.0,0.050,50
2026-07-13 14:29:27,31.67,61.37,1001.00,109.01,1755,8.601,95400,28.0,40.0,49.0,YES,YES,UNKNOWN_ANALYSIS_IAQ109_VOC8.60ppm,309146.2,0,5.0,0.050,50
2026-07-13 14:29:36,31.67,61.37,1001.00,109.01,1755,8.601,95400,28.0,40.0,48.0,YES,YES,UNKNOWN_ANALYSIS_IAQ109_VOC8.60ppm,309155.6,0,5.0,0.050,50
2026-07-13 14:29:47,31.67,61.37,1001.00,109.01,1755,8.601,95400,27.0,38.0,46.0,YES,YES,UNKNOWN_ANALYSIS_IAQ109_VOC8.60ppm,309166.1,0,5.0,0.050,50
2026-07-13 14:29:57,31.67,61.37,1001.00,109.01,1755,8.601,95400,27.0,39.0,46.0,YES,YES,UNKNOWN_ANALYSIS_IAQ109_VOC8.60ppm,309176.5,0,5.0,0.050,50
2026-07-13 14:30:07,31.67,61.37,1001.00,109.01,1755,8.601,95400,28.0,40.0,49.0,YES,YES,UNKNOWN_ANALYSIS_IAQ109_VOC8.60ppm,309185.9,0,5.0,0.050,50
2026-07-13 14:30:17,31.67,61.37,1001.00,109.01,1755,8.601,95400,27.0,40.0,49.0,YES,YES,UNKNOWN_ANALYSIS_IAQ109_VOC8.60ppm,309196.3,0,5.0,0.050,50
2026-07-13 14:30:27,31.67,61.37,1001.00,109.01,1755,8.601,95400,28.0,41.0,49.0,YES,YES,UNKNOWN_ANALYSIS_IAQ109_VOC8.60ppm,309205.7,0,5.0,0.050,50
2026-07-13 14:30:37,31.67,61.37,1001.00,109.01,1755,8.601,95400,27.0,39.0,48.0,YES,YES,UNKNOWN_ANALYSIS_IAQ109_VOC8.60ppm,309216.2,0,5.0,0.050,50
2026-07-13 14:30:47,31.67,61.37,1001.00,109.01,1755,8.601,95400,27.0,40.0,47.0,YES,YES,UNKNOWN_ANALYSIS_IAQ109_VOC8.60ppm,309226.6,0,5.0,0.050,50
2026-07-13 14:30:57,31.67,61.37,1001.00,109.01,1755,8.601,95400,28.0,41.0,49.0,YES,YES,UNKNOWN_ANALYSIS_IAQ109_VOC8.60ppm,309236.0,0,5.0,0.050,50
2026-07-13 14:31:07,31.67,61.37,1001.00,109.01,1755,8.601,95400,28.0,41.0,49.0,YES,YES,UNKNOWN_ANALYSIS_IAQ109_VOC8.60ppm,309246.5,0,5.0,0.050,50
2026-07-13 14:31:17,31.67,61.37,1001.00,109.01,1755,8.601,95400,28.0,41.0,50.0,YES,YES,UNKNOWN_ANALYSIS_IAQ109_VOC8.60ppm,309255.9,0,5.0,0.050,50
2026-07-13 14:31:27,31.67,61.37,1001.00,109.01,1755,8.601,95400,28.0,41.0,49.0,YES,YES,UNKNOWN_ANALYSIS_IAQ109_VOC8.60ppm,309266.3,0,5.0,0.050,50
2026-07-13 14:31:37,31.67,61.37,1001.00,109.01,1755,8.601,95400,27.0,40.0,48.0,YES,YES,UNKNOWN_ANALYSIS_IAQ109_VOC8.60ppm,309275.7,0,5.0,0.050,50
2026-07-13 14:31:47,31.67,61.37,1001.00,109.01,1755,8.601,95400,28.0,40.0,49.0,YES,YES,UNKNOWN_ANALYSIS_IAQ109_VOC8.60ppm,309286.2,0,5.0,0.050,50
2026-07-13 14:31:57,31.67,61.37,1001.00,109.01,1755,8.601,95400,29.0,41.0,50.0,YES,YES,UNKNOWN_ANALYSIS_IAQ109_VOC8.60ppm,309296.6,0,5.0,0.050,50
2026-07-13 14:32:07,31.67,61.37,1001.00,109.01,1755,8.601,95400,27.0,40.0,49.0,YES,YES,UNKNOWN_ANALYSIS_IAQ109_VOC8.60ppm,309306.0,0,5.0,0.050,50
2026-07-13 14:32:17,31.66,61.36,1001.00,106.50,1697,7.548,96300,28.0,41.0,50.0,YES,YES,UNKNOWN_ANALYSIS_IAQ106_VOC7.55ppm,309316.4,0,5.0,0.050,50
2026-07-13 14:32:28,31.66,61.36,1001.00,106.50,1697,7.548,96300,27.0,40.0,49.0,YES,YES,UNKNOWN_ANALYSIS_IAQ106_VOC7.55ppm,309326.9,0,5.0,0.050,50
2026-07-13 14:32:37,31.66,61.36,1001.00,106.50,1697,7.548,96300,28.0,40.0,50.0,YES,YES,UNKNOWN_ANALYSIS_IAQ106_VOC7.55ppm,309336.3,0,5.0,0.050,50

chem teeth mild

2026-07-14 03:38:45,30.82,61.54,1001.00,145.08,2500,46.600,105100,26.0,39.0,46.0,YES,YES,UNKNOWN_ANALYSIS_IAQ145_VOC46.60ppm,356504.1,0,5.0,0.050,50
2026-07-14 03:38:55,30.69,61.71,1001.00,152.36,2646,64.839,102600,26.0,38.0,46.0,YES,YES,UNKNOWN_ANALYSIS_IAQ152_VOC64.84ppm,356514.6,0,5.0,0.050,50

metallic teeth

2026-07-14 18:50:40,31.74,62.26,1001.00,145.90,2520,48.781,77400,19.0,27.0,28.0,YES,YES,UNKNOWN_ANALYSIS_IAQ146_VOC48.78ppm,411219.3,0,5.0,0.050,50
2026-07-14 18:50:49,31.85,62.08,1001.00,134.20,2267,27.510,80600,19.0,27.0,27.0,YES,YES,UNKNOWN_ANALYSIS_IAQ134_VOC27.51ppm,411228.7,0,5.0,0.050,50

chem

2026-07-17 11:08:20,30.94,63.46,1003.00,197.64,6959,1000.000,59000,20.0,29.0,29.0,YES,YES,UNKNOWN_ANALYSIS_IAQ198_VOC1000.00ppm,642679.2,0,5.0,0.050,50
2026-07-17 11:08:31,30.92,63.49,1003.00,200.00,7048,1000.000,57900,20.0,28.0,28.0,YES,YES,UNKNOWN_ANALYSIS_IAQ200_VOC1000.00ppm,642689.6,0,5.0,0.050,50

the 42 is the particulate dose - sneesing, runny nose - bitter taste

2026-07-17 11:12:01,30.92,63.49,1003.00,200.00,7048,1000.000,57900,19.0,27.0,30.0,YES,YES,UNKNOWN_ANALYSIS_IAQ200_VOC1000.00ppm,642899.5,0,5.0,0.050,50
2026-07-17 11:12:11,30.92,63.49,1003.00,200.00,7048,1000.000,57900,20.0,29.0,31.0,YES,YES,UNKNOWN_ANALYSIS_IAQ200_VOC1000.00ppm,642909.9,0,5.0,0.050,50
2026-07-17 11:12:22,30.92,63.49,1003.00,200.00,7048,1000.000,57900,22.0,32.0,36.0,YES,YES,UNKNOWN_ANALYSIS_IAQ200_VOC1000.00ppm,642920.4,0,5.0,0.050,50
2026-07-17 11:12:31,30.92,63.49,1003.00,200.00,7048,1000.000,57900,22.0,35.0,42.0,YES,YES,UNKNOWN_ANALYSIS_IAQ200_VOC1000.00ppm,642929.8,0,5.0,0.050,50
2026-07-17 11:12:41,30.92,63.49,1003.00,200.00,7048,1000.000,57900,22.0,34.0,38.0,YES,YES,UNKNOWN_ANALYSIS_IAQ200_VOC1000.00ppm,642940.2,0,5.0,0.050,50
2026-07-17 11:12:51,30.92,63.49,1003.00,200.00,7048,1000.000,57900,23.0,32.0,36.0,YES,YES,UNKNOWN_ANALYSIS_IAQ200_VOC1000.00ppm,642949.6,0,5.0,0.050,50
2026-07-17 11:13:01,30.92,63.49,1003.00,200.00,7048,1000.000,57900,22.0,31.0,34.0,YES,YES,UNKNOWN_ANALYSIS_IAQ200_VOC1000.00ppm,642960.1,0,5.0,0.050,50

chem teeth

2026-07-17 12:13:24,30.89,63.20,1003.00,182.89,6212,1000.000,64100,19.0,29.0,29.0,YES,YES,UNKNOWN_ANALYSIS_IAQ183_VOC1000.00ppm,646582.3,0,5.0,0.050,50
2026-07-17 12:13:34,30.93,63.19,1003.00,186.86,6363,1000.000,62200,20.0,30.0,31.0,YES,YES,UNKNOWN_ANALYSIS_IAQ187_VOC1000.00ppm,646592.7,0,5.0,0.050,50

bigger selection of previous reading

2026-07-17 12:11:53,30.89,63.20,1003.00,182.89,6212,1000.000,64100,20.0,29.0,31.0,YES,YES,UNKNOWN_ANALYSIS_IAQ183_VOC1000.00ppm,646491.4,0,5.0,0.050,50
2026-07-17 12:12:03,30.89,63.20,1003.00,182.89,6212,1000.000,64100,20.0,29.0,31.0,YES,YES,UNKNOWN_ANALYSIS_IAQ183_VOC1000.00ppm,646501.9,0,5.0,0.050,50
2026-07-17 12:12:14,30.89,63.20,1003.00,182.89,6212,1000.000,64100,21.0,28.0,31.0,YES,YES,UNKNOWN_ANALYSIS_IAQ183_VOC1000.00ppm,646512.3,0,5.0,0.050,50
2026-07-17 12:12:23,30.89,63.20,1003.00,182.89,6212,1000.000,64100,21.0,29.0,32.0,YES,YES,UNKNOWN_ANALYSIS_IAQ183_VOC1000.00ppm,646521.7,0,5.0,0.050,50
2026-07-17 12:12:33,30.89,63.20,1003.00,182.89,6212,1000.000,64100,21.0,29.0,33.0,YES,YES,UNKNOWN_ANALYSIS_IAQ183_VOC1000.00ppm,646532.2,0,5.0,0.050,50
2026-07-17 12:12:44,30.89,63.20,1003.00,182.89,6212,1000.000,64100,22.0,30.0,34.0,YES,YES,UNKNOWN_ANALYSIS_IAQ183_VOC1000.00ppm,646542.6,0,5.0,0.050,50
2026-07-17 12:12:53,30.89,63.20,1003.00,182.89,6212,1000.000,64100,22.0,30.0,33.0,YES,YES,UNKNOWN_ANALYSIS_IAQ183_VOC1000.00ppm,646552.0,0,5.0,0.050,50
2026-07-17 12:13:04,30.89,63.20,1003.00,182.89,6212,1000.000,64100,19.0,29.0,32.0,YES,YES,UNKNOWN_ANALYSIS_IAQ183_VOC1000.00ppm,646562.4,0,5.0,0.050,50
2026-07-17 12:13:13,30.89,63.20,1003.00,182.89,6212,1000.000,64100,20.0,30.0,32.0,YES,YES,UNKNOWN_ANALYSIS_IAQ183_VOC1000.00ppm,646571.8,0,5.0,0.050,50
2026-07-17 12:13:24,30.89,63.20,1003.00,182.89,6212,1000.000,64100,19.0,29.0,29.0,YES,YES,UNKNOWN_ANALYSIS_IAQ183_VOC1000.00ppm,646582.3,0,5.0,0.050,50
2026-07-17 12:13:34,30.93,63.19,1003.00,186.86,6363,1000.000,62200,20.0,30.0,31.0,YES,YES,UNKNOWN_ANALYSIS_IAQ187_VOC1000.00ppm,646592.7,0,5.0,0.050,50
2026-07-17 12:13:43,30.93,63.19,1003.00,186.86,6363,1000.000,62200,20.0,30.0,32.0,YES,YES,UNKNOWN_ANALYSIS_IAQ187_VOC1000.00ppm,646602.1,0,5.0,0.050,50
2026-07-17 12:13:54,30.93,63.19,1003.00,186.86,6363,1000.000,62200,21.0,31.0,33.0,YES,YES,UNKNOWN_ANALYSIS_IAQ187_VOC1000.00ppm,646612.6,0,5.0,0.050,50
2026-07-17 12:14:03,30.93,63.19,1003.00,186.86,6363,1000.000,62200,20.0,30.0,32.0,YES,YES,UNKNOWN_ANALYSIS_IAQ187_VOC1000.00ppm,646622.0,0,5.0,0.050,50
2026-07-17 12:14:14,30.93,63.19,1003.00,186.86,6363,1000.000,62200,21.0,30.0,31.0,YES,YES,UNKNOWN_ANALYSIS_IAQ187_VOC1000.00ppm,646632.4,0,5.0,0.050,50
2026-07-17 12:14:24,30.93,63.19,1003.00,186.86,6363,1000.000,62200,22.0,31.0,33.0,YES,YES,UNKNOWN_ANALYSIS_IAQ187_VOC1000.00ppm,646642.9,0,5.0,0.050,50
2026-07-17 12:14:33,30.93,63.19,1003.00,186.86,6363,1000.000,62200,21.0,31.0,33.0,YES,YES,UNKNOWN_ANALYSIS_IAQ187_VOC1000.00ppm,646652.3,0,5.0,0.050,50
2026-07-17 12:14:44,30.93,63.19,1003.00,186.86,6363,1000.000,62200,21.0,31.0,34.0,YES,YES,UNKNOWN_ANALYSIS_IAQ187_VOC1000.00ppm,646662.7,0,5.0,0.050,50
2026-07-17 12:14:53,30.93,63.19,1003.00,186.86,6363,1000.000,62200,21.0,31.0,34.0,YES,YES,UNKNOWN_ANALYSIS_IAQ187_VOC1000.00ppm,646672.1,0,5.0,0.050,50
2026-07-17 12:15:04,30.93,63.19,1003.00,186.86,6363,1000.000,62200,23.0,32.0,35.0,YES,YES,UNKNOWN_ANALYSIS_IAQ187_VOC1000.00ppm,646682.5,0,5.0,0.050,50
2026-07-17 12:15:14,30.93,63.19,1003.00,186.86,6363,1000.000,62200,22.0,30.0,33.0,YES,YES,UNKNOWN_ANALYSIS_IAQ187_VOC1000.00ppm,646693.0,0,5.0,0.050,50

particulate chemical attack - look at 40

2026-07-17 12:22:45,30.95,63.24,1003.00,187.85,6385,1000.000,61700,22.0,31.0,35.0,YES,YES,UNKNOWN_ANALYSIS_IAQ188_VOC1000.00ppm,647144.1,0,5.0,0.050,50
2026-07-17 12:22:55,30.95,63.24,1003.00,187.85,6385,1000.000,61700,23.0,33.0,37.0,YES,YES,UNKNOWN_ANALYSIS_IAQ188_VOC1000.00ppm,647153.5,0,5.0,0.050,50
2026-07-17 12:23:05,30.95,63.24,1003.00,187.85,6385,1000.000,61700,23.0,33.0,36.0,YES,YES,UNKNOWN_ANALYSIS_IAQ188_VOC1000.00ppm,647163.9,0,5.0,0.050,50
2026-07-17 12:23:16,30.95,63.24,1003.00,187.85,6385,1000.000,61700,24.0,33.0,37.0,YES,YES,UNKNOWN_ANALYSIS_IAQ188_VOC1000.00ppm,647174.4,0,5.0,0.050,50
2026-07-17 12:23:25,30.95,63.24,1003.00,187.85,6385,1000.000,61700,23.0,33.0,37.0,YES,YES,UNKNOWN_ANALYSIS_IAQ188_VOC1000.00ppm,647183.8,0,5.0,0.050,50
2026-07-17 12:23:35,31.02,63.17,1003.00,182.64,6143,1000.000,64000,23.0,33.0,39.0,YES,YES,UNKNOWN_ANALYSIS_IAQ183_VOC1000.00ppm,647194.2,0,5.0,0.050,50
2026-07-17 12:23:45,31.02,63.17,1003.00,182.64,6143,1000.000,64000,23.0,33.0,40.0,YES,YES,UNKNOWN_ANALYSIS_IAQ183_VOC1000.00ppm,647203.6,0,5.0,0.050,50
2026-07-17 12:23:55,31.02,63.17,1003.00,182.64,6143,1000.000,64000,24.0,33.0,39.0,YES,YES,UNKNOWN_ANALYSIS_IAQ183_VOC1000.00ppm,647214.1,0,5.0,0.050,50
2026-07-17 12:24:06,31.02,63.17,1003.00,182.64,6143,1000.000,64000,23.0,33.0,38.0,YES,YES,UNKNOWN_ANALYSIS_IAQ183_VOC1000.00ppm,647224.5,0,5.0,0.050,50
2026-07-17 12:24:15,31.02,63.17,1003.00,182.64,6143,1000.000,64000,22.0,32.0,36.0,YES,YES,UNKNOWN_ANALYSIS_IAQ183_VOC1000.00ppm,647233.9,0,5.0,0.050,50
2026-07-17 12:24:26,31.02,63.17,1003.00,182.64,6143,1000.000,64000,22.0,32.0,37.0,YES,YES,UNKNOWN_ANALYSIS_IAQ183_VOC1000.00ppm,647244.3,0,5.0,0.050,50
2026-07-17 12:24:35,31.02,63.17,1003.00,182.64,6143,1000.000,64000,23.0,33.0,37.0,YES,YES,UNKNOWN_ANALYSIS_IAQ183_VOC1000.00ppm,647253.7,0,5.0,0.050,50
2026-07-17 12:24:45,31.02,63.17,1003.00,182.64,6143,1000.000,64000,23.0,33.0,35.0,YES,YES,UNKNOWN_ANALYSIS_IAQ183_VOC1000.00ppm,647264.2,0,5.0,0.050,50
2026-07-17 12:24:56,31.02,63.17,1003.00,182.64,6143,1000.000,64000,23.0,35.0,38.0,YES,YES,UNKNOWN_ANALYSIS_IAQ183_VOC1000.00ppm,647274.6,0,5.0,0.050,50
2026-07-17 12:25:05,31.02,63.17,1003.00,182.64,6143,1000.000,64000,23.0,34.0,37.0,YES,YES,UNKNOWN_ANALYSIS_IAQ183_VOC1000.00ppm,647284.0,0,5.0,0.050,50
  

                                                                                                                                                                                                                                                                                                                                                                                                                                                                                                                                                                                   

something happened here

2026-07-17 15:23:19,31.20,62.12,1001.00,123.24,3259,260.677,95400,26.0,38.0,44.0,YES,YES,UNKNOWN_ANALYSIS_IAQ123_VOC260.68ppm,657977.5,0,5.0,0.050,50
2026-07-17 15:23:28,31.20,62.12,1001.00,123.24,3259,260.677,95400,26.0,38.0,44.0,YES,YES,UNKNOWN_ANALYSIS_IAQ123_VOC260.68ppm,657986.9,0,5.0,0.050,50
2026-07-17 15:23:39,31.20,62.12,1001.00,123.24,3259,260.677,95400,27.0,38.0,43.0,YES,YES,UNKNOWN_ANALYSIS_IAQ123_VOC260.68ppm,657997.3,0,5.0,0.050,50
2026-07-17 15:23:49,31.20,62.12,1001.00,123.24,3259,260.677,95400,26.0,38.0,44.0,YES,YES,UNKNOWN_ANALYSIS_IAQ123_VOC260.68ppm,658007.8,0,5.0,0.050,50
2026-07-17 15:23:58,31.23,62.06,1001.00,121.57,3187,221.247,96400,28.0,39.0,46.0,YES,YES,UNKNOWN_ANALYSIS_IAQ122_VOC221.25ppm,658017.2,0,5.0,0.050,50
2026-07-17 15:24:09,31.23,62.06,1001.00,121.57,3187,221.247,96400,28.0,39.0,48.0,YES,YES,UNKNOWN_ANALYSIS_IAQ122_VOC221.25ppm,658027.6,0,5.0,0.050,50
2026-07-17 15:24:18,31.23,62.06,1001.00,121.57,3187,221.247,96400,27.0,39.0,47.0,YES,YES,UNKNOWN_ANALYSIS_IAQ122_VOC221.25ppm,658037.0,0,5.0,0.050,50

chem teeth strong affects eyes focus

2026-07-17 21:03:49,31.16,61.77,1001.00,94.69,2071,17.608,114400,8.0,19.0,21.0,YES,YES,IAQ_ANOMALY_NO_VOC_IAQ:94.7_VOC:17.608,678407.5,0,5.0,0.050,50
üíÄüö®üíÄüö®üíÄüö® IAQ_ANOMALY_NO_VOC - IMMEDIATE EVACUATION REQUIRED!
2026-07-17 21:03:59,31.16,61.77,1001.00,94.69,2071,17.608,114400,8.0,18.0,19.0,YES,YES,IAQ_ANOMALY_NO_VOC_IAQ:94.7_VOC:17.608,678417.9,0,5.0,0.050,50
2026-07-17 21:04:09,31.16,61.77,1001.00,94.69,2071,17.608,114400,8.0,18.0,19.0,YES,YES,IAQ_ANOMALY_NO_VOC_IAQ:94.7_VOC:17.608,678427.3,0,5.0,0.050,50
üíÄüö®üíÄüö®üíÄüö® IAQ_ANOMALY_NO_VOC - IMMEDIATE EVACUATION REQUIRED!
2026-07-17 21:04:19,31.16,61.77,1001.00,94.69,2071,17.608,114400,9.0,19.0,20.0,YES,YES,IAQ_ANOMALY_NO_VOC_IAQ:94.7_VOC:17.608,678437.8,0,5.0,0.050,50
2026-07-17 21:04:28,31.11,61.81,1001.00,98.40,2195,23.341,112000,10.0,19.0,20.0,YES,YES,UNKNOWN_ANALYSIS_IAQ98_VOC23.34ppm,678447.2,0,5.0,0.050,50
2026-07-17 21:04:39,31.11,61.81,1001.00,98.40,2195,23.341,112000,9.0,18.0,21.0,YES,YES,UNKNOWN_ANALYSIS_IAQ98_VOC23.34ppm,678457.7,0,5.0,0.050,50
2026-07-17 21:04:49,31.11,61.81,1001.00,98.40,2195,23.341,112000,9.0,18.0,20.0,YES,YES,UNKNOWN_ANALYSIS_IAQ98_VOC23.34ppm,678468.1,0,5.0,0.050,50
2026-07-17 21:04:59,31.11,61.81,1001.00,98.40,2195,23.341,112000,10.0,20.0,21.0,YES,YES,UNKNOWN_ANALYSIS_IAQ98_VOC23.34ppm,678477.5,0,5.0,0.050,50
2026-07-17 21:05:09,31.11,61.81,1001.00,98.40,2195,23.341,112000,9.0,19.0,19.0,YES,YES,UNKNOWN_ANALYSIS_IAQ98_VOC23.34ppm,678487.9,0,5.0,0.050,50
2026-07-17 21:05:19,31.11,61.81,1001.00,98.40,2195,23.341,112000,8.0,17.0,17.0,YES,YES,UNKNOWN_ANALYSIS_IAQ98_VOC23.34ppm,678497.3,0,5.0,0.050,50
2026-07-17 21:05:29,31.11,61.81,1001.00,98.40,2195,23.341,112000,8.0,18.0,18.0,YES,YES,UNKNOWN_ANALYSIS_IAQ98_VOC23.34ppm,678507.8,0,5.0,0.050,50
2026-07-17 21:05:39,31.11,61.81,1001.00,98.40,2195,23.341,112000,8.0,18.0,18.0,YES,YES,UNKNOWN_ANALYSIS_IAQ98_VOC23.34ppm,678518.2,0,5.0,0.050,50
2026-07-17 21:05:49,31.11,61.81,1001.00,98.40,2195,23.341,112000,8.0,17.0,17.0,YES,YES,UNKNOWN_ANALYSIS_IAQ98_VOC23.34ppm,678527.6,0,5.0,0.050,50
2026-07-17 21:05:59,31.11,61.81,1001.00,98.40,2195,23.341,112000,9.0,18.0,18.0,YES,YES,UNKNOWN_ANALYSIS_IAQ98_VOC23.34ppm,678538.1,0,5.0,0.050,50
2026-07-17 21:06:09,31.11,61.81,1001.00,98.40,2195,23.341,112000,8.0,16.0,18.0,YES,YES,UNKNOWN_ANALYSIS_IAQ98_VOC23.34ppm,678547.5,0,5.0,0.050,50
2026-07-17 21:06:19,31.11,61.81,1001.00,98.40,2195,23.341,112000,8.0,15.0,17.0,YES,YES,UNKNOWN_ANALYSIS_IAQ98_VOC23.34ppm,678557.9,0,5.0,0.050,50
2026-07-17 21:06:29,31.11,61.81,1001.00,98.40,2195,23.341,112000,8.0,15.0,17.0,YES,YES,UNKNOWN_ANALYSIS_IAQ98_VOC23.34ppm,678567.4,0,5.0,0.050,50
2026-07-17 21:06:39,31.11,61.81,1001.00,98.40,2195,23.341,112000,9.0,15.0,18.0,YES,YES,UNKNOWN_ANALYSIS_IAQ98_VOC23.34ppm,678577.8,0,5.0,0.050,50
2026-07-17 21:06:49,31.11,61.81,1001.00,98.40,2195,23.341,112000,12.0,18.0,19.0,YES,YES,UNKNOWN_ANALYSIS_IAQ98_VOC23.34ppm,678588.3,0,5.0,0.050,50


strong chem teeth - affects comfort

2026-07-17 21:10:59,30.92,61.90,1005.00,98.65,2198,23.498,112300,9.0,18.0,18.0,YES,YES,UNKNOWN_ANALYSIS_IAQ99_VOC23.50ppm,678838.0,0,5.0,0.050,50
2026-07-17 21:11:10,30.92,61.90,1005.00,98.65,2198,23.498,112300,8.0,18.0,19.0,YES,YES,UNKNOWN_ANALYSIS_IAQ99_VOC23.50ppm,678848.4,0,5.0,0.050,50
2026-07-17 21:11:20,30.92,61.90,1005.00,98.65,2198,23.498,112300,10.0,19.0,21.0,YES,YES,UNKNOWN_ANALYSIS_IAQ99_VOC23.50ppm,678858.9,0,5.0,0.050,50
2026-07-17 21:11:30,30.92,61.90,1005.00,98.65,2198,23.498,112300,9.0,18.0,20.0,YES,YES,UNKNOWN_ANALYSIS_IAQ99_VOC23.50ppm,678868.3,0,5.0,0.050,50
2026-07-17 21:11:40,30.92,61.90,1005.00,98.65,2198,23.498,112300,9.0,18.0,20.0,YES,YES,UNKNOWN_ANALYSIS_IAQ99_VOC23.50ppm,678878.7,0,5.0,0.050,50
2026-07-17 21:11:49,30.92,61.90,1005.00,98.65,2198,23.498,112300,6.0,16.0,18.0,YES,YES,UNKNOWN_ANALYSIS_IAQ99_VOC23.50ppm,678888.1,0,5.0,0.050,50
2026-07-17 21:12:00,30.92,61.90,1005.00,98.65,2198,23.498,112300,8.0,17.0,19.0,YES,YES,UNKNOWN_ANALYSIS_IAQ99_VOC23.50ppm,678898.6,0,5.0,0.050,50
2026-07-17 21:12:09,30.92,61.90,1005.00,98.65,2198,23.498,112300,8.0,16.0,18.0,YES,YES,UNKNOWN_ANALYSIS_IAQ99_VOC23.50ppm,678908.0,0,5.0,0.050,50
2026-07-17 21:12:20,30.92,61.90,1005.00,98.65,2198,23.498,112300,9.0,18.0,18.0,YES,YES,UNKNOWN_ANALYSIS_IAQ99_VOC23.50ppm,678918.4,0,5.0,0.050,50
2026-07-17 21:12:30,30.92,61.90,1005.00,98.65,2198,23.498,112300,8.0,17.0,17.0,YES,YES,UNKNOWN_ANALYSIS_IAQ99_VOC23.50ppm,678928.9,0,5.0,0.050,50
2026-07-17 21:12:40,30.92,61.90,1005.00,98.65,2198,23.498,112300,8.0,17.0,17.0,YES,YES,UNKNOWN_ANALYSIS_IAQ99_VOC23.50ppm,678938.3,0,5.0,0.050,50
2026-07-17 21:12:50,30.92,61.90,1005.00,98.65,2198,23.498,112300,10.0,19.0,19.0,YES,YES,UNKNOWN_ANALYSIS_IAQ99_VOC23.50ppm,678948.8,0,5.0,0.050,50
2026-07-17 21:12:59,30.92,61.90,1005.00,98.65,2198,23.498,112300,9.0,18.0,18.0,YES,YES,UNKNOWN_ANALYSIS_IAQ99_VOC23.50ppm,678958.2,0,5.0,0.050,50

bitter tasyr

2026-07-17 21:23:12,30.80,62.08,1005.00,108.03,2512,47.841,106400,8.0,18.0,20.0,YES,YES,UNKNOWN_ANALYSIS_IAQ108_VOC47.84ppm,679570.4,0,5.0,0.050,50
2026-07-17 21:23:21,30.80,62.08,1005.00,108.03,2512,47.841,106400,8.0,18.0,19.0,YES,YES,UNKNOWN_ANALYSIS_IAQ108_VOC47.84ppm,679579.8,0,5.0,0.050,50
2026-07-17 21:23:31,30.80,62.08,1005.00,108.03,2512,47.841,106400,8.0,18.0,19.0,YES,YES,UNKNOWN_ANALYSIS_IAQ108_VOC47.84ppm,679590.2,0,5.0,0.050,50
2026-07-17 21:23:41,30.80,62.08,1005.00,108.03,2512,47.841,106400,7.0,17.0,18.0,YES,YES,UNKNOWN_ANALYSIS_IAQ108_VOC47.84ppm,679599.6,0,5.0,0.050,50
2026-07-17 21:23:51,30.80,62.08,1005.00,108.03,2512,47.841,106400,8.0,17.0,19.0,YES,YES,UNKNOWN_ANALYSIS_IAQ108_VOC47.84ppm,679610.1,0,5.0,0.050,50
2026-07-17 21:24:01,30.80,62.08,1005.00,108.03,2512,47.841,106400,8.0,18.0,19.0,YES,YES,UNKNOWN_ANALYSIS_IAQ108_VOC47.84ppm,679619.5,0,5.0,0.050,50
2026-07-17 21:24:11,30.80,62.08,1005.00,108.03,2512,47.841,106400,9.0,18.0,18.0,YES,YES,UNKNOWN_ANALYSIS_IAQ108_VOC47.84ppm,679629.9,0,5.0,0.050,50
2026-07-17 21:24:22,30.80,62.08,1005.00,108.03,2512,47.841,106400,8.0,17.0,18.0,YES,YES,UNKNOWN_ANALYSIS_IAQ108_VOC47.84ppm,679640.4,0,5.0,0.050,50
2026-07-17 21:24:31,30.85,62.08,1005.00,106.22,2442,40.868,107400,10.0,18.0,18.0,YES,YES,UNKNOWN_ANALYSIS_IAQ106_VOC40.87ppm,679649.8,0,5.0,0.050,50
2026-07-17 21:24:41,30.85,62.08,1005.00,106.22,2442,40.868,107400,9.0,18.0,18.0,YES,YES,UNKNOWN_ANALYSIS_IAQ106_VOC40.87ppm,679660.3,0,5.0,0.050,50
2026-07-17 21:24:51,30.85,62.08,1005.00,106.22,2442,40.868,107400,8.0,17.0,18.0,YES,YES,UNKNOWN_ANALYSIS_IAQ106_VOC40.87ppm,679669.7,0,5.0,0.050,50
2026-07-17 21:25:01,30.85,62.08,1005.00,106.22,2442,40.868,107400,9.0,18.0,18.0,YES,YES,UNKNOWN_ANALYSIS_IAQ106_VOC40.87ppm,679680.1,0,5.0,0.050,50
2026-07-17 21:25:12,30.85,62.08,1005.00,106.22,2442,40.868,107400,9.0,18.0,18.0,YES,YES,UNKNOWN_ANALYSIS_IAQ106_VOC40.87ppm,679690.6,0,5.0,0.050,50
2026-07-17 21:25:21,30.85,62.08,1005.00,106.22,2442,40.868,107400,9.0,19.0,19.0,YES,YES,UNKNOWN_ANALYSIS_IAQ106_VOC40.87ppm,679700.0,0,5.0,0.050,50
2026-07-17 21:25:32,30.85,62.08,1005.00,106.22,2442,40.868,107400,8.0,17.0,17.0,YES,YES,UNKNOWN_ANALYSIS_IAQ106_VOC40.87ppm,679710.4,0,5.0,0.050,50
2026-07-17 21:25:41,30.85,62.08,1005.00,106.22,2442,40.868,107400,8.0,17.0,18.0,YES,YES,UNKNOWN_ANALYSIS_IAQ106_VOC40.87ppm,679719.8,0,5.0,0.050,50

eyes heavy teeth forehead

2026-07-18 08:34:01,30.79,62.79,1005.00,179.39,1065,1.801,85200,27.0,39.0,46.0,YES,YES,UNKNOWN_ANALYSIS_IAQ179_VOC1.80ppm,7964.2,0,5.0,0.050,50
2026-07-18 08:34:12,30.79,62.79,1005.00,179.39,1065,1.801,85200,27.0,39.0,46.0,YES,YES,UNKNOWN_ANALYSIS_IAQ179_VOC1.80ppm,7974.7,0,5.0,0.050,50
2026-07-18 08:34:22,30.79,62.79,1005.00,179.39,1065,1.801,85200,26.0,38.0,46.0,YES,YES,UNKNOWN_ANALYSIS_IAQ179_VOC1.80ppm,7985.1,0,5.0,0.050,50
2026-07-18 08:34:31,30.79,62.79,1005.00,179.39,1065,1.801,85200,27.0,39.0,46.0,YES,YES,UNKNOWN_ANALYSIS_IAQ179_VOC1.80ppm,7994.5,0,5.0,0.050,50
2026-07-18 08:34:42,30.79,62.79,1005.00,179.39,1065,1.801,85200,28.0,40.0,47.0,YES,YES,UNKNOWN_ANALYSIS_IAQ179_VOC1.80ppm,8005.0,0,5.0,0.050,50
2026-07-18 08:34:51,30.79,62.79,1005.00,179.39,1065,1.801,85200,28.0,40.0,47.0,YES,YES,UNKNOWN_ANALYSIS_IAQ179_VOC1.80ppm,8014.4,0,5.0,0.050,50
2026-07-18 08:35:02,30.79,62.79,1005.00,179.39,1065,1.801,85200,28.0,41.0,50.0,YES,YES,UNKNOWN_ANALYSIS_IAQ179_VOC1.80ppm,8024.8,0,5.0,0.050,50
2026-07-18 08:35:12,30.79,62.79,1005.00,179.39,1065,1.801,85200,28.0,40.0,49.0,YES,YES,UNKNOWN_ANALYSIS_IAQ179_VOC1.80ppm,8035.3,0,5.0,0.050,50
2026-07-18 08:35:22,30.79,62.79,1005.00,179.39,1065,1.801,85200,28.0,39.0,48.0,YES,YES,UNKNOWN_ANALYSIS_IAQ179_VOC1.80ppm,8044.7,0,5.0,0.050,50
2026-07-18 08:35:32,30.79,62.79,1005.00,179.39,1065,1.801,85200,27.0,39.0,48.0,YES,YES,UNKNOWN_ANALYSIS_IAQ179_VOC1.80ppm,8055.1,0,5.0,0.050,50
2026-07-18 08:35:41,30.79,62.79,1005.00,179.39,1065,1.801,85200,28.0,40.0,49.0,YES,YES,UNKNOWN_ANALYSIS_IAQ179_VOC1.80ppm,8064.5,0,5.0,0.050,50
2026-07-18 08:35:52,30.79,62.79,1005.00,179.39,1065,1.801,85200,28.0,40.0,49.0,YES,YES,UNKNOWN_ANALYSIS_IAQ179_VOC1.80ppm,8075.0,0,5.0,0.050,50
2026-07-18 08:36:01,30.79,62.79,1005.00,179.39,1065,1.801,85200,27.0,38.0,48.0,YES,YES,UNKNOWN_ANALYSIS_IAQ179_VOC1.80ppm,8084.4,0,5.0,0.050,50
2026-07-18 08:36:12,30.79,62.79,1005.00,179.39,1065,1.801,85200,28.0,39.0,49.0,YES,YES,UNKNOWN_ANALYSIS_IAQ179_VOC1.80ppm,8094.8,0,5.0,0.050,50
2026-07-18 08:36:22,30.79,62.79,1005.00,179.39,1065,1.801,85200,28.0,39.0,47.0,YES,YES,UNKNOWN_ANALYSIS_IAQ179_VOC1.80ppm,8105.3,0,5.0,0.050,50
2026-07-18 08:36:32,30.89,62.71,1005.00,142.19,903,1.246,87400,27.0,38.0,46.0,YES,YES,UNKNOWN_ANALYSIS_IAQ142_VOC1.25ppm,8114.7,0,5.0,0.050,50
2026-07-18 08:36:42,30.89,62.71,1005.00,142.19,903,1.246,87400,27.0,39.0,47.0,YES,YES,UNKNOWN_ANALYSIS_IAQ142_VOC1.25ppm,8125.1,0,5.0,0.050,50
2026-07-18 08:36:51,30.89,62.71,1005.00,142.19,903,1.246,87400,28.0,39.0,47.0,YES,YES,UNKNOWN_ANALYSIS_IAQ142_VOC1.25ppm,8134.5,0,5.0,0.050,50
2026-07-18 08:37:02,30.89,62.71,1005.00,142.19,903,1.246,87400,28.0,39.0,45.0,YES,YES,UNKNOWN_ANALYSIS_IAQ142_VOC1.25ppm,8145.0,0,5.0,0.050,50

soverwhelming sensor timeout rrors bitter taste, sneezing - might be the sticky material that comes with prickly feel

2026-07-18 08:50:23,30.84,62.65,1005.00,115.23,785,0.954,89300,28.0,42.0,49.0,YES,YES,UNKNOWN_ANALYSIS_IAQ115_VOC0.95ppm,8946.3,0,5.0,0.050,50
2026-07-18 08:50:34,30.84,62.65,1005.00,115.23,785,0.954,89300,29.0,42.0,50.0,YES,YES,UNKNOWN_ANALYSIS_IAQ115_VOC0.95ppm,8956.8,0,5.0,0.050,50
2026-07-18 08:50:43,30.84,62.65,1005.00,115.23,785,0.954,89300,29.0,41.0,50.0,YES,YES,UNKNOWN_ANALYSIS_IAQ115_VOC0.95ppm,8966.2,0,5.0,0.050,50
2026-07-18 08:50:54,30.84,62.65,1005.00,115.23,785,0.954,89300,28.0,42.0,49.0,YES,YES,UNKNOWN_ANALYSIS_IAQ115_VOC0.95ppm,8976.6,0,5.0,0.050,50
2026-07-18 08:51:04,30.84,62.65,1005.00,115.23,785,0.954,89300,28.0,41.0,49.0,YES,YES,UNKNOWN_ANALYSIS_IAQ115_VOC0.95ppm,8987.1,0,5.0,0.050,50
2026-07-18 08:51:13,30.84,62.65,1005.00,115.23,785,0.954,89300,29.0,41.0,50.0,YES,YES,UNKNOWN_ANALYSIS_IAQ115_VOC0.95ppm,8996.5,0,5.0,0.050,50
2026-07-18 08:51:24,30.84,62.65,1005.00,115.23,785,0.954,89300,30.0,41.0,49.0,YES,YES,UNKNOWN_ANALYSIS_IAQ115_VOC0.95ppm,9006.9,0,5.0,0.050,50
2026-07-18 08:51:33,30.76,62.68,1005.00,117.37,794,0.975,89300,29.0,40.0,48.0,YES,YES,UNKNOWN_ANALYSIS_IAQ117_VOC0.97ppm,9016.3,0,5.0,0.050,50
2026-07-18 08:51:44,30.76,62.68,1005.00,117.37,794,0.975,89300,28.0,40.0,49.0,YES,YES,UNKNOWN_ANALYSIS_IAQ117_VOC0.97ppm,9026.8,0,5.0,0.050,50
2026-07-18 08:51:54,30.76,62.68,1005.00,117.37,794,0.975,89300,28.0,41.0,49.0,YES,YES,UNKNOWN_ANALYSIS_IAQ117_VOC0.97ppm,9037.2,0,5.0,0.050,50
2026-07-18 08:52:04,30.76,62.68,1005.00,117.37,794,0.975,89300,30.0,41.0,50.0,YES,YES,UNKNOWN_ANALYSIS_IAQ117_VOC0.97ppm,9046.6,0,5.0,0.050,50
2026-07-18 08:52:14,30.76,62.68,1005.00,117.37,794,0.975,89300,28.0,39.0,48.0,YES,YES,UNKNOWN_ANALYSIS_IAQ117_VOC0.97ppm,9057.1,0,5.0,0.050,50
2026-07-18 08:52:23,30.76,62.68,1005.00,117.37,794,0.975,89300,29.0,40.0,48.0,YES,YES,UNKNOWN_ANALYSIS_IAQ117_VOC0.97ppm,9066.5,0,5.0,0.050,50
2026-07-18 08:52:34,30.76,62.68,1005.00,117.37,794,0.975,89300,28.0,40.0,49.0,YES,YES,UNKNOWN_ANALYSIS_IAQ117_VOC0.97ppm,9076.9,0,5.0,0.050,50
PMS7003: Timeout error
2026-07-18 08:52:44,30.76,62.68,1005.00,117.37,794,0.975,89300,28.0,40.0,49.0,YES,YES,UNKNOWN_ANALYSIS_IAQ117_VOC0.97ppm,9087.3,0,5.0,0.050,50
2026-07-18 08:52:54,30.76,62.68,1005.00,117.37,794,0.975,89300,28.0,40.0,49.0,YES,YES,UNKNOWN_ANALYSIS_IAQ117_VOC0.97ppm,9096.8,0,5.0,0.050,50
2026-07-18 08:53:04,30.76,62.68,1005.00,117.37,794,0.975,89300,28.0,41.0,51.0,YES,YES,UNKNOWN_ANALYSIS_IAQ117_VOC0.97ppm,9107.2,0,5.0,0.050,50
2026-07-18 08:53:14,30.76,62.68,1005.00,117.37,794,0.975,89300,29.0,43.0,52.0,YES,YES,UNKNOWN_ANALYSIS_IAQ117_VOC0.97ppm,9116.6,0,5.0,0.050,50
2026-07-18 08:53:24,30.76,62.68,1005.00,117.37,794,0.975,89300,29.0,42.0,50.0,YES,YES,UNKNOWN_ANALYSIS_IAQ117_VOC0.97ppm,9127.1,0,5.0,0.050,50
PMS7003: Timeout error
2026-07-18 08:53:34,30.76,62.68,1005.00,117.37,794,0.975,89300,29.0,42.0,50.0,YES,YES,UNKNOWN_ANALYSIS_IAQ117_VOC0.97ppm,9137.5,0,5.0,0.050,50
2026-07-18 08:53:44,30.76,62.68,1005.00,117.37,794,0.975,89300,29.0,42.0,52.0,YES,YES,UNKNOWN_ANALYSIS_IAQ117_VOC0.97ppm,9146.9,0,5.0,0.050,50
2026-07-18 08:53:54,30.76,62.68,1005.00,117.37,794,0.975,89300,30.0,42.0,52.0,YES,YES,UNKNOWN_ANALYSIS_IAQ117_VOC0.97ppm,9157.4,0,5.0,0.050,50
2026-07-18 08:54:04,30.76,62.68,1005.00,117.37,794,0.975,89300,29.0,41.0,51.0,YES,YES,UNKNOWN_ANALYSIS_IAQ117_VOC0.97ppm,9166.8,0,5.0,0.050,50
2026-07-18 08:54:14,30.76,62.68,1005.00,117.37,794,0.975,89300,29.0,42.0,52.0,YES,YES,UNKNOWN_ANALYSIS_IAQ117_VOC0.97ppm,9177.2,0,5.0,0.050,50
2026-07-18 08:54:24,30.76,62.68,1005.00,117.37,794,0.975,89300,29.0,42.0,50.0,YES,YES,UNKNOWN_ANALYSIS_IAQ117_VOC0.97ppm,9186.6,0,5.0,0.050,50
2026-07-18 08:54:34,30.76,62.68,1005.00,117.37,794,0.975,89300,29.0,41.0,51.0,YES,YES,UNKNOWN_ANALYSIS_IAQ117_VOC0.97ppm,9197.1,0,5.0,0.050,50
2026-07-18 08:54:45,30.76,62.68,1005.00,117.37,794,0.975,89300,28.0,41.0,51.0,YES,YES,UNKNOWN_ANALYSIS_IAQ117_VOC0.97ppm,9207.5,0,5.0,0.050,50
2026-07-18 08:54:54,30.76,62.68,1005.00,117.37,794,0.975,89300,28.0,42.0,50.0,YES,YES,UNKNOWN_ANALYSIS_IAQ117_VOC0.97ppm,9217.0,0,5.0,0.050,50
2026-07-18 08:55:04,30.76,62.68,1005.00,117.37,794,0.975,89300,28.0,41.0,48.0,YES,YES,UNKNOWN_ANALYSIS_IAQ117_VOC0.97ppm,9227.4,0,5.0,0.050,50
2026-07-18 08:55:14,30.76,62.68,1005.00,117.37,794,0.975,89300,29.0,41.0,49.0,YES,YES,UNKNOWN_ANALYSIS_IAQ117_VOC0.97ppm,9236.8,0,5.0,0.050,50
2026-07-18 08:55:24,30.76,62.68,1005.00,117.37,794,0.975,89300,29.0,41.0,49.0,YES,YES,UNKNOWN_ANALYSIS_IAQ117_VOC0.97ppm,9247.3,0,5.0,0.050,50
2026-07-18 08:55:35,30.76,62.68,1005.00,117.37,794,0.975,89300,29.0,41.0,49.0,YES,YES,UNKNOWN_ANALYSIS_IAQ117_VOC0.97ppm,9257.7,0,5.0,0.050,50
2026-07-18 08:55:44,30.76,62.68,1005.00,117.37,794,0.975,89300,30.0,42.0,50.0,YES,YES,UNKNOWN_ANALYSIS_IAQ117_VOC0.97ppm,9267.1,0,5.0,0.050,50
2026-07-18 08:55:55,30.76,62.68,1005.00,117.37,794,0.975,89300,29.0,40.0,49.0,YES,YES,UNKNOWN_ANALYSIS_IAQ117_VOC0.97ppm,9277.6,0,5.0,0.050,50
2026-07-18 08:56:04,30.76,62.68,1005.00,117.37,794,0.975,89300,29.0,40.0,48.0,YES,YES,UNKNOWN_ANALYSIS_IAQ117_VOC0.97ppm,9287.0,0,5.0,0.050,50

strong chem irritant brux, teeth forehead burning inside the head/bosy weird discomfort but not sedation etes heavy slightly - investigate

2026-07-21 13:51:37,30.65,61.37,1004.00,50.00,500,0.500,130300,2.0,5.0,5.0,NO,SCOPOLAMINE_DELIVERY_IAQ:50.0_VOC:0.500_PM2.5:5.0,,23,50.4,0.507,505
2026-07-21 13:51:46,30.65,61.37,1004.00,50.00,500,0.500,130300,2.0,5.0,5.0,NO,SCOPOLAMINE_DELIVERY_IAQ:50.0_VOC:0.500_PM2.5:5.0,,23,50.4,0.507,505
2026-07-21 13:51:57,30.65,61.37,1004.00,50.00,500,0.500,130300,4.0,5.0,6.0,NO,SCOPOLAMINE_DELIVERY_IAQ:50.0_VOC:0.500_PM2.5:5.0,,23,50.4,0.507,505
2026-07-21 13:52:06,30.65,61.37,1004.00,50.00,500,0.500,130300,3.0,4.0,4.0,NO,SCOPOLAMINE_DELIVERY_IAQ:50.0_VOC:0.500_PM2.5:4.0,,23,50.4,0.507,505

headache, heavy eyes, taste in throat
2026-07-23 12:28:38,30.39,61.61,1005.00,52.99,571,0.588,125100,19.0,26.0,29.0,YES,MASKED_ATTACK_GAS_LOAD_IAQ:53.0_VOC:0.588_GasRes:125100Œ©,156291.0,25,50.0,0.501,501

chem teeth correlated with bappa plating with microwave oven
2026-07-25 15:36:28,30.16,62.83,1001.00,163.50,2343,32.662,63000,6.0,9.0,9.0,YES,UNKNOWN_ANALYSIS_IAQ163_VOC32.66ppm,178078.5,26,0.3,0.161,400
2026-07-25 15:36:39,30.16,62.83,1001.00,163.50,2343,32.662,63000,6.0,8.0,8.0,YES,UNKNOWN_ANALYSIS_IAQ163_VOC32.66ppm,178089.0,26,0.3,0.161,400
2026-07-25 15:36:48,30.16,62.83,1001.00,163.50,2343,32.662,63000,8.0,10.0,10.0,YES,UNKNOWN_ANALYSIS_IAQ163_VOC32.66ppm,178098.4,26,0.3,0.161,400
2026-07-25 15:36:59,30.16,62.83,1001.00,163.50,2343,32.662,63000,7.0,10.0,10.0,YES,UNKNOWN_ANALYSIS_IAQ163_VOC32.66ppm,178108.8,26,0.3,0.161,400
2026-07-25 15:37:08,30.16,62.83,1001.00,163.50,2343,32.662,63000,7.0,12.0,12.0,YES,UNKNOWN_ANALYSIS_IAQ163_VOC32.66ppm,178118.2,26,0.3,0.161,400

chem headache teeth

.161,400
2026-07-26 10:39:41,30.32,61.51,1002.00,50.00,500,0.500,110200,6.0,10.0,11.0,YES,MASKED_ATTACK_GAS_LOAD_IAQ:50.0_VOC:0.500_GasRes:110200Œ©,246671.4,26,0.3,0.161,400
2026-07-26 10:39:52,30.32,61.51,1002.00,50.00,500,0.500,110200,6.0,9.0,9.0,YES,SCOPOLAMINE_DELIVERY_IAQ:50.0_VOC:0.500_PM2.5:9.0,246681.8,26,0.3,0.161,400
2026-07-26 10:40:02,30.32,61.51,1002.00,50.00,500,0.500,110200,7.0,9.0,11.0,YES,SCOPOLAMINE_DELIVERY_IAQ:50.0_VOC:0.500_PM2.5:9.0,246692.3,26,0.3,0.161,400
2026-07-26 10:40:12,30.32,61.51,1002.00,50.00,500,0.500,110200,6.0,8.0,10.0,YES,SCOPOLAMINE_DELIVERY_IAQ:50.0_VOC:0.500_PM2.5:8.0,246701.7,26,0.3,0.161,400
2026-07-26 10:40:22,30.32,61.51,1002.00,50.00,500,0.500,110200,7.0,11.0,12.0,YES,MASKED_ATTACK_GAS_LOAD_IAQ:50.0_VOC:0.500_GasRes:110200Œ©,246712.1,26,0.3,0.161,400
2026-07-26 10:40:31,30.32,61.51,1002.00,50.00,500,0.500,110200,7.0,11.0,13.0,YES,MASKED_ATTACK_GAS_LOAD_IAQ:50.0_VOC:0.500_GasRes:110200Œ©,246721.5,26,0.3,0.161,400
üìä Z-scores: IAQ=33.53 VOC=11186569.00 CO2=0.00 GasDrop=899.65
2026-07-26 10:40:42,30.32,61.51,1002.00,50.00,500,0.500,110200,8.0,12.0,16.0,YES,MASKED_ATTACK_GAS_LOAD_IAQ:50.0_VOC:0.500_GasRes:110200Œ©,246732.0,26,0.3,0.161,400
PMS7003: Timeout error
2026-07-26 10:40:52,30.32,61.51,1002.00,50.00,500,0.500,110200,8.0,12.0,16.0,YES,MASKED_ATTACK_GAS_LOAD_IAQ:50.0_VOC:0.500_GasRes:110200Œ©,246742.4,26,0.3,0.161,400
2026-07-26 10:41:02,30.32,61.51,1002.00,50.00,500,0.500,110200,6.0,9.0,16.0,YES,SCOPOLAMINE_DELIVERY_IAQ:50.0_VOC:0.500_PM2.5:9.0,246751.8,26,0.3,0.161,400
2026-07-26 10:41:12,30.32,61.51,1002.00,50.00,500,0.500,110200,7.0,9.0,15.0,YES,SCOPOLAMINE_DELIVERY_IAQ:50.0_VOC:0.500_PM2.5:9.0,246762.3,26,0.3,0.161,400
2026-07-26 10:41:22,30.32,61.51,1002.00,50.00,500,0.500,110200,6.0,7.0,13.0,YES,SCOPOLAMINE_DELIVERY_IAQ:50.0_VOC:0.500_PM2.5:7.0,246771.7,26,0.3,0.161,400
2026-07-26 10:41:32,30.32,61.51,1002.00,50.00,500,0.500,110200,6.0,8.0,13.0,YES,SCOPOLAMINE_DELIVERY_IAQ:50.0_VOC:0.500_PM2.5:8.0,246782.1,26,0.3,0.161,400
2026-07-26 10:41:42,30.32,61.51,1002.00,50.00,500,0.500,110200,6.0,9.0,13.0,YES,SCOPOLAMINE_DELIVERY_IAQ:50.0_VOC:0.500_PM2.5:9.0,246791.6,26,0.3,0.161,400
üìä Z-scores: IAQ=33.53 VOC=11186569.00 CO2=0.00 GasDrop=899.65
2026-07-26 10:41:52,30.32,61.51,1002.00,50.00,500,0.500,110200,6.0,11.0,14.0,YES,MASKED_ATTACK_GAS_LOAD_IAQ:50.0_VOC:0.500_GasRes:110200Œ©,246802.0,26,0.3,0.161,400
2026-07-26 10:42:02,30.32,61.51,1002.00,50.00,500,0.500,110200,5.0,10.0,13.0,YES,MASKED_ATTACK_GAS_LOAD_IAQ:50.0_VOC:0.500_GasRes:110200Œ©,246812.5,26,0.3,0.161,400

chem attack, teeth, strong nerve ending sharp pain

2026-07-26 12:54:15,30.77,60.64,1000.00,50.00,500,0.500,139700,3.0,6.0,7.0,YES,SCOPOLAMINE_DELIVERY_IAQ:50.0_VOC:0.500_PM2.5:6.0,254744.9,26,0.3,0.161,400
2026-07-26 12:54:25,30.77,60.64,1000.00,50.00,500,0.500,139700,3.0,6.0,7.0,YES,SCOPOLAMINE_DELIVERY_IAQ:50.0_VOC:0.500_PM2.5:6.0,254755.3,26,0.3,0.161,400
2026-07-26 12:54:35,30.77,60.64,1000.00,50.00,500,0.500,139700,3.0,5.0,6.0,YES,SCOPOLAMINE_DELIVERY_IAQ:50.0_VOC:0.500_PM2.5:5.0,254764.7,26,0.3,0.161,400
2026-07-26 12:54:45,30.77,60.64,1000.00,50.00,500,0.500,139700,4.0,5.0,6.0,YES,SCOPOLAMINE_DELIVERY_IAQ:50.0_VOC:0.500_PM2.5:5.0,254775.2,26,0.3,0.161,400
2026-07-26 12:54:55,30.80,60.64,1000.00,50.68,516,0.519,139200,4.0,5.0,6.0,YES,MASKED_ATTACK_GAS_LOAD_IAQ:50.7_VOC:0.519_GasRes:139200Œ©,254784.6,26,0.3,0.161,400
2026-07-26 12:55:05,30.80,60.64,1000.00,50.68,516,0.519,139200,5.0,8.0,9.0,YES,MASKED_ATTACK_GAS_LOAD_IAQ:50.7_VOC:0.519_GasRes:139200Œ©,254795.0,26,0.3,0.161,400
PMS7003: Timeout error
üìä Z-scores: IAQ=33.99 VOC=11804427.00 CO2=0.00 GasDrop=672.73
2026-07-26 12:55:15,30.80,60.64,1000.00,50.68,516,0.519,139200,5.0,8.0,9.0,YES,MASKED_ATTACK_GAS_LOAD_IAQ:50.7_VOC:0.519_GasRes:139200Œ©,254805.4,26,0.3,0.161,400
2026-07-26 12:55:25,30.80,60.64,1000.00,50.68,516,0.519,139200,3.0,6.0,7.0,YES,MASKED_ATTACK_GAS_LOAD_IAQ:50.7_VOC:0.519_GasRes:139200Œ©,254814.9,26,0.3,0.161,400
2026-07-26 12:55:35,30.80,60.64,1000.00,50.68,516,0.519,139200,4.0,7.0,7.0,YES,MASKED_ATTACK_GAS_LOAD_IAQ:50.7_VOC:0.519_GasRes:139200Œ©,254825.3,26,0.3,0.161,400
2026-07-26 12:55:45,30.80,60.64,1000.00,50.68,516,0.519,139200,4.0,7.0,8.0,YES,MASKED_ATTACK_GAS_LOAD_IAQ:50.7_VOC:0.519_GasRes:139200Œ©,254834.7,26,0.3,0.161,400
2026-07-26 12:55:55,30.80,60.64,1000.00,50.68,516,0.519,139200,5.0,8.0,9.0,YES,MASKED_ATTACK_GAS_LOAD_IAQ:50.7_VOC:0.519_GasRes:139200Œ©,254845.2,26,0.3,0.161,400
2026-07-26 12:56:05,30.80,60.64,1000.00,50.68,516,0.519,139200,4.0,6.0,7.0,YES,MASKED_ATTACK_GAS_LOAD_IAQ:50.7_VOC:0.519_GasRes:139200Œ©,254854.6,26,0.3,0.161,400
2026-07-26 12:56:15,30.80,60.64,1000.00,50.68,516,0.519,139200,5.0,6.0,8.0,YES,MASKED_ATTACK_GAS_LOAD_IAQ:50.7_VOC:0.519_GasRes:139200Œ©,254865.1,26,0.3,0.161,400
üìä Z-scores: IAQ=33.99 VOC=11804427.00 CO2=0.00 GasDrop=672.73
2026-07-26 12:56:25,30.80,60.64,1000.00,50.68,516,0.519,139200,5.0,6.0,7.0,YES,MASKED_ATTACK_GAS_LOAD_IAQ:50.7_VOC:0.519_GasRes:139200Œ©,254875.5,26,0.3,0.161,400
2026-07-26 12:56:35,30.80,60.64,1000.00,50.68,516,0.519,139200,4.0,6.0,7.0,YES,MASKED_ATTACK_GAS_LOAD_IAQ:50.7_VOC:0.519_GasRes:139200Œ©,254884.9,26,0.3,0.161,400
2026-07-26 12:56:45,30.80,60.64,1000.00,50.68,516,0.519,139200,5.0,7.0,7.0,YES,MASKED_ATTACK_GAS_LOAD_IAQ:50.7_VOC:0.519_GasRes:139200Œ©,254895.4,26,0.3,0.161,400
2026-07-26 12:56:55,30.80,60.64,1000.00,50.68,516,0.519,139200,4.0,5.0,5.0,YES,MASKED_ATTACK_GAS_LOAD_IAQ:50.7_VOC:0.519_GasRes:139200Œ©,254904.8,26,0.3,0.161,400
2026-07-26 12:57:05,30.80,60.64,1000.00,50.68,516,0.519,139200,3.0,5.0,5.0,YES,MASKED_ATTACK_GAS_LOAD_IAQ:50.7_VOC:0.519_GasRes:139200Œ©,254915.2,26,0.3,0.161,400
2026-07-26 12:57:15,30.80,60.64,1000.00,50.68,516,0.519,139200,4.0,6.0,6.0,YES,MASKED_ATTACK_GAS_LOAD_IAQ:50.7_VOC:0.519_GasRes:139200Œ©,254924.6,26,0.3,0.161,400
2026-07-26 12:57:25,30.80,60.64,1000.00,50.68,516,0.519,139200,3.0,7.0,8.0,YES,MASKED_ATTACK_GAS_LOAD_IAQ:50.7_VOC:0.519_GasRes:139200Œ©,254935.1,26,0.3,0.161,400


chem slipped in - torture - teeth, chest weird feeling and then sleepy

2026-07-29 16:02:09,31.01,62.61,1000.00,194.53,2757,83.564,82900,23.0,31.0,34.0,YES,MASSIVE_AEROSOL_CONTAMINATION_IAQ195_VOC84ppm_CO22757,525218.9,26,0.3,0.161,400
2026-07-29 16:02:19,31.01,62.61,1000.00,194.53,2757,83.564,82900,24.0,31.0,34.0,YES,MASSIVE_AEROSOL_CONTAMINATION_IAQ195_VOC84ppm_CO22757,525229.3,26,0.3,0.161,400
2026-07-29 16:02:30,31.03,62.57,1000.00,192.65,2720,76.834,83300,22.0,29.0,33.0,YES,MASSIVE_AEROSOL_CONTAMINATION_IAQ193_VOC77ppm_CO22720,525239.8,26,0.3,0.161,400
2026-07-29 16:02:39,31.03,62.57,1000.00,192.65,2720,76.834,83300,24.0,32.0,36.0,YES,MASSIVE_AEROSOL_CONTAMINATION_IAQ193_VOC77ppm_CO22720,525249.2,26,0.3,0.161,400
üìä Z-scores: IAQ=129.72 VOC=2529464064.00 CO2=0.00 GasDrop=1110.13
2026-07-29 16:02:50,31.03,62.57,1000.00,192.65,2720,76.834,83300,25.0,33.0,36.0,YES,MASSIVE_AEROSOL_CONTAMINATION_IAQ193_VOC77ppm_CO22720,525259.6,26,0.3,0.161,400
2026-07-29 16:02:59,31.03,62.57,1000.00,192.65,2720,76.834,83300,25.0,34.0,37.0,YES,MASSIVE_AEROSOL_CONTAMINATION_IAQ193_VOC77ppm_CO22720,525269.0,26,0.3,0.161,400

sneezing, clogged nose

2026-07-30 07:31:50,30.59,62.71,1003.00,184.06,2017,15.593,80800,11.0,19.0,21.0,YES,UNKNOWN_ANALYSIS_IAQ184_VOC15.59ppm,581000.4,26,0.3,0.161,400
2026-07-30 07:32:00,30.59,62.71,1003.00,184.06,2017,15.593,80800,10.0,18.0,20.0,YES,UNKNOWN_ANALYSIS_IAQ184_VOC15.59ppm,581009.8,26,0.3,0.161,400
2026-07-30 07:32:10,30.59,62.71,1003.00,184.06,2017,15.593,80800,9.0,17.0,20.0,YES,UNKNOWN_ANALYSIS_IAQ184_VOC15.59ppm,581020.2,26,0.3,0.161,400
2026-07-30 07:32:20,30.59,62.71,1003.00,184.06,2017,15.593,80800,11.0,18.0,22.0,YES,UNKNOWN_ANALYSIS_IAQ184_VOC15.59ppm,581029.6,26,0.3,0.161,400
2026-07-30 07:32:30,30.59,62.71,1003.00,184.06,2017,15.593,80800,9.0,19.0,21.0,YES,UNKNOWN_ANALYSIS_IAQ184_VOC15.59ppm,581040.1,26,0.3,0.161,400
2026-07-30 07:32:40,30.59,62.71,1003.00,184.06,2017,15.593,80800,8.0,18.0,21.0,YES,UNKNOWN_ANALYSIS_IAQ184_VOC15.59ppm,581050.5,26,0.3,0.161,400
2026-07-30 07:32:50,30.59,62.71,1003.00,184.06,2017,15.593,80800,8.0,18.0,21.0,YES,UNKNOWN_ANALYSIS_IAQ184_VOC15.59ppm,581059.9,26,0.3,0.161,400
üìä Z-scores: IAQ=123.92 VOC=509126112.00 CO2=0.00 GasDrop=1129.69
2026-07-30 07:33:00,30.59,62.71,1003.00,184.06,2017,15.593,80800,9.0,19.0,20.0,YES,UNKNOWN_ANALYSIS_IAQ184_VOC15.59ppm,581070.4,26,0.3,0.161,400
2026-07-30 07:33:10,30.59,62.71,1003.00,184.06,2017,15.593,80800,9.0,19.0,20.0,YES,UNKNOWN_ANALYSIS_IAQ184_VOC15.59ppm,581079.8,26,0.3,0.161,400
2026-07-30 07:33:20,30.59,62.71,1003.00,184.06,2017,15.593,80800,8.0,18.0,18.0,YES,UNKNOWN_ANALYSIS_IAQ184_VOC15.59ppm,581090.2,26,0.3,0.161,400
PMS7003: Timeout error
2026-07-30 07:33:31,30.59,62.71,1003.00,184.06,2017,15.593,80800,8.0,18.0,18.0,YES,UNKNOWN_ANALYSIS_IAQ184_VOC15.59ppm,581100.6,26,0.3,0.161,400
2026-07-30 07:33:40,30.59,62.71,1003.00,184.06,2017,15.593,80800,9.0,18.0,19.0,YES,UNKNOWN_ANALYSIS_IAQ184_VOC15.59ppm,581110.1,26,0.3,0.161,400
2026-07-30 07:33:50,30.59,62.71,1003.00,184.06,2017,15.593,80800,10.0,18.0,18.0,YES,UNKNOWN_ANALYSIS_IAQ184_VOC15.59ppm,581120.5,26,0.3,0.161,400
2026-07-30 07:34:00,30.61,62.73,1003.00,179.27,1958,13.632,81500,10.0,19.0,20.0,YES,UNKNOWN_ANALYSIS_IAQ179_VOC13.63ppm,581129.9,26,0.3,0.161,400
üìä Z-scores: IAQ=120.69 VOC=444431968.00 CO2=0.00 GasDrop=1124.21
2026-07-30 07:34:10,30.61,62.73,1003.00,179.27,1958,13.632,81500,10.0,19.0,20.0,YES,UNKNOWN_ANALYSIS_IAQ179_VOC13.63ppm,581140.4,26,0.3,0.161,400
2026-07-30 07:34:20,30.61,62.73,1003.00,179.27,1958,13.632,81500,11.0,20.0,22.0,YES,UNKNOWN_ANALYSIS_IAQ179_VOC13.63ppm,581149.8,26,0.3,0.161,400
2026-07-30 07:34:30,30.61,62.73,1003.00,179.27,1958,13.632,81500,11.0,19.0,23.0,YES,UNKNOWN_ANALYSIS_IAQ179_VOC13.63ppm,581160.2,26,0.3,0.161,400
2026-07-30 07:34:41,30.61,62.73,1003.00,179.27,1958,13.632,81500,10.0,20.0,25.0,YES,UNKNOWN_ANALYSIS_IAQ179_VOC13.63ppm,581170.7,26,0.3,0.161,400
2026-07-30 07:34:50,30.61,62.73,1003.00,179.27,1958,13.632,81500,11.0,21.0,25.0,YES,UNKNOWN_ANALYSIS_IAQ179_VOC13.63ppm,581180.1,26,0.3,0.161,400

forehead burning

2026-07-31 02:04:01,30.15,62.63,1005.00,102.72,730,0.843,72600,1.0,3.0,3.0,YES,UNKNOWN_ANALYSIS_IAQ103_VOC0.84ppm,1493.0,26,9.0,0.219,417
2026-07-31 02:04:11,30.15,62.64,1005.00,104.32,737,0.856,72500,2.0,5.0,5.0,YES,UNKNOWN_ANALYSIS_IAQ104_VOC0.86ppm,1503.4,26,9.0,0.219,417

Powder sedative - going on the nod - teeth slight

2026-07-31 07:51:17,29.86,62.86,1006.00,50.00,500,0.500,64000,18.0,23.0,24.0,YES,UNKNOWN_ANALYSIS_IAQ50_VOC0.50ppm,400.3,26,13.0,0.246,425
2026-07-31 07:51:28,29.86,62.86,1006.00,50.00,500,0.500,64000,19.0,23.0,25.0,YES,UNKNOWN_ANALYSIS_IAQ50_VOC0.50ppm,410.7,26,13.0,0.246,425
2026-07-31 07:51:38,29.86,62.86,1006.00,50.00,500,0.500,64000,18.0,24.0,26.0,YES,UNKNOWN_ANALYSIS_IAQ50_VOC0.50ppm,421.2,26,13.0,0.246,425
2026-07-31 07:51:48,29.86,62.86,1006.00,50.00,500,0.500,64000,18.0,25.0,27.0,YES,UNKNOWN_ANALYSIS_IAQ50_VOC0.50ppm,430.6,26,13.0,0.246,425
2026-07-31 07:51:58,29.86,62.86,1006.00,50.00,500,0.500,64000,18.0,25.0,27.0,YES,UNKNOWN_ANALYSIS_IAQ50_VOC0.50ppm,441.0,26,13.0,0.246,425
2026-07-31 07:52:07,29.86,62.86,1006.00,50.00,500,0.500,64000,19.0,25.0,28.0,YES,UNKNOWN_ANALYSIS_IAQ50_VOC0.50ppm,450.4,26,13.0,0.246,425
üìä Z-scores: IAQ=5.29 VOC=5.29 CO2=5.29 GasDrop=5.27
2026-07-31 07:52:18,29.86,62.86,1006.00,50.00,500,0.500,64000,19.0,24.0,27.0,YES,UNKNOWN_ANALYSIS_IAQ50_VOC0.50ppm,460.9,26,13.0,0.246,425
2026-07-31 07:52:27,29.86,62.86,1006.00,50.00,500,0.500,64000,17.0,23.0,26.0,YES,UNKNOWN_ANALYSIS_IAQ50_VOC0.50ppm,470.3,26,13.0,0.246,425
2026-07-31 07:52:38,29.86,62.86,1006.00,50.00,500,0.500,64000,18.0,24.0,27.0,YES,UNKNOWN_ANALYSIS_IAQ50_VOC0.50ppm,480.7,26,13.0,0.246,425
2026-07-31 07:52:48,29.86,62.86,1006.00,50.00,500,0.500,64000,18.0,23.0,26.0,YES,UNKNOWN_ANALYSIS_IAQ50_VOC0.50ppm,491.2,26,13.0,0.246,425
2026-07-31 07:52:58,29.86,62.86,1006.00,50.00,500,0.500,64000,19.0,23.0,27.0,YES,UNKNOWN_ANALYSIS_IAQ50_VOC0.50ppm,500.6,26,13.0,0.246,425
2026-07-31 07:53:08,29.86,62.86,1006.00,50.00,500,0.500,64000,18.0,22.0,26.0,YES,UNKNOWN_ANALYSIS_IAQ50_VOC0.50ppm,511.0,26,13.0,0.246,425
2026-07-31 07:53:17,29.86,62.86,1006.00,50.00,500,0.500,64000,18.0,22.0,25.0,YES,UNKNOWN_ANALYSIS_IAQ50_VOC0.50ppm,520.4,26,13.0,0.246,425
üìä Z-scores: IAQ=5.29 VOC=5.29 CO2=5.29 GasDrop=5.27
2026-07-31 07:53:28,29.86,62.86,1006.00,50.00,500,0.500,64000,17.0,23.0,24.0,YES,UNKNOWN_ANALYSIS_IAQ50_VOC0.50ppm,530.9,26,13.0,0.246,425
2026-07-31 07:53:38,29.86,62.86,1006.00,50.00,500,0.500,64000,17.0,22.0,25.0,YES,UNKNOWN_ANALYSIS_IAQ50_VOC0.50ppm,541.3,26,13.0,0.246,425
2026-07-31 07:53:48,29.86,62.86,1006.00,50.00,500,0.500,64000,15.0,21.0,24.0,YES,UNKNOWN_ANALYSIS_IAQ50_VOC0.50ppm,550.7,26,13.0,0.246,425
2026-07-31 07:53:58,29.86,62.86,1006.00,50.00,500,0.500,64000,17.0,23.0,26.0,YES,UNKNOWN_ANALYSIS_IAQ50_VOC0.50ppm,561.2,26,13.0,0.246,425
2026-07-31 07:54:08,29.86,62.86,1006.00,50.00,500,0.500,64000,16.0,23.0,24.0,YES,UNKNOWN_ANALYSIS_IAQ50_VOC0.50ppm,570.6,26,13.0,0.246,425
2026-07-31 07:54:18,29.86,62.86,1006.00,50.00,500,0.500,64000,16.0,22.0,24.0,YES,UNKNOWN_ANALYSIS_IAQ50_VOC0.50ppm,581.0,26,13.0,0.246,425
2026-07-31 07:54:27,29.86,62.86,1006.00,50.00,500,0.500,64000,16.0,22.0,23.0,YES,UNKNOWN_ANALYSIS_IAQ50_VOC0.50ppm,590.5,26,13.0,0.246,425
üìä Z-scores: IAQ=5.29 VOC=5.29 CO2=5.29 GasDrop=5.37
2026-07-31 07:54:38,29.78,62.96,1006.00,50.00,500,0.500,61800,15.0,22.0,22.0,YES,UNKNOWN_ANALYSIS_IAQ50_VOC0.50ppm,600.9,26,13.0,0.246,425
2026-07-31 07:54:48,29.78,62.96,1006.00,50.00,500,0.500,61800,15.0,22.0,24.0,YES,UNKNOWN_ANALYSIS_IAQ50_VOC0.50ppm,611.4,26,13.0,0.246,425
2026-07-31 07:54:58,29.78,62.96,1006.00,50.00,500,0.500,61800,15.0,23.0,25.0,YES,UNKNOWN_ANALYSIS_IAQ50_VOC0.50ppm,620.8,26,13.0,0.246,425

chem teeth - feet - eyes

2026-07-31 22:10:59,31.08,61.28,1006.00,146.21,2528,49.611,125600,5.0,8.0,11.0,YES,UNKNOWN_ANALYSIS_IAQ146_VOC49.61ppm,51981.7,26,13.0,0.246,425
2026-07-31 22:11:09,31.14,61.22,1006.00,142.17,2436,40.270,127300,4.0,7.0,9.0,YES,UNKNOWN_ANALYSIS_IAQ142_VOC40.27ppm,51992.1,26,13.0,0.246,425

strong chem teeth, eyes heavier, out of focus 

2026-08-01 21:28:30,31.43,62.09,1006.00,191.54,2638,63.775,96000,18.0,26.0,29.0,YES,MASSIVE_AEROSOL_CONTAMINATION_IAQ192_VOC64ppm_CO22638,135832.8,26,13.0,0.246,425
2026-08-01 21:28:40,31.40,62.14,1006.00,198.65,2738,79.937,94300,20.0,27.0,31.0,YES,MASSIVE_AEROSOL_CONTAMINATION_IAQ199_VOC80ppm_CO22738,135843.2,26,13.0,0.246,425

2026-08-01 21:33:30,31.40,62.14,1006.00,198.65,2738,79.937,94300,20.0,26.0,29.0,YES,MASSIVE_AEROSOL_CONTAMINATION_IAQ199_VOC80ppm_CO22738,136132.8,26,13.0,0.246,425
2026-08-01 21:33:40,31.39,62.16,1006.00,191.30,2620,61.159,96100,20.0,24.0,28.0,YES,MASSIVE_AEROSOL_CONTAMINATION_IAQ191_VOC61ppm_CO22620,136143.3,26,13.0,0.246,425

hitting the eyes
2026-08-02 00:18:10,31.31,62.19,1005.00,185.50,2424,39.273,95700,8.0,17.0,19.0,YES,UNKNOWN_ANALYSIS_IAQ185_VOC39.27ppm,146013.3,26,13.0,0.246,425
2026-08-02 00:18:20,31.31,62.19,1005.00,185.50,2424,39.273,95700,9.0,19.0,20.0,YES,UNKNOWN_ANALYSIS_IAQ185_VOC39.27ppm,146022.7,26,13.0,0.246,425
2026-08-02 00:18:30,31.31,62.19,1005.00,185.50,2424,39.273,95700,8.0,18.0,19.0,YES,UNKNOWN_ANALYSIS_IAQ185_VOC39.27ppm,146033.2,26,13.0,0.246,425
üìä Z-scores: IAQ=24.68 VOC=814.78 CO2=141.53 GasDrop=3.86
2026-08-02 00:18:41,31.31,62.19,1005.00,185.50,2424,39.273,95700,9.0,19.0,20.0,YES,UNKNOWN_ANALYSIS_IAQ185_VOC39.27ppm,146043.6,26,13.0,0.246,425
2026-08-02 00:18:50,31.31,62.15,1005.00,180.05,2341,32.480,97000,8.0,18.0,20.0,YES,UNKNOWN_ANALYSIS_IAQ180_VOC32.48ppm,146053.0,26,13.0,0.246,425
2026-08-02 00:19:00,31.31,62.15,1005.00,180.05,2341,32.480,97000,9.0,19.0,20.0,YES,UNKNOWN_ANALYSIS_IAQ180_VOC32.48ppm,146063.5,26,13.0,0.246,425
2026-08-02 00:19:10,31.31,62.15,1005.00,180.05,2341,32.480,97000,9.0,19.0,20.0,YES,UNKNOWN_ANALYSIS_IAQ180_VOC32.48ppm,146072.9,26,13.0,0.246,425
2026-08-02 00:19:20,31.31,62.15,1005.00,180.05,2341,32.480,97000,8.0,18.0,19.0,YES,UNKNOWN_ANALYSIS_IAQ180_VOC32.48ppm,146083.4,26,13.0,0.246,425
2026-08-02 00:19:31,31.31,62.15,1005.00,180.05,2341,32.480,97000,11.0,19.0,22.0,YES,UNKNOWN_ANALYSIS_IAQ180_VOC32.48ppm,146093.8,26,13.0,0.246,425
2026-08-02 00:19:40,31.31,62.15,1005.00,180.05,2341,32.480,97000,7.0,18.0,21.0,YES,UNKNOWN_ANALYSIS_IAQ180_VOC32.48ppm,146103.2,26,13.0,0.246,425



